name;kuerzel;zitierweise;umfang;umfang_lfm;zeitraum_von;zeitraum_bis;zeitraum_text;bkk_kategorie;bkk_unterkategorie;daten_unsicher;unsicherheit_anmerkung;kurzbeschreibung;form_inhalt;bestandsgeschichte;abgebende_stelle;provenienz;biografische_angaben;benutzungsmodalitaeten;reproduktionsbestimmungen;vorgaenger;nachfolger;verwandte_verzeichnungseinheiten;erschließungszustand_umfang;verzeichnungsformular;materialart;sprache_schrift;literaturhinweis;veroeffentlichungen
Ratsprotokolle im Justiz- und Politikfach;1.1.1.1.1.;StAKr, 1.1.1.1.1. (Krems und Stein, Ratsprotokolle im Justiz- und Politikfach);37 Bände = 4,5 lfm.;4,5;1507;1707;1507 - 1707;Verwaltung;Kommunale Verwaltung;nein;;Ratsprotokolle des gemeinsame Rates der Städte Krems und Stein im Justiz- und Politikfach.;"Die Ratsprotokolle im Justiz- und Politikfach umfassen bis zur Aufsplitterung in getrennte Serien sämtliche Verwaltungsangelegenheiten des Rates von Krems und Stein als oberstes Verwaltungsgremium. Die Einträge sind in Form von Beschlussprotokollen gehalten. Die Ratsprotokolle wurden zunächst in mehrjährigen Bänden gebunden.

Fehlende Jahrgänge: 1519-1526, 1656-1662, 1667-1670.";;Rat der Städte Krems und Stein;Rat der Städte Krems und Stein;;Uneingeschränkt möglich;Digitale Reproduktion möglich. Die eigene Herstellung von Reproduktionen ist kostenlos, für Auftragsdigitalisierungen gelten die Kosten in § 18 der Benutzerordnung (KS-PRAES-1/18/1-2020). Nichtkommerzielle Weiterverwendung unter CC-BY-NC-ND-4.0-Lizenz.;;"Ratsprotokolle im Justizfach (1.1.1.1.2.); Ratsprotokolle im Politikfach (1.1.1.1.3.)";Ratsprotokoll-Rapulare (1.1.1.2.);;Amtsbücher;Papier;"de ; Handschrift (Kurrent)";;
Ratsprotokolle im Justizfach;1.1.1.1.2.;StAKr, 1.1.1.1.2. (Krems und Stein, Ratsprotokolle im Justizfach);66 Bände = 6,9 lfm.;6,9;1757;1849;1757 - 1849;Verwaltung;Kommunale Verwaltung;nein;;Ratsprotokolle des gemeinsamen Rates der Städte Krems und Stein im Justizfach;"Bis zur Aufsplitterung in einzelne Serien wurden Justiz- und Politikangelegenheiten des Rates von Krems und Stein in einer gemeinsamen Serie (StAKr, 1.1.1.1.1.) geführt und anschließend aufgespalten. Im Justizfach wurden vor allem Verhandlungen in der Zivilgerichtsbarkeit abgehandelt.

Fehlender Jahrgang: 1786.";;Rat der Städte Krems und Stein;Rat der Städte Krems und Stein;;Uneingeschränkt möglich;Digitale Reproduktion möglich. Die eigene Herstellung von Reproduktionen ist kostenlos, für Auftragsdigitalisierungen gelten die Kosten in § 18 der Benutzerordnung (KS-PRAES-1/18/1-2020). Nichtkommerzielle Weiterverwendung unter CC-BY-NC-ND-4.0-Lizenz.;Ratsprotokolle im Justiz- und Politikfach (1.1.1.1.1.);;Ratsprotokoll-Rapulare (1.1.1.2.);;Amtsbücher;Papier;"de ; Handschrift (Kurrent)";;
Ratsprotokolle im Politikfach;1.1.1.1.3.;StAKr, 1.1.1.1.3. (Krems und Stein, Ratsprotokolle im Politikfach);63 Bände = 6,9 lfm.;6,9;1731;1849;1731 - 1849;Verwaltung;Kommunale Verwaltung;nein;;Ratsprotokolle des gemeinsamen Rates der Städte Krems und Stein im Politikfach;"Bis zur Aufsplitterung in einzelne Serien wurden Justiz- und Politikangelegenheiten des Rates von Krems und Stein in einer gemeinsamen Serie (StAKr, 1.1.1.1.1.) geführt und anschließend aufgespalten. Im Politikfach wurden vor allem die innere Verwaltung sowie das Auftreten nach außen abgehandelt.

Fehlende Jahrgänge: 1786-1789.";;Rat der Städte Krems und Stein;Rat der Städte Krems und Stein;;;Digitale Reproduktion möglich. Die eigene Herstellung von Reproduktionen ist kostenlos, für Auftragsdigitalisierungen gelten die Kosten in § 18 der Benutzerordnung (KS-PRAES-1/18/1-2020). Nichtkommerzielle Weiterverwendung unter CC-BY-NC-ND-4.0-Lizenz.;Ratsprotokolle im Justiz- und Politikfach (1.1.1.1.1.);;Ratsprotokoll-Rapulare (1.1.1.2.);;Amtsbücher;Papier;"de ; Kurrent";;
Ratsprotokolle in Kriminalsachen;1.1.1.1.4.;StAKr, 1.1.1.1.4. (Krems und Stein, Ratsprotokolle in Kriminalsachen);13 Bände = 0,4 lfm.;0,4;1790;1849;1790 - 1849;Rechtswesen;Kriminalität;nein;;Ratsprotokolle des gemeinsamen Rates der Städte Krems und Stein in Kriminalsachen;Fehlende Jahrgänge: 1802-1820, 1830.;;Rat der Städte Krems und Stein;Rat der Städte Krems und Stein;;Uneingeschränkt möglich;Digitale Reproduktion möglich. Die eigene Herstellung von Reproduktionen ist kostenlos, für Auftragsdigitalisierungen gelten die Kosten in § 18 der Benutzerordnung (KS-PRAES-1/18/1-2020). Nichtkommerzielle Weiterverwendung unter CC-BY-NC-ND-4.0-Lizenz.;;;Ratsprotokoll-Rapulare (1.1.1.2.);;Akten;Papier;"de ; Handschrift (Kurrent)";;
Ratsprotokolle in schweren Polizeiübertretungen;1.1.1.1.5.;StAKr, 1.1.1.1.5. (Krems und Stein, Ratsprotokolle in schweren Polizeiübertretungen);20 Bände = 0,5 lfm.;0,5;1804;1849;1804 - 1849;Rechtswesen;Kriminalität;nein;;Ratsprotokolle des gemeinsamen Rates der Städte Krems und Stein für schwere Polizeiübertretungen;Fehlende Jahrgänge: 1808-1817.;;Rat der Städte Krems und Stein;Rat der Städte Krems und Stein;;Uneingeschränkt möglich;Digitale Reproduktion möglich. Die eigene Herstellung von Reproduktionen ist kostenlos, für Auftragsdigitalisierungen gelten die Kosten in § 18 der Benutzerordnung (KS-PRAES-1/18/1-2020). Nichtkommerzielle Weiterverwendung unter CC-BY-NC-ND-4.0-Lizenz.;;;Ratsprotokoll-Rapulare (1.1.1.2.);;Akten;Papier;"de ; Handschrift (Kurrent)";;
Ratsprotokoll-Rapulare in publicum et privatum;1.1.1.2.1.;StAKr, 1.1.1.2.1. (Krems und Stein, Ratsprotokoll-Rapulare in publicum et privatum);41 Bände = 5 Kartons + 6 Bände = 1,2 lfm.;1,2;1618;1735;1618 - 1735;Verwaltung;Kommunale Verwaltung;nein;;Ratsprotokoll-Rapulare des gemeinsamen Rates der Städte Krems und Stein für öffentliche und geheime Angelegenheiten;"Vorhandene Jahrgänge: 

Als ungebundene Hefte:
1618, 1628, 1629/1, 1629/2, 1635/1, 1635/2, 1635-1636, 1636/1, 1636/2, 1636-1637, 1644-1646, 1646-1647/1, 1646-1647/2, 1649-1650, 1649-1651, 1651, 1652/1, 1652/2, 1652-1654, 1660-1661, 1665-1666, 1682, 1683, 1689, 1695, 1696, 1697, 1698, 1704, 1706, 1707, 1714, 1715, 1716, 1719.

Als gebundene Bände:
1725, 1726, 1727, 1733, 1734, 1735.";;Rat der Städte Krems und Stein;Rat der Städte Krems und Stein;;Uneingeschränkt möglich;Digitale Reproduktion möglich. Die eigene Herstellung von Reproduktionen ist kostenlos, für Auftragsdigitalisierungen gelten die Kosten in § 18 der Benutzerordnung (KS-PRAES-1/18/1-2020). Nichtkommerzielle Weiterverwendung unter CC-BY-NC-ND-4.0-Lizenz.;;"Ratsprotokoll-Rapulare in privatum (1.1.1.2.2.); Ratsprotokoll-Rapulare in publicum (1.1.1.2.3.)";Ratsprotokolle beider Städte Krems und Stein (1.1.1.1.);;Akten;Papier;"de ; Handschrift (Kurrent)";;
Ratsprotokoll-Rapulare in privatum;1.1.1.2.2.;StAKr, 1.1.1.2.2. (Krems und Stein, Ratsprotokoll-Rapulare in privatum);45 Bände = 2,7 lfm.;2,7;1736;1785;1736 - 1785;Verwaltung;Kommunale Verwaltung;nein;;Ratsprotokoll-Rapulare des gemeinsamen Rates der Städte Krems und Stein in geheimen Angelegenheiten;Fehlende Jahrgänge: 1739, 1740, 1748, 1774, 1783.;;Rat der Städte Krems und Stein;Rat der Städte Krems und Stein;;Uneingeschränkt möglich;Digitale Reproduktion möglich. Die eigene Herstellung von Reproduktionen ist kostenlos, für Auftragsdigitalisierungen gelten die Kosten in § 18 der Benutzerordnung (KS-PRAES-1/18/1-2020). Nichtkommerzielle Weiterverwendung unter CC-BY-NC-ND-4.0-Lizenz.;Ratsprotokoll-Rapulare in privatum et publicum (1.1.1.2.1.);;Ratsprotokolle beider Städte Krems und Stein (1.1.1.1.);;Akten;Papier;"de ; Handschrift (Kurrent)";;
Ratsprotokoll-Rapulare in publicum;1.1.1.2.3.;StAKr, 1.1.1.2.3. (Ratsprotokoll-Rapulare in publicum);52 Bände = 1,8 lfm.;1,8;1731;1785;1731 - 1785;Verwaltung;Kommunale Verwaltung;nein;;Ratsprotokoll-Rapulare des gemeinsamen Rates der Städte Krems und Stein in öffentlichen Angelegenheiten;Fehlende Jahrgänge: 1733, 1735, 1767.;;Rat der Städte Krems und Stein;Rat der Städte Krems und Stein;;Uneingeschränkt möglich;Digitale Reproduktion möglich. Die eigene Herstellung von Reproduktionen ist kostenlos, für Auftragsdigitalisierungen gelten die Kosten in § 18 der Benutzerordnung (KS-PRAES-1/18/1-2020). Nichtkommerzielle Weiterverwendung unter CC-BY-NC-ND-4.0-Lizenz.;Ratsprotokoll-Rapulare in privatum et publicum (1.1.1.2.1.);;Ratsprotokolle beider Städte Krems und Stein (1.1.1.1.);;Akten;Papier;"de ; Handschrift (Kurrent)";;
Missivprotokolle;1.1.1.3.;StAKr, 1.1.1.3. (Krems und Stein, Missivprotokolle);37 Bände = 4,5 lfm.;4,5;1507;1785;1507 - 1785;Verwaltung;Kommunale Verwaltung;nein;;Missivprotokolle des gemeinsamen Rates der Städte Krems und Stein;"Die Missivprotokolle stellen eine der zentralen Quellen der Krems-Steiner Verwaltungsgeschichte dar. Die umfangreichen Bände umfassen den auslaufenden Schriftverkehr des Rats beider Städte als oberstes Verwaltungsgremium. Die Schriftstücke sind im Volltext und mit vollständiger Datierung eingetragen und dokumentieren so sehr detailreich das nach außen gerichtete Handeln beider Städte.

Fehlende Jahrgänge: 1536-1548, 1620, 1650-1670.";;Rat der Städte Krems und Stein;Rat der Städte Krems und Stein;;Uneingeschränkt möglich;Digitale Reproduktion möglich. Die eigene Herstellung von Reproduktionen ist kostenlos, für Auftragsdigitalisierungen gelten die Kosten in § 18 der Benutzerordnung (KS-PRAES-1/18/1-2020). Nichtkommerzielle Weiterverwendung unter CC-BY-NC-ND-4.0-Lizenz.;;;"StAKr, 1.1.1.4. (Krems und Stein, Missivprotokoll-Rapulare)
StAKr, 1.2.1.3. (Krems, Missivprotokolle)
";;Akten;Papier;"de ; Handschrift (Kurrent)";;
Missivprotokoll-Rapulare;1.1.1.4.;StAKr, 1.1.1.4. (Krems und Stein, Missivprotokoll-Rapulare);58 Bände = 44 Bände + 2 Kartons = 2,3 lfm.;2,3;1722;1785;1722 - 1785;Verwaltung;Kommunale Verwaltung;nein;;Missivprotokoll-Rapulare des gemeinsamen Rates der Städte Krems und Stein;"Die Missivprotokoll-Rapulare bilden einen Auszug wichtiger Schreiben aus den Missivprotokollen (1.1.1.3.). 

Fehlende Jahrgänge: 1723, 1727, 1730, 1779-1781. Für das Jahr 1731 wurde einmalig eine Trennung in zwei Bände (Missivprotokoll-Rapular in privatum sowie Missivprotokoll-Rapular in publicum) vorgenommen.";Der Jahrgang 1739 war zuvor bei den Ratsprotokoll-Rapularen eingeordnet.;Rat der Städte Krems und Stein;Rat der Städte Krems und Stein;;Uneingeschränkt möglich;Digitale Reproduktion möglich. Die eigene Herstellung von Reproduktionen ist kostenlos, für Auftragsdigitalisierungen gelten die Kosten in § 18 der Benutzerordnung (KS-PRAES-1/18/1-2020). Nichtkommerzielle Weiterverwendung unter CC-BY-NC-ND-4.0-Lizenz.;;;Missivprotokolle (1.1.1.3.);;Akten;Papier;"de ; Handschrift (Kurrent)";;
Testamentsbücher;1.1.1.5.;StAKR, 1.1.1.5. (Krems und Stein, Testamentsbücher);21 Bände = 2,4 lfm.;2,4;1525;1717;1525 - 1717;Vermögen und Finanzen;Privatvermögen;nein;;Stadtbuchähnliche Sammelhandschriften, die zu großen Teilen aus Testamenten bestehen;"Ursprünglich haben auch Krems und Stein als Sammelhandschrift konzipierte Stadtbücher besessen, die alle wichtigen Stadtgeschäfte umfassten. Nach der Aufsplitterung des Verwaltungsschriftguts in einzelne Serien zu Beginn des 16. Jahrhunderts blieben die sogenannten Testamentbücher als Reste dieser Sammelhandschriften übrig. Enthalten sind neben den namensgebenden Testamenten besonders Ordnungen, Haus- und Weingartenbeschauen, Teillibelle und Geburtsweisungen.

In der Frühzeit der Bände im 16. Jahrhundert wurden die einzelnen Einträge noch mit standardisierten Rubriken versehen, die sogar noch den Terminus ""Stadtbuch"" für die Handschrift verwenden.

Zu jeder Zeit bestand eine große Nähe zu den Verlassenschaftsabhandlungen (1.1.1.6.1.), sodass 1717 beide Serien zusammengelegt wurden.

In der historischen Foliierung sind folgende Auffälligkeiten zu notieren:
Band 3: fol. 120 fehlt; fol. 249 ist doppelt
Band 4: fol. 189 fehlt
Band 5: fol. 156 und 204-205 fehlen
Band 6: fol. 194, 274-275, 323 und 359 fehlen
Band 7: fol. 5-6, 54-55, 243, 280, 333, 391 und 445 fehlen; fol. 327, 335 und 392 sind doppelt; je ein unpaginiertes Blatt nach fol. 330 und nach fol. 331
Band 8: fol. 10, 243, 277, 288, 353 und 409 fehlen
Band 9: fol. 99 statt 89; fol. 237-336, 342, 351, 501 und 542 fehlen
Band 10: 2 und 87 fehlen; 126 ist doppelt
Band 11: 288, 313 und 377 fehlen
Band 12: fol. 148, 182, 187, 221, 253-254, 260, 306, 343 und 378-379 fehlen; fol. 18, 53, 56 und 311 sind doppelt; ein  unpaginiertes Blatt nach fol. 68";;Rat der Städte Krems und Stein;Rat der Städte Krems und Stein;;Uneingeschränkt möglich;Digitale Reproduktion möglich. Die eigene Herstellung von Reproduktionen ist kostenlos, für Auftragsdigitalisierungen gelten die Kosten in § 18 der Benutzerordnung (KS-PRAES-1/18/1-2020). Nichtkommerzielle Weiterverwendung unter CC-BY-NC-ND-4.0-Lizenz.;;1.1.1.6.2. (Verlassenschaften, Testamente, Teilungsverträge);;;Akten;Papier;"de ; Handschrift (Kurrent)";Daniel Haberler-Maier, Zwei Städte, drei Räte? Prolegomena zu einer Neubetrachtung der Verwaltung der Städte Krems und Stein in Mittelalter und Früher Neuzeit bis 1785, in: Mitteilungen Stadtarchiv Krems (2022). DOI: https://doi.org/10.57704/T1D0-0J11, 8-10.;Johannes Laroche, Konfessionszugehörigkeit in Stein an der Donau im Lichte letztwilliger Verfügungen (1525-1627) (DA Wien 2023).
Verlassenschaftsabhandlungen;1.1.1.6.1.;StAKr, 1.1.1.6.1. (Krems und Stein, Verlassenschaftsabhandlungen);9 Bände = 1,3 lfm.;1,3;1562;1717;1562 - 1717;Vermögen und Finanzen;Privatvermögen;nein;;Protokollbücher über Verlassenschaftsangelegenheiten des gemeinsamen Rates von Krems und Stein;Die Protokolle umfassen die Inventaraufnahmen nach dem Todesfall, die durch vom gemeinsamen Rat beider Städte bestellte Kommissare durchgeführt wurden. Die Eintragungen enthalten detaillierte Auflistungen von mobilen und immobilen Besitzgütern.;;Rat der Städte Krems und Stein;Rat der Städte Krems und Stein;;Uneingeschränkt möglich;Digitale Reproduktion möglich. Die eigene Herstellung von Reproduktionen ist kostenlos, für Auftragsdigitalisierungen gelten die Kosten in § 18 der Benutzerordnung (KS-PRAES-1/18/1-2020). Nichtkommerzielle Weiterverwendung unter CC-BY-NC-ND-4.0-Lizenz.;;1.1.1.6.2. (Verlassenschaften, Testamente, Teilungsverträge);"StAKr, 1.1.1.6.3. (Krems und Stein, Einzelne Verlassenschaftsabhandlungen)
StAKr, 1.1.1.6.5. (Krems und Stein, Repertorium über Verlassenschaftsabhandlungen)";;Akten;Papier;"de ; Handschrift (Kurrent)";;
Verlassenschaften, Testamente, Teilungsverträge;1.1.1.6.2.;StAKr, 1.1.1.6.2. (Krems und Stein, Verlassenschaften, Testamente und Teilungsverträge);15 Bände = 2,2 lfm.;2,2;1717;1785;1717 - 1785;Vermögen und Finanzen;Privatvermögen;nein;;Sammelhandschriften für Verlassenschaften, Testamente, Teilungsverträge und Kridahandlungen;"1717 wurden die bisher separat geführten Reihen der sogenannten Testamentsbücher (1.1.1.5.) sowie der Verlassenschaftsabhandlungen (1.1.1.6.1.) in einer Reihe vereinigt, die bis zur Übernahme der Agenden durch das Bezirksgericht 1785 geführt wurden.

Wie schon in den Vorgängerbänden wurden auch hier die einzelnen Einträge chronologisch unter Rubrum volltextlich vorgenommen.";;Rat der Städte Krems und Stein;Rat der Städte Krems und Stein;;Uneingeschränkt möglich;Digitale Reproduktion möglich. Die eigene Herstellung von Reproduktionen ist kostenlos, für Auftragsdigitalisierungen gelten die Kosten in § 18 der Benutzerordnung (KS-PRAES-1/18/1-2020). Nichtkommerzielle Weiterverwendung unter CC-BY-NC-ND-4.0-Lizenz.;"1.1.1.5. (Testamentsbücher) ; 1.1.1.6.1. (Verlassenschaftsabhandlungen)";;;;Akten;Papier;"de ; Handschrift (Kurrent)";;
Einzelne Verlassenschaftsabhandlungen;1.1.1.6.3.;StAKr, 1.1.1.6.3. (Krems und Stein, Einzelne Verlassenschaftsabhandlungen);54 Faszikel = 3 Kartons = 0,3 lfm.;0,3;1598;1783;1598 - 1783;Vermögen und Finanzen;Privatvermögen;nein;;Einzelakten ausgefertigter Verlassenschaftsabhandlungen;;"Die Akten befanden sich zu großen Teilen bis 2020 in den als ""Altakten"" bezeichneten Aktenreihen von Krems (StAKr, 1.2.3.; Nr. 94 sowie 774/1-45) und Stein (StAKr, 1.3.3.; Nr. 126-140). Aufgrund der separat im Umfeld der Verlassenschaftsprotokolle (StAKr, 1.1.1.6.1.) aufbewahrten Einzelstücke wurden die Bestände zusammengefasst und die Serie gebildet.

";Rat der Städte Krems und Stein;Rat der Städte Krems und Stein;;Uneingeschränkt möglich;Digitale Reproduktion möglich. Die eigene Herstellung von Reproduktionen ist kostenlos, für Auftragsdigitalisierungen gelten die Kosten in § 18 der Benutzerordnung (KS-PRAES-1/18/1-2020). Nichtkommerzielle Weiterverwendung unter CC-BY-NC-ND-4.0-Lizenz.;;;"StAKr, 1.1.1.6.1. (Krems und Stein, Verlassenschaftsabhandlungen)

Einzelne Verlassenschaftsschlussrechnungen sowie Prozessakten finden sich in den sogenannten Kremser Altakten (StAKr, 1.2.3.).";Verzeichnung abgeschlossen. Im September 2022 wurde die Serie von der Praktikantin Juliana Kerschner auf Einzelstückebene erschlossen.;Akten;Papier;"de ; Handschrift (Kurrent)";;
Kuratelrechnungen;1.1.1.6.4.;StAKr, 1.1.1.6.4. (Krems und Stein, Kuratelrechnungen);22 Bände = 2 Kartons = 0,2 lfm.;0,2;1694;1779;1694 - 1779;Rechtswesen;Rechtspflege;nein;;Kuratelrechnungen über anvertraute Vermögen nach dem Verlassenschaftsfall;Der Bestand umfasst sowohl die eigentlichen Kuratelrechnungen als auch Sammler, aufgrund der geringen Unterschiede (wie sie bei anderen Serien, etwa den Kammeramtsrechnungen) wurden sie jedoch in einer Serie zusammengefasst, der Unterschied nicht immer eindeutig sichtbar ist.;Die Bände wurden ursprünglich im Umfeld der Bestände des Vormundschaftswesens aufbewahrt und 2023 zu den Verlassenschaftshandlungen übertragen. Ein Teil befand sich bis 2020 in den sogenannten Kremser Altakten (StAKr, 1.2.3., hier Fasz. 10 Nr. 260 und Fasz. 10 Nr. 262).;Rat der Städte Krems und Stein;Rat der Städte Krems und Stein;;Uneingeschränkt möglich;Digitale Reproduktion möglich. Die eigene Herstellung von Reproduktionen ist kostenlos, für Auftragsdigitalisierungen gelten die Kosten in § 18 der Benutzerordnung (KS-PRAES-1/18/1-2020). Nichtkommerzielle Weiterverwendung unter CC-BY-NC-ND-4.0-Lizenz.;;;;;Akten;Papier;"de ; Handschrift (Kurrent)";;
Repertorium über Verlassenschaftsabhandlungen;1.1.1.6.5.;StAKr, 1.1.1.6.4. (Repertorium über Verlassenschaftsabhandlungen);1 Band = 0,2 lfm.;0,2;1637;1745;1637 - 1745;Vermögen und Finanzen;Privatvermögen;nein;;Alphabetisches Verzeichnis von Verlassenschaftsabhandlungen;;;Rat der Städte Krems und Stein;Rat der Städte Krems und Stein;;Uneingeschränkt möglich;Digitale Reproduktion möglich. Die eigene Herstellung von Reproduktionen ist kostenlos, für Auftragsdigitalisierungen gelten die Kosten in § 18 der Benutzerordnung (KS-PRAES-1/18/1-2020). Nichtkommerzielle Weiterverwendung unter CC-BY-NC-ND-4.0-Lizenz.;;;StAKr, 1.1.1.6.1. (Krems und Stein, Verlassenschaftsabhandlungen);;Akten;Papier;"de ; Handschrift (Kurrent)";;
Vormundschaftsprotokolle;1.1.1.7.1.;StAKr, 1.1.1.7.1. (Krems und Stein, Vormundschaftsprotokolle);2 Bände = 0,2 lfm.;0,2;1535;1626;1535 - 1626;Rechtswesen;Rechtspflege;nein;;Vormundschaftsprotokolle des gemeinsamen Rats beider Städte Krems und Stein;;;Rat der Städte Krems und Stein;Rat der Städte Krems und Stein;;Uneingeschränkt möglich;Digitale Reproduktion möglich. Die eigene Herstellung von Reproduktionen ist kostenlos, für Auftragsdigitalisierungen gelten die Kosten in § 18 der Benutzerordnung (KS-PRAES-1/18/1-2020). Nichtkommerzielle Weiterverwendung unter CC-BY-NC-ND-4.0-Lizenz.;;;;;Akten;Papier;"de ; Handschrift (Kurrent)";;
Vormundschaftsrechnungen Krems;1.1.1.7.2.;StAKr, 1.1.1.7.2. (Krems und Stein, Vormundschaftsrechnungen Krems);68 Bände = 5 Kartons = 0,5 lfm.;0,5;1606;1849;1606 - 1849;Rechtswesen;Rechtspflege;nein;;Gesamt- und Teilrechnungen der vom Rat als Vormünder verwaister Kinder bestellten Personen;;Ein Stück entstammte den sogenannten Kremser Altakten (StAKr, 1.2.3., hier Fasz. 11 Nr. 263) und wurde im Jahr 2020 der richtigen Provenienz zugeordnet.;Rat der Städte Krems und Stein;Rat der Städte Krems und Stein;;Uneingeschränkt möglich.;Digitale Reproduktion möglich. Die eigene Herstellung von Reproduktionen ist kostenlos, für Auftragsdigitalisierungen gelten die Kosten in § 18 der Benutzerordnung (KS-PRAES-1/18/1-2020). Nichtkommerzielle Weiterverwendung unter CC-BY-NC-ND-4.0-Lizenz.;;;;;Akten;Papier;"de ; Handschrift (Kurrent)";;
Vormundschaftsrechnungen Stein;1.1.1.7.3.;StAKr, 1.1.1.7.3. (Krems und Stein, Vormundschaftsrechnungen Stein);9 Bände = 8 Bände + 1 Mappe = 1 Karton = 0,1 lfm.;0,1;1626;1744;1626 - 1744;Rechtswesen;Rechtspflege;nein;;Gesamt- und Teilrechnungen der vom Rat als Vormünder verwaister Kinder bestellten Personen;;Ein Stück (Maria Anna Schwarz, Maria Theresia Freisleben, Johanna Freisleben, 1731-1744) entstammte den sogenannten Kremser Altakten (StAKr, 1.2.3., hier Fasz. 7 Nr. 140) und wurde im Jahr 2020 der richtigen Provenienz zugeordnet.;Rat der Städte Krems und Stein;Rat der Städte Krems und Stein;;"Grundsätzlich uneingeschränkt möglich; aufgrund konservatorischer Bedenken (mechanische Schäden) in Einzelfällen nur mit entsprechender Genehmigung zu benützen. ";Digitale Reproduktion möglich. Die eigene Herstellung von Reproduktionen ist kostenlos, für Auftragsdigitalisierungen gelten die Kosten in § 18 der Benutzerordnung (KS-PRAES-1/18/1-2020). Nichtkommerzielle Weiterverwendung unter CC-BY-NC-ND-4.0-Lizenz.;;;;;Akten;Papier;"de ; Handschrift (Kurrent)";;
Bürgerbücher;1.1.1.8.1.;StAKr, 1.1.1.8.1. (Krems und Stein, Bürgerbücher);3 Bände = 0,3 lfm.;0,3;1535;1921;1535 - 1921;Verwaltung;Kommunale Verwaltung;nein;;Bürgerbücher, in denen die Aufnahmen in die Bürgerschaften von Krems und Stein chronologisch eingetragen sind.;;;Rat der Städte Krems und Stein;Rat der Städte Krems und Stein;;"Grundsätzlich uneingeschränkt möglich; aufgrund konservatorischer Bedenken (mechanische Schäden) in Einzelfällen nur mit entsprechender Genehmigung zu benützen. ";Digitale Reproduktion möglich. Die eigene Herstellung von Reproduktionen ist kostenlos, für Auftragsdigitalisierungen gelten die Kosten in § 18 der Benutzerordnung (KS-PRAES-1/18/1-2020). Nichtkommerzielle Weiterverwendung unter CC-BY-NC-ND-4.0-Lizenz.;;;;;Akten;Papier;"de ; Handschrift (Kurrent)";Andreas Hellerschmid, Bürgerbuch Krems/Stein 1535-1625 (DA Wien 2018). URL: <https://utheses.univie.ac.at/detail/46500#>.;
Einzelne Bürgereide;1.1.1.8.2.;StAKr, 1.1.1.8.2. (Krems und Stein, Einzelne Bürgereide);2 Mappen = 0,1 lfm.;0,1;1700;1900;1700 - 1900;Verwaltung;Kommunale Verwaltung;nein;;Sammlung einzelner schriftlicher Bürgereide;;;Rat der Städte Krems und Stein;Rat der Städte Krems und Stein;;Uneingeschränkt möglich;Digitale Reproduktion möglich. Die eigene Herstellung von Reproduktionen ist kostenlos, für Auftragsdigitalisierungen gelten die Kosten in § 18 der Benutzerordnung (KS-PRAES-1/18/1-2020). Nichtkommerzielle Weiterverwendung unter CC-BY-NC-ND-4.0-Lizenz.;;;;;Akten;Papier;"de ; Handschrift (Kurrent) ; teilweise Vordruck";;
Raitschlussbücher;1.1.1.9.;StAKr, 1.1.1.9. (Krems und Stein, Raitschlussbücher);2 Bände = 0,2 lfm.;0,2;1594;1629;1594 - 1629;Vermögen und Finanzen;Öffentliches Vermögen;nein;;Raitschlussbücher, in denen einzelne Entscheidungen des Rats beider Städte in Finanzangelegenheiten aufgenommen wurden.;;;Rat der Städte Krems und Stein;Rat der Städte Krems und Stein;;Uneingeschränkt möglich;Digitale Reproduktion möglich. Die eigene Herstellung von Reproduktionen ist kostenlos, für Auftragsdigitalisierungen gelten die Kosten in § 18 der Benutzerordnung (KS-PRAES-1/18/1-2020). Nichtkommerzielle Weiterverwendung unter CC-BY-NC-ND-4.0-Lizenz.;;;;;Akten;Papier;"de ; Handschrift (Kurrent)";;
Stadt- und Landgerichts-Protokolle;1.1.2.1.1.;StAKr, 1.1.2.1.1. (Krems und Stein, Stadt- und Landgerichts-Protokolle);13 Bände = 0,8 lfm.;0,8;1546;1740;1546 - 1740;Rechtswesen;Rechtsprechung;nein;;Protokolle des Gerichts von Krems und Stein, das das Stadt- und Landrichteramt umfasste;;Bis zum Jahr 2021 waren die wenigen erhaltenen Rechnungsbücher des 15. Jahrhunderts (Rechnungsbücher der gepachteten landesfürstlichen Ämter, Spitalmeister-, Stadtrichter- und Baumeisterrechnung) in einem Faszikel zusammengefasst, ehe sie den entsprechenden Provenienzen zugeordnet wurden.;Stadt- und Landrichteramt Krems und Stein;Stadt- und Landrichteramt Krems und Stein;;"Grundsätzlich uneingeschränkt möglich; aufgrund konservatorischer Bedenken (mechanische Schäden) in Einzelfällen nur mit entsprechender Genehmigung zu benützen. ";Digitale Reproduktion möglich. Die eigene Herstellung von Reproduktionen ist kostenlos, für Auftragsdigitalisierungen gelten die Kosten in § 18 der Benutzerordnung (KS-PRAES-1/18/1-2020). Nichtkommerzielle Weiterverwendung unter CC-BY-NC-ND-4.0-Lizenz.;;;StAKr, 1.1.2.1.2. (Krems und Stein, Stadtgerichtssitzungsrapulare);;Amtsbücher;Papier;"de ; Handschrift (Kurrent)";;
Stadtgerichtssitzungs-Rapulare;1.1.2.1.2.;StAKr, 1.1.2.1.2. (Krems und Stein, Stadtgerichtssitzungsrapulare);6 Bände = 0,1 lfm.;0,1;1776;1785;1776 - 1785;Rechtswesen;Rechtsprechung;nein;;Auszüge aus den Stadtgerichtsprotokollen;;;Stadt- und Landrichteramt Krems und Stein;Stadt- und Landrichteramt Krems und Stein;;Uneingeschränkt möglich;Digitale Reproduktion möglich. Die eigene Herstellung von Reproduktionen ist kostenlos, für Auftragsdigitalisierungen gelten die Kosten in § 18 der Benutzerordnung (KS-PRAES-1/18/1-2020). Nichtkommerzielle Weiterverwendung unter CC-BY-NC-ND-4.0-Lizenz.;;;StAKr, 1.1.2.1.1. (Krems und Stein, Stadt- und Landgerichtsprotokolle);;Akten;Papier;"de ; Handschrift (Kurrent)";;
Stadt- und Landgerichtsrechnungen;1.1.2.1.3.;StAKr, 1.1.2.1.3. (Krems- und Stein, Stadt- und Landgerichtsrechnungen);16 Bände + 18 Faszikel = 5 Kartons = 0,5 lfm.;0,5;1462;1810;1462 - 1810;Rechtswesen;Rechtsprechung;nein;;Rechnungen über Einnahmen und Ausgaben beim Stadt- und Landgericht Krems und Stein;"Fünf Rechnungshefte aus dem 15. Jahrhundert zählen zu den ältesten seriellen Archivalien im Stadtarchiv; sie haben vermutlich eher zufällig mit gleichformatigen Rechnungsheften aus dem beiderstädtischen Spital- sowie dem Kremser Baumeisteramt überdauert.

Bis 1785 wurden die Rechnungen in Buchform gebunden, 1786 wechselte man in ein Aktensystem, wobei jeder Jahresfaszikel aus einem Journal und den jeweiligen Beilagen besteht.";;Stadt- und Landrichteramt Krems und Stein;Stadt- und Landrichteramt Krems und Stein;;"Grundsätzlich uneingeschränkt möglich; aufgrund konservatorischer und gesundheitlicher Bedenken (Mikroorganismen, Schmutz) in Einzelfällen nur mit entsprechender Genehmigung zu benützen. ";Digitale Reproduktion möglich. Die eigene Herstellung von Reproduktionen ist kostenlos, für Auftragsdigitalisierungen gelten die Kosten in § 18 der Benutzerordnung (KS-PRAES-1/18/1-2020). Nichtkommerzielle Weiterverwendung unter CC-BY-NC-ND-4.0-Lizenz.;;;StAKr, 1.1.2.1.4. (Krems und Stein, Stadt- und Landgericht-Rechnungssammler);;Akten;Papier;"de ; Handschrift (Kurrent)";;"Herta Mandl-Neumann, Alltagskriminalität im spätmittelalterlichen Krems. Die Richterrechnungen der Jahre 1462 bis 1478, in: Mitteilungen des Kremser Stadtarchivs 23-25 (1983-1985) 1-144; https://www.mitteilungen.at/wp-content/uploads/2023/04/MiKrStA_23-25_001-144_Mandl-Neumann_Alltagskriminalitaet.pdf"
Stadt- und Landgerichts-Rechnungssammler;1.1.2.1.4.;StAKr, 1.1.2.1.4. (Krems und Stein, Stadt- und Landgericht-Rechnungssammler);1 Band = 0,1 lfm.;0,1;1785;1785;1785 - 1785;Rechtswesen;Rechtsprechung;nein;;Rechnungssammlung für das Stadt- und Landgericht Krems und Stein für das Jahr 1785;Der Rechnungssammler ist als Arbeitsmaterial zur Stadt- und Landgerichtsrechnung desselben Jahres zu verstehen, umfasst jedoch nur die Monate Jänner bis Juni.;;Stadt- und Landrichteramt Krems und Stein;Stadt- und Landrichteramt Krems und Stein;;Uneingeschränkt möglich;Digitale Reproduktion möglich. Die eigene Herstellung von Reproduktionen ist kostenlos, für Auftragsdigitalisierungen gelten die Kosten in § 18 der Benutzerordnung (KS-PRAES-1/18/1-2020). Nichtkommerzielle Weiterverwendung unter CC-BY-NC-ND-4.0-Lizenz.;;;StAKr, 1.1.2.1.3. (Krems und Stein, Stadt- und Landgerichtsrechnungen);;Akten;Papier;"de ; Handschrift (Kurrent)";;
Schubprotokolle;1.1.2.1.5.;StAKr, 1.1.2.1.5. (Krems und Stein, Schubprotokolle);2 Bände = 1 Karton = 0,1 lfm.;0,1;1724;1852;1724 - 1852;Vermögen und Finanzen;Öffentliches Vermögen;nein;;Protokoll- und Rechnungsbücher über das Schubwesen der Städte Krems und Stein;;;Stadt- und Landrichteramt Krems und Stein;Stadt- und Landrichteramt Krems und Stein;;Uneingeschränkt möglich;Digitale Reproduktion möglich. Die eigene Herstellung von Reproduktionen ist kostenlos, für Auftragsdigitalisierungen gelten die Kosten in § 18 der Benutzerordnung (KS-PRAES-1/18/1-2020). Nichtkommerzielle Weiterverwendung unter CC-BY-NC-ND-4.0-Lizenz.;;;;;Akten;Papier;"de ; Handschrift (Kurrent)";;
Ingedenkbücher;1.1.2.2.1.;StAKr, 1.1.2.2.1. (Krems und Stein, Ingedenkbücher);"11 Bände ; 1 lfm.";1;1108;1781;1108 - 1781;Kultur;Historische Identität und Erinnerungskultur;nein;;Die Ingedenkbücher beinhalten chronologisch geordnete Urkundenabschriften vom Jahr 1108 bis ins Jahr 1771.;"Die Ingedenkbücher zählen zu den bedeutendsten und dementsprechend auch am häufigsten genutzten Quellen des Stadtarchivs. Sie enthalten chronologisch gereiht Abschriften von zunächst Urkunden, später auch Patenten, landesfürstlichen Mandaten und Kreisgerichtsschreiben, die für Krems und Stein Bedeutung hatten. Jedem Eintrag ist ein kurzes zeitgenössisches Regest voran- sowie ein Kollationsvermerk des Sekretärs Johann Matthias Puchbergs nachgestellt. Von späterer Hand wurden die Verweise auf die Originale (mit der fortlaufenden Nummerierung innerhalb der Allgemeinen Urkundenreihe, heute StAKr, 7.1.) vorgenommen.

Der besondere Wert ergibt sich daraus, dass darin auch Schriftstücke enthalten sind, die heute verloren und somit nur noch hier abschriftlich überliefert sind.

Ob mit dem ""sehr ausführlichen, aber trotzdem übersichtlich angelegen Index"", wie ihn der Stadtarchivar Hans Plöckinger im Vorwort seiner ""Materialien zur Geschichte Wiens aus dem Kremser Stadtarchive"" (Quellen zur Geschichte der Stadt Wien 1/8 [Wien 1914] VIII) beschrieb, ein tatsächlich existenter, heute verlorener Indexband oder lediglich die kurzen Marginalregesten am Beginn jedes Eintrags gemeint waren, ist nicht mehr feststellbar. In jedem Fall wurden sie bereits für zahlreiche wissenschaftliche Arbeiten als Grundlage benutzt.

Die Bände umfassen folgende Jahre:
1. Band: 1108-1459/60
2. Band: 1460-1499
3. Band: 1500-1549
4. Band: 1550-1599
5. Band: 1600-1649
6. Band: 1650-1699
7. Band: 1700-1729
8. Band: 1730-1760
9. Band: 1760-1770
10. Band: 1771-1781
11. Band: Index";"Der erste Band, der die Jahre 1108 bis 1459 umfasst, dürfte zwischenzeitlich verloren gegangen sein; in diesem Zusammenhang wurde vom damaligen Dechaten und Stadtpfarrer sowie späterem Erzbischof von Wien Vinzenz Eduard Milde (1777-1853) neu geschrieben, worüber auch ein Index angelegt wurde (""Chronologisches-Verzeichnis jener Urkunden, welche sich in dem Archive der landesfürstlichen Kreisstadt Krems befinden und in die Ingedenkbücher dieser Stadt wörtlich aufgenom(m)en worden sind""). Zu einem späteren Zeitpunkt tauchte der verloren geglaubte Band wieder auf, sodass heute zwei Ausfertigungen vorhanden sind, wobei die Unterschiede bislang nicht analysiert wurden.";Stadtschreiberamt Krems und Stein;Stadtschreiberamt Krems und Stein;Die Anlage der Bücher erfolgte um das Jahr 1734, als nach einem Regierungspatent die Neuordnung des vernachlässigten Archivs von Krems verordnet wurde. Diese Arbeiten übernahm der städtische Sekretär Johann Matthias Puchberg, der im Zuge dessen alle bedeutenden Schriftstücke in die Bände des Ingedenkbuchs übertrug, wobei er die Schreibarbeiten zwar nicht selbst vornahm, jedoch jeden Eintrag eigenhändig mit der Vorlage kollationierte.;Uneingeschränkt benützbar.;Digitale Reproduktion möglich. Die eigene Herstellung von Reproduktionen ist kostenlos, für Auftragsdigitalisierungen gelten die Kosten in § 18 der Benutzerordnung (KS-PRAES-1/18/1-2020). Nichtkommerzielle Weiterverwendung unter CC-BY-NC-ND-4.0-Lizenz.;;;;;Akten;Papier;"de ; Handschrift (Kurrent)";;
Einzelne Kopialbücher und Abschriften;1.1.2.2.2.;StAKr, 1.1.2.2.2. (Krems und Stein, Einzelne Kopialbücher und Abschriften);7 Bände = 1 Band + 1 Karton = 0,1 lfm.;0,1;1400;1799;1400 - 1799;Verwaltung;Kommunale Verwaltung;nein;;Sammelbestand von einzelnen Kopialbüchern und Abschriften;Der Bestand umfasst einzelne Handschriften und Libelle, die als Kopialbücher in der Krems-Steiner Kanzlei aufbewahrt wurden. Es handelt sich dabei vorrangig um Abschriften vorhandener Privilegien, wobei der sogenannte Steiner Privilegienkodex, eine Sammelhandschrift mit Abschriften von Privilegien vorrangig aus dem ostösterreichischen Raum, hervorzuheben ist.;;Stadtschreiberamt Krems und Stein;Stadtschreiberamt Krems und Stein;;Uneingeschränkt benützbar.;Digitale Reproduktion möglich. Die eigene Herstellung von Reproduktionen ist kostenlos, für Auftragsdigitalisierungen gelten die Kosten in § 18 der Benutzerordnung (KS-PRAES-1/18/1-2020). Nichtkommerzielle Weiterverwendung unter CC-BY-NC-ND-4.0-Lizenz.;;;;;Akten;Papier, Pergament;"de, lat ; Handschrift (Kurrent, Kanzlei)";;
Formularbücher;1.1.2.2.3.;StAKr, 1.1.2.2.3. (Krems und Stein, Formularbücher);2 Bände = 1 Karton = 0,1 lfm.;0,1;1500;1699;1500 - 1699;Verwaltung;Kommunale Verwaltung;nein;;Vorlagen für Formulierungen für Kanzleibeamte;Der Bestand umfasst zwei Formularbücher, die Formeln für das Verfassen gängiger städtischer Schriftstücke beinhalten. Eines davon stammt aus der gemeinsamen Krems-Steiner Kanzlei bzw. dem Stadtschreiberamt, das andere aus Stein, wo der Rat eine eigene kleine Kanzlei für eigene Angelegenheiten unterhielt.;;Stadtschreiberamt Krems und Stein;Stadtschreiberamt Krems und Stein;;Uneingeschränkt benützbar;Digitale Reproduktion möglich. Die eigene Herstellung von Reproduktionen ist kostenlos, für Auftragsdigitalisierungen gelten die Kosten in § 18 der Benutzerordnung (KS-PRAES-1/18/1-2020). Nichtkommerzielle Weiterverwendung unter CC-BY-NC-ND-4.0-Lizenz.;;;;;Akten;Papier;de;;
Chronologische Reihe (Krems);1.1.2.2.4.1.;StAKr, 1.1.2.2.4.1. (Krems und Stein, Patente und Verordnungen, Chronologische Reihe Krems);54 Kartons = 5,4 lfm.;5,4;1500;1866;1500 - 1866;Verwaltung;Staatliche Verwaltung;nein;;Sammlung von kaiserlichen, landesfürstlichen und kreisamtlichen Patenten und Verordnungen für die Stadt Krems in chronologischer Reihenfolge;Die Sammlung enthält jene Reste der Patente und Verordnungen, die im Rahmen der Ordnungsarbeiten im Jahr 1949 keinen Sachgebieten zugeordnet wurden. Die Jahrgänge sind faszikelweise zusammengebunden, folgen innerhalb der Jahre aber keiner chronologischen Ordnung.;;Stadtschreiberamt Krems und Stein;Stadtschreiberamt Krems und Stein;;"Grundsätzlich uneingeschränkt möglich; aufgrund konservatorischer und gesundheitlicher Bedenken (Mikroorganismen, Schmutz) in Einzelfällen nur mit entsprechender Genehmigung zu benützen. ";Digitale Reproduktion möglich. Die eigene Herstellung von Reproduktionen ist kostenlos, für Auftragsdigitalisierungen gelten die Kosten in § 18 der Benutzerordnung (KS-PRAES-1/18/1-2020). Nichtkommerzielle Weiterverwendung unter CC-BY-NC-ND-4.0-Lizenz.;;StAKr, 1.1.2.2.4.5. (Krems und Stein, Patente und Verordnungen, Zirkulare und Verordnungen);"StAKr, 1.1.2.2.4.2. (Krems und Stein, Patente und Verordnungen, Chronologische Reihe Stein)
StAKr, 1.1.2.2.4.3. (Krems und Stein, Patente und Verordnungen, Thematische Reihe)
StAKr, 1.1.2.2.4.4. (Krems und Stein, Patente und Verordnungen, Sammlung zu Zünften und Handwerk)";;Akten;Papier;"de ; Handschrift (Kurrent, Kanzlei)";;
Chronologische Reihe (Stein);1.1.2.2.4.2.;StAKr, 1.1.2.2.4.2. (Krems und Stein, Patente und Verordnungen, Chronologische Reihe Stein);12 Kartons = 1,2 lfm.;1,2;1574;1829;1574 - 1829;Verwaltung;Staatliche Verwaltung;nein;;Sammlung von kaiserlichen, landesfürstlichen und kreisamtlichen Patenten und Verordnungen für die Stadt Stein in chronologischer Reihenfolge;Die Sammlung enthält jene Patente und Verordnungen, die die Stadt Stein alleine betrafen, wobei es sich hauptsächlich um Schriftstücke über diverse religiöse Stiftungen handelt. Die Patente sind jahresweise in Faszikeln zusammengebunden.;Die ältesten Patente aus dem Zeitraum 1574 bis 1639 waren durch Mikroorganismen stark angegriffen und wurden in den Jahren 2021-2022 schrittweise restauriert.;Stadtschreiberamt Krems und Stein;Stadtschreiberamt Krems und Stein;;Uneingeschränkt benützbar;Digitale Reproduktion möglich. Die eigene Herstellung von Reproduktionen ist kostenlos, für Auftragsdigitalisierungen gelten die Kosten in § 18 der Benutzerordnung (KS-PRAES-1/18/1-2020). Nichtkommerzielle Weiterverwendung unter CC-BY-NC-ND-4.0-Lizenz.;;StAKr, 1.1.2.2.4.5. (Krems und Stein, Patente und Verordnungen, Zirkulare und Verordnungen);"StAKr, 1.1.2.2.4.1. (Krems und Stein, Patente und Verordnungen, Chronologische Reihe Krems)
StAKr, 1.1.2.2.4.3. (Krems und Stein, Patente und Verordnungen, Thematische Reihe)
StAKr, 1.1.2.2.4.4. (Krems und Stein, Patente und Verordnungen, Sammlung zu Zünften und Handwerk)";;Akten;Papier;"de ; Handschrift (Kurrent, Kanzlei)";;
Thematische Reihe;1.1.2.2.4.3.;StAKr, 1.1.2.2.4.3. (Krems und Stein, Patente und Verordnungen, Thematische Reihe);137 Faszikel = 26 Kartons = 2,6 lfm.;2,6;1533;1799;1533 - 1799;Verwaltung;Staatliche Verwaltung;nein;;Die Sammlung umfasst Patente und Verordnungen des Kaisers, des Landesfürsten und des Kreisamtes, abgelegt nach thematischen Betreffen.;"Aus der ursprünglich chronologischen Sammlung der Patente und Verordnungen wurde 1949 eine thematische Reihe herausgelöst, wobei die Stücke in größere Kategorien und innerhalb diesen in kleinere Themenbereiche gruppiert wurden. 

Durchgeführt wurden die Arbeiten von Stadtarchivar Hans Plöckinger und vermutlich auch von dessen Mitarbeiter Karl Benesch. Plöckinger sah den großen Vorteil einer thematischen Gliederung in der vereinfachten Benutzung. Es ist heute unklar, ob die Arbeiten nicht fertiggestellt wurden, oder warum neben der thematischen auch die chronologische Reihe weiter bestehen blieb.

Die Sachgebiete umfassen Religion, Kriege und Heer, Staatsangelegenheiten, Stadtverwaltung, Stadtgericht, Polizei, Brauchtum, Privatangelegenheiten und Wirtschaft.";Bis 2021 befand sich die Sammlung in Kartons der 1950er-Jahre, die vermutlich im Zuge der Ordnungsarbeiten durch Hans Plöckinger und Karl Benesch angeschafft worden waren. Die Neuaufstellungsarbeiten der Jahre 2021 und 2022 umfassten nicht nur eine Neuverpackung (säurefreie Umschläge, Köperband, säurefreie Kartons), sondern auch die Verzeichnung der einzelnen Sachgebiete. Die Verzeichnung erfolgte im September 2022 durch die Praktikantin Juliana Kerschner.;Stadtschreiberamt Krems und Stein;Stadtschreiberamt Krems und Stein;;"Grundsätzlich uneingeschränkt möglich; aufgrund konservatorischer und gesundheitlicher Bedenken (Mikroorganismen, Schmutz) in Einzelfällen nur mit entsprechender Genehmigung zu benützen. ";Digitale Reproduktion möglich. Die eigene Herstellung von Reproduktionen ist kostenlos, für Auftragsdigitalisierungen gelten die Kosten in § 18 der Benutzerordnung (KS-PRAES-1/18/1-2020). Nichtkommerzielle Weiterverwendung unter CC-BY-NC-ND-4.0-Lizenz.;;;"StAKr, 1.1.2.2.4.1. (Krems und Stein, Patente und Verordnungen, Chronologische Reihe Krems)
StAKr, 1.1.2.2.4.2. (Krems und Stein, Patente und Verordnungen, Chronologische Reihe Stein)
StAKr, 1.1.2.2.4.4. (Krems und Stein, Patente und Verordnungen, Sammlung zu Zünften und Handwerk)";"Auf Faszikelebene erschlossen; eine Einzelstückerschließung ist derzeit nicht geplant. Die Reihe umfasst 136 Faszikel in 26 Kartons auf 2,6 Laufmetern.";Akten;Papier;"de ; Handschrift (Kurrent, Kanzlei)";;
Sammlung zu Zünfte und Handwerk;1.1.2.2.4.4.;StAKr, 1.1.2.2.4.4. (Krems und Stein, Patente und Verordnungen, Sammlung zu Zünften und Handwerk);75 Faszikel = 8 Kartons = 0,8 lfm. ;0,8;1612;1799;1612 - 1799;Verwaltung;Staatliche Verwaltung;nein;;Sammlung von kaiserlichen, landesfürstlichen und kreisamtlichen Patenten und Verordnungen zu Zunft-, Handwerks- und Gewerbeangelegenheiten;"Aus der ursprünglich chronologischen Sammlung der Patente und Verordnungen wurde 1949 eine Reihe zu Zünften und Handwerk herausgelöst und diese innerhalb der einzelnen Zunftladen abgelegt und verzeichnet wurden.

Durchgeführt wurden die Arbeiten von Stadtarchivar Hans Plöckinger und vermutlich auch von dessen Mitarbeiter Karl Benesch.";Bis 2021 befanden sich die Faszikel in Packpapier verpackt in den jeweiligen Zunftladen, wobei es auch einen Sammelkarton für zunftfremde Angelegenheiten gab. Die Neuaufstellungsarbeiten der Jahre 2021 und 2022 umfassten nicht nur eine Neuverpackung (säurefreie Umschläge, Köperband, säurefreie Kartons), sondern auch die Verzeichnung der einzelnen Sachgebiete. Die Verzeichnung erfolgte im September 2022 durch die Praktikantin Juliana Kerschner.;Stadtschreiberamt Krems und Stein;Stadtschreiberamt Krems und Stein;;"Grundsätzlich uneingeschränkt möglich; aufgrund konservatorischer und gesundheitlicher Bedenken (Mikroorganismen, Schmutz) in Einzelfällen nur mit entsprechender Genehmigung zu benützen. ";Digitale Reproduktion möglich. Die eigene Herstellung von Reproduktionen ist kostenlos, für Auftragsdigitalisierungen gelten die Kosten in § 18 der Benutzerordnung (KS-PRAES-1/18/1-2020). Nichtkommerzielle Weiterverwendung unter CC-BY-NC-ND-4.0-Lizenz.;;;"StAKr, 1.1.2.2.4.1. (Krems und Stein, Patente und Verordnungen, Chronologische Reihe Krems)
StAKr, 1.1.2.2.4.2. (Krems und Stein, Patente und Verordnungen, Chronologische Reihe Stein)
StAKr, 1.1.2.2.4.3. (Krems und Stein, Patente und Verordnungen, Thematische Reihe)";"Auf Faszikelebene erschlossen; eine Einzelstückerschließung ist derzeit nicht geplant. Die Reihe umfasst 75 Faszikel in 8 Kartons auf 0,8 Laufmetern.";Akten;Papier;"de ; Handschrift (Kurrent, Kanzlei)";;
Zirkulare und Verordnungen (gebundene Reihe);1.1.2.2.4.5.;StAKr, 1.1.2.2.4.5. (Krems und Stein, Patente und Verordnungen, Zirkulare und Verordnungen);53 Bände = 3,2 lfm.;3,2;1799;1848;1799 - 1848;Verwaltung;Staatliche Verwaltung;nein;;Sammlung von kaiserlichen, landesfürstlichen und kreisamtlichen Zirkularen für die Städte Krems und Stein in chronologischer Reihenfolge;Mit der Neuschaffung des Magistrats Krems und Stein im Zuge der Josephinischen Magistratsreform wurden die bis dato lose gesammelten Zirkulare und Patente in Buchform gebunden.;;Stadtschreiberamt Krems und Stein;Stadtschreiberamt Krems und Stein;;Uneingeschränkt möglich;Digitale Reproduktion möglich. Die eigene Herstellung von Reproduktionen ist kostenlos, für Auftragsdigitalisierungen gelten die Kosten in § 18 der Benutzerordnung (KS-PRAES-1/18/1-2020). Nichtkommerzielle Weiterverwendung unter CC-BY-NC-ND-4.0-Lizenz.;"StAKr, 1.1.2.2.4.1. (Krems und Stein, Patente und Verordnungen, Chronologische Reihe Krems); StAKr, 1.1.2.2.4.2. (Krems und Stein, Patente und Verordnungen, Chronologische Reihe Stein)";;StAKr, 1.1.2.2.5.6. (Krems und Stein, Einlaufprotokolle über Zirkularien und Verordnungen);53 Bände + 100 Kartons = 13,2 lfm.;Akten;Papier;"de ; Handschrift (Kurrent)";;
Allgemeine Ordnungen;1.1.2.2.5.;StAKr, 1.1.2.2.5. (Krems und Stein, Allgemeine Ordnungen);31 Bände = 0,9 lfm.;0,9;1646;1799;1646 - 1799;Verwaltung;Kommunale Verwaltung;nein;;Sammlung einzelner allgemeiner und spezifischer Ordnungen für die Städte Krems und Stein;Die Sammlung enthält einzelne gebundene Ordnungen für den Wirkungsbereich des Magistrats der Städte Krems und Stein, darunter Wahl- und Handwerksordnungen, aber auch allgemeine obrigkeitliche Vorschriften.;;Stadtschreiberamt Krems und Stein;Stadtschreiberamt Krems und Stein;;"Grundsätzlich uneingeschränkt möglich; aufgrund konservatorischer und gesundheitlicher Bedenken (Mikroorganismen, Schmutz) in Einzelfällen nur mit entsprechender Genehmigung zu benützen. ";Digitale Reproduktion möglich. Die eigene Herstellung von Reproduktionen ist kostenlos, für Auftragsdigitalisierungen gelten die Kosten in § 18 der Benutzerordnung (KS-PRAES-1/18/1-2020). Nichtkommerzielle Weiterverwendung unter CC-BY-NC-ND-4.0-Lizenz.;;;;;Akten;Papier;"de ; Handschrift (Kurrent, Kanzlei), Druck";;
Einlaufprotokolle über Zirkulare und Verordnungen;1.1.2.2.5.6.;StAKr, 1.1.2.2.5.6. (Krems und Stein, Einlaufprotokolle über Zirkularien und Verordnungen);8 Bände = 1 Karton = 0,1 lfm.;0,1;1766;1785;1766 - 1785;Verwaltung;Staatliche Verwaltung;nein;;Protokolle über alle einlaufenden Kremsamts-Zirkulare und landesfürstlichen Verordnungen;Die den schmalen Heften wurden wichtige kreisamtliche und landesfürstliche Zirkulare und Verordnungen regestiert und die jeweilige Abhandlung in den Ratssitzungen vermerkt.;;Stadtschreiberamt Krems und Stein;Stadtschreiberamt Krems und Stein;;Uneingeschränkt möglich;Digitale Reproduktion möglich. Die eigene Herstellung von Reproduktionen ist kostenlos, für Auftragsdigitalisierungen gelten die Kosten in § 18 der Benutzerordnung (KS-PRAES-1/18/1-2020). Nichtkommerzielle Weiterverwendung unter CC-BY-NC-ND-4.0-Lizenz.;;;"StAKr, 1.1.1.1. (Krems und Stein, Ratsprotokolle)
StAKr, 1.1.2.2.4.5. (Krems und Stein, Patente und Verordnungen, Zirkulare und Verordnungen)";;Akten;Papier;"de ; Handschrift (Kurrent)";;
Kanzlei- und Archivverzeichnisse und -inventare;1.1.2.2.6.;StAKr, 1.1.2.2.6. (Krems und Stein, Kanzlei- und Archivrepertorien);8 Bände = 0,2 lfm.;0,2;1636;1820;1636 - 1820;Verwaltung;Kommunale Verwaltung;nein;;Repertorien über die Bestände in der Kanzlei und dem daran angeschlossenen Archiv der Städte Krems und Stein;Der Bestand umfasst mehrere Verzeichnisse über jene Schriftstücke, die sich zum Zeitpunkt ihrer Aufnahme in den jeweiligen Archiven der Städte Krems und Stein befunden haben.;;Stadtschreiberamt Krems und Stein;Stadtschreiberamt Krems und Stein;;Uneingeschränkt benützbar;Digitale Reproduktion möglich. Die eigene Herstellung von Reproduktionen ist kostenlos, für Auftragsdigitalisierungen gelten die Kosten in § 18 der Benutzerordnung (KS-PRAES-1/18/1-2020). Nichtkommerzielle Weiterverwendung unter CC-BY-NC-ND-4.0-Lizenz.;;;;;Akten;Papier;"de ; Handschrift (Kurrent)";"Harry Kühnel, Die Archive der Städte Krems und Stein, in: Mitteilungen des Österreichischen Staatsarchivs 14 (1961) (Festschrift für Gebhard Rath) [152]-170, https://library.hungaricana.hu/en/view/Mosta_14/?pg=164&layout=s
";
Rezipientenbücher;1.1.2.2.7.;StAKr, 1.1.2.2.7. (Krems und Stein, Rezipientenbücher);5 Bände = 0,3 lfm.;0,3;1816;1856;1816 - 1856;Verwaltung;Kommunale Verwaltung;nein;;Einlaufbücher über ankommende Schriftstücke in der Kanzlei des Magistrats der Städte Krems und Stein;In den Büchern wurden mit Tagesdatum und laufender Zahl bei der Magistratskanzlei einlaufende Schriftstücke protokolliert und in Kürze regestiert.;;Stadtschreiberamt Krems und Stein;Stadtschreiberamt Krems und Stein;;"Grundsätzlich uneingeschränkt möglich; aufgrund konservatorischer und gesundheitlicher Bedenken (Mikroorganismen, Schmutz) in Einzelfällen nur mit entsprechender Genehmigung zu benützen. ";Digitale Reproduktion möglich. Die eigene Herstellung von Reproduktionen ist kostenlos, für Auftragsdigitalisierungen gelten die Kosten in § 18 der Benutzerordnung (KS-PRAES-1/18/1-2020). Nichtkommerzielle Weiterverwendung unter CC-BY-NC-ND-4.0-Lizenz.;;;;;Akten;Papier;"de ; Handschrift (Kurrent)";;
Praktikantenverzeichnis;1.1.2.2.8.;StAKr, 1.1.2.2.8. (Krems und Stein, Praktikantenverzeichnis);1 Band = 0,1 lfm.;0,1;1826;1856;1826 - 1856;Verwaltung;Kommunale Verwaltung;nein;;Verzeichnis über Personal der Kanzlei des Magistrats der Städte Krems und Stein;In diesem Verzeichnis sind alle Konzepts- und Kanzleipraktikanten in der gemeinsamen Magistratskanzlei von Krems und Stein mit ihrem Eintritts- und Austrittsdatum vermerkt.;;Stadtschreiberamt Krems und Stein;Stadtschreiberamt Krems und Stein;;Uneingeschränkt benützbar;Digitale Reproduktion möglich. Die eigene Herstellung von Reproduktionen ist kostenlos, für Auftragsdigitalisierungen gelten die Kosten in § 18 der Benutzerordnung (KS-PRAES-1/18/1-2020). Nichtkommerzielle Weiterverwendung unter CC-BY-NC-ND-4.0-Lizenz.;;;;;Akten;Papier;"de ; Handschrift (Kurrent)";;
Spitalmeisteramtsrechnungen;1.1.2.3.1.;StAKr, 1.1.2.3.1. (Krems und Stein, Spitalmeisterrechnungen);185 Bände = 12 Kartons + 114 Bände = 4,1 lfm.;4,1;1460;1785;1460 - 1785;Vermögen und Finanzen;Öffentliches Vermögen;nein;;Jahresrechnungen des Spitalmeisters beider Städte Krems und Stein;Die Rechnungen umfassen die einzelnen Posten aller Einnahmen und Ausgaben, die das Bürgerspital zur Finanzierung seiner Aufgaben verzeichnete. Die Rechnungen folgen im Wesentlichen jenem Aufbau, wie er etwa in den Kammeramtsrechnungen Anwendung findet. In verschiedenen Kategorien, worunter die Lebensmittelversorgung besonders hervorzuheben ist, werden die einzelnen Posten aufgelistet.;"Die einzelne Rechnung aus dem Jahr 1460/61 hat gemeinsam mit anderen gleichformatigen Rechnungen aus einem ähnlichen Zeitraum (Richteramtsrechnungen, Baumeisterrechnungen) vermutlich eher zufällig überlebt. Im Rahmen der Neuordnungsarbeiten wurde sie im Jahr 2021 aus der Sammelmappe ""Amtsbücher 15. Jahrhundert"", wo sie eben mit den anderen gleichformatigen Heften aufbewahrt wurde, zum zugehörigen Bestand überführt.";Spitalmeisteramt der Städte Krems und Stein;Spitalmeisteramt der Städte Krems und Stein;;"Grundsätzlich uneingeschränkt möglich; aufgrund konservatorischer und gesundheitlicher Bedenken (Mikroorganismen, Schmutz) in Einzelfällen nur mit entsprechender Genehmigung zu benützen. ";Digitale Reproduktion möglich. Die eigene Herstellung von Reproduktionen ist kostenlos, für Auftragsdigitalisierungen gelten die Kosten in § 18 der Benutzerordnung (KS-PRAES-1/18/1-2020). Nichtkommerzielle Weiterverwendung unter CC-BY-NC-ND-4.0-Lizenz.;;StAKr, 1.1.4.1.3.1. (Krems und Stein, Bürgerspitalskassa, Hauptbücher);StAKr, 1.1.2.3.2. (Krems und Stein, Spitalmeisteramts-Abrechnungsrapular);;Akten;Papier;"de ; Handschrift (gotische Kursive; Kurrent)";"Gerhard Jaritz, Die ""armen Leute"" im Spital. Zur Aussage der Kremser Spitalmeisterrechnungen aus den Jahren 1459 bis 1461, in: Mitteilungen des Kremser Stadtarchivs 21-22 (1981-1982) 21-64, online: https://www.mitteilungen.at/wp-content/uploads/2023/04/MiKrStA_21-22_021-064_Jaritz_Arme-Leute.pdf.

Jacqueline Schindler, Die Anfänge kommunaler Schriftkultur österreichischer Städte am Beispiel von Krems an der Donau (DA Wien 2022).";
Abrechnungsrapulatur;1.1.2.3.2.;StAKr, 1.1.2.3.2. (Krems und Stein, Spitalmeisteramts-Abrechnungsrapular);1 Band = 0,1 lfm.;0,1;1729;1753;1729 - 1753;Vermögen und Finanzen;Öffentliches Vermögen;nein;;Rechnungsrapular über die Spitalmeisteramtsrechnung;;;Spitalmeisteramt der Städte Krems und Stein;Spitalmeisteramt der Städte Krems und Stein;;Uneingeschränkt benützbar;Digitale Reproduktion möglich. Die eigene Herstellung von Reproduktionen ist kostenlos, für Auftragsdigitalisierungen gelten die Kosten in § 18 der Benutzerordnung (KS-PRAES-1/18/1-2020). Nichtkommerzielle Weiterverwendung unter CC-BY-NC-ND-4.0-Lizenz.;;;StAKr, 1.1.2.3.1. (Krems und Stein, Spitalmeisteramtsrechnungen);;Akten;Papier;"de ; Handschrift (Kurrent)";;
Steuerbücher Krems;1.1.2.4.1.1.;StAKr, 1.1.2.4.1.1. (Krems und Stein, Taxamt, Steuerbücher Krems);2 Bände = 0,2 lfm.;0,2;1829;1834;1829 - 1834;Vermögen und Finanzen;Öffentliches Vermögen;nein;;Steuerbücher für Krems des Taxamts des Magistrats der Städte Krems und Stein;;;Taxamt des Magistrats der Städte Krems und Stein;Taxamt des Magistrats der Städte Krems und Stein;;Uneingeschränkt benützbar;Digitale Reproduktion möglich. Die eigene Herstellung von Reproduktionen ist kostenlos, für Auftragsdigitalisierungen gelten die Kosten in § 18 der Benutzerordnung (KS-PRAES-1/18/1-2020). Nichtkommerzielle Weiterverwendung unter CC-BY-NC-ND-4.0-Lizenz.;;;;;Akten;Papier;"de ; Handschrift (Kurrent)";;
Steuerbücher Stein;1.1.2.4.1.2.;StAKr, 1.1.2.4.1.2. (Krems und Stein, Taxamt, Steuerbuch Stein);1 Band = 0,1 lfm.;0,1;1829;1834;1829 - 1834;Vermögen und Finanzen;Öffentliches Vermögen;nein;;Steuerbuch für Stein des Taxamts des Magistrats der Städte Krems und Stein;;;Taxamt des Magistrats der Städte Krems und Stein;Taxamt des Magistrats der Städte Krems und Stein;;Uneingeschränkt benützbar;Digitale Reproduktion möglich. Die eigene Herstellung von Reproduktionen ist kostenlos, für Auftragsdigitalisierungen gelten die Kosten in § 18 der Benutzerordnung (KS-PRAES-1/18/1-2020). Nichtkommerzielle Weiterverwendung unter CC-BY-NC-ND-4.0-Lizenz.;;;;;Akten;Papier;"de ; Handschrift (Kurrent)";;
Taxregister;1.1.2.4.10.;StAKr, 1.1.2.4.10. (Krems und Stein, Taxamt, Taxregister);4 Bände = 0,2 lfm.;0,2;1825;1832;1825 - 1832;Verwaltung;Kommunale Verwaltung;nein;;;;;Taxamt des Magistrats der Städte Krems und Stein;Taxamt des Magistrats der Städte Krems und Stein;;;Digitale Reproduktion möglich. Die eigene Herstellung von Reproduktionen ist kostenlos, für Auftragsdigitalisierungen gelten die Kosten in § 18 der Benutzerordnung (KS-PRAES-1/18/1-2020). Nichtkommerzielle Weiterverwendung unter CC-BY-NC-ND-4.0-Lizenz.;;;;;Akten;Papier;"de ; Kurrent";;
Diverse Taxbücher;1.1.2.4.11.;StAKr, 1.1.2.4.11. (Krems und Stein, Taxamt, Taxbücher);3 Bände = 1 Karton = 0,1 lfm.;0,1;1822;1851;1822 - 1851;Verwaltung;Kommunale Verwaltung;nein;;;;;Taxamt des Magistrats der Städte Krems und Stein;Taxamt des Magistrats der Städte Krems und Stein;;;Digitale Reproduktion möglich. Die eigene Herstellung von Reproduktionen ist kostenlos, für Auftragsdigitalisierungen gelten die Kosten in § 18 der Benutzerordnung (KS-PRAES-1/18/1-2020). Nichtkommerzielle Weiterverwendung unter CC-BY-NC-ND-4.0-Lizenz.;;;;;Akten;Papier;"de ; Kurrent";;
Grundsteuerhauptbuch Krems;1.1.2.4.2.1.;StAKr, 1.1.2.4.2.1. (Krems und Stein, Taxamt, Grundsteuerhauptbücher Krems);3 Bände = 0,2 lfm.;0,2;1835;1840;1835 - 1840;Vermögen und Finanzen;Öffentliches Vermögen;nein;;Grundsteuerhauptbücher für Krems des Taxamts des Magistrats der Städte Krems und Stein;;;Taxamt des Magistrats der Städte Krems und Stein;Taxamt des Magistrats der Städte Krems und Stein;;Uneingeschränkt benützbar;Digitale Reproduktion möglich. Die eigene Herstellung von Reproduktionen ist kostenlos, für Auftragsdigitalisierungen gelten die Kosten in § 18 der Benutzerordnung (KS-PRAES-1/18/1-2020). Nichtkommerzielle Weiterverwendung unter CC-BY-NC-ND-4.0-Lizenz.;;;;;Akten;Papier;"de ; Handschrift (Kurrent)";;
Grundsteuerhauptbuch Stein;1.1.2.4.2.2.;StAKr, 1.1.2.4.2.2. (Krems und Stein, Taxamt, Grundsteuerhauptbücher Stein);1 Band = 0,1 lfm.;0,1;1835;1840;1835 - 1840;Vermögen und Finanzen;Öffentliches Vermögen;nein;;Grundsteuerhauptbücher für Stein des Taxamts des Magistrats der Städte Krems und Stein;;;Taxamt des Magistrats der Städte Krems und Stein;Taxamt des Magistrats der Städte Krems und Stein;;Uneingeschränkt möglich;Digitale Reproduktion möglich. Die eigene Herstellung von Reproduktionen ist kostenlos, für Auftragsdigitalisierungen gelten die Kosten in § 18 der Benutzerordnung (KS-PRAES-1/18/1-2020). Nichtkommerzielle Weiterverwendung unter CC-BY-NC-ND-4.0-Lizenz.;;;;;Akten;Papier;"de ; Handschrift (Kurrent)";;
Erwerbssteuerbücher;1.1.2.4.3.;StAKr, 1.1.2.4.3. (Krems und Stein, Taxamt, Erwerbssteuerbücher);3 Bände = 0,1 lfm.;0,1;1819;1842;1819 - 1842;Vermögen und Finanzen;Öffentliches Vermögen;nein;;Erwerbssteuerbücher des Taxamts des Magistrats der Städte Krems und Stein;;;Taxamt des Magistrats der Städte Krems und Stein;Taxamt des Magistrats der Städte Krems und Stein;;;Digitale Reproduktion möglich. Die eigene Herstellung von Reproduktionen ist kostenlos, für Auftragsdigitalisierungen gelten die Kosten in § 18 der Benutzerordnung (KS-PRAES-1/18/1-2020). Nichtkommerzielle Weiterverwendung unter CC-BY-NC-ND-4.0-Lizenz.;;;;;Akten;Papier;"de ; Handschrift (Kurrent)";;
Gebäudeklassensteuerhauptbuch Krems;1.1.2.4.4.1.;StAKr, 1.1.2.4.4.1. (Krems und Stein, Taxamt, Gebäudeklassensteuerhauptbuch Krems);1 Band = 0,1 lfm.;0,1;1835;1840;1835 - 1840;Vermögen und Finanzen;Öffentliches Vermögen;nein;;Gebäudeklassensteuerhauptbücher für Krems des Taxamts des Magistrats der Städte Krems und Stein;;;Taxamt des Magistrats der Städte Krems und Stein;Taxamt des Magistrats der Städte Krems und Stein;;Uneingeschränkt benützbar;Digitale Reproduktion möglich. Die eigene Herstellung von Reproduktionen ist kostenlos, für Auftragsdigitalisierungen gelten die Kosten in § 18 der Benutzerordnung (KS-PRAES-1/18/1-2020). Nichtkommerzielle Weiterverwendung unter CC-BY-NC-ND-4.0-Lizenz.;;;;;Akten;Papier;"de ; Handschrift (Kurrent)";;
Gebäudeklassensteuerhauptbuch Stein;1.1.2.4.4.2.;StAKr, 1.1.2.4.4.2. (Krems und Stein, Taxamt, Gebäudeklassensteuerhauptbuch Stein);1 Band = 0,1 lfm.;0,1;1835;1840;1835 - 1840;Vermögen und Finanzen;Öffentliches Vermögen;nein;;Gebäudeklassensteuerhauptbücher für Stein des Taxamts des Magistrats der Städte Krems und Stein;;;Taxamt des Magistrats der Städte Krems und Stein;Taxamt des Magistrats der Städte Krems und Stein;;Uneingeschränkt benützbar;Digitale Reproduktion möglich. Die eigene Herstellung von Reproduktionen ist kostenlos, für Auftragsdigitalisierungen gelten die Kosten in § 18 der Benutzerordnung (KS-PRAES-1/18/1-2020). Nichtkommerzielle Weiterverwendung unter CC-BY-NC-ND-4.0-Lizenz.;;;;;Akten;Papier;"de ; Handschrift (Kurrent)";;
Inleute-Steuerbücher Krems;1.1.2.4.5.1.;StAKr, 1.1.2.4.5.1. (Krems und Stein, Taxamt, Inleutesteuerbücher Krems);3 Bände = 0,2 lfm.;0,2;1831;1854;1831 - 1854;Vermögen und Finanzen;Öffentliches Vermögen;nein;;Inleutesteuerbücher für Krems des Taxamts des Magistrats der Städte Krems und Stein;;;Taxamt des Magistrats der Städte Krems und Stein;Taxamt des Magistrats der Städte Krems und Stein;;Uneingeschränkt benützbar;Digitale Reproduktion möglich. Die eigene Herstellung von Reproduktionen ist kostenlos, für Auftragsdigitalisierungen gelten die Kosten in § 18 der Benutzerordnung (KS-PRAES-1/18/1-2020). Nichtkommerzielle Weiterverwendung unter CC-BY-NC-ND-4.0-Lizenz.;;;;;Akten;Papier;"de ; Handschrift (Kurrent)";;
Inleute-Steuerbücher Stein;1.1.2.4.5.2.;StAKr, 1.1.2.4.5.2. (Krems und Stein, Taxamt, Inleutesteuerbuch Stein);1 Band = 0,1 lfm.;0,1;1843;1851;1843 - 1851;Vermögen und Finanzen;Öffentliches Vermögen;nein;;Inleutesteuerbuch für Stein des Taxamts des Magistrats der Städte Krems und Stein;;;Taxamt des Magistrats der Städte Krems und Stein;Taxamt des Magistrats der Städte Krems und Stein;;Uneingeschränkt benützbar;Digitale Reproduktion möglich. Die eigene Herstellung von Reproduktionen ist kostenlos, für Auftragsdigitalisierungen gelten die Kosten in § 18 der Benutzerordnung (KS-PRAES-1/18/1-2020). Nichtkommerzielle Weiterverwendung unter CC-BY-NC-ND-4.0-Lizenz.;;;;;Akten;Papier;"de ; Handschrift (Kurrent)";;
Grund- und Häusersteuerbücher Stein;1.1.2.4.6.;StAKr, 1.1.2.4.6. (Krems und Stein, Taxamt, Grund- und Häusersteuerbücher Stein);6 Bände = 0,2 lfm.;0,2;1821;1828;1821 - 1828;Vermögen und Finanzen;Öffentliches Vermögen;nein;;Grund- und Häusersteuerbücher für Stein des Taxamts des Magistrats der Städte Krems und Stein;;;Taxamt des Magistrats der Städte Krems und Stein;Taxamt des Magistrats der Städte Krems und Stein;;Uneingeschränkt benützbar;Digitale Reproduktion möglich. Die eigene Herstellung von Reproduktionen ist kostenlos, für Auftragsdigitalisierungen gelten die Kosten in § 18 der Benutzerordnung (KS-PRAES-1/18/1-2020). Nichtkommerzielle Weiterverwendung unter CC-BY-NC-ND-4.0-Lizenz.;;;;;Akten;Papier;"de ; Handschrift (Kurrent)";;
Gerichts- und Justiztaxen;1.1.2.4.7.1.;StAKr, 1.1.2.4.7.1. (Krems und Stein, Taxamt, Gerichts- und Justiztaxen);27 Bände = 23 Bände + 2 Kartons = 0,2 lfm.;0,2;1814;1849;1814 - 1849;Rechtswesen;Rechtsprechung;nein;;Gerichts- und Justiztaxprotokolle des Taxamts des Magistrats der Städte Krems und Stein;;;Taxamt des Magistrats der Städte Krems und Stein;Taxamt des Magistrats der Städte Krems und Stein;;Uneingeschränkt benützbar;Digitale Reproduktion möglich. Die eigene Herstellung von Reproduktionen ist kostenlos, für Auftragsdigitalisierungen gelten die Kosten in § 18 der Benutzerordnung (KS-PRAES-1/18/1-2020). Nichtkommerzielle Weiterverwendung unter CC-BY-NC-ND-4.0-Lizenz.;;;;;Akten;Papier;"de ; Handschrift (Kurrent)";;
Politische Taxen Krems;1.1.2.4.7.2.1.;StAKr, 1.1.2.4.7.2.1. (Krems und Stein, Taxamt, Politische Taxen Krems);17 Bände = 3 Kartons = 0,3 lfm.;0,3;1832;1847;1832 - 1847;Politik;Grundlagen politischen Handelns;nein;;Politische Taxprotokolle für Krems des Taxamts des Magistrats der Städte Krems und Stein;;;Taxamt des Magistrats der Städte Krems und Stein;Taxamt des Magistrats der Städte Krems und Stein;;Uneingeschränkt benützbar;Digitale Reproduktion möglich. Die eigene Herstellung von Reproduktionen ist kostenlos, für Auftragsdigitalisierungen gelten die Kosten in § 18 der Benutzerordnung (KS-PRAES-1/18/1-2020). Nichtkommerzielle Weiterverwendung unter CC-BY-NC-ND-4.0-Lizenz.;;;;;Akten;Papier;"de ; Handschrift (Kurrent)";;
Politische Taxen Stein;1.1.2.4.7.2.2.;StAKr, 1.1.2.4.7.2.2. (Krems und Stein, Taxamt, Politische Taxen Stein);9 Bände = 1 Karton = 0,1 lfm.;0,1;1831;1843;1831 - 1843;Politik;Grundlagen politischen Handelns;nein;;Politische Taxprotokolle für Stein des Taxamts des Magistrats der Städte Krems und Stein;;;Taxamt des Magistrats der Städte Krems und Stein;Taxamt des Magistrats der Städte Krems und Stein;;Uneingeschränkt benützbar;Digitale Reproduktion möglich. Die eigene Herstellung von Reproduktionen ist kostenlos, für Auftragsdigitalisierungen gelten die Kosten in § 18 der Benutzerordnung (KS-PRAES-1/18/1-2020). Nichtkommerzielle Weiterverwendung unter CC-BY-NC-ND-4.0-Lizenz.;;;;;Akten;Papier;"de ; Handschrift (Kurrent)";;
Grundbuchstaxen Krems;1.1.2.4.7.3.1.;StAKr, 1.1.2.4.7.3.1. (Krems und Stein, Taxamt, Grundbuchstaxen Krems);13 Bände = 2 Kartons = 0,2 lfm.;0,2;1831;1849;1831 - 1849;Vermögen und Finanzen;Öffentliches Vermögen;nein;;Grundbuchstaxprotokolle für Krems des Taxamts des Magistrats der Städte Krems und Stein;;;Taxamt des Magistrats der Städte Krems und Stein;Taxamt des Magistrats der Städte Krems und Stein;;Uneingeschränkt benützbar;Digitale Reproduktion möglich. Die eigene Herstellung von Reproduktionen ist kostenlos, für Auftragsdigitalisierungen gelten die Kosten in § 18 der Benutzerordnung (KS-PRAES-1/18/1-2020). Nichtkommerzielle Weiterverwendung unter CC-BY-NC-ND-4.0-Lizenz.;;;;;Akten;Papier;"de ; Handschrift (Kurrent)";;
Grundbuchstaxen Stein;1.1.2.4.7.3.2.;StAKr, 1.1.2.4.7.3.2. (Krems und Stein, Taxamt, Grundbuchstaxen Stein);13 Bände = 1 Karton = 0,1 lfm.;0,1;1831;1843;1831 - 1843;Vermögen und Finanzen;Öffentliches Vermögen;nein;;Grundbuchstaxprotokolle für Krems des Taxamts des Magistrats der Städte Krems und Stein;;;Taxamt des Magistrats der Städte Krems und Stein;Taxamt des Magistrats der Städte Krems und Stein;;Uneingeschränkt benützbar;Digitale Reproduktion möglich. Die eigene Herstellung von Reproduktionen ist kostenlos, für Auftragsdigitalisierungen gelten die Kosten in § 18 der Benutzerordnung (KS-PRAES-1/18/1-2020). Nichtkommerzielle Weiterverwendung unter CC-BY-NC-ND-4.0-Lizenz.;;;;;Akten;Papier;"de ; Handschrift (Kurrent)";;
Adeliges-Richteramt-Taxen Krems;1.1.2.4.7.4.1.;StAKr, 1.1.2.4.7.4.1. (Krems und Stein, Taxamt, Adeliges-Richteramt-Taxen Krems);24 Bände = 5 Kartons = 0,5 lfm.;0,5;1817;1846;1817 - 1846;Verwaltung;Kommunale Verwaltung;nein;;Adeliges-Richteramts-Taxprotokolle für Krems des Taxamts des Magistrats der Städte Krems und Stein;;;Taxamt des Magistrats der Städte Krems und Stein;Taxamt des Magistrats der Städte Krems und Stein;;Uneingeschränkt benützbar;Digitale Reproduktion möglich. Die eigene Herstellung von Reproduktionen ist kostenlos, für Auftragsdigitalisierungen gelten die Kosten in § 18 der Benutzerordnung (KS-PRAES-1/18/1-2020). Nichtkommerzielle Weiterverwendung unter CC-BY-NC-ND-4.0-Lizenz.;;;;;Akten;Papier;"de ; Handschrift (Kurrent)";;
Adeliges-Richteramt-Taxen Stein;1.1.2.4.7.4.2.;StAKr, 1.1.2.4.7.4.2. (Krems und Stein, Taxamt, Adeliges-Richteramt-Taxen Stein);20 Bände = 2 Kartons = 0,2 lfm.;0,2;1814;1847;1814 - 1847;Verwaltung;Kommunale Verwaltung;nein;;Adeliges-Richteramts-Taxprotokolle für Stein des Taxamts des Magistrats der Städte Krems und Stein;;;Taxamt des Magistrats der Städte Krems und Stein;Taxamt des Magistrats der Städte Krems und Stein;;Uneingeschränkt benützbar;Digitale Reproduktion möglich. Die eigene Herstellung von Reproduktionen ist kostenlos, für Auftragsdigitalisierungen gelten die Kosten in § 18 der Benutzerordnung (KS-PRAES-1/18/1-2020). Nichtkommerzielle Weiterverwendung unter CC-BY-NC-ND-4.0-Lizenz.;;;;;Akten;Papier;"de ; Handschrift (Kurrent)";;
Bürgertaxen Krems und Stein;1.1.2.4.7.5.;StAKr, 1.1.2.4.7.5. (Krems und Stein, Taxamt, Bürgertaxen);10 Bände = 1 Karton = 0,1 lfm.;0,1;1814;1823;1814 - 1823;Verwaltung;Kommunale Verwaltung;nein;;Bürgertaxprotokolle des Taxamts des Magistrats der Städte Krems und Stein;;;Taxamt des Magistrats der Städte Krems und Stein;Taxamt des Magistrats der Städte Krems und Stein;;Uneingeschränkt benützbar;Digitale Reproduktion möglich. Die eigene Herstellung von Reproduktionen ist kostenlos, für Auftragsdigitalisierungen gelten die Kosten in § 18 der Benutzerordnung (KS-PRAES-1/18/1-2020). Nichtkommerzielle Weiterverwendung unter CC-BY-NC-ND-4.0-Lizenz.;;;;;Akten;Papier;"de ; Handschrift (Kurrent)";;
Einzahlungstabellen;1.1.2.4.8.;StAKr, 1.1.2.4.8. (Krems und Stein, Taxamt, Einzahlungstabellen);3 Bände = 0,4 lfm.;0,4;1821;1828;1821 - 1828;Verwaltung;Kommunale Verwaltung;nein;;;;;Taxamt des Magistrats der Städte Krems und Stein;Taxamt des Magistrats der Städte Krems und Stein;;;Digitale Reproduktion möglich. Die eigene Herstellung von Reproduktionen ist kostenlos, für Auftragsdigitalisierungen gelten die Kosten in § 18 der Benutzerordnung (KS-PRAES-1/18/1-2020). Nichtkommerzielle Weiterverwendung unter CC-BY-NC-ND-4.0-Lizenz.;;;;;Akten;Papier;"de ; Kurrent";;
Taxjournale;1.1.2.4.9;StAKr, 1.1.2.4.9. (Krems und Stein, Taxamt, Taxjournale);4 Bände = 0,2 lfm.;0,2;1814;1816;1814 - 1816;Verwaltung;Kommunale Verwaltung;nein;;;;;Taxamt des Magistrats der Städte Krems und Stein;Taxamt des Magistrats der Städte Krems und Stein;;;Digitale Reproduktion möglich. Die eigene Herstellung von Reproduktionen ist kostenlos, für Auftragsdigitalisierungen gelten die Kosten in § 18 der Benutzerordnung (KS-PRAES-1/18/1-2020). Nichtkommerzielle Weiterverwendung unter CC-BY-NC-ND-4.0-Lizenz.;;;;;Akten;Papier;"de ; Kurrent";;
Exhibiten;1.1.2.5.1.;StAKr, 1.1.2.5.1. (Krems und Stein, Rechnungskanzlei, Exhibiten);9 Faszikel = 6 Kartons = 0,6 lfm.;0,6;1832;1847;1832 - 1847;Verwaltung;Kommunale Verwaltung;nein;;Exhibitakten der Rechnungskanzlei des Magistrats der Städte Krems und Stein;;;Rechnungskanzlei des Magistrats der Städte Krems und Stein;Rechnungskanzlei des Magistrats der Städte Krems und Stein;;Uneingeschränkt benützbar;Digitale Reproduktion möglich. Die eigene Herstellung von Reproduktionen ist kostenlos, für Auftragsdigitalisierungen gelten die Kosten in § 18 der Benutzerordnung (KS-PRAES-1/18/1-2020). Nichtkommerzielle Weiterverwendung unter CC-BY-NC-ND-4.0-Lizenz.;;;"StAKr, 1.1.2.5.2. (Krems und Stein, Rechnungskanzlei, Exhibitenprotokolle)
StAKr, 1.1.2.5.3. (Krems und Stein, Rechnungskanzlei, Alphabetisches Register)";;Akten;Papier;"de ; Handschrift (Kurrent)";;
Exhibitenprotokolle;1.1.2.5.2.;StAKr, 1.1.2.5.2. (Krems und Stein, Rechnungskanzlei, Exhibitenprotokolle);9 Bände = 0,1 lfm.;0,1;1832;1847;1832 - 1847;Verwaltung;Kommunale Verwaltung;nein;;Exhibitenprotokolle der Rechnungskanzlei des Magistrats der Städte Krems und Stein;;;Rechnungskanzlei des Magistrats der Städte Krems und Stein;Rechnungskanzlei des Magistrats der Städte Krems und Stein;;Uneingeschränkt benützbar;Digitale Reproduktion möglich. Die eigene Herstellung von Reproduktionen ist kostenlos, für Auftragsdigitalisierungen gelten die Kosten in § 18 der Benutzerordnung (KS-PRAES-1/18/1-2020). Nichtkommerzielle Weiterverwendung unter CC-BY-NC-ND-4.0-Lizenz.;;;"StAKr, 1.1.2.5.1. (Krems und Stein, Rechnungskanzlei, Exhibiten)
StAKr, 1.1.2.5.3. (Krems und Stein, Rechnungskanzlei, Alphabetisches Register)";;Akten;Papier;"de ; Handschrift (Kurrent)";;
Alphabetisches Repertorium;1.1.2.5.3.;StAKr, 1.1.2.5.3. (Krems und Stein, Rechnungskanzlei, Alphabetisches Repertorium);1 Band = 0,1 lfm.;0,1;1833;1855;1833 - 1855;Verwaltung;Kommunale Verwaltung;nein;;Alphabetisches Repertorium der Rechnungskanzlei des Magistrats der Städte Krems und Stein;;;Rechnungskanzlei des Magistrats der Städte Krems und Stein;Rechnungskanzlei des Magistrats der Städte Krems und Stein;;Uneingeschränkt benützbar;Digitale Reproduktion möglich. Die eigene Herstellung von Reproduktionen ist kostenlos, für Auftragsdigitalisierungen gelten die Kosten in § 18 der Benutzerordnung (KS-PRAES-1/18/1-2020). Nichtkommerzielle Weiterverwendung unter CC-BY-NC-ND-4.0-Lizenz.;;;"StAKr, 1.1.2.5.1. (Krems und Stein, Rechnungskanzlei, Exhibiten)
StAKr, 1.1.2.5.2. (Krems und Stein, Rechnungskanzlei, Alphabetisches Repertorium)";;Akten;Papier;"de ; Handschrift (Kurrent)";;
Häuserkonskription;1.1.2.6.1.1.;StAKr, 1.1.2.6.1.1. (Krems und Stein, Konskriptionsamt, Häuserkonskription);3 Bände = 0,2 lfm.;0,2;1745;1899;1745 - 1899;Bevölkerung und Bevölkerungsgruppen;Bevölkerungsbewegungen;nein;;Häuserkonskription des Konskriptionsamts des Magistrats der Städte Krems und Stein;;;Konskriptionsamt des Magistrats der Städte Krems und Stein;Konskriptionsamt des Magistrats der Städte Krems und Stein;;Uneingeschränkt möglich;Digitale Reproduktion möglich. Die eigene Herstellung von Reproduktionen ist kostenlos, für Auftragsdigitalisierungen gelten die Kosten in § 18 der Benutzerordnung (KS-PRAES-1/18/1-2020). Nichtkommerzielle Weiterverwendung unter CC-BY-NC-ND-4.0-Lizenz.;;;;;Akten;Papier;"de ; Handschrift (Kurrent)";;
Fremdenprotokolle;1.1.2.6.1.2.;StAKr, 1.1.2.6.1.2. (Krems und Stein, Konskriptionsamt, Fremdenprotokolle);10 Bände = 0,2 lfm.;0,2;1773;1850;1773 - 1850;Bevölkerung und Bevölkerungsgruppen;Bevölkerungsbewegungen;nein;;Fremdenprotokolle des Konskriptionsamts des Magistrats der Städte Krems und Stein;;;Konskriptionsamt des Magistrats der Städte Krems und Stein;Konskriptionsamt des Magistrats der Städte Krems und Stein;;Uneingeschränkt möglich;Digitale Reproduktion möglich. Die eigene Herstellung von Reproduktionen ist kostenlos, für Auftragsdigitalisierungen gelten die Kosten in § 18 der Benutzerordnung (KS-PRAES-1/18/1-2020). Nichtkommerzielle Weiterverwendung unter CC-BY-NC-ND-4.0-Lizenz.;;;;;Akten;Papier;"de ; Handschrift (Kurrent)";;
Passprotokolle;1.1.2.6.1.3.1.;StAKr, 1.1.2.6.1.3.1. (Krems und Stein, Konskriptionsamt, Passprotokolle);3 Bände = 0,1 lfm.;0,1;;;;Bevölkerung und Bevölkerungsgruppen;Bevölkerungsbewegungen;ja;Zeitraum (von/bis) nicht überliefert bzw. nicht erfasst.;Passprotokolle des Konskriptionsamts des Magistrats der Städte Krems und Stein;;;Konskriptionsamt des Magistrats der Städte Krems und Stein;Konskriptionsamt des Magistrats der Städte Krems und Stein;;Uneingeschränkt möglich;Digitale Reproduktion möglich. Die eigene Herstellung von Reproduktionen ist kostenlos, für Auftragsdigitalisierungen gelten die Kosten in § 18 der Benutzerordnung (KS-PRAES-1/18/1-2020). Nichtkommerzielle Weiterverwendung unter CC-BY-NC-ND-4.0-Lizenz.;;;;;Akten;Papier;"de ; Handschrift (Kurrent)";;
Einzelne Pässe und Passierscheine;1.1.2.6.1.3.2.;StAKr, 1.1.2.6.1.3.2. (Krems und Stein, Konskriptionsamt, Einzelne Pässe und Passierscheine);1 Faszikel = 0,1 lfm.;0,1;;;;Bevölkerung und Bevölkerungsgruppen;Bevölkerungsbewegungen;ja;Zeitraum (von/bis) nicht überliefert bzw. nicht erfasst.;Einzelne Pässe und Passierscheine des Konskriptionsamts des Magistrats der Städte Krems und Stein;;;Konskriptionsamt des Magistrats der Städte Krems und Stein;Konskriptionsamt des Magistrats der Städte Krems und Stein;;Uneingeschränkt möglich;Digitale Reproduktion möglich. Die eigene Herstellung von Reproduktionen ist kostenlos, für Auftragsdigitalisierungen gelten die Kosten in § 18 der Benutzerordnung (KS-PRAES-1/18/1-2020). Nichtkommerzielle Weiterverwendung unter CC-BY-NC-ND-4.0-Lizenz.;;;;;Akten;Papier;"de ; Handschrift (Kurrent)";;
Volkszählung 1824;1.1.2.6.1.4.;StAKr, 1.1.2.6.1.4. (Krems und Stein, Konskriptionsamt, Volkszählung 1824);1 Band = 0,1 lfm.;0,1;1824;1824;1824 - 1824;Bevölkerung und Bevölkerungsgruppen;Bevölkerungsbewegungen;nein;;Volkszählungsakten 1824 des Konskriptionsamts des Magistrats der Städte Krems und Stein;;;Konskriptionsamt des Magistrats der Städte Krems und Stein;Konskriptionsamt des Magistrats der Städte Krems und Stein;;Uneingeschränkt möglich;Digitale Reproduktion möglich. Die eigene Herstellung von Reproduktionen ist kostenlos, für Auftragsdigitalisierungen gelten die Kosten in § 18 der Benutzerordnung (KS-PRAES-1/18/1-2020). Nichtkommerzielle Weiterverwendung unter CC-BY-NC-ND-4.0-Lizenz.;;;;;Akten;Papier;"de ; Handschrift (Kurrent)";;
Einzelne Bücher und Protokolle;1.1.2.6.1.5.;StAKr, 1.1.2.6.1.5. (Krems und Stein, Konskriptionsamt, Einzelne Bücher und Protokolle);3 Bände = 0,1 lfm.;0,1;1833;1851;1833 - 1851;Bevölkerung und Bevölkerungsgruppen;Bevölkerungsbewegungen;nein;;Einzelne Bücher und Protokolle des Konskriptionsamts des Magistrats der Städte Krems und Stein;;;Konskriptionsamt des Magistrats der Städte Krems und Stein;Konskriptionsamt des Magistrats der Städte Krems und Stein;;Uneingeschränkt möglich;Digitale Reproduktion möglich. Die eigene Herstellung von Reproduktionen ist kostenlos, für Auftragsdigitalisierungen gelten die Kosten in § 18 der Benutzerordnung (KS-PRAES-1/18/1-2020). Nichtkommerzielle Weiterverwendung unter CC-BY-NC-ND-4.0-Lizenz.;;;;;Akten;Papier;"de ; Handschrift (Kurrent)";;
Konskriptionsakten;1.1.2.6.1.6.;StAKr, 1.1.2.6.1.6. (Krems und Stein, Konskriptionsamt, Konskriptionsakten);1 Faszikel = 1 Karton = 0,1 lfm.;0,1;1834;1843;1834 - 1843;Bevölkerung und Bevölkerungsgruppen;Bevölkerungsbewegungen;nein;;Konskriptionsakten des Konskriptionsamts des Magistrats der Städte Krems und Stein;;;Konskriptionsamt des Magistrats der Städte Krems und Stein;Konskriptionsamt des Magistrats der Städte Krems und Stein;;Uneingeschränkt möglich;Digitale Reproduktion möglich. Die eigene Herstellung von Reproduktionen ist kostenlos, für Auftragsdigitalisierungen gelten die Kosten in § 18 der Benutzerordnung (KS-PRAES-1/18/1-2020). Nichtkommerzielle Weiterverwendung unter CC-BY-NC-ND-4.0-Lizenz.;;;;;Akten;Papier;"de ; Handschrift (Kurrent)";;
Stellungsakten, Widmungsrollen und Konskriptionslisten;1.1.2.6.2.1.;StAKr, 1.1.2.6.2.1. (Krems und Stein, Konskriptionsamt, Stellungsakten und Widmungsrollen);39 Faszikel = 4 Kartons = 0,6 lfm.;0,6;1814;1844;1814 - 1844;Bevölkerung und Bevölkerungsgruppen;Bevölkerungsbewegungen;nein;;Stellungsakten und Widmungsrollen des Konskriptionsamts des Magistrats der Städte Krems und Stein;;;Konskriptionsamt des Magistrats der Städte Krems und Stein;Konskriptionsamt des Magistrats der Städte Krems und Stein;;Uneingeschränkt möglich;Digitale Reproduktion möglich. Die eigene Herstellung von Reproduktionen ist kostenlos, für Auftragsdigitalisierungen gelten die Kosten in § 18 der Benutzerordnung (KS-PRAES-1/18/1-2020). Nichtkommerzielle Weiterverwendung unter CC-BY-NC-ND-4.0-Lizenz.;;;;;Akten;Papier;"de ; Handschrift (Kurrent)";;
Bücher und Protokolle;1.1.2.6.2.2.;StAKr, 1.1.2.6.2.2. (Krems und Stein, Konskriptionsamt, Bücher und Protokolle);6 Bände = 0,3 lfm.;0,3;1771;1853;1771 - 1853;Bevölkerung und Bevölkerungsgruppen;Bevölkerungsbewegungen;nein;;Bücher und Protokolle der militärischen Konskription des Konskriptionsamts des Magistrats der Städte Krems und Stein;;;Konskriptionsamt des Magistrats der Städte Krems und Stein;Konskriptionsamt des Magistrats der Städte Krems und Stein;;Uneingeschränkt möglich;Digitale Reproduktion möglich. Die eigene Herstellung von Reproduktionen ist kostenlos, für Auftragsdigitalisierungen gelten die Kosten in § 18 der Benutzerordnung (KS-PRAES-1/18/1-2020). Nichtkommerzielle Weiterverwendung unter CC-BY-NC-ND-4.0-Lizenz.;;;;;Akten;Papier;"de ; Handschrift (Kurrent)";;
Militärische Beurlaubung;1.1.2.6.2.3.;StAKr, 1.1.2.6.2.3. (Krems und Stein, Konskriptionsamt, Militärische Beurlaubung);1 Band + 1 Faszikel = 0,1 lfm.;0,1;1820;1832;1820 - 1832;Bevölkerung und Bevölkerungsgruppen;Bevölkerungsbewegungen;nein;;Unterlagen zur militärischen Beurlaubung des Konskriptionsamts des Magistrats der Städte Krems und Stein;;;Konskriptionsamt des Magistrats der Städte Krems und Stein;Konskriptionsamt des Magistrats der Städte Krems und Stein;;Uneingeschränkt möglich;Digitale Reproduktion möglich. Die eigene Herstellung von Reproduktionen ist kostenlos, für Auftragsdigitalisierungen gelten die Kosten in § 18 der Benutzerordnung (KS-PRAES-1/18/1-2020). Nichtkommerzielle Weiterverwendung unter CC-BY-NC-ND-4.0-Lizenz.;;;;;Akten;Papier;"de ; Handschrift (Kurrent)";;
Einzelakten;1.1.2.6.2.4.;StAKr, 1.1.2.6.2.4. (Krems und Stein, Konskriptionsamt, Einzelakten);1 Faszikel = 0,1 lfm.;0,1;1778;1878;1778 - 1878;Bevölkerung und Bevölkerungsgruppen;Bevölkerungsbewegungen;nein;;Einzelakten zur militärischen Konskription des Konskriptionsamts des Magistrats der Städte Krems und Stein;;;Konskriptionsamt des Magistrats der Städte Krems und Stein;Konskriptionsamt des Magistrats der Städte Krems und Stein;;Uneingeschränkt möglich;Digitale Reproduktion möglich. Die eigene Herstellung von Reproduktionen ist kostenlos, für Auftragsdigitalisierungen gelten die Kosten in § 18 der Benutzerordnung (KS-PRAES-1/18/1-2020). Nichtkommerzielle Weiterverwendung unter CC-BY-NC-ND-4.0-Lizenz.;;;;;Akten;Papier;"de ; Handschrift (Kurrent)";;
Verwaltung landesfürstlicher Ämter;1.1.2.7.;StAKr, 1.1.2.7. (Krems und Stein, Verwaltung landesfürstlicher Ämter);4 Bände = 1 Karton = 0,1 lfm.;0,1;1455;1480;1455 - 1480;Verwaltung;Kommunale Verwaltung;nein;;Schriftgut aus der Verwaltung der landesfürstlichen Ämter durch beide Städte Krems und Stein;;Bis zum Jahr 2021 waren die wenigen erhaltenen Rechnungsbücher des 15. Jahrhunderts (Rechnungsbücher der gepachteten landesfürstlichen Ämter, Spitalmeister-, Stadtrichter- und Baumeisterrechnung) in einem Faszikel zusammengefasst, ehe sie den entsprechenden Provenienzen zugeordnet wurden.;Magistrat der Städte Krems und Stein (bis 1849);Magistrat der Städte Krems und Stein (bis 1849);;Uneingeschränkt benützbar;Digitale Reproduktion möglich. Die eigene Herstellung von Reproduktionen ist kostenlos, für Auftragsdigitalisierungen gelten die Kosten in § 18 der Benutzerordnung (KS-PRAES-1/18/1-2020). Nichtkommerzielle Weiterverwendung unter CC-BY-NC-ND-4.0-Lizenz.;;;;;Akten;Papier;"de ; Handschrift (Kursive, Kanzlei)";Jacqueline Schindler, Die Anfänge kommunaler Schriftkultur österreichischer Städte am Beispiel von Krems an der Donau (DA Wien 2022).;
Aktenbestand;1.1.3.1.;StAKr, 1.1.3.1. (Krems und Stein, Registratur, Aktenbestand);30 Kartons + 153 Faszikel = ca. 18,3 lfm.;18,3;1788;1849;1788 - 1849;Verwaltung;Kommunale Verwaltung;nein;;Aktenbestand der Registratur des Magistrats der Städte Krems und Stein;;;Magistrat der Städte Krems und Stein (bis 1849);Magistrat der Städte Krems und Stein (bis 1849);;Aufgrund konservatorischer und gesundheitlicher Bedenken (Mikroorganismen, Schmutz) nur mit entsprechender Genehmigung zu benützen. ;Digitale Reproduktion möglich. Die eigene Herstellung von Reproduktionen ist kostenlos, für Auftragsdigitalisierungen gelten die Kosten in § 18 der Benutzerordnung (KS-PRAES-1/18/1-2020). Nichtkommerzielle Weiterverwendung unter CC-BY-NC-ND-4.0-Lizenz.;;;"StAKr, 1.1.3.2. (Krems und Stein, Registratur, Einreichprotokolle)
StAKr, 1.1.3.3. (Krems und Stein, Registratur, Indizes)";"in Arbeit; aus den ursprünglichen Faszikeln wurden bereits 30 Kartons gebildet; weitere 153 Faszikel sind noch unbearbeitet.";Akten;Papier;"de ; Handschrift (Kurrent)";;
Einreichprotokolle im politischen Fach;1.1.3.2.1.;StAKr, 1.1.3.2.1. (Krems und Stein, Registratur, Einreichprotokolle im politischen Fach);61 Bände = 4,2 lfm.;4,2;1789;1849;1789 - 1849;Verwaltung;Kommunale Verwaltung;nein;;Einreichprotokolle im politischen Fach der Registratur des Magistrats der Städte Krems und Stein;;;Magistrat der Städte Krems und Stein (bis 1849);Magistrat der Städte Krems und Stein (bis 1849);;"Grundsätzlich uneingeschränkt möglich; aufgrund konservatorischer und gesundheitlicher Bedenken (Mikroorganismen, Schmutz) in Einzelfällen nur mit entsprechender Genehmigung zu benützen. ";Digitale Reproduktion möglich. Die eigene Herstellung von Reproduktionen ist kostenlos, für Auftragsdigitalisierungen gelten die Kosten in § 18 der Benutzerordnung (KS-PRAES-1/18/1-2020). Nichtkommerzielle Weiterverwendung unter CC-BY-NC-ND-4.0-Lizenz.;;;;;Akten;Papier;"de ; Handschrift (Kurrent)";;
Einreichprotokolle im Justizfach;1.1.3.2.2.;StAKr, 1.1.3.2.2. (Krems und Stein, Registratur, Einreichprotokolle im Justizfach);30 Bände = 1,7 lfm.;1,7;1790;1845;1790 - 1845;Verwaltung;Kommunale Verwaltung;nein;;Einreichprotokolle im Justizfach der Registratur des Magistrats der Städte Krems und Stein;;;Magistrat der Städte Krems und Stein (bis 1849);Magistrat der Städte Krems und Stein (bis 1849);;"Grundsätzlich uneingeschränkt möglich; aufgrund konservatorischer und gesundheitlicher Bedenken (Mikroorganismen, Schmutz) in Einzelfällen nur mit entsprechender Genehmigung zu benützen. ";Digitale Reproduktion möglich. Die eigene Herstellung von Reproduktionen ist kostenlos, für Auftragsdigitalisierungen gelten die Kosten in § 18 der Benutzerordnung (KS-PRAES-1/18/1-2020). Nichtkommerzielle Weiterverwendung unter CC-BY-NC-ND-4.0-Lizenz.;;;;;Akten;Papier;"de ; Handschrift (Kurrent)";;
Einreichprotokolle im Kriminalfach;1.1.3.2.3.;StAKr, 1.1.3.2.3. (Krems und Stein, Registratur, Einreichprotokolle im Kriminalfach);4 Bände = 0,2 lfm.;0,2;1813;1848;1813 - 1848;Verwaltung;Kommunale Verwaltung;nein;;Einreichprotokolle im Kriminalfach der Registratur des Magistrats der Städte Krems und Stein;;;Magistrat der Städte Krems und Stein (bis 1849);Magistrat der Städte Krems und Stein (bis 1849);;"Grundsätzlich uneingeschränkt möglich; aufgrund konservatorischer und gesundheitlicher Bedenken (Mikroorganismen, Schmutz) in Einzelfällen nur mit entsprechender Genehmigung zu benützen. ";Digitale Reproduktion möglich. Die eigene Herstellung von Reproduktionen ist kostenlos, für Auftragsdigitalisierungen gelten die Kosten in § 18 der Benutzerordnung (KS-PRAES-1/18/1-2020). Nichtkommerzielle Weiterverwendung unter CC-BY-NC-ND-4.0-Lizenz.;;;;;Akten;Papier;"de ; Handschrift (Kurrent)";;
Einreichprotokoll für schwere Polizeiübertretungen;1.1.3.2.4.;StAKr, 1.1.3.2.4. (Krems und Stein, Registratur, Einreichprotokolle für schwere Polizeiübertretungen);4 Bände = 0,2 lfm.;0,2;1846;1849;1846 - 1849;Rechtswesen;Kriminalität;nein;;Einreichprotokolle für schwere Polizeiübertretungen der Registratur des Magistrats der Städte Krems und Stein;;;Magistrat der Städte Krems und Stein (bis 1849);Magistrat der Städte Krems und Stein (bis 1849);;"Grundsätzlich uneingeschränkt möglich; aufgrund konservatorischer und gesundheitlicher Bedenken (Mikroorganismen, Schmutz) in Einzelfällen nur mit entsprechender Genehmigung zu benützen. ";Digitale Reproduktion möglich. Die eigene Herstellung von Reproduktionen ist kostenlos, für Auftragsdigitalisierungen gelten die Kosten in § 18 der Benutzerordnung (KS-PRAES-1/18/1-2020). Nichtkommerzielle Weiterverwendung unter CC-BY-NC-ND-4.0-Lizenz.;;;;;Akten;Papier;"de ; Handschrift (Kurrent)";;
Indizes für das politische Fach;1.1.3.3.1.;StAKr, 1.1.3.3.1. (Krems und Stein, Registratur, Indizes für das politische Fach);10 Bände = 1,3 lfm.;1,3;1790;1850;1790 - 1850;Verwaltung;Kommunale Verwaltung;nein;;Indizes zu den Einreichprotokollen im politischen Fach der Registratur des Magistrats der Städte Krems und Stein;;;Magistrat der Städte Krems und Stein (bis 1849);Magistrat der Städte Krems und Stein (bis 1849);;"Grundsätzlich uneingeschränkt möglich; aufgrund konservatorischer und gesundheitlicher Bedenken (Mikroorganismen, Schmutz) in Einzelfällen nur mit entsprechender Genehmigung zu benützen. ";Digitale Reproduktion möglich. Die eigene Herstellung von Reproduktionen ist kostenlos, für Auftragsdigitalisierungen gelten die Kosten in § 18 der Benutzerordnung (KS-PRAES-1/18/1-2020). Nichtkommerzielle Weiterverwendung unter CC-BY-NC-ND-4.0-Lizenz.;;;;;Akten;Papier;"de ; Handschrift (Kurrent)";;
Indizes für das Justizfach;1.1.3.3.2.;StAKr, 1.1.3.3.2. (Krems und Stein, Registratur, Indizes für das Justizfach);2 Bände = 0,3 lfm.;0,3;1790;1810;1790 - 1810;Verwaltung;Kommunale Verwaltung;nein;;Indizes zu den Einreichprotokollen im Justizfach der Registratur des Magistrats der Städte Krems und Stein;;;Magistrat der Städte Krems und Stein (bis 1849);Magistrat der Städte Krems und Stein (bis 1849);;"Grundsätzlich uneingeschränkt möglich; aufgrund konservatorischer und gesundheitlicher Bedenken (Mikroorganismen, Schmutz) in Einzelfällen nur mit entsprechender Genehmigung zu benützen. ";Digitale Reproduktion möglich. Die eigene Herstellung von Reproduktionen ist kostenlos, für Auftragsdigitalisierungen gelten die Kosten in § 18 der Benutzerordnung (KS-PRAES-1/18/1-2020). Nichtkommerzielle Weiterverwendung unter CC-BY-NC-ND-4.0-Lizenz.;;;;;Akten;Papier;"de ; Handschrift (Kurrent)";;
Grundbücher;1.1.4.1.1.1.;StAKr, 1.1.4.1.1.1. (Krems und Stein, Bürgerspital, Grundbücher);2 Bände = 0,2 lfm.;0,2;1546;1576;1546 - 1576;Stadt und Raum;Grund und Boden;nein;;Grundbücher der Herrschaft des Bürgerspitals der Städte Krems und Stein;;;Bürgerspital der Städte Krems und Stein;Bürgerspital der Städte Krems und Stein;;Uneingeschränkt möglich;Digitale Reproduktion möglich. Die eigene Herstellung von Reproduktionen ist kostenlos, für Auftragsdigitalisierungen gelten die Kosten in § 18 der Benutzerordnung (KS-PRAES-1/18/1-2020). Nichtkommerzielle Weiterverwendung unter CC-BY-NC-ND-4.0-Lizenz.;;;;;Akten;Papier;"de ; Handschrift (Kurrent, Kanzlei)";;
Gestionsprotokolle;1.1.4.1.1.10.;StAKr, 1.1.4.1.1.10. (Krems und Stein, Bürgerspital, Gestionsprotokolle);2 Bände = 0,1 lfm.;0,1;1827;1841;1827 - 1841;Gesundheit;Medizinische Versorgung;nein;;Gestionsprotokolle der Herrschaft des Bürgerspitals der Städte Krems und Stein;;;Bürgerspital der Städte Krems und Stein;Bürgerspital der Städte Krems und Stein;;Uneingeschränkt möglich;Digitale Reproduktion möglich. Die eigene Herstellung von Reproduktionen ist kostenlos, für Auftragsdigitalisierungen gelten die Kosten in § 18 der Benutzerordnung (KS-PRAES-1/18/1-2020). Nichtkommerzielle Weiterverwendung unter CC-BY-NC-ND-4.0-Lizenz.;;;;;Akten;Papier;"de ; Handschrift (Kurrent)";;
Herrschaftsakten;1.1.4.1.1.11.;StAKr, 1.1.4.1.1.11. (Krems und Stein, Bürgerspital, Herrschaftsakten);3 Faszikel = 3 Kartons = 0,3 lfm.;0,3;1788;1828;1788 - 1828;Gesundheit;Medizinische Versorgung;nein;;Verwaltungsakten der Herrschaft des Bürgerspitals der Städte Krems und Stein;;;Bürgerspital der Städte Krems und Stein;Bürgerspital der Städte Krems und Stein;;Uneingeschränkt möglich;Digitale Reproduktion möglich. Die eigene Herstellung von Reproduktionen ist kostenlos, für Auftragsdigitalisierungen gelten die Kosten in § 18 der Benutzerordnung (KS-PRAES-1/18/1-2020). Nichtkommerzielle Weiterverwendung unter CC-BY-NC-ND-4.0-Lizenz.;;;;;Akten;Papier;"de ; Handschrift (Kurrent)";;
Gewährbuchurkunden;1.1.4.1.1.12.;StAKr, 1.1.4.1.1.12. (Krems und Stein, Bürgerspital, Gewährbuchsurkunden);1 Faszikel = 1 Karton = 0,1 lfm.;0,1;1826;1837;1826 - 1837;Gesundheit;Medizinische Versorgung;nein;;Gewährbuchsurkunden der Herrschaft des Bürgerspitals der Städte Krems und Stein;;;Bürgerspital der Städte Krems und Stein;Bürgerspital der Städte Krems und Stein;;Uneingeschränkt benützbar;Digitale Reproduktion möglich. Die eigene Herstellung von Reproduktionen ist kostenlos, für Auftragsdigitalisierungen gelten die Kosten in § 18 der Benutzerordnung (KS-PRAES-1/18/1-2020). Nichtkommerzielle Weiterverwendung unter CC-BY-NC-ND-4.0-Lizenz.;;;;;Akten;Papier;"de ; Handschrift (Kurrent)";;
Satzbuchurkunden;1.1.4.1.1.13.;StAKr, 1.1.4.1.1.13. (Krems und Stein, Bürgerspital, Satzbuchurkunden);1 Faszikel = 1 Karton = 0,1 lfm.;0,1;1826;1835;1826 - 1835;Gesundheit;Medizinische Versorgung;nein;;Satzbuchurkunden der Herrschaft des Bürgerspitals der Städte Krems und Stein;;;Bürgerspital der Städte Krems und Stein;Bürgerspital der Städte Krems und Stein;;Uneingeschränkt möglich;Digitale Reproduktion möglich. Die eigene Herstellung von Reproduktionen ist kostenlos, für Auftragsdigitalisierungen gelten die Kosten in § 18 der Benutzerordnung (KS-PRAES-1/18/1-2020). Nichtkommerzielle Weiterverwendung unter CC-BY-NC-ND-4.0-Lizenz.;;;;;Akten;Papier;"de ; Handschrift (Kurrent)";;
Grundentlastungsakten;1.1.4.1.1.14.;StAKr, 1.1.4.1.1.14. (Krems und Stein, Bürgerspital, Grundentlastungsakten);1 Faszikel = 1 Mappe = 0,1 lfm.;0,1;1848;1850;1848 - 1850;Gesundheit;Medizinische Versorgung;nein;;Akten zur Grundentlastung nach Aufhebung der Grundherrschaft im Jahr 1848 für das Bürgerspital der Städte Krems und Stein;;Der Faszikel befand sich ursprünglich bei den sogenannten Kremser Altakten (StAKr, 1.2.3.), wo er als Faszikel 75 Nr. 773 geführt wurde. Im Rahmen der Neuordnungsarbeiten wurde er im Jahr 2022 an seinen heutigen Bestand überstellt.;Bürgerspital der Städte Krems und Stein;Bürgerspital der Städte Krems und Stein;;Uneingeschränkt benützbar;Digitale Reproduktion möglich. Die eigene Herstellung von Reproduktionen ist kostenlos, für Auftragsdigitalisierungen gelten die Kosten in § 18 der Benutzerordnung (KS-PRAES-1/18/1-2020). Nichtkommerzielle Weiterverwendung unter CC-BY-NC-ND-4.0-Lizenz.;;;;;Akten;Papier;"de ; Handschrift (Kurrent)";;
Grundstücksverzeichnis;1.1.4.1.1.15.;StAKr, 1.1.4.1.1.15. (Krems und Stein, Bürgerspital, Grundstücksverzeichnis);1 Band = 0,1 lfm.;0,1;1745;1785;1745 - 1785;Gesundheit;Medizinische Versorgung;nein;;Verzeichnis der Grundstücke der Herrschaft des Bürgerspitals der Städte Krems und Stein;;;Bürgerspital der Städte Krems und Stein;Bürgerspital der Städte Krems und Stein;;Uneingeschränkt benützbar;Digitale Reproduktion möglich. Die eigene Herstellung von Reproduktionen ist kostenlos, für Auftragsdigitalisierungen gelten die Kosten in § 18 der Benutzerordnung (KS-PRAES-1/18/1-2020). Nichtkommerzielle Weiterverwendung unter CC-BY-NC-ND-4.0-Lizenz.;;;;;Akten;Papier;"de ; Handschrift (Kurrent)";;
Inventare;1.1.4.1.1.2.;StAKr, 1.1.4.1.1.2. (Krems und Stein, Bürgerspital, Inventare);2 Bände + 1 Faszikel = 0,2 lfm.;0,2;1729;1827;1729 - 1827;Gesundheit;Medizinische Versorgung;nein;;Inventare über Besitz und Vermögen des Bürgerspitals der Städte Krems und Stein;;Ein Faszikel einzelner schmaler Inventarhefte aus dem Zeitraum 1745-1827 befand sich zuvor in der Reihe der sogenannten Kremser Altakten (StAKr, 1.2.3.), wo er als Faszikel 61 verwahrt wurde. Im Rahmen der Neuordnungsarbeiten gelangte er im Jahr 2022 in seinen heutigen Bestand.;Bürgerspital der Städte Krems und Stein;Bürgerspital der Städte Krems und Stein;;Uneingeschränkt möglich;Digitale Reproduktion möglich. Die eigene Herstellung von Reproduktionen ist kostenlos, für Auftragsdigitalisierungen gelten die Kosten in § 18 der Benutzerordnung (KS-PRAES-1/18/1-2020). Nichtkommerzielle Weiterverwendung unter CC-BY-NC-ND-4.0-Lizenz.;;;;;Akten;Papier;"de ; Handschrift (Kurrent)";;
Subrepartitionen;1.1.4.1.1.3.;StAKr, 1.1.4.1.1.3. (Krems und Stein, Bürgerspital, Subrepartitionen);9 Bände = 0,1 lfm.;0,1;1754;1789;1754 - 1789;Gesundheit;Medizinische Versorgung;nein;;Subrepartitionen der Herrschaft des Bürgerspitals der Städte Krems und Stein;;;Bürgerspital der Städte Krems und Stein;Bürgerspital der Städte Krems und Stein;;Uneingeschränkt möglich;Digitale Reproduktion möglich. Die eigene Herstellung von Reproduktionen ist kostenlos, für Auftragsdigitalisierungen gelten die Kosten in § 18 der Benutzerordnung (KS-PRAES-1/18/1-2020). Nichtkommerzielle Weiterverwendung unter CC-BY-NC-ND-4.0-Lizenz.;;;;;Akten;Papier;"de ; Handschrift (Kurrent)";;
Kontributionsbücher;1.1.4.1.1.4.;StAKr, 1.1.4.1.1.4. (Krems und Stein, Bürgerspital, Kontributionsbücher);4 Bände = 0,2 lfm.;0,2;1755;1812;1755 - 1812;Gesundheit;Medizinische Versorgung;nein;;Kontributionsbücher der Herrschaft des Bürgerspitals der Städte Krems und Stein;;;Bürgerspital der Städte Krems und Stein;Bürgerspital der Städte Krems und Stein;;Uneingeschränkt möglich;Digitale Reproduktion möglich. Die eigene Herstellung von Reproduktionen ist kostenlos, für Auftragsdigitalisierungen gelten die Kosten in § 18 der Benutzerordnung (KS-PRAES-1/18/1-2020). Nichtkommerzielle Weiterverwendung unter CC-BY-NC-ND-4.0-Lizenz.;;;;;Akten;Papier;"de ; Handschrift (Kurrent)";;
Konsignationsrechnung;1.1.4.1.1.5.;StAKr, 1.1.4.1.1.5 (Krems und Stein, Bürgerspital, Konsignationsrechnung);1 Band = 0,1 lfm.;0,1;1764;1764;1764 - 1764;Gesundheit;Medizinische Versorgung;nein;;Konsignationen der Herrschaft des Bürgerspitals der Städte Krems und Stein;;;Bürgerspital der Städte Krems und Stein;Bürgerspital der Städte Krems und Stein;;Uneingeschränkt möglich;Digitale Reproduktion möglich. Die eigene Herstellung von Reproduktionen ist kostenlos, für Auftragsdigitalisierungen gelten die Kosten in § 18 der Benutzerordnung (KS-PRAES-1/18/1-2020). Nichtkommerzielle Weiterverwendung unter CC-BY-NC-ND-4.0-Lizenz.;;;;;Akten;Papier;"de ; Handschrift (Kurrent)";;
Zehentbuch für Stetteldorf und Pfarre Absdorf;1.1.4.1.1.6.;StAKr, 1.1.4.1.1.6. (Krems und Stein, Bürgerspital, Zehentbuch für Stetteldorf und Pfarre Absdorf);1 Band = 0,1 lfm.;0,1;1775;1775;1775 - 1775;Gesundheit;Medizinische Versorgung;nein;;Zehentbücher für die Besitzungen des Bürgerspitals der Städte Krems und Stein in Stetteldorf am Wagram und in der Pfarre Absdorf;;;Konskriptionsamt des Magistrats der Städte Krems und Stein;Bürgerspital der Städte Krems und Stein;;Uneingeschränkt möglich;Digitale Reproduktion möglich. Die eigene Herstellung von Reproduktionen ist kostenlos, für Auftragsdigitalisierungen gelten die Kosten in § 18 der Benutzerordnung (KS-PRAES-1/18/1-2020). Nichtkommerzielle Weiterverwendung unter CC-BY-NC-ND-4.0-Lizenz.;;;;;Akten;Papier;"de ; Handschrift (Kurrent)";;
Bestandsbücher;1.1.4.1.1.7.;StAKr, 1.1.4.1.1.7. (Krems und Stein, Bürgerspital, Bestandsbücher);6 Bände = 0,2 lfm.;0,2;1791;1818;1791 - 1818;Gesundheit;Medizinische Versorgung;nein;;Bestandsbücher der Herrschaft des Bürgerspitals der Städte Krems und Stein;;;Bürgerspital der Städte Krems und Stein;Bürgerspital der Städte Krems und Stein;;Uneingeschränkt möglich;Digitale Reproduktion möglich. Die eigene Herstellung von Reproduktionen ist kostenlos, für Auftragsdigitalisierungen gelten die Kosten in § 18 der Benutzerordnung (KS-PRAES-1/18/1-2020). Nichtkommerzielle Weiterverwendung unter CC-BY-NC-ND-4.0-Lizenz.;;;;;Akten;Papier;"de ; Handschrift (Kurrent)";;
Mappenbuch;1.1.4.1.1.8.;StAKr, 1.1.4.1.1.8. (Krems und Stein, Bürgerspital, Mappenbuch);1 Band = 0,2 lfm.;0,2;1816;1816;1816 - 1816;Gesundheit;Medizinische Versorgung;nein;;Mappenbuch über Weingartenbesitz der Herrschaft des Bürgerspitals der Städte Krems und Stein;;;Bürgerspital der Städte Krems und Stein;Bürgerspital der Städte Krems und Stein;;Uneingeschränkt möglich;Digitale Reproduktion möglich. Die eigene Herstellung von Reproduktionen ist kostenlos, für Auftragsdigitalisierungen gelten die Kosten in § 18 der Benutzerordnung (KS-PRAES-1/18/1-2020). Nichtkommerzielle Weiterverwendung unter CC-BY-NC-ND-4.0-Lizenz.;;;;;Akten;Papier;"de ; Handschrift (Kurrent)";;
Gabenbücher;1.1.4.1.1.9.;StAKr, 1.1.4.1.1.9. (Krems und Stein, Bürgerspital, Gabenbücher);3 Bände = 0,2 lfm.;0,2;1817;1847;1817 - 1847;Gesundheit;Medizinische Versorgung;nein;;Robotgeld-, Zehent- und Zinsbücher der Herrschaft des Bürgerspitals der Städte Krems und Stein;;;Bürgerspital der Städte Krems und Stein;Bürgerspital der Städte Krems und Stein;;Uneingeschränkt möglich;Digitale Reproduktion möglich. Die eigene Herstellung von Reproduktionen ist kostenlos, für Auftragsdigitalisierungen gelten die Kosten in § 18 der Benutzerordnung (KS-PRAES-1/18/1-2020). Nichtkommerzielle Weiterverwendung unter CC-BY-NC-ND-4.0-Lizenz.;;;;;Akten;Papier;"de ; Handschrift (Kurrent)";;
Konzeptprotokoll;1.1.4.1.2.1.;StAKr, 1.1.4.1.2.1. (Krems und Stein, Bürgerspital, Konzeptprotokoll);1 Band = 1 Mappe = 0,1 lfm.;0,1;1833;1853;1833 - 1853;Gesundheit;Medizinische Versorgung;nein;;Konzeptprotokoll des Bürgerspitals der Städte Krems und Stein;;;Bürgerspital der Städte Krems und Stein;Bürgerspital der Städte Krems und Stein;;Uneingeschränkt möglich;Digitale Reproduktion möglich. Die eigene Herstellung von Reproduktionen ist kostenlos, für Auftragsdigitalisierungen gelten die Kosten in § 18 der Benutzerordnung (KS-PRAES-1/18/1-2020). Nichtkommerzielle Weiterverwendung unter CC-BY-NC-ND-4.0-Lizenz.;;;;;Akten;Papier;"de ; Handschrift (Kurrent)";;
Abschriften;1.1.4.1.2.2.;StAKr, 1.1.4.1.2.2. (Krems und Stein, Bürgerspital, Abschriften);1 Faszikel = 0,1 lfm.;0,1;1770;1840;1770 - 1840;Gesundheit;Medizinische Versorgung;nein;;Einzelne Abschriften aus dem Verwaltungsbetrieb des Bürgerspitals der Städte Krems und Stein;;Der Faszikel befand sich zuvor bei den sogenannten Steiner Altakten (StAKr, 1.3.3.), wo er als Nr. 293 geführt wurde. Im Rahmen der Neuordnungsarbeiten wurde er 2023 an seinen heutigen Ort transferiert.;Bürgerspital der Städte Krems und Stein;Bürgerspital der Städte Krems und Stein;;Uneingeschränkt benützbar;Digitale Reproduktion möglich. Die eigene Herstellung von Reproduktionen ist kostenlos, für Auftragsdigitalisierungen gelten die Kosten in § 18 der Benutzerordnung (KS-PRAES-1/18/1-2020). Nichtkommerzielle Weiterverwendung unter CC-BY-NC-ND-4.0-Lizenz.;;;;;Akten;Papier;"de ; Handschrift (Kurrent)";;
Hauptbücher;1.1.4.1.3.1.;StAKr, 1.1.4.1.3.1. (Krems und Stein, Bürgerspital, Hauptbücher);60 Bände = 2,1 lfm.;2,1;1785;1849;1785 - 1849;Gesundheit;Medizinische Versorgung;nein;;Hauptbücher der Kassa des Bürgerspitals der Städte Krems und Stein;;;Bürgerspital der Städte Krems und Stein;Bürgerspital der Städte Krems und Stein;;Uneingeschränkt möglich;Digitale Reproduktion möglich. Die eigene Herstellung von Reproduktionen ist kostenlos, für Auftragsdigitalisierungen gelten die Kosten in § 18 der Benutzerordnung (KS-PRAES-1/18/1-2020). Nichtkommerzielle Weiterverwendung unter CC-BY-NC-ND-4.0-Lizenz.;StAKr, 1.1.2.3.1. (Krems und Stein, Spitalmeisteramtsrechnungen);;;;Akten;Papier;"de ; Handschrift (Kurrent)";;
Journale;1.1.4.1.3.2.;StAKr, 1.1.4.1.3.2. (Krems und Stein, Bürgerspital, Journale);54 Bände = 1,1 lfm.;1,1;1785;1849;1785 - 1849;Gesundheit;Medizinische Versorgung;nein;;Journale der Kassa des Bürgerspitals der Städte Krems und Stein;;;Bürgerspital der Städte Krems und Stein;Bürgerspital der Städte Krems und Stein;;Uneingeschränkt möglich;Digitale Reproduktion möglich. Die eigene Herstellung von Reproduktionen ist kostenlos, für Auftragsdigitalisierungen gelten die Kosten in § 18 der Benutzerordnung (KS-PRAES-1/18/1-2020). Nichtkommerzielle Weiterverwendung unter CC-BY-NC-ND-4.0-Lizenz.;;;StAKr, 1.1.4.1.3.3. (Krems und Stein, Bürgerspitalskassa, Rechnungsbeilagen);;Akten;Papier;"de ; Handschrift (Kurrent)";;
Rechnungsbeilagen;1.1.4.1.3.3.;StAKr, 1.1.4.1.3.3. (Krems und Stein, Bürgerspital, Rechnungsbeilagen);60 Faszikel = 21 Kartons = 2,1 lfm.;2,1;1739;1849;1739 - 1849;Gesundheit;Medizinische Versorgung;nein;;Rechnungsbeilagen der Kassa des Bürgerspitals der Städte Krems und Stein;;;Bürgerspital der Städte Krems und Stein;Bürgerspital der Städte Krems und Stein;;"Grundsätzlich uneingeschränkt möglich; aufgrund konservatorischer und gesundheitlicher Bedenken (Mikroorganismen, Schmutz) in Einzelfällen nur mit entsprechender Genehmigung zu benützen. ";Digitale Reproduktion möglich. Die eigene Herstellung von Reproduktionen ist kostenlos, für Auftragsdigitalisierungen gelten die Kosten in § 18 der Benutzerordnung (KS-PRAES-1/18/1-2020). Nichtkommerzielle Weiterverwendung unter CC-BY-NC-ND-4.0-Lizenz.;;;StAKr, 1.1.4.1.3.2. (Krems und Stein, Bürgerspitalskassa, Journale);;Akten;Papier;"de ; Handschrift (Kurrent)";;
Journale;1.1.4.1.4.1.;StAKr, 1.1.4.1.4.1. (Krems und Stein, Bürgerspital, Waisenkassa, Journale);2 Bände = 2 Mappen = 0,1 lfm.;0,1;1836;1840;1836 - 1840;Gesundheit;Medizinische Versorgung;nein;;Journale der Waisenkassa des Bürgerspitals der Städte Krems und Stein;;;Bürgerspital der Städte Krems und Stein;Bürgerspital der Städte Krems und Stein;;Uneingeschränkt möglich;Digitale Reproduktion möglich. Die eigene Herstellung von Reproduktionen ist kostenlos, für Auftragsdigitalisierungen gelten die Kosten in § 18 der Benutzerordnung (KS-PRAES-1/18/1-2020). Nichtkommerzielle Weiterverwendung unter CC-BY-NC-ND-4.0-Lizenz.;;;;;Akten;Papier;"de ; Handschrift (Kurrent)";;
Rechnungsbeilagen;1.1.4.1.4.2.;StAKr, 1.1.4.1.4.2. (Krems und Stein, Bürgerspital, Waisenkassa, Rechnungsbeilagen);1 Faszikel = 0,1 lfm.;0,1;1827;1839;1827 - 1839;Gesundheit;Medizinische Versorgung;nein;;Rechnungsbeilagen der Waisenkassa des Bürgerspitals der Städte Krems und Stein;;;Bürgerspital der Städte Krems und Stein;Bürgerspital der Städte Krems und Stein;;Uneingeschränkt möglich;Digitale Reproduktion möglich. Die eigene Herstellung von Reproduktionen ist kostenlos, für Auftragsdigitalisierungen gelten die Kosten in § 18 der Benutzerordnung (KS-PRAES-1/18/1-2020). Nichtkommerzielle Weiterverwendung unter CC-BY-NC-ND-4.0-Lizenz.;;;;;Akten;Papier;"de ; Handschrift (Kurrent)";;
Waisenbücher;1.1.4.2.1.;StAKr, 1.1.4.2.1. (Krems und Stein, Waisenbücher);7 Bände = 0,8 lfm.;0,8;1639;1791;1639 - 1791;Vermögen und Finanzen;Öffentliches Vermögen;nein;;Waisenbücher der Waisenkassa der Städte Krems und Stein;"Die Waisenbücher umfassen sieben thematisch verwandte, jedoch in unterschiedlicher Form geführte Bücher: Waisenbuch (1639-1640), Abfertigungsprotokoll (1702-1763); Waisenbuch und Abhandlungsprotokoll (1716-1735); Waisenbuch (1768-1783); Pupullarversicherungsbücher (1771-1791 sowie 1783-1785). Ein nur für Krems angelegtes Waisenbuch von 1723 ist lediglich fragmentarisch erhalten.";;Waisenkassa der Städte Krems und Stein;Waisenkassa der Städte Krems und Stein;;Uneingeschränkt benützbar;Digitale Reproduktion möglich. Die eigene Herstellung von Reproduktionen ist kostenlos, für Auftragsdigitalisierungen gelten die Kosten in § 18 der Benutzerordnung (KS-PRAES-1/18/1-2020). Nichtkommerzielle Weiterverwendung unter CC-BY-NC-ND-4.0-Lizenz.;;;;;Amtsbücher;Papier;"de ; Handschrift (Kurrent)";;
Aktivstand;1.1.4.2.2.1.;StAKr, 1.1.4.2.2.1. (Krems und Stein, Waisenkassa, Aktivstand);6 Bände + 2 Faszikel = 0,4 lfm.;0,4;1774;1849;1774 - 1849;Vermögen und Finanzen;Öffentliches Vermögen;nein;;Ausweise über den Aktivstand der Waisenkassa der Städte Krems und Stein;;;Waisenkassa der Städte Krems und Stein;Waisenkassa der Städte Krems und Stein;;"Grundsätzlich uneingeschränkt möglich; aufgrund konservatorischer und gesundheitlicher Bedenken (Mikroorganismen, Schmutz) in Einzelfällen nur mit entsprechender Genehmigung zu benützen. ";Digitale Reproduktion möglich. Die eigene Herstellung von Reproduktionen ist kostenlos, für Auftragsdigitalisierungen gelten die Kosten in § 18 der Benutzerordnung (KS-PRAES-1/18/1-2020). Nichtkommerzielle Weiterverwendung unter CC-BY-NC-ND-4.0-Lizenz.;;;;;Akten;Papier;"de ; Handschrift (Kurrent)";;
Passivstand;1.1.4.2.2.2.;StAKr, 1.1.4.2.2.2. (Krems und Stein, Waisenkassa, Passivstand);22 Bände + 2 Faszikel = 0,5 lfm.;0,5;1785;1849;1785 - 1849;Vermögen und Finanzen;Öffentliches Vermögen;nein;;Ausweise über den Passivstand der Waisenkassa der Städte Krems und Stein;;;Waisenkassa der Städte Krems und Stein;Waisenkassa der Städte Krems und Stein;;"Grundsätzlich uneingeschränkt möglich; aufgrund konservatorischer und gesundheitlicher Bedenken (Mikroorganismen, Schmutz) in Einzelfällen nur mit entsprechender Genehmigung zu benützen. ";Digitale Reproduktion möglich. Die eigene Herstellung von Reproduktionen ist kostenlos, für Auftragsdigitalisierungen gelten die Kosten in § 18 der Benutzerordnung (KS-PRAES-1/18/1-2020). Nichtkommerzielle Weiterverwendung unter CC-BY-NC-ND-4.0-Lizenz.;;;;;Akten;Papier;"de ; Handschrift (Kurrent)";;
Aktiv- und Passivstand;1.1.4.2.2.3.;StAKr, 1.1.4.2.2.3. (Krems und Stein, Waisenkassa, Aktiv- und Passivstand);11 Bände + 8 Faszikel = 0,3 lfm.;0,3;1776;1829;1776 - 1829;Vermögen und Finanzen;Öffentliches Vermögen;nein;;Ausweise über den Aktiv- und Passivstand der Waisenkassa der Städte Krems und Stein;;;Waisenkassa der Städte Krems und Stein;Waisenkassa der Städte Krems und Stein;;"Grundsätzlich uneingeschränkt möglich; aufgrund konservatorischer und gesundheitlicher Bedenken (Mikroorganismen, Schmutz) in Einzelfällen nur mit entsprechender Genehmigung zu benützen. ";Digitale Reproduktion möglich. Die eigene Herstellung von Reproduktionen ist kostenlos, für Auftragsdigitalisierungen gelten die Kosten in § 18 der Benutzerordnung (KS-PRAES-1/18/1-2020). Nichtkommerzielle Weiterverwendung unter CC-BY-NC-ND-4.0-Lizenz.;;;;;Akten;Papier;"de ; Handschrift (Kurrent)";;
Vermögensausweise;1.1.4.2.2.4.;StAKr, 1.1.4.2.2.4. (Krems und Stein, Waisenkassa, Vermögensausweise);8 Bände = 2 Kartons = 1,0 lfm.;1;1844;1849;1844 - 1849;Vermögen und Finanzen;Öffentliches Vermögen;nein;;Ausweise über das Vermögen der Waisenkassa der Städte Krems und Stein;;;Waisenkassa der Städte Krems und Stein;Waisenkassa der Städte Krems und Stein;;"Grundsätzlich uneingeschränkt möglich; aufgrund konservatorischer und gesundheitlicher Bedenken (Mikroorganismen, Schmutz) in Einzelfällen nur mit entsprechender Genehmigung zu benützen. ";Digitale Reproduktion möglich. Die eigene Herstellung von Reproduktionen ist kostenlos, für Auftragsdigitalisierungen gelten die Kosten in § 18 der Benutzerordnung (KS-PRAES-1/18/1-2020). Nichtkommerzielle Weiterverwendung unter CC-BY-NC-ND-4.0-Lizenz.;;;;;Akten;Papier;"de ; Handschrift (Kurrent)";;
Obligationen;1.1.4.2.3.;StAKr, 1.1.4.2.3. (Krems und Stein, Waisenkassa, Obligationen);7 Bände = 0,2 lfm.;0,2;1784;1849;1784 - 1849;Vermögen und Finanzen;Öffentliches Vermögen;nein;;Obligationsverzeichnisse der Waisenkassa der Städte Krems und Stein;;;Waisenkassa der Städte Krems und Stein;Waisenkassa der Städte Krems und Stein;;Uneingeschränkt benützbar;Digitale Reproduktion möglich. Die eigene Herstellung von Reproduktionen ist kostenlos, für Auftragsdigitalisierungen gelten die Kosten in § 18 der Benutzerordnung (KS-PRAES-1/18/1-2020). Nichtkommerzielle Weiterverwendung unter CC-BY-NC-ND-4.0-Lizenz.;;;;;Akten;Papier;"de ; Handschrift (Kurrent)";;
Journale;1.1.4.2.4.;StAKr, 1.1.4.2.4. (Krems und Stein, Waisenkassa, Journale);58 Bände = 1,6 lfm.;1,6;1773;1847;1773 - 1847;Vermögen und Finanzen;Öffentliches Vermögen;nein;;Journale der Waisenkassa der Städte Krems und Stein;;;Waisenkassa der Städte Krems und Stein;Waisenkassa der Städte Krems und Stein;;"Grundsätzlich uneingeschränkt möglich; aufgrund konservatorischer und gesundheitlicher Bedenken (Mikroorganismen, Schmutz) in Einzelfällen nur mit entsprechender Genehmigung zu benützen. ";Digitale Reproduktion möglich. Die eigene Herstellung von Reproduktionen ist kostenlos, für Auftragsdigitalisierungen gelten die Kosten in § 18 der Benutzerordnung (KS-PRAES-1/18/1-2020). Nichtkommerzielle Weiterverwendung unter CC-BY-NC-ND-4.0-Lizenz.;;;StAKr, 1.1.4.2.5. (Krems und Stein, Waisenkassa, Rechnungsbeilagen);;Akten;Papier;"de ; Handschrift (Kurrent)";;
Rechnungsbeilagen;1.1.4.2.5.;StAKr, 1.1.4.2.5. (Krems und Stein, Waisenkassa, Rechnungsbeilagen);65 Faszikel = 47 Kartons = 4,7 lfm.;4,7;1773;1849;1773 - 1849;Vermögen und Finanzen;Öffentliches Vermögen;nein;;Rechnungsbeilagen der Waisenkassa der Städte Krems und Stein;;;Waisenkassa der Städte Krems und Stein;Waisenkassa der Städte Krems und Stein;;"Grundsätzlich uneingeschränkt möglich; aufgrund konservatorischer und gesundheitlicher Bedenken (Mikroorganismen, Schmutz) in Einzelfällen nur mit entsprechender Genehmigung zu benützen. ";Digitale Reproduktion möglich. Die eigene Herstellung von Reproduktionen ist kostenlos, für Auftragsdigitalisierungen gelten die Kosten in § 18 der Benutzerordnung (KS-PRAES-1/18/1-2020). Nichtkommerzielle Weiterverwendung unter CC-BY-NC-ND-4.0-Lizenz.;;;StAKr, 1.1.4.2.5. (Krems und Stein, Waisenkassa, Journale);;Akten;Papier;"de ; Handschrift (Kurrent)";;
Verzichtsquittungen;1.1.4.2.6.;StAKr, 1.1.4.2. (Krems und Stein, Waisenkassa, Verzichtsquittungen);29 Faszikel = 3 Kartons = 0,3 lfm.;0,3;1727;1790;1727 - 1790;Vermögen und Finanzen;Öffentliches Vermögen;nein;;Verzichtsquittungen gegenüber der Waisenkassa der Städte Krems und Stein;;;Waisenkassa der Städte Krems und Stein;Waisenkassa der Städte Krems und Stein;;"Grundsätzlich uneingeschränkt möglich; aufgrund konservatorischer und gesundheitlicher Bedenken (Mikroorganismen, Schmutz) in Einzelfällen nur mit entsprechender Genehmigung zu benützen. ";Digitale Reproduktion möglich. Die eigene Herstellung von Reproduktionen ist kostenlos, für Auftragsdigitalisierungen gelten die Kosten in § 18 der Benutzerordnung (KS-PRAES-1/18/1-2020). Nichtkommerzielle Weiterverwendung unter CC-BY-NC-ND-4.0-Lizenz.;;;;;Akten;Papier;"de ; Handschrift (Kurrent)";;
Tabellen über das Pupillar- und Kuratelwesen;1.1.4.2.7.;StAKr, 1.1.4.2.7. (Krems und Stein, Waisenkassa, Tabellen);2 Bände = 2 Kartons = 0,4 lfm.;0,4;1780;1791;1780 - 1791;Rechtswesen;Rechtspflege;nein;;Tabellen über das Pupillar- und Kuratelwesen bei der Waisenkassa der Städte Krems und Stein;;;Waisenkassa der Städte Krems und Stein;Waisenkassa der Städte Krems und Stein;;Uneingeschränkt benützbar;Digitale Reproduktion möglich. Die eigene Herstellung von Reproduktionen ist kostenlos, für Auftragsdigitalisierungen gelten die Kosten in § 18 der Benutzerordnung (KS-PRAES-1/18/1-2020). Nichtkommerzielle Weiterverwendung unter CC-BY-NC-ND-4.0-Lizenz.;;;;;Akten;Papier;"de ; Handschrift (Kurrent)";;
Skontrierungsausweise;1.1.4.2.8.;StAKr, 1.1.4.2.8. (Krems und Stein, Waisenkassa, Skontrierungsausweise);1 Faszikel = 1 Karton = 0,1 lfm.;0,1;1808;1829;1808 - 1829;Vermögen und Finanzen;Öffentliches Vermögen;nein;;Skontrierungsausweise der Waisenkassa der Städte Krems und Stein;;;Waisenkassa der Städte Krems und Stein;Waisenkassa der Städte Krems und Stein;;Uneingeschränkt benützbar;Digitale Reproduktion möglich. Die eigene Herstellung von Reproduktionen ist kostenlos, für Auftragsdigitalisierungen gelten die Kosten in § 18 der Benutzerordnung (KS-PRAES-1/18/1-2020). Nichtkommerzielle Weiterverwendung unter CC-BY-NC-ND-4.0-Lizenz.;;;;;Akten;Papier;"de ; Handschrift (Kurrent)";;
Verzeichnis der Pupillen;1.1.4.3.1.;StAKr, 1.1.4.3.1. (Krems und Stein, Ausgeschiedene-Waisen-Kassa, Verzeichnis der Pupillen);2 Bände = 0,1 lfm.;0,1;1819;1821;1819 - 1821;Vermögen und Finanzen;Öffentliches Vermögen;nein;;Verzeichnis der Pupillen in der Ausgeschiedene-Waisen-Kassa der Städte Krems und Stein;;;Ausgeschiedene-Waisen-Kassa der Städte Krems und Stein;Ausgeschiedene-Waisen-Kassa der Städte Krems und Stein;;Uneingeschränkt möglich;Digitale Reproduktion möglich. Die eigene Herstellung von Reproduktionen ist kostenlos, für Auftragsdigitalisierungen gelten die Kosten in § 18 der Benutzerordnung (KS-PRAES-1/18/1-2020). Nichtkommerzielle Weiterverwendung unter CC-BY-NC-ND-4.0-Lizenz.;;;;;Akten;Papier;"de ; Handschrift (Kurrent)";;
Aktiv- und Passivstände der Ausgeschiedene-Waisen-Kassa;1.1.4.3.2.;StAKr, 1.1.4.3.2. (Krems und Stein, Ausgeschiedene-Waisen-Kassa, Aktiv- und Passivstände);3 Bände = 0,1 lfm.;0,1;1821;1823;1821 - 1823;Vermögen und Finanzen;Öffentliches Vermögen;nein;;Ausweise über die Aktiv- und Passivstände bei der Ausgeschiedene-Waisen-Kassa der Städte Krems und Stein ;;;Ausgeschiedene-Waisen-Kassa der Städte Krems und Stein;Ausgeschiedene-Waisen-Kassa der Städte Krems und Stein;;Uneingeschränkt benützbar;Digitale Reproduktion möglich. Die eigene Herstellung von Reproduktionen ist kostenlos, für Auftragsdigitalisierungen gelten die Kosten in § 18 der Benutzerordnung (KS-PRAES-1/18/1-2020). Nichtkommerzielle Weiterverwendung unter CC-BY-NC-ND-4.0-Lizenz.;;;;;Akten;Papier;"de ; Handschrift (Kurrent)";;
Journal;1.1.4.3.3.;StAKr, 1.1.4.3.3. (Krems und Stein, Ausgeschiedene-Waisen-Kassa, Journal);1 Band = 0,1 lfm.;0,1;1821;1821;1821 - 1821;Vermögen und Finanzen;Öffentliches Vermögen;nein;;Journal zu den Rechnungsbeilagen der Ausgeschiedene-Waisen-Kassa der Städte Krems und Stein;;;Ausgeschiedene-Waisen-Kassa der Städte Krems und Stein;Ausgeschiedene-Waisen-Kassa der Städte Krems und Stein;;Uneingeschränkt möglich;Digitale Reproduktion möglich. Die eigene Herstellung von Reproduktionen ist kostenlos, für Auftragsdigitalisierungen gelten die Kosten in § 18 der Benutzerordnung (KS-PRAES-1/18/1-2020). Nichtkommerzielle Weiterverwendung unter CC-BY-NC-ND-4.0-Lizenz.;;;StAKr, 1.1.4.3.4. (Krems und Stein, Ausgeschiedene-Waisen-Kassa, Rechnungsbeilagen);;Akten;Papier;"de ; Handschrift (Kurrent)";;
Rechnungsbeilagen;1.1.4.3.4.;StAKr, 1.1.4.3.4. (Krems und Stein, Ausgeschiedene-Waisen-Kassa, Rechnungsbeilagen);1 Faszikel = 0,1 lfm.;0,1;1821;1824;1821 - 1824;Vermögen und Finanzen;Öffentliches Vermögen;nein;;Rechnungsbeilagen der Ausgeschiedene-Waisen-Kassa der Städte Krems und Stein;;;Ausgeschiedene-Waisen-Kassa der Städte Krems und Stein;Ausgeschiedene-Waisen-Kassa der Städte Krems und Stein;;Uneingeschränkt benützbar;Digitale Reproduktion möglich. Die eigene Herstellung von Reproduktionen ist kostenlos, für Auftragsdigitalisierungen gelten die Kosten in § 18 der Benutzerordnung (KS-PRAES-1/18/1-2020). Nichtkommerzielle Weiterverwendung unter CC-BY-NC-ND-4.0-Lizenz.;;;StAKr, 1.1.4.3.3. (Krems und Stein, Ausgeschiedene-Waisen-Kassa, Journal);;Akten;Papier;"de ; Handschrift (Kurrent)";;
Depositenbuch;1.1.4.4.1.;StAKr, 1.1.4.4.1. (Krems und Stein, Depositenkassa, Depositenbuch);1 Band = 0,1 lfm.;0,1;1744;1761;1744 - 1761;Vermögen und Finanzen;Öffentliches Vermögen;nein;;Depositenbuch der Depositenkassa der Städte Krems und Stein;;;Depositenkassa der Städte Krems und Stein;Depositenkassa der Städte Krems und Stein;;Uneingeschränkt möglich;Digitale Reproduktion möglich. Die eigene Herstellung von Reproduktionen ist kostenlos, für Auftragsdigitalisierungen gelten die Kosten in § 18 der Benutzerordnung (KS-PRAES-1/18/1-2020). Nichtkommerzielle Weiterverwendung unter CC-BY-NC-ND-4.0-Lizenz.;;;;;Amtsbücher;Papier;"de ; Handschrift (Kurrent)";;
Journale über gerichtliche Deposita;1.1.4.4.2.;StAKr, 1.1.4.4.2. (Krems und Stein, Depositenkassa, Journale über gerichtliche Deposita);34 Bände = 0,7 lfm.;0,7;1773;1845;1773 - 1845;Vermögen und Finanzen;Öffentliches Vermögen;nein;;Journale über gerichtliche Deposita der Depositenkassa der Städte Krems und Stein;"Fehlende Jahrgänge: 1777-1800; 1802; 1803; 1817.";;Depositenkassa der Städte Krems und Stein;Depositenkassa der Städte Krems und Stein;;Uneingeschränkt möglich;Digitale Reproduktion möglich. Die eigene Herstellung von Reproduktionen ist kostenlos, für Auftragsdigitalisierungen gelten die Kosten in § 18 der Benutzerordnung (KS-PRAES-1/18/1-2020). Nichtkommerzielle Weiterverwendung unter CC-BY-NC-ND-4.0-Lizenz.;;;;;Amtsbücher;Papier;"de ; Handschrift (Kurrent)";;
Journale über politische Deposita;1.1.4.4.3.;StAKr, 1.1.4.4.3. (Krems und Stein, Depositenkassa, Journale über politische Deposita);20 Bände = 1 Karton = 0,1 lfm.;0,1;1801;1829;1801 - 1829;Vermögen und Finanzen;Öffentliches Vermögen;nein;;Journale über politische Deposita der Depositenkassa der Städte Krems und Stein;"Fehlende Jahrgänge: 1807; 1819.";;Depositenkassa der Städte Krems und Stein;Depositenkassa der Städte Krems und Stein;;Uneingeschränkt möglich;Digitale Reproduktion möglich. Die eigene Herstellung von Reproduktionen ist kostenlos, für Auftragsdigitalisierungen gelten die Kosten in § 18 der Benutzerordnung (KS-PRAES-1/18/1-2020). Nichtkommerzielle Weiterverwendung unter CC-BY-NC-ND-4.0-Lizenz.;;;;;Akten;Papier;"de ; Handschrift (Kurrent)";;
Beilagen zu gerichtlichen Deposita;1.1.4.4.4.;StAKr, 1.1.4.4.4. (Krems und Stein, Depositenkassa, Beilagen zu gerichtlichen Deposita);61 Faszikel = 20 Kartons = 2,0 lfm.;2;1789;1849;1789 - 1849;Vermögen und Finanzen;Öffentliches Vermögen;nein;;Beilagen zu den gerichtlichen Deposita der Depositenkassa der Städte Krems und Stein;;;Depositenkassa der Städte Krems und Stein;Depositenkassa der Städte Krems und Stein;;Uneingeschränkt möglich;Digitale Reproduktion möglich. Die eigene Herstellung von Reproduktionen ist kostenlos, für Auftragsdigitalisierungen gelten die Kosten in § 18 der Benutzerordnung (KS-PRAES-1/18/1-2020). Nichtkommerzielle Weiterverwendung unter CC-BY-NC-ND-4.0-Lizenz.;;;;;Akten;Papier;"de ; Handschrift (Kurrent)";;
Ausweise über Aktiv- und Passivstände;1.1.4.4.5.;StAKr, 1.1.4.4.5. (Krems und Stein, Depositenkassa, Aktiv- und Passivstände);31 Bände = 0,3 lfm.;0,3;1791;1829;1791 - 1829;Vermögen und Finanzen;Öffentliches Vermögen;nein;;Ausweise über die Aktiv- und Passivstände bei der Depositenkassa der Städte Krems und Stein;"Fehlende Jahrgänge: 1801; 1803-1810; 1818.";;Depositenkassa der Städte Krems und Stein;Depositenkassa der Städte Krems und Stein;;Uneingeschränkt möglich;Digitale Reproduktion möglich. Die eigene Herstellung von Reproduktionen ist kostenlos, für Auftragsdigitalisierungen gelten die Kosten in § 18 der Benutzerordnung (KS-PRAES-1/18/1-2020). Nichtkommerzielle Weiterverwendung unter CC-BY-NC-ND-4.0-Lizenz.;;;;;Amtsbücher;Papier;"de ; Handschrift (Kurrent)";;
Auszüge aus den Ratsprotokollen über dem Rat erlegte Gelder von Depositen- und Waisenkassa;1.1.4.4.6.;StAKr, 1.1.4.4.6. (Krems und Stein, Depositenkassa, Ratsprotokollauszüge);1 Faszikel = 0,1 lfm.;0,1;1789;1800;1789 - 1800;Vermögen und Finanzen;Öffentliches Vermögen;nein;;Ratsprotokollauszüge betreffend die Depositenkassa der Städte Krems und Stein;;;Depositenkassa der Städte Krems und Stein;Depositenkassa der Städte Krems und Stein;;Uneingeschränkt möglich;Digitale Reproduktion möglich. Die eigene Herstellung von Reproduktionen ist kostenlos, für Auftragsdigitalisierungen gelten die Kosten in § 18 der Benutzerordnung (KS-PRAES-1/18/1-2020). Nichtkommerzielle Weiterverwendung unter CC-BY-NC-ND-4.0-Lizenz.;;;;;Amtsbücher;Papier;"de ; Handschrift (Kurrent)";;
Einzelne Obligationen;1.1.4.4.7.;StAKr, 1.1.4.4.7. (Krems und Stein, Depositenkassa, Einzelne Obligationen);1 Faszikel = 0,1 lfm.;0,1;1800;1800;1800 - 1800;Vermögen und Finanzen;Öffentliches Vermögen;nein;;Einzelne Obligationen der Depositenkassa der Städte Krems und Stein;;;Depositenkassa der Städte Krems und Stein;Depositenkassa der Städte Krems und Stein;;Uneingeschränkt möglich;Digitale Reproduktion möglich. Die eigene Herstellung von Reproduktionen ist kostenlos, für Auftragsdigitalisierungen gelten die Kosten in § 18 der Benutzerordnung (KS-PRAES-1/18/1-2020). Nichtkommerzielle Weiterverwendung unter CC-BY-NC-ND-4.0-Lizenz.;;;;;Akten;Papier;"de ; Handschrift (Kurrent)";;
Ausweise über die Verrechnung mit der Waisenkassa;1.1.4.4.8.;StAKr, 1.1.4.4.8. (Krems und Stein, Depositenamt, Verrechnungsausweise);2 Bände = 0,2 lfm.;0,2;1848;1849;1848 - 1849;Vermögen und Finanzen;Öffentliches Vermögen;nein;;Ausweise über die Verrechnungen zwischen der Waisen- und der Depositenkassa der Städte Krems und Stein;;;Depositenkassa der Städte Krems und Stein;Depositenkassa der Städte Krems und Stein;;Uneingeschränkt möglich;Digitale Reproduktion möglich. Die eigene Herstellung von Reproduktionen ist kostenlos, für Auftragsdigitalisierungen gelten die Kosten in § 18 der Benutzerordnung (KS-PRAES-1/18/1-2020). Nichtkommerzielle Weiterverwendung unter CC-BY-NC-ND-4.0-Lizenz.;;;;;Amtsbücher;Papier;"de ; Handschrift (Kurrent)";;
Skontrierungsausweise;1.1.4.4.9.;StAKr, 1.1.4.4.9. (Krems und Stein, Depositenkassa, Skontrierungsausweise);1 Faszikel = 1 Karton = 0,1 lfm.;0,1;1798;1830;1798 - 1830;Vermögen und Finanzen;Öffentliches Vermögen;nein;;Skontrierungsausweise der Depositenkassa der Städte Krems und Stein;;;Depositenkassa der Städte Krems und Stein;Depositenkassa der Städte Krems und Stein;;Uneingeschränkt möglich;Digitale Reproduktion möglich. Die eigene Herstellung von Reproduktionen ist kostenlos, für Auftragsdigitalisierungen gelten die Kosten in § 18 der Benutzerordnung (KS-PRAES-1/18/1-2020). Nichtkommerzielle Weiterverwendung unter CC-BY-NC-ND-4.0-Lizenz.;;;;;Akten;Papier;"de ; Handschrift (Kurrent)";;
Assekurantenverzeichnis;1.1.4.5.1.;StAKr, 1.1.4.5.1. (Krems und Stein, Brandschadensversicherung, Assekurantenverzeichnis);2 Bände = 0,1 lfm.;0,1;1835;1838;1835 - 1838;Wirtschaft;Dienstleistungen;nein;;Verzeichnis der Versicherten bei der Brandschadensversicherung der Städte Krems und Stein;;;Brandschadensversicherung der Städte Krems und Stein;Brandschadensversicherung der Städte Krems und Stein;;Uneingeschränkt benützbar;Digitale Reproduktion möglich. Die eigene Herstellung von Reproduktionen ist kostenlos, für Auftragsdigitalisierungen gelten die Kosten in § 18 der Benutzerordnung (KS-PRAES-1/18/1-2020). Nichtkommerzielle Weiterverwendung unter CC-BY-NC-ND-4.0-Lizenz.;;;;;Akten;Papier;"de ; Handschrift (Kurrent)";;
Kassajournale;1.1.4.5.2.;StAKr, 1.1.4.5.2. (Krems und Stein, Brandschadensversicherung, Kassajournale);2 Bände = 0,1 lfm.;0,1;1839;1849;1839 - 1849;Vermögen und Finanzen;Öffentliches Vermögen;nein;;Kassajournale der Brandschadensversicherung der Städte Krems und Stein;;;Brandschadensversicherung der Städte Krems und Stein;Brandschadensversicherung der Städte Krems und Stein;;Uneingeschränkt benützbar;Digitale Reproduktion möglich. Die eigene Herstellung von Reproduktionen ist kostenlos, für Auftragsdigitalisierungen gelten die Kosten in § 18 der Benutzerordnung (KS-PRAES-1/18/1-2020). Nichtkommerzielle Weiterverwendung unter CC-BY-NC-ND-4.0-Lizenz.;;;;;Akten;Papier;"de ; Handschrift (Kurrent)";;
Ratsprotokolle;1.2.1.1.;StAKr, 1.2.1.1. (Krems, Ratsprotokolle);28 Bände = 3,5 lfm.;3,5;1627;1782;1627 - 1782;Verwaltung;Kommunale Verwaltung;nein;;Ratsprotokolle des Rats der Stadt Krems;"Die Ratsprotokolle der Stadt Krems unterscheiden sich inhaltlich nicht wesentlich von jenen des gemeinsamen Rats (StAKr, 1.1.1.1.) oder jenen der Stadt Stein (StAKr, 1.3.1.1.). Enthalten sind die Ratsschlüsse über jene Angelegenheiten, die die Stadt Krems alleine - unabhängig von der Schwesternstadt Stein sowie der beiderstädtischen Verwaltung - betrafen.

Fehlende Jahrgänge: 1655-1662, 1720.";Die Ratsprotokolle der Stadt Krems waren über Jahrhunderte hinweg mit jenen aus dem politischen Fach von Krems und Stein vermengt, wobei beide Serien chronologisch vermischt aufgestellt waren. Dies erklärt auch die historische, möglicherweise aus dem 19. Jahrhundert stammende Beschriftung aus dem Buchrücken. Die beiden Serien wurden im Rahmen der Neuaufstellung des Archivs 2020 auseinanderdividiert.;Rat der Stadt Krems;Rat der Stadt Krems;;Uneingeschränkt benützbar;Digitale Reproduktion möglich. Die eigene Herstellung von Reproduktionen ist kostenlos, für Auftragsdigitalisierungen gelten die Kosten in § 18 der Benutzerordnung (KS-PRAES-1/18/1-2020). Nichtkommerzielle Weiterverwendung unter CC-BY-NC-ND-4.0-Lizenz.;;;"StAKr, 1.1.1.1. (Krems und Stein, Ratsprotokolle)
StAKr, 1.3.1.1. (Stein, Ratsprotokolle)
StAKr, 1.2.1.2. (Krems, Ratsprotokoll-Rapulare)";;Akten;Papier;"de ; Handschrift (Kurrent)";Daniel Haberler-Maier, Zwei Städte, drei Räte? Prolegomena zu einer Neubetrachtung der Verwaltung der Städte Krems und Stein in Mittelalter und Früher Neuzeit bis 1785, in: Mitteilungen Stadtarchiv Krems (2022). DOI: https://doi.org/10.57704/T1D0-0J11.;
Ratsprotokoll-Rapulare;1.2.1.2.;StAKr, 1.2.1.2. (Krems, Ratsprotokoll-Rapulare);2 Faszikel = 1 Karton = 0,1 lfm.;0,1;1785;1788;1785 - 1788;Verwaltung;Kommunale Verwaltung;nein;;Rapulare aus den Ratsprotokollen der Stadt Krems;Erhaltene Jahrgänge: 1785, 1788;"Die beiden Faszikel wurden vermutlich um 1860 den sogenannten Kremser Altakten (StAKr, 1.2.3.) zugeordnet, wo sie den Faszikel 14 Nr. 378 bildeten. Im Rahmen der Neuaufstellung des Stadtarchivs wurden sie im Jahr 2021 den Beständen des Kremser Rats angegliedert.

Die beiden Faszikel waren stark von Mikroorganismen befallen und wurden im Jahr 2021 von der Restauratorin Dr. Patricia Engel desinfiziert, gereinigt und konserviert.";Rat der Stadt Krems;Rat der Stadt Krems;;Uneingeschränkt benützbar;Digitale Reproduktion möglich. Die eigene Herstellung von Reproduktionen ist kostenlos, für Auftragsdigitalisierungen gelten die Kosten in § 18 der Benutzerordnung (KS-PRAES-1/18/1-2020). Nichtkommerzielle Weiterverwendung unter CC-BY-NC-ND-4.0-Lizenz.0;;;"StAKr, 1.2.1.1. (Krems, Ratsprotokolle)
StAKr, 1.1.1.2. (Krems und Stein, Ratsprotokoll-Rapulare)";;Akten;Papier;"de ; Handschrift (Kurrent)";;
Missivprotokolle;1.2.1.3.;StAKr, 1.2.1.3. (Krems, Missivprotokolle);14 Bände = 1,7 lfm.;1,7;1656;1782;1656 - 1782;Verwaltung;Kommunale Verwaltung;nein;;Missivprotokolle des Rats der Stadt Krems;"Die Missivprotokolle stellen eine der zentralen Quellen der Kremser Verwaltungsgeschichte dar. Die umfangreichen Bände umfassen den auslaufenden Schriftverkehr des Rats der Stadt Krems als oberstes Kremser Verwaltungsgremium und Teil der Krems-Steiner Verwaltung. Die Schriftstücke sind im Volltext und mit vollständiger Datierung eingetragen und dokumentieren so sehr detailreich das nach außen gerichtete Handeln der Stadt Krems.

Fehlende Jahrgänge: 1666-1670, 1686, 1739-1744.";Die Missivprotokolle der Stadt Krems waren über Jahrhunderte hinweg mit jenen von Krems und Stein (StAKr, 1.1.1.3.) vermengt, wobei beide Serien chronologisch vermischt aufgestellt waren. Dies erklärt auch die historische, möglicherweise aus dem 19. Jahrhundert stammende Beschriftung aus dem Buchrücken. Die beiden Serien wurden im Rahmen der Neuaufstellung des Archivs 2020 auseinanderdividiert.;Rat der Stadt Krems;Rat der Stadt Krems;;Uneingeschränkt benützbar;Digitale Reproduktion möglich. Die eigene Herstellung von Reproduktionen ist kostenlos, für Auftragsdigitalisierungen gelten die Kosten in § 18 der Benutzerordnung (KS-PRAES-1/18/1-2020). Nichtkommerzielle Weiterverwendung unter CC-BY-NC-ND-4.0-Lizenz.;;;StAKr, 1.1.1.3. (Krems, Missivprotokolle);;Akten;Papier;"de ; Handschrift (Kurrent)";;
Rapulare über eingegangene Kreisamtsschreiben;1.2.1.4.;StAKr, 1.2.1.4. (Krems, Rapulare über eingegangene Kreisamtsschreiben);6 Bände = 1 Karton = 0,1 lfm.;0,1;1774;1782;1774 - 1782;Verwaltung;Staatliche Verwaltung;nein;;Rapulare über Schreiben des Kreisamts, die beim Rat der Stadt Krems eingegangen sind.;"Vorhandene Jahrgänge: 1774-1775, 1777, 1777-1778, 1778, 1779, 1782. Die Hefte sind durchnummeriert; es handelt sich um die Nummern 1, 6, 7, 8, 10 und 16.";;Rat der Stadt Krems;Rat der Stadt Krems;;Uneingeschränkt möglich;Digitale Reproduktion möglich. Die eigene Herstellung von Reproduktionen ist kostenlos, für Auftragsdigitalisierungen gelten die Kosten in § 18 der Benutzerordnung (KS-PRAES-1/18/1-2020). Nichtkommerzielle Weiterverwendung unter CC-BY-NC-ND-4.0-Lizenz.;;;;;Akten;Papier;"de ; Handschrift (Kurrent)";;
Hauptbuch;1.2.2.1.1.;StAKr, 1.2.2.1.1. (Krems, Oberkammeramt, Hauptbuch);1 Band = 0,1 lfm.;0,1;1580;1580;1580 - 1580;Vermögen und Finanzen;Öffentliches Vermögen;nein;;Hauptbuch des Oberkammeramts der Stadt Krems;;;Oberkammeramt Krems;Oberkammeramt Krems;;Uneingeschränkt benützbar;Digitale Reproduktion möglich. Die eigene Herstellung von Reproduktionen ist kostenlos, für Auftragsdigitalisierungen gelten die Kosten in § 18 der Benutzerordnung (KS-PRAES-1/18/1-2020). Nichtkommerzielle Weiterverwendung unter CC-BY-NC-ND-4.0-Lizenz.;;StAKr, 1.2.2.1.1. (Krems, Oberkammeramtsrechnungen);;;Akten;Papier;"de ; Handschrift (Kurrent)";;
Oberkammeramtsrechnungen;1.2.2.1.2.;StAKr, 1.2.2.1.2. (Krems, Oberkammeramtsrechnungen);146 Bände = 1,6 lfm.;1,6;1582;1744;1582 - 1744;Vermögen und Finanzen;Öffentliches Vermögen;nein;;Rechnungen des Oberkammeramts der Stadt Krems;Die Oberkammeramtsrechnungen sind neben den Kammeramtsrechnungen (StAKr, 1.2.2.2.1.) das zentrale Schriftgut der Finanzverwaltung der Stadt Krems. Die Bücher sind als vollständige Einnahmen-Ausgaben-Rechnungen geführt und in Kategorien unterteilt, die die verschiedenen Agenden des Amts widerspiegeln.;"Die Jahrgänge 1745, 1748, 1749 und 1753 enthalten die Rechnungen des Oberkammeramts sowie des Kammeramts gemeinsam; sie wurden dem Kammeramt zugeordnet.";Oberkammeramt Krems;Oberkammeramt Krems;;Uneingeschränkt benützbar;Digitale Reproduktion möglich. Die eigene Herstellung von Reproduktionen ist kostenlos, für Auftragsdigitalisierungen gelten die Kosten in § 18 der Benutzerordnung (KS-PRAES-1/18/1-2020). Nichtkommerzielle Weiterverwendung unter CC-BY-NC-ND-4.0-Lizenz.;StAKr, 1.2.2.1.2. (Krems, Oberkammeramt, Hauptbuch);;StAKr, 1.2.2.1.3. (Krems, Oberkammeramt, Rechnungssammler);;Akten;Papier;"de ; Handschrift (Kurrent)";"Andrea Pühringer, Contributionale, Oeconomicum und Politicum. Die Finanzen der landesfürstlichen Städte Nieder- und Oberösterreichs in der Frühneuzeit (Sozial- und wirtschaftshistorische Studien 27) (Wien - München 2002), hier besonders 127-190.

Andrea Pühringer, Zur Lage der Kommunalverwaltung der Stadt Krems zwischen Reformation und Gaisruck'scher Instruktion, in: Willibald Rosner (Hrsg.), 1000 Jahre Krems - am Fluß der Zeit. Die Vorträge des 15. Symposions des Niederösterreichischen Instituts für Landeskunde, Krems an der Donau, 3. bis 6. Juli 1996 (Studien und Forschungen aus dem Niederösterreichischen Institut für Landeskunde 24) (St. Pölten 2001) 161-185.";
Oberkammeramts-Rechnungssammler;1.2.2.1.3.;StAKr, 1.2.2.1.3. (Krems, Oberkammeramts-Rechnungssammler);38 Bände = 0,6 lfm.;0,6;1644;1752;1644 - 1752;Vermögen und Finanzen;Öffentliches Vermögen;nein;;Auszüge und Arbeitsbehelfe zu den Oberkammeramtsrechnungen der Stadt Krems;"Die Jahrgänge 1747 und 1750 enthalten die Sammler des Oberkammeramts sowie des Kammeramts gemeinsam; sie wurden dem Kammeramt zugeordnet.";;Oberkammeramt Krems;Oberkammeramt Krems;;Uneingeschränkt benützbar;Digitale Reproduktion möglich. Die eigene Herstellung von Reproduktionen ist kostenlos, für Auftragsdigitalisierungen gelten die Kosten in § 18 der Benutzerordnung (KS-PRAES-1/18/1-2020). Nichtkommerzielle Weiterverwendung unter CC-BY-NC-ND-4.0-Lizenz.;;;StAKr, 1.2.2.1.2. (Krems, Oberkammeramtsrechnungen);;Akten;Papier;"de ; Handschrift (Kurrent)";;
Schuldenbücher;1.2.2.1.4.;StAKr, 1.2.2.1.4. (Krems, Oberkammeramt, Schuldenbücher);5 Bände = 0,2 lfm.;0,2;1709;1790;1709 - 1790;Vermögen und Finanzen;Öffentliches Vermögen;nein;;Schuldenbücher des Oberkammeramts der Stadt Krems;"1. 1709-1766
2. 1710-1787
3. 1762-1778
4. 1727-1732
5. 1727-1790";;Oberkammeramt Krems;Oberkammeramt Krems;;Uneingeschränkt benützbar;Digitale Reproduktion möglich. Die eigene Herstellung von Reproduktionen ist kostenlos, für Auftragsdigitalisierungen gelten die Kosten in § 18 der Benutzerordnung (KS-PRAES-1/18/1-2020). Nichtkommerzielle Weiterverwendung unter CC-BY-NC-ND-4.0-Lizenz.;;;;;Akten;Papier;"de ; Handschrift (Kurrent)";;
Bruckerladenrechnungen;1.2.2.10.1.;StAKr, 1.2.2.10.1. (Krems, Bruckerladenamt, Rechnungen);1 Band = 0,1 lfm.;0,1;1729;1729;1729 - 1729;Vermögen und Finanzen;Öffentliches Vermögen;nein;;Rechnungsheft des Bruckerladenamts der Stadt Krems;Das Rechnungsheft enthält Einnahmen (aus Pflaster- und Bodenmaut, chronologisch geordnet) sowie Ausgaben (auf Oberkammeramt sowie einzelne kleine Posten).;"Bis 2021 wurde das einzige erhaltene Rechnungsheft zusammen mit anderen Rechnungen im Sammelbestand ""Diverse Amtsrechnungsbücher"" aufbewahrt und anschließend einem eigenen Bestand zugewiesen.";Bruckerladenamt;Bruckerladenamt Krems;;Uneingeschränkt benützbar;Digitale Reproduktion möglich. Die eigene Herstellung von Reproduktionen ist kostenlos, für Auftragsdigitalisierungen gelten die Kosten in § 18 der Benutzerordnung (KS-PRAES-1/18/1-2020). Nichtkommerzielle Weiterverwendung unter CC-BY-NC-ND-4.0-Lizenz.;;;;"Vollständig erschlossen
1 Band = 0,1 lfm.";Handschriften und Amtsbücher nach ISAD(G);Papier;"de ; Handschrift (Kurrent)";;
Hauptbücher;1.2.2.11.1.;StAKr, 1.2.2.11.1. (Krems, Quartieramt, Hauptbücher);29 Bände = 0,5 lfm.;0,5;1784;1819;1784 - 1819;Vermögen und Finanzen;Öffentliches Vermögen;nein;;Hauptbücher des Quartieramts der Stadt Krems;Fehlende Jahrgänge: 1799, 1809, 1810, 1812-1814, 1817;Der Jahrgang 1798 wurde bis 2022 bei den Hauptbüchern des Steueramts (StAKr, 1.2.2.3.4.) verwahrt, ehe er mit den restlichen Beständen des Quartieramts vereinigt wurde.;Quartieramt Krems;Quartieramt Krems;;Uneingeschränkt benützbar;Digitale Reproduktion möglich. Die eigene Herstellung von Reproduktionen ist kostenlos, für Auftragsdigitalisierungen gelten die Kosten in § 18 der Benutzerordnung (KS-PRAES-1/18/1-2020). Nichtkommerzielle Weiterverwendung unter CC-BY-NC-ND-4.0-Lizenz.;;;;;Handschriften und Amtsbücher nach ISAD(G);Papier;"de ; Handschrift (Kurrent)";;
Journale;1.2.2.11.2.;StAKr, 1.2.2.11.2. (Krems, Quartieramt, Journale);16 Bände = 0,3 lfm.;0,3;1786;1817;1786 - 1817;Vermögen und Finanzen;Öffentliches Vermögen;nein;;Journale des Quartieramts der Stadt Krems;Vorhandene Jahrgänge: 1786, 1790, 1797, 1799, 1800-1803, 1805-1807, 1809, 1811-1813, 1817;Der Jahrgänge 1799 und 1807 wurden bis 2022 bei den Journalen des Steueramts (StAKr, 1.2.2.3.4.) verwahrt, ehe sie mit den restlichen Beständen des Quartieramts vereinigt wurden.;Quartieramt Krems;Quartieramt Krems;;Uneingeschränkt benützbar;Digitale Reproduktion möglich. Die eigene Herstellung von Reproduktionen ist kostenlos, für Auftragsdigitalisierungen gelten die Kosten in § 18 der Benutzerordnung (KS-PRAES-1/18/1-2020). Nichtkommerzielle Weiterverwendung unter CC-BY-NC-ND-4.0-Lizenz.;;;;;Handschriften und Amtsbücher nach ISAD(G);Papier;"de ; Handschrift (Kurrent)";;
Brudermeisteramtsrechnungen;1.2.2.11.X.;StAKr, 1.2.2.11.1. (Krems, Brudermeisteramt, Rechnungen);3 Bände = 0,1 lfm.;0,1;1632;1746;1632 - 1746;Vermögen und Finanzen;Öffentliches Vermögen;nein;;Rechnungsbücher der Fronleichnamsbruderschaft Krems;Die Rechnungen enthalten Einnahmen (neben Weingartenbesitz vor allem aus Opfergeld, Stiftungen und Fußwaschung) sowie Ausgaben (Grunddienst, Priester, Musiker, Fußwaschung).;"Bis 2021 wurden die Rechnungbücher zusammen mit anderen Rechnungen im Sammelbestand ""Diverse Amtsrechnungsbücher"" aufbewahrt und anschließend einem eigenen Bestand zugewiesen.";Brudermeisteramt Krems;Brudermeisteramt Krems;;Uneingeschränkt benützbar;Digitale Reproduktion möglich. Die eigene Herstellung von Reproduktionen ist kostenlos, für Auftragsdigitalisierungen gelten die Kosten in § 18 der Benutzerordnung (KS-PRAES-1/18/1-2020). Nichtkommerzielle Weiterverwendung unter CC-BY-NC-ND-4.0-Lizenz.;;;;;Handschriften und Amtsbücher nach ISAD(G);Papier;"de ; Handschrift (Kurrent)";;
Kammeramtsrechnungen;1.2.2.2.1.;StAKr, 1.2.2.2.1. (Krems, Kammeramtsrechnungen);191 Bände = 170 Bände + 5 Kartons = 5,0 lfm.;5;1516;1782;1516 - 1782;Vermögen und Finanzen;Öffentliches Vermögen;nein;;Rechnungen des Kammeramts der Stadt Krems;"Die Kammeramtsrechnungen sind neben den Oberkammeramtsrechnungen (StAKr, 1.2.2.1.2.) das zentrale Schriftgut der Finanzverwaltung der Stadt Krems. Die Bücher sind als vollständige Einnahmen-Ausgaben-Rechnungen geführt und in Kategorien unterteilt, die die verschiedenen Agenden des Amts widerspiegeln.

Fehlende Jahrgänge ab 1671: 1671, 1675, 1689, 1702, 1743, 1746, 1747, 1750, 1751, 1754, 1766, 1769, 1771, 1773-1781, 1783-1785

Die Jahrgänge 1745, 1748, 1749 und 1753 enthalten die Rechnungen des Oberkammeramts sowie des Kammeramts gemeinsam; sie wurden dem Kammeramt zugeordnet.";;Kammeramt Krems;Kammeramt Krems;;"Grundsätzlich uneingeschränkt möglich; aufgrund konservatorischer und gesundheitlicher Bedenken (Mikroorganismen, Schmutz) in Einzelfällen nur mit entsprechender Genehmigung zu benützen. ";Digitale Reproduktion möglich. Die eigene Herstellung von Reproduktionen ist kostenlos, für Auftragsdigitalisierungen gelten die Kosten in § 18 der Benutzerordnung (KS-PRAES-1/18/1-2020). Nichtkommerzielle Weiterverwendung unter CC-BY-NC-ND-4.0-Lizenz.;;StAKr, 1.2.2.2.2. (Krems, Kammeramt, Hauptbücher);StAKr, 1.2.2.2.4. (Krems, Kammeramt, Rechnungssammler);;Akten;Papier;"de ; Handschrift (Kurrent)";"Andrea Pühringer, Contributionale, Oeconomicum und Politicum. Die Finanzen der landesfürstlichen Städte Nieder- und Oberösterreichs in der Frühneuzeit (Sozial- und wirtschaftshistorische Studien 27) (Wien - München 2002), hier besonders 127-190.

Andrea Pühringer, Zur Lage der Kommunalverwaltung der Stadt Krems zwischen Reformation und Gaisruck'scher Instruktion, in: Willibald Rosner (Hrsg.), 1000 Jahre Krems - am Fluß der Zeit. Die Vorträge des 15. Symposions des Niederösterreichischen Instituts für Landeskunde, Krems an der Donau, 3. bis 6. Juli 1996 (Studien und Forschungen aus dem Niederösterreichischen Institut für Landeskunde 24) (St. Pölten 2001) 161-185.";
Zimentierungsbücher;1.2.2.2.10.;StAKr, 1.2.2.2.10. (Krems, Kammeramt, Zimentierungsbücher);3 Bände = 0,1 lfm.;0,1;1790;1836;1790 - 1836;Vermögen und Finanzen;Öffentliches Vermögen;nein;;Zimentierungsbücher des Kammeramts der Stadt Krems;;;Kammeramt Krems;Kammeramt Krems;;Uneingeschränkt benützbar;Digitale Reproduktion möglich. Die eigene Herstellung von Reproduktionen ist kostenlos, für Auftragsdigitalisierungen gelten die Kosten in § 18 der Benutzerordnung (KS-PRAES-1/18/1-2020). Nichtkommerzielle Weiterverwendung unter CC-BY-NC-ND-4.0-Lizenz.;;;;;Akten;Papier;"de ; Handschrift (Kurrent)";;
Subrepartitionsbücher;1.2.2.2.11.;StAKr, 1.2.2.2.11. (Krems, Kammeramt, Subrepartitionsbücher);3 Bände = 0,2 lfm.;0,2;1772;1787;1772 - 1787;Vermögen und Finanzen;Öffentliches Vermögen;nein;;Subrepartitionsbücher des Kammeramts der Stadt Krems;;;Kammeramt Krems;Kammeramt Krems;;Uneingeschränkt benützbar;Digitale Reproduktion möglich. Die eigene Herstellung von Reproduktionen ist kostenlos, für Auftragsdigitalisierungen gelten die Kosten in § 18 der Benutzerordnung (KS-PRAES-1/18/1-2020). Nichtkommerzielle Weiterverwendung unter CC-BY-NC-ND-4.0-Lizenz.;;;;;Akten;Papier;"de ; Handschrift (Kurrent)";;
Kontributionsbücher;1.2.2.2.12.;StAKr, 1.2.2.2.12. (Krems, Kammeramt, Kontributionsbücher);3 Bände = 0,1 lfm.;0,1;1763;1845;1763 - 1845;Vermögen und Finanzen;Öffentliches Vermögen;nein;;Kontributionsbücher des Kammeramts der Stadt Krems;;;Kammeramt Krems;Kammeramt Krems;;Uneingeschränkt benützbar;Digitale Reproduktion möglich. Die eigene Herstellung von Reproduktionen ist kostenlos, für Auftragsdigitalisierungen gelten die Kosten in § 18 der Benutzerordnung (KS-PRAES-1/18/1-2020). Nichtkommerzielle Weiterverwendung unter CC-BY-NC-ND-4.0-Lizenz.;;;;;Akten;Papier;"de ; Handschrift (Kurrent)";;
Natural- und Materialrechnungssammler;1.2.2.2.13.;StAKr, 1.2.2.2.13. (Krems, Kammeramt, Natural- und Materialrechnungen);5 Bände = 0,1 lfm.;0,1;1747;1754;1747 - 1754;Vermögen und Finanzen;Öffentliches Vermögen;nein;;Natural- und Materialrechnungssammler des Kammeramts der Stadt Krems;;;Kammeramt Krems;Kammeramt Krems;;Uneingeschränkt benützbar;Digitale Reproduktion möglich. Die eigene Herstellung von Reproduktionen ist kostenlos, für Auftragsdigitalisierungen gelten die Kosten in § 18 der Benutzerordnung (KS-PRAES-1/18/1-2020). Nichtkommerzielle Weiterverwendung unter CC-BY-NC-ND-4.0-Lizenz.;;;;;Akten;Papier;"de ; Handschrift (Kurrent)";;
Geldrapulare;1.2.2.2.14.;StAKr, 1.2.2.2.14. (Krems, Kammeramt, Geldrapulare);5 Bände = 0,1 lfm.;0,1;1755;1759;1755 - 1759;Vermögen und Finanzen;Öffentliches Vermögen;nein;;Geldrapulare des Kammeramts der Stadt Krems;;;Kammeramt Krems;Kammeramt Krems;;Uneingeschränkt benützbar;Digitale Reproduktion möglich. Die eigene Herstellung von Reproduktionen ist kostenlos, für Auftragsdigitalisierungen gelten die Kosten in § 18 der Benutzerordnung (KS-PRAES-1/18/1-2020). Nichtkommerzielle Weiterverwendung unter CC-BY-NC-ND-4.0-Lizenz.;;;;;Akten;Papier;"de ; Handschrift (Kurrent)";;
Liquidationen;1.2.2.2.15.;StAKr, 1.2.2.2.15. (Krems, Kammeramt, Liquidationen);1 Faszikel = 0,1 lfm.;0,1;1809;1825;1809 - 1825;Vermögen und Finanzen;Öffentliches Vermögen;nein;;Liquidationsverzeichnisse des Kammeramts der Stadt Krems;;;Kammeramt Krems;Kammeramt Krems;;Uneingeschränkt benützbar;Digitale Reproduktion möglich. Die eigene Herstellung von Reproduktionen ist kostenlos, für Auftragsdigitalisierungen gelten die Kosten in § 18 der Benutzerordnung (KS-PRAES-1/18/1-2020). Nichtkommerzielle Weiterverwendung unter CC-BY-NC-ND-4.0-Lizenz.;;;;;Akten;Papier;"de ; Handschrift (Kurrent)";;
Einzelne Rechnungsbücher;1.2.2.2.16.;StAKr, 1.2.2.2.16. (Krems, Kammeramt, Einzelne Rechnungsbücher);14 Bände = 0,4 lfm.;0,4;;;;Vermögen und Finanzen;Öffentliches Vermögen;ja;Zeitraum (von/bis) nicht überliefert bzw. nicht erfasst.;Einzelne Rechnungsbücher des Kammeramts der Stadt Krems;Enthält u. a.: Bauholzsammler (1755-1757), Handsammler (1754), einzelne Rechnungsbücher für Bauarbeiten, Hausbuch des Kammeramts;;Kammeramt Krems;Kammeramt Krems;;Uneingeschränkt benützbar;Digitale Reproduktion möglich. Die eigene Herstellung von Reproduktionen ist kostenlos, für Auftragsdigitalisierungen gelten die Kosten in § 18 der Benutzerordnung (KS-PRAES-1/18/1-2020). Nichtkommerzielle Weiterverwendung unter CC-BY-NC-ND-4.0-Lizenz.;;;;;Akten;Papier;"de ; Handschrift (Kurrent)";;
Akten;1.2.2.2.17.;StAKr, 1.2.2.2.17. (Krems, Kammeramt, Akten);43 Faszikel = 12 Kartons = 1,2 lfm.;1,2;1790;1850;1790 - 1850;Vermögen und Finanzen;Öffentliches Vermögen;nein;;Verwaltungsakten des Kammeramts der Stadt Krems;Die Akten sind vermischten Inhalts und wurden neben der städtischen Registratur geführt. Sie beinhalten unter anderem Ziegelofenrechnungen, monatliche bzw. bestimmte Zeiten umfassende Auszüge aus den Kammeramtsrechnungen, Einnahmen-Ausgaben-Tabellen, Ex-offo-Akten (Schriftverkehr), Ausweise, Nachträge, Steueramtsrechnungen, Restantenverzeichnisse, Wochenzettel, Pflastermautlisten nach Stadttoren getrennt, Journale, Summarextrakte, Skontrierungsausweise, Holzverkaufslisten, Schublisten und Erläuterungen.;Die Verwaltungsakten waren bis 2022 mit den Rechnungsbeilagen (StAKr, 1.2.2.2.18.) vermischt und wurden anschließend als eigene Serie behandelt.;Kammeramt Krems;Kammeramt Krems;;"Grundsätzlich uneingeschränkt möglich; aufgrund konservatorischer und gesundheitlicher Bedenken (Mikroorganismen, Schmutz) in Einzelfällen nur mit entsprechender Genehmigung zu benützen. ";Digitale Reproduktion möglich. Die eigene Herstellung von Reproduktionen ist kostenlos, für Auftragsdigitalisierungen gelten die Kosten in § 18 der Benutzerordnung (KS-PRAES-1/18/1-2020). Nichtkommerzielle Weiterverwendung unter CC-BY-NC-ND-4.0-Lizenz.;;;"StAKr, 1.2.2.2.2. (Krems, Kammeramt, Hauptbücher)
StAKr, 1.2.2.2.3. (Krems, Kammeramt, Journale)
StAKr, 1.2.2.2.18. (Krems, Kammeramt, Rechnungsbeilagen)";;Akten;Papier;"de ; Handschrift (Kurrent)";;
Rechnungsbeilagen;1.2.2.2.18.;StAKr, 1.2.2.2.18. (Kammeramt Krems, Rechnungsbeilagen);75 Faszikel = 68 Kartons = 6,8 lfm.;6,8;1786;1849;1786 - 1849;Vermögen und Finanzen;Öffentliches Vermögen;nein;;Rechnungsbeilagen des Kammeramts der Stadt Krems;;Die Rechnungsbeilagen waren bis 2022 mit den Verwaltungsakten des Kammeramts (StAKr, 1.2.2.2.18.) vermischt und wurden anschließend als eigene Serie behandelt.;Kammeramt Krems;Kammeramt Krems;;"Grundsätzlich uneingeschränkt möglich; aufgrund konservatorischer und gesundheitlicher Bedenken (Mikroorganismen, Schmutz) in Einzelfällen nur mit entsprechender Genehmigung zu benützen.";Digitale Reproduktion möglich. Die eigene Herstellung von Reproduktionen ist kostenlos, für Auftragsdigitalisierungen gelten die Kosten in § 18 der Benutzerordnung (KS-PRAES-1/18/1-2020). Nichtkommerzielle Weiterverwendung unter CC-BY-NC-ND-4.0-Lizenz.;;;"StAKr, 1.2.2.2.2. (Krems, Kammeramt, Hauptbücher)
StAKr, 1.2.2.2.3. (Krems, Kammeramt, Journale)
StAKr, 1.2.2.2.17. (Krems, Kammeramt, Akten)";;Akten;Papier;"de ; Handschrift (Kurrent)";;
Grundbuchsangelegenheiten;1.2.2.2.19.;StAKr, 1.2.2.2.19. (Krems, Kammeramt, Grundbuchsangelegenheiten);1 Faszikel = 1 Karton = 0,1 lfm.;0,1;;;;Stadt und Raum;Grund und Boden;ja;Zeitraum (von/bis) nicht überliefert bzw. nicht erfasst.;Akten zu Grundbuchsangelegenheiten des Kammeramts der Stadt Krems;;;Kammeramt Krems;Kammeramt Krems;;Uneingeschränkt benützbar;Digitale Reproduktion möglich. Die eigene Herstellung von Reproduktionen ist kostenlos, für Auftragsdigitalisierungen gelten die Kosten in § 18 der Benutzerordnung (KS-PRAES-1/18/1-2020). Nichtkommerzielle Weiterverwendung unter CC-BY-NC-ND-4.0-Lizenz.;;;;;Akten;Papier;"de ; Handschrift (Kurrent)";;
Hauptbücher;1.2.2.2.2.;StAKr, 1.2.2.2.2. (Krems, Kammeramt, Hauptbücher);64 Bände = 5,1 lfm.;5,1;1786;1849;1786 - 1849;Vermögen und Finanzen;Öffentliches Vermögen;nein;;Hauptbücher des Kammeramts der Stadt Krems;Die Hauptbücher lösten neben den Akten samt deren Journalen die früheren Kammeramtsrechnungen ab. In ihnen wurden die Einnahmen und Ausgaben der Stadt Krems verzeichnet, wobei die Akten als Beilagen zu den Rechnungen separat geführt wurden.;;Kammeramt Krems;Kammeramt Krems;;Uneingeschränkt benützbar;Digitale Reproduktion möglich. Die eigene Herstellung von Reproduktionen ist kostenlos, für Auftragsdigitalisierungen gelten die Kosten in § 18 der Benutzerordnung (KS-PRAES-1/18/1-2020). Nichtkommerzielle Weiterverwendung unter CC-BY-NC-ND-4.0-Lizenz.;StAKr, 1.2.2.2.1. (Krems, Kammeramtsrechnungen);;"StAKr, 1.2.2.2.3. (Krems, Kammeramt, Journale)
StAKr, 1.2.2.2.17. (Krems, Kammeramt, Akten)
StAKr, 1.2.2.2.18. (Krems, Kammeramt, Rechnungsbeilagen)";;Akten;Papier;"de ; Handschrift (Kurrent)";;
Körnerpreistabellen;1.2.2.2.20.;StAKr, 1.2.2.2.20. (Krems, Kammeramt, Körnerpreistabellen);17 Faszikel = 2 Kartons = 1,0 lfm.;1;1834;1850;1834 - 1850;Vermögen und Finanzen;Öffentliches Vermögen;nein;;Preistabellen über Getreidepreise des Kammeramts der Stadt Krems;;;Kammeramt Krems;Kammeramt Krems;;"Grundsätzlich uneingeschränkt möglich; aufgrund konservatorischer und gesundheitlicher Bedenken (Mikroorganismen, Schmutz) in Einzelfällen nur mit entsprechender Genehmigung zu benützen. ";Digitale Reproduktion möglich. Die eigene Herstellung von Reproduktionen ist kostenlos, für Auftragsdigitalisierungen gelten die Kosten in § 18 der Benutzerordnung (KS-PRAES-1/18/1-2020). Nichtkommerzielle Weiterverwendung unter CC-BY-NC-ND-4.0-Lizenz.;;;;;Akten;Papier;"de ; Handschrift (Kurrent)";;
Journale;1.2.2.2.3.;StAKr, 1.2.2.2.3. (Krems, Kammeramt, Journale);55 Bände = 2,3 lfm.;2,3;1786;1849;1786 - 1849;Vermögen und Finanzen;Öffentliches Vermögen;nein;;Journalbücher über abgehandelte Schriftstücke beim Kammeramt der Stadt Krems;;;Kammeramt Krems;Kammeramt Krems;;Uneingeschränkt benützbar;Digitale Reproduktion möglich. Die eigene Herstellung von Reproduktionen ist kostenlos, für Auftragsdigitalisierungen gelten die Kosten in § 18 der Benutzerordnung (KS-PRAES-1/18/1-2020). Nichtkommerzielle Weiterverwendung unter CC-BY-NC-ND-4.0-Lizenz.;;;"StAKr, 1.2.2.2.2. (Krems, Kammeramt, Hauptbücher)
StAKr, 1.2.2.2.17. (Krems, Kammeramt, Akten)
StAKr, 1.2.2.2.18. (Krems, Kammeramt, Rechnungsbeilagen)";;Akten;Papier;"de ; Handschrift (Kurrent)";;
Rechnungssammler;1.2.2.2.4.;StAKr, 1.2.2.2.4. (Krems, Kammeramt, Rechnungssammler);10 Bände = 0,3 lfm.;0,3;1651;1751;1651 - 1751;Vermögen und Finanzen;Öffentliches Vermögen;nein;;Auszüge und Arbeitsbehelfe zu den Kammeramtsrechnungen der Stadt Krems;"Vorhandene Jahrgänge: 1651, 1677, 1678, 1711, 1712, 1713, 1714, 1747, 1750, 1751.

Die Jahrgänge 1747 und 1750 enthalten die Sammler des Oberkammeramts sowie des Kammeramts gemeinsam; sie wurden dem Kammeramt zugeordnet.";;Kammeramt Krems;Kammeramt Krems;;Uneingeschränkt benützbar;Digitale Reproduktion möglich. Die eigene Herstellung von Reproduktionen ist kostenlos, für Auftragsdigitalisierungen gelten die Kosten in § 18 der Benutzerordnung (KS-PRAES-1/18/1-2020). Nichtkommerzielle Weiterverwendung unter CC-BY-NC-ND-4.0-Lizenz.;;;;;Akten;Papier;"de ; Handschrift (Kurrent)";;
Bestands- und Zinsbücher;1.2.2.2.5.;StAKr, 1.2.2.2.5. (Krems, Kammeramt, Bestands- und Zinsbücher);9 Bände = 0,6 lfm.;0,6;1726;1852;1726 - 1852;Vermögen und Finanzen;Öffentliches Vermögen;nein;;Bestands- und Zinsbücher des Kammeramts der Stadt Krems;Lückenlose Überlieferung;;Kammeramt Krems;Kammeramt Krems;;Uneingeschränkt benützbar;Digitale Reproduktion möglich. Die eigene Herstellung von Reproduktionen ist kostenlos, für Auftragsdigitalisierungen gelten die Kosten in § 18 der Benutzerordnung (KS-PRAES-1/18/1-2020). Nichtkommerzielle Weiterverwendung unter CC-BY-NC-ND-4.0-Lizenz.;;;StAKr, 1.2.2.2.6. (Krems, Kammeramt, Bestandsbücher über Äcker und Wiesen);;Akten;Papier;"de ; Handschrift (Kurrent)";;
Bestandsbücher über Äcker und Wiesen;1.2.2.2.6.;StAKr, 1.2.2.2.6. (Krems, Kammeramt, Bestandsbücher über Äcker und Wiesen);5 Bände = 0,2 lfm.;0,2;1805;1855;1805 - 1855;Vermögen und Finanzen;Öffentliches Vermögen;nein;;Bestandsbücher über Äcker und Wiesen des Kammeramts der Stadt Krems;"1. 1805-1809
2. 1809-1812
3. 1825-1836
4. 1838-1846
5. 1847-1855";;Kammeramt Krems;Kammeramt Krems;;Uneingeschänkt benützbar;Digitale Reproduktion möglich. Die eigene Herstellung von Reproduktionen ist kostenlos, für Auftragsdigitalisierungen gelten die Kosten in § 18 der Benutzerordnung (KS-PRAES-1/18/1-2020). Nichtkommerzielle Weiterverwendung unter CC-BY-NC-ND-4.0-Lizenz.;;;StAKr, 1.2.2.2.5. (Krems, Kammeramt, Bestands- und Zinsbücher);;Akten;Papier;"de ; Handschrift (Kurrent)";;
Fassionsbücher;1.2.2.2.7.;StAKr, 1.2.2.2.7. (Krems, Kammeramt, Fassionsbücher);8 Bände = 0,4 lfm.;0,4;1750;1789;1750 - 1789;Vermögen und Finanzen;Öffentliches Vermögen;nein;;Fassionsbücher des Kammeramts der Stadt Krems;"1. 1745
2. 1750
3. 1753
4. 1756
5. 1787
6. 1788-1789 (2 Bände, Stadt und Vorstadt)
7. Vormerkbuch für Krems und Stein";;Kammeramt Krems;Kammeramt Krems;;Uneingeschränkt benützbar;Digitale Reproduktion möglich. Die eigene Herstellung von Reproduktionen ist kostenlos, für Auftragsdigitalisierungen gelten die Kosten in § 18 der Benutzerordnung (KS-PRAES-1/18/1-2020). Nichtkommerzielle Weiterverwendung unter CC-BY-NC-ND-4.0-Lizenz.;;;StAKr, 1.1.2.6. (Krems und Stein, Konskriptionsamt);;Akten;Papier;"de ; Handschrift (Kurrent)";;
Steuerbücher über Überländgründe;1.2.2.2.8.;StAKr, 1.2.2.2.8. (Krems, Kammeramt, Steuerbücher über Überländgründe);2 Bände = 0,2 lfm.;0,2;1797;1822;1797 - 1822;Vermögen und Finanzen;Öffentliches Vermögen;nein;;Steuerbücher über Überländgründe des Kammeramts der Stadt Krems;"1. 1797-1807
2. 1813-1822";;Kammeramt Krems;Kammeramt Krems;;Uneingeschränkt benützbar;Digitale Reproduktion möglich. Die eigene Herstellung von Reproduktionen ist kostenlos, für Auftragsdigitalisierungen gelten die Kosten in § 18 der Benutzerordnung (KS-PRAES-1/18/1-2020). Nichtkommerzielle Weiterverwendung unter CC-BY-NC-ND-4.0-Lizenz.;;;StAKr, 1.2.2.3.5. (Krems, Steueramt, Überländsteuerbücher);;Akten;Papier;"de ; Handschrift (Kurrent)";;
Einlagebücher;1.2.2.2.9.;StAKr, 1.2.2.2.9. (Krems, Kammeramt, Einlagebücher);3 Bände = 0,1 lfm.;0,1;1720;1745;1720 - 1745;Vermögen und Finanzen;Öffentliches Vermögen;nein;;Einlagebücher des Kammeramts der Stadt Krems;"1. Pfundeinlage 1720
2. Einlagebuch 1743
3. Gaisruck'sche Einlage 1745";;Kammeramt Krems;Kammeramt Krems;;Uneingeschränkt benützbar;Digitale Reproduktion möglich. Die eigene Herstellung von Reproduktionen ist kostenlos, für Auftragsdigitalisierungen gelten die Kosten in § 18 der Benutzerordnung (KS-PRAES-1/18/1-2020). Nichtkommerzielle Weiterverwendung unter CC-BY-NC-ND-4.0-Lizenz.;;;;;Akten;Papier;"de ; Handschrift (Kurrent)";;
Steueramtsrechnungen;1.2.2.3.1.;StAKr, 1.2.2.3.1. (Krems, Steueramtsrechnungen);40 Bände = 26 Bände + 1 Karton = 0,4 lfm.;0,4;1636;1754;1636 - 1754;Vermögen und Finanzen;Öffentliches Vermögen;nein;;Jahresrechnungen des Steueramts der Stadt Krems;;;Steueramt Krems (bis 1820);Steueramt Krems (bis 1820);;"Grundsätzlich uneingeschränkt möglich; aufgrund konservatorischer und gesundheitlicher Bedenken (Mikroorganismen, Schmutz) in Einzelfällen nur mit entsprechender Genehmigung zu benützen. ";Digitale Reproduktion möglich. Die eigene Herstellung von Reproduktionen ist kostenlos, für Auftragsdigitalisierungen gelten die Kosten in § 18 der Benutzerordnung (KS-PRAES-1/18/1-2020). Nichtkommerzielle Weiterverwendung unter CC-BY-NC-ND-4.0-Lizenz.;;StAKr, 1.2.2.3.4. (Krems, Steueramt, Hauptbücher);;;Akten;Papier;"de ; Handschrift (Kurrent)";;
Einzelne Steuerbücher;1.2.2.3.10.;StAKr, 1.2.2.3.8. (Krems, Steueramt, Einzelne Steuerbücher);4 Bände = 0,2 lfm.;0,2;1732;1794;1732 - 1794;Vermögen und Finanzen;Öffentliches Vermögen;nein;;Einzelne Steuerbücher des Steueramts der Stadt Krems;"1. Inleutesteuerbuch (?) 1727-1732
2. Kassakontobuch 1761-1782
3. Tabak-Taxbuch 1759-1763
4. Gabenbuch 1790-1794";;Steueramt Krems (bis 1820);Steueramt Krems (bis 1820);;Uneingeschränkt benützbar;Digitale Reproduktion möglich. Die eigene Herstellung von Reproduktionen ist kostenlos, für Auftragsdigitalisierungen gelten die Kosten in § 18 der Benutzerordnung (KS-PRAES-1/18/1-2020). Nichtkommerzielle Weiterverwendung unter CC-BY-NC-ND-4.0-Lizenz.;;;;;Akten;Papier;"de ; Handschrift (Kurrent)";;
Steueramtsakten und -beilagen;1.2.2.3.11.;StAKr, 1.2.2.3.9. (Krems, Steueramt, Akten und Beilagen);23 Faszikel = 3 Kartons = 0,3 lfm.;0,3;1786;1816;1786 - 1816;Vermögen und Finanzen;Öffentliches Vermögen;nein;;Verwaltungsakten und Rechnungsbeilagen des Steueramts der Stadt Krems;Fehlende Jahrgänge: 1804-1808, 1810-1814.;Die Akten und Beilagen des Steueramts galten als verloren und tauchten erst 2021 bei den Neuaufstellungsarbeiten auf, da sie zwischen die Akten und Beilagen der Waisenkassa sowie der Depositenkassa gelegt worden waren.;Steueramt Krems (bis 1820);Steueramt Krems (bis 1820);;"Grundsätzlich uneingeschränkt möglich; aufgrund konservatorischer und gesundheitlicher Bedenken (Mikroorganismen, Schmutz) in Einzelfällen nur mit entsprechender Genehmigung zu benützen. ";Digitale Reproduktion möglich. Die eigene Herstellung von Reproduktionen ist kostenlos, für Auftragsdigitalisierungen gelten die Kosten in § 18 der Benutzerordnung (KS-PRAES-1/18/1-2020). Nichtkommerzielle Weiterverwendung unter CC-BY-NC-ND-4.0-Lizenz.;;;StAKr, 1.2.2.3.5. (Krems, Steueramt, Journale);;Akten;Papier;"de ; Handschrift (Kurrent)";;
Steuerbücher;1.2.2.3.2.;StAKr, 1.2.2.3.2. (Krems, Steueramt, Steuerbücher);120 Bände = 8,1 lfm.;8,1;1659;1820;1659 - 1820;Vermögen und Finanzen;Öffentliches Vermögen;nein;;Steuerbücher des Steueramts der Stadt Krems;;;Steueramt Krems (bis 1820);Steueramt Krems (Steueramt Krems);;"Grundsätzlich uneingeschränkt möglich; aufgrund konservatorischer und gesundheitlicher Bedenken (Mikroorganismen, Schmutz) in Einzelfällen nur mit entsprechender Genehmigung zu benützen. ";Digitale Reproduktion möglich. Die eigene Herstellung von Reproduktionen ist kostenlos, für Auftragsdigitalisierungen gelten die Kosten in § 18 der Benutzerordnung (KS-PRAES-1/18/1-2020). Nichtkommerzielle Weiterverwendung unter CC-BY-NC-ND-4.0-Lizenz.;;;;;Akten;Papier;"de ; Handschrift (Kurrent)";;
Haussteuerbücher;1.2.2.3.3.;StAKr, 1.2.2.3.3. (Krems, Steueramt, Steuerbücher);3 Bände = 0,2 lfm.;0,2;1581;1614;1581 - 1614;Vermögen und Finanzen;Öffentliches Vermögen;nein;;Haussteuerbücher des Steueramts der Stadt Krems;Der Bestand besteht aus einem Band für das Jahr 1581 sowie einer in zwei Bände aufgeteilten Aufnahme, die die Jahre 1597 bis 1614 umfasst.;;Steueramt Krems (bis 1820);Steueramt Krems (bis 1820);;Uneingeschränkt benützbar;Digitale Reproduktion möglich. Die eigene Herstellung von Reproduktionen ist kostenlos, für Auftragsdigitalisierungen gelten die Kosten in § 18 der Benutzerordnung (KS-PRAES-1/18/1-2020). Nichtkommerzielle Weiterverwendung unter CC-BY-NC-ND-4.0-Lizenz.;;;;;Akten;Papier;"de ; Handschrift (Kurrent)";;
Hauptbücher;1.2.2.3.4.;StAKr, 1.2.2.3.4. (Krems, Steueramt, Hauptbücher);32 Bände = 0,6 lfm.;0,6;1787;1819;1787 - 1819;Vermögen und Finanzen;Öffentliches Vermögen;nein;;Hauptbücher des Steueramts der Stadt Krems;Fehlender Jahrgang: 1802;;Steueramt Krems (bis 1820);Steueramt Krems (bis 1820);;Uneingeschränkt benützbar;Digitale Reproduktion möglich. Die eigene Herstellung von Reproduktionen ist kostenlos, für Auftragsdigitalisierungen gelten die Kosten in § 18 der Benutzerordnung (KS-PRAES-1/18/1-2020). Nichtkommerzielle Weiterverwendung unter CC-BY-NC-ND-4.0-Lizenz.;StAKr, 1.2.2.3.1. (Krems, Steueramtsrechnungen);;;;Akten;Papier;"de ; Handschrift (Kurrent)";;
Journale;1.2.2.3.5.;StAKr, 1.2.2.3.5. (Krems, Steueramt, Journale);20 Bände = 0,2 lfm.;0,2;1787;1821;1787 - 1821;Vermögen und Finanzen;Öffentliches Vermögen;nein;;Journale des Steueramts der Stadt Krems;Fehlende Jahrgänge: 1794, 1806, 1808-1813, 1816-1818;;Steueramt Krems (bis 1820);Steueramt Krems (bis 1820);;"Grundsätzlich uneingeschränkt möglich; aufgrund konservatorischer und gesundheitlicher Bedenken (Mikroorganismen, Schmutz) in Einzelfällen nur mit entsprechender Genehmigung zu benützen.";Digitale Reproduktion möglich. Die eigene Herstellung von Reproduktionen ist kostenlos, für Auftragsdigitalisierungen gelten die Kosten in § 18 der Benutzerordnung (KS-PRAES-1/18/1-2020). Nichtkommerzielle Weiterverwendung unter CC-BY-NC-ND-4.0-Lizenz.;;;StAKr, 1.2.2.3.11. (Krems, Steueramt, Steueramtsakten und -beilagen);;Akten;Papier;"de ; Handschrift (Kurrent)";;
Grundbuchs-Steuerbuch;1.2.2.3.6.;StAKr, 1.2.2.3.4. (Krems, Steueramt, Grundbuchs-Steuerbuch);3 Bände = 0,1 lfm.;0,1;1753;1768;1753 - 1768;Vermögen und Finanzen;Öffentliches Vermögen;nein;;Grundbuchs-Steuerbücher des Steueramts der Stadt Krems;;;Steueramt Krems (bis 1820);Steueramt Krems (bis 1820);;Uneingeschränkt benützbar;Digitale Reproduktion möglich. Die eigene Herstellung von Reproduktionen ist kostenlos, für Auftragsdigitalisierungen gelten die Kosten in § 18 der Benutzerordnung (KS-PRAES-1/18/1-2020). Nichtkommerzielle Weiterverwendung unter CC-BY-NC-ND-4.0-Lizenz.;;;;;Akten;Papier;"de ; Handschrift (Kurrent)";;
Überländsteuerbücher;1.2.2.3.7.;StAKr, 1.2.2.3.5. (Krems, Steueramt, Überländsteuerbücher);4 Bände = 0,2 lfm.;0,2;1769;1807;1769 - 1807;Vermögen und Finanzen;Öffentliches Vermögen;nein;;Überländsteuerbücher des Steueramts der Stadt Krems;;;Steueramt Krems (bis 1820);Steueramt Krems (bis 1820);;Uneingeschränkt benützbar;Digitale Reproduktion möglich. Die eigene Herstellung von Reproduktionen ist kostenlos, für Auftragsdigitalisierungen gelten die Kosten in § 18 der Benutzerordnung (KS-PRAES-1/18/1-2020). Nichtkommerzielle Weiterverwendung unter CC-BY-NC-ND-4.0-Lizenz.;;;StAKr, 1.2.2.2.8. (Krems, Kammeramt, Steuerbücher über Überländgründe);;Akten;Papier;"de ; Handschrift (Kurrent)";;
Steuerrapulare;1.2.2.3.8.;StAKr, 1.2.2.3.6. (Krems, Steueramt, Steuerrapulare);2 Bände = 0,1 lfm.;0,1;1778;1787;1778 - 1787;Vermögen und Finanzen;Öffentliches Vermögen;nein;;Steuerrapulare des Steueramts der Stadt Krems;;;Steueramt Krems (bis 1820);Steueramt Krems (bis 1820);;Uneingeschränkt benützbar;Digitale Reproduktion möglich. Die eigene Herstellung von Reproduktionen ist kostenlos, für Auftragsdigitalisierungen gelten die Kosten in § 18 der Benutzerordnung (KS-PRAES-1/18/1-2020). Nichtkommerzielle Weiterverwendung unter CC-BY-NC-ND-4.0-Lizenz.;;;;;Akten;Papier;"de ; Handschrift (Kurrent)";;
Klassensteuerbücher;1.2.2.3.9.;StAKr, 1.2.2.3.7. (Krems, Steueramt, Klassensteuerbücher);3 Bände = 0,1 lfm.;0,1;1800;1805;1800 - 1805;Vermögen und Finanzen;Öffentliches Vermögen;nein;;Klassensteuerbücher des Steueramts der Stadt Krems;;;Steueramt Krems (bis 1820);Steueramt Krems (bis 1820);;Uneingeschränkt benützbar;Digitale Reproduktion möglich. Die eigene Herstellung von Reproduktionen ist kostenlos, für Auftragsdigitalisierungen gelten die Kosten in § 18 der Benutzerordnung (KS-PRAES-1/18/1-2020). Nichtkommerzielle Weiterverwendung unter CC-BY-NC-ND-4.0-Lizenz.;;;;;Akten;Papier;"de ; Handschrift (Kurrent)";;
Grundbücher;1.2.2.4.1.;StAKr, 1.2.2.4.1. (Krems, Grundbuchsamt, Grundbücher);13 Bände = 1,2 lfm.;1,2;1551;1832;1551 - 1832;Stadt und Raum;Grund und Boden;nein;;Grundbücher der Stadt Krems samt zugekaufter Herrschaften;;;Grundbuchsamt Krems;Grundbuchsamt Krems;;Uneingeschränkt benützbar;Digitale Reproduktion möglich. Die eigene Herstellung von Reproduktionen ist kostenlos, für Auftragsdigitalisierungen gelten die Kosten in § 18 der Benutzerordnung (KS-PRAES-1/18/1-2020). Nichtkommerzielle Weiterverwendung unter CC-BY-NC-ND-4.0-Lizenz.;;;;;Akten;Papier;"de ; Handschrift (Kurrent, Kanzlei)";;
Gülteinlagen und Schätzungen;1.2.2.4.2.;StAKr, 1.2.2.4.2. (Krems, Grundbuchsamt, Gülteinlagen und Schätzungen);2 Faszikel = 1 Karton = 0,4 lfm.;0,4;1848;1850;1848 - 1850;Vermögen und Finanzen;Öffentliches Vermögen;nein;;Gülteinlagen und Schätzungen des Grundbuchsamts der Stadt Krems;"1. Schätzung für Eselstein, Krems und Gneixendorf
2. Hof Luftenberg bei Weinzierl, ehemals Raitenhaslacher Besitz";;Grundbuchsamt Krems;Grundbuchsamt Krems;;Uneingeschränkt benützbar;Digitale Reproduktion möglich. Die eigene Herstellung von Reproduktionen ist kostenlos, für Auftragsdigitalisierungen gelten die Kosten in § 18 der Benutzerordnung (KS-PRAES-1/18/1-2020). Nichtkommerzielle Weiterverwendung unter CC-BY-NC-ND-4.0-Lizenz.;;;;;Akten;Papier;"de ; Handschrift (Kurrent)";;
Taz- und Ungeldrechnungen;1.2.2.5.1.;StAKr, 1.2.2.5.1. (Krems, Tazamt, Taz- und Ungeldrechnungen);46 Bände = 8 Kartons = 0,8 lfm.;0,8;1599;1731;1599 - 1731;Vermögen und Finanzen;Öffentliches Vermögen;nein;;Taz- und Ungeldrechnungen des Tazamts der Stadt Krems;;;Tazamt Krems;Tazamt Krems;;Uneingeschränkt benützbar;Digitale Reproduktion möglich. Die eigene Herstellung von Reproduktionen ist kostenlos, für Auftragsdigitalisierungen gelten die Kosten in § 18 der Benutzerordnung (KS-PRAES-1/18/1-2020). Nichtkommerzielle Weiterverwendung unter CC-BY-NC-ND-4.0-Lizenz.;;;;;Akten;Papier;"de ; Handschrift (Kurrent)";;
Taz- und Ungeldrapulare;1.2.2.5.2.;StAKr, 1.2.2.5.2. (Krems, Tazamt, Taz- und Ungeldrapulare);14 Bände = 2 Kartons = 0,2 lfm.;0,2;1689;1829;1689 - 1829;Vermögen und Finanzen;Öffentliches Vermögen;nein;;Taz- und Ungeldrapulare des Tazamts der Stadt Krems;;;Tazamt Krems;Tazamt Krems;;Uneingeschränkt benützbar;Digitale Reproduktion möglich. Die eigene Herstellung von Reproduktionen ist kostenlos, für Auftragsdigitalisierungen gelten die Kosten in § 18 der Benutzerordnung (KS-PRAES-1/18/1-2020). Nichtkommerzielle Weiterverwendung unter CC-BY-NC-ND-4.0-Lizenz.;;;;;Akten;Papier;"de ; Handschrift (Kurrent)";;
Waagbücher;1.2.2.6.1.;StAKr, 1.2.2.6.1. (Krems, Waagamt, Waagbücher);16 Bände = 0,4 lfm.;0,4;1621;1736;1621 - 1736;Wirtschaft;Handel, Gewerbe und Handwerk;nein;;Waagbücher des Waagamts der Stadt Krems;In den vom Waagmeister geführten Waagbüchern wurden jene Händler vermerkt, die an der städtischen Waage ihre Güter wiegen ließen. Angeführt sind nicht nur die Namen der Händler, sondern auch der Herkunftsort sowie die gehandelten Waren. Die Bücher sind tabellarisch aufgebaut.;;Waagamt Krems;Waagamt Krems;;Uneingeschränkt benützbar;Digitale Reproduktion möglich. Die eigene Herstellung von Reproduktionen ist kostenlos, für Auftragsdigitalisierungen gelten die Kosten in § 18 der Benutzerordnung (KS-PRAES-1/18/1-2020). Nichtkommerzielle Weiterverwendung unter CC-BY-NC-ND-4.0-Lizenz.;;;;;Akten;Papier;"de ; Handschrift (Kurrent)";"Andrea Serles, gmainer statt nuz und fromen. Serielle Quellen zur Handelsgeschichte in städtischen Archiven am Beispiel von Krems an der Donau, in: Peter Rauscher – dies. (Hrsgg.), Wiegen – Zählen – Registrieren. Handelsgeschichtliche Massenquellen und die Erforschung mitteleuropäischer Märkte (13.-18. Jahrhundert) (Beiträge zur Geschichte der Städte Mitteleuropas 25) (Innsbruck 2015) 91-134.

Peter Rauscher - Andrea Serles, Der Donauhandel. Quellen zur österreichischen Wirtschaftsgeschichte des 17. und 18. Jahrhunderts, in: Frühneuzeit-Info 25 (2014) 244-247. URL: https://fnzinfo.hypotheses.org/361.

Peter Rauscher - Andrea Serles - Beate Pamperl, Die Kremser Waag- und Niederlagsbücher. Bedeutung und Möglichkeiten der digitalen Erschließung von wirtschaftshistorischen Massenquellen, in: Pro Civitate Austriae. Information zur Stadtgeschichtsforschung in Österreich, Neue Folge 17 (2012) S. [57]-82.";"Kremser Waag- und Niederlagsbücher, in: Der Donauhandel. Quellen zur Österreichischen Wirtschaftsgeschichte des 17. und 18. Jahrhunderts. URL: https://donauhandel.univie.ac.at/edition-kremser-waag-und-niederlagsbucher/.

The Krems Weighing and Warehouse Books, in: The Danube Trade. URL: https://phaidra.univie.ac.at/ext/donauhandel."
Niederlagsbücher;1.2.2.6.2.;StAKr, 1.2.2.6.2. (Krems, Waagamt, Niederlagsbücher);10 Bände = 0,3 lfm.;0,3;1621;1736;1621 - 1736;Wirtschaft;Handel, Gewerbe und Handwerk;nein;;Niederlagsbücher des Waagamts der Stadt Krems;In den vom Waagmeister geführten Niederlagsbüchern wurden jene Händler vermerkt, die Niederlagsgelder bezahlten. Angeführt sind nicht nur die Namen der Händler, sondern auch der Herkunftsort sowie die gehandelten Waren. Die Bücher sind tabellarisch aufgebaut.;;Waagamt Krems;Waagamt Krems;;Uneingeschränkt benützbar;Digitale Reproduktion möglich. Die eigene Herstellung von Reproduktionen ist kostenlos, für Auftragsdigitalisierungen gelten die Kosten in § 18 der Benutzerordnung (KS-PRAES-1/18/1-2020). Nichtkommerzielle Weiterverwendung unter CC-BY-NC-ND-4.0-Lizenz.;;;;;Akten;Papier;"de ; Handschrift (Kurrent)";"Andrea Serles, gmainer statt nuz und fromen. Serielle Quellen zur Handelsgeschichte in städtischen Archiven am Beispiel von Krems an der Donau, in: Peter Rauscher – dies. (Hrsgg.), Wiegen – Zählen – Registrieren. Handelsgeschichtliche Massenquellen und die Erforschung mitteleuropäischer Märkte (13.-18. Jahrhundert) (Beiträge zur Geschichte der Städte Mitteleuropas 25) (Innsbruck 2015) 91-134.

Peter Rauscher - Andrea Serles, Der Donauhandel. Quellen zur österreichischen Wirtschaftsgeschichte des 17. und 18. Jahrhunderts, in: Frühneuzeit-Info 25 (2014) 244-247. URL: https://fnzinfo.hypotheses.org/361.

Peter Rauscher - Andrea Serles - Beate Pamperl, Die Kremser Waag- und Niederlagsbücher. Bedeutung und Möglichkeiten der digitalen Erschließung von wirtschaftshistorischen Massenquellen, in: Pro Civitate Austriae. Information zur Stadtgeschichtsforschung in Österreich, Neue Folge 17 (2012) S. [57]-82.";"Kremser Waag- und Niederlagsbücher, in: Der Donauhandel. Quellen zur Österreichischen Wirtschaftsgeschichte des 17. und 18. Jahrhunderts. URL: https://donauhandel.univie.ac.at/edition-kremser-waag-und-niederlagsbucher/.

The Krems Weighing and Warehouse Books, in: The Danube Trade. URL: https://phaidra.univie.ac.at/ext/donauhandel."
Restantenamtsrechnungen;1.2.2.7.1.;StAKr, 1.2.2.7.1. (Krems, Restantenamtsrechnungen);10 Bände = 1 Karton = 0,1 lfm.;0,1;1659;1734;1659 - 1734;Vermögen und Finanzen;Öffentliches Vermögen;nein;;Rechnungsbücher des Restantenamts der Stadt Krems;In den Rechnungsbüchern des Restantenamts wurden ausständige Steuern und Anschläge vermerkt.;;Restantenamt Krems;Restantenamt Krems;;Uneingeschränkt benützbar;Digitale Reproduktion möglich. Die eigene Herstellung von Reproduktionen ist kostenlos, für Auftragsdigitalisierungen gelten die Kosten in § 18 der Benutzerordnung (KS-PRAES-1/18/1-2020). Nichtkommerzielle Weiterverwendung unter CC-BY-NC-ND-4.0-Lizenz.;;;;;Akten;Papier;"de ; Handschrift (Kurrent)";;
St.-Kathedra-Petri-, St.-Helena-, St.-Andreas-, St.-Sebastian-und-Fabian-Stiftung;1.2.2.8.1.;StAKr, 1.2.2.8.1. (Krems, Stiftungsverwaltungsämter, St.-Kathedra-Petri-, St.-Helena-, St.-Andreas- und St.-Sebastian-und-Fabian-Stiftung);1 Band = 0,1 lfm.;0,1;1633;1636;1633 - 1636;Vermögen und Finanzen;Öffentliches Vermögen;nein;;Rechnungen des Stiftungsverwaltungsamts der St.-Kathedra-Petri-, St.-Helena-, St.-Andreas- und St.-Sebastian-und-Fabian-Stiftung;"Die Rechnungen umfassen jährlich die Einnahmen (vor allem aus Weingärten in Naturalien sowie Zins von Häusern, Wiesen und Weingärten in Geldform) sowie Ausgaben, die sich auf wenige Einzelposten beschränken.

Der Bestand umfasst den einzigen erhaltenen Band aus den Jahren 1633-1636.";"Das Rechnungsbuch war bis 2021 dem Sammelbestand ""Amtsrechnungsbücher 1594-1754"" zugeordnet und wurde im Rahmen der Neuordnungsarbeiten einem eigenen Bestand zugeteilt.";Stiftungsverwaltungsämter Krems;Stiftungsverwaltungsämter Krems;;Uneingeschränkt benützbar;Digitale Reproduktion möglich. Die eigene Herstellung von Reproduktionen ist kostenlos, für Auftragsdigitalisierungen gelten die Kosten in § 18 der Benutzerordnung (KS-PRAES-1/18/1-2020). Nichtkommerzielle Weiterverwendung unter CC-BY-NC-ND-4.0-Lizenz.;;;;"Vollständig erschlossen
1 Band = 0,1 lfm.";Handschriften und Amtsbücher nach ISAD(G);Papier;"de ; Handschrift (Kurrent)";;
St.-Leopold-Stiftung;1.2.2.8.2.;StAKr, 1.2.2.8.2. (Krems, Stiftungsverwaltungsämter, St.-Leopold-Stiftung);3 Bände = 0,1 lfm.;0,1;1685;1735;1685 - 1735;Vermögen und Finanzen;Öffentliches Vermögen;nein;;Rechnungen der St.-Leopold-Stiftung;"Die Rechnungen umfassen Einnahmen (vor allem aus Weingärten in Form von Maische sowie als Zins aus Verpachtungen und einem Zehent in Statzendorf) sowie Ausgaben (Grunddienst und einzelne Ausgaben).

Vorhandene Jahrgänge:
1. 1685-1686
2. 1687-1692
3. 1733-1735";"Die Rechnungen waren bis 2021 dem Sammelbestand ""Amtsrechnungsbücher 1594-1754"" zugeordnet und wurden im Rahmen der Neuordnungsarbeiten einem eigenen Bestand zugeteilt.";Stiftungsverwaltungsämter Krems;Stiftungsverwaltungsämter Krems;;Uneingeschränkt benützbar;Digitale Reproduktion möglich. Die eigene Herstellung von Reproduktionen ist kostenlos, für Auftragsdigitalisierungen gelten die Kosten in § 18 der Benutzerordnung (KS-PRAES-1/18/1-2020). Nichtkommerzielle Weiterverwendung unter CC-BY-NC-ND-4.0-Lizenz.;;;;"Vollständig erschlossen
3 Bände = 0,1 lfm.";Handschriften und Amtsbücher nach ISAD(G);Papier;"de ; Handschrift (Kurrent)";;
Waisenstiftung des Bürgerspitals;1.2.2.8.3.;StAKr, 1.2.2.8.3. (Krems, Stiftungsverwaltungsämter, Waisenstiftung des Bürgerspitals);13 Bände = 1 Karton = 0,1 lfm.;0,1;1794;1794;1794 - 1794;Gesundheit;Medizinische Versorgung;nein;;Rechnung des Stiftungsverwalteramts der Waisenstiftung des Bürgerspitals;Die Hefte gliedern sich in Einnahmen (vor allem aus Weinverkauf, aber auch aus Zinsen der angelegten Kapitalien) sowie Ausgaben (für Versorgung, Handwerker und Güter).;Die Rechnung wurde bis 2021 zusammen mit den Archivalien des Bürgerspitals aufbewahrt und im Rahmen der Neuordnungsarbeiten einem eigenen Bestand zugeteilt.;Stiftungsverwaltungsämter Krems;Stiftungsverwaltungsämter Krems;Obwohl das Waisenhaus dem Bürgerspital angehörte und damit eine beiderstädtische Angelegenheit war - wie es generall auch beim Waisenwesen der Fall war - wurde die Verwaltung von der Kremser Stiftungsadministration übernommen.;Uneingeschränkt benützbar;Digitale Reproduktion möglich. Die eigene Herstellung von Reproduktionen ist kostenlos, für Auftragsdigitalisierungen gelten die Kosten in § 18 der Benutzerordnung (KS-PRAES-1/18/1-2020). Nichtkommerzielle Weiterverwendung unter CC-BY-NC-ND-4.0-Lizenz.;;;StAKr, 1.1.4.1.4. (Krems und Stein, Waisenkassa des Bürgerspitals);"Vollständig erschlossen
13 Bände = 1 Karton = 0,1 lfm.";Handschriften und Amtsbücher nach ISAD(G);Papier;"de ; Handschrift (Kurrent)";;
Einzelne Stiftungen;1.2.2.8.4.;StAKr, 1.2.2.8.4. (Krems, Stiftungsverwaltungsämter, Einzelne Stiftungen);58 Faszikel = 2 Kartons = 0,2 lfm.;0,2;1452;1923;1452 - 1923;Gesundheit;Medizinische Versorgung;nein;;Einzelne Stiftungen zugunsten der Stadt Krems und ihrer Einrichtungen, darunter das Bürgerspital beider Städte Krems und Stein;Der Bestand umfasst einzelne Stiftungen, mit denen die Stadt von Bürgerinnen und Bürgern begünstigt wurde. Der Bestand reicht vom Jahr 1452 (in Abschrift erhalten) bis ins Jahr 1923, da die Verwaltung der Stiftungen von der Neuzeit in die Moderne unverändert erfolgte.;"Der Bestand wurde im Mai und Juni 2024 aus drei Gliedern zusammengesetzt:
1. Einem Faszikel mit Stiftungsunterlagen, der im Mai 2023 in einem Panzerschrank im Rathaus aufgefunden wurde (KS-AR-2/14/1-2023)
2. Einem Faszikel von Stiftungsakten vor allem ab 1850, der im 20. Jahrhundert im Archiv gebildet worden war
3. Einzelnen älteren Unterlagen, die auf verschiedene Bestände verteilt waren.";Stiftungsverwaltungsämter Krems;Stiftungsverwaltungsämter Krems;;Uneingeschränkt benützbar;Digitale Reproduktion möglich. Die eigene Herstellung von Reproduktionen ist kostenlos, für Auftragsdigitalisierungen gelten die Kosten in § 18 der Benutzerordnung (KS-PRAES-1/18/1-2020). Nichtkommerzielle Weiterverwendung unter CC-BY-NC-ND-4.0-Lizenz.;;;StAKr, 1.2.2.8.5. (Krems, Stiftungsverwaltungsämter, Index);"Vollständig erschlossen
58 Faszikel = 2 Kartons = 0,2 lfm.";Akten nach ISAD(G);Papier;"de ; Handschrift (Kurrent), Typoskript";;
Indizes und Abschriften;1.2.2.8.5.;StAKr, 1.2.2.8.5. (Krems, Stiftungsverwaltungsämter, Index);2 Bände = 0,1 lfm.;0,1;1770;1920;1770 - 1920;Gesundheit;Medizinische Versorgung;nein;;Indizes über die und Abschriften der vorhandenen Stiftungen für die Stadt Krems und das Bürgerspital;;Der Indexband wurde im Mai 2023 in einem Panzerschrank im Rathaus aufgefunden (KS-AR-2/14/1-2023).;Stiftungsverwaltungsämter Krems;Stiftungsverwaltungsämter Krems;;Uneingeschränkt benützbar;Digitale Reproduktion möglich. Die eigene Herstellung von Reproduktionen ist kostenlos, für Auftragsdigitalisierungen gelten die Kosten in § 18 der Benutzerordnung (KS-PRAES-1/18/1-2020). Nichtkommerzielle Weiterverwendung unter CC-BY-NC-ND-4.0-Lizenz.;;;;"Vollständig erschlossen
2 Bände = 0,1 lfm.";Handschriften und Amtsbücher nach ISAD(G);Papier;"de ; Handschrift (Kurrent)";;
Baumeisteramtsrechnungen;1.2.2.9.1.;StAKr, 1.2.2.9.1. (Krems, Baumeisteramt, Rechnungen);2 Bände = 0,1 lfm.;0,1;1457;1459;1457 - 1459;Vermögen und Finanzen;Öffentliches Vermögen;nein;;Rechnungshefte des Baumeisteramts der Stadt Krems;Die beiden Rechnungen gliedern sich in Einnahmen und Ausgaben. Wahrscheinlich sind sie als Reinschrift der Wochenzettel, auf denen wöchentlich Baumaterialien und Arbeiterkosten abgerechnet wurden, angefertigt worden.;;Baumeisteramt Krems;Baumeisteramt Krems;;Uneingeschränkt benützbar;Digitale Reproduktion möglich. Die eigene Herstellung von Reproduktionen ist kostenlos, für Auftragsdigitalisierungen gelten die Kosten in § 18 der Benutzerordnung (KS-PRAES-1/18/1-2020). Nichtkommerzielle Weiterverwendung unter CC-BY-NC-ND-4.0-Lizenz.;;;;;Akten;Papier;"de ; Handschrift (Kursive)";"Gerhard Jaritz, Die Rechnungen des Kremser ""Stadtbaumeisters"" Wilpold Harber aus den Jahren 1457 und 1459, in: Mitteilungen des Kremser Stadtarchivs 15-16 (1975-1976) 1-62. URL: https://www.mitteilungen.at/wp-content/uploads/2023/03/MiKrStA_15-16_001-062_Jaritz_Stadtbaumeister.pdf.";
Altakten;1.2.3.;StAKr, 1.2.3. (Krems, Altakten);106 Faszikel = 35 Kartons = 3,5 lfm.;3,5;1500;1860;1500 - 1860;Vermögen und Finanzen;Öffentliches Vermögen;nein;;Bei den sogenannten Altakten handelt es sich um keinen organisch gewachsenen Bestand, sondern um einen Versuch aus der Mitte des 19. Jahrhunderts, die wichtigsten historischen Akten der Städte Krems und Stein systematisch abzulegen und zu verzeichnen. ;Bei den Akten handelt es sich größtenteils um Stücke, die vor der Einführung einer Registratur im Zuge der Josephinischen Magistratsreform 1785 angelegt wurden und somit einer zugrundeliegenden Ordnung entbehrten. Bedeutende Akten, die nach 1785 entstanden, wurden auch aus der Registratur gezogen und mit einer neuen Signatur versehen. Dazu kamen nicht-gebundene Hefte aus der Amtsverwaltung, etwa Kammeramts-, Pupillar- oder Taxamtsrechnungen.;"Gegen Ende des 19. Jahrhunderts wurde diesem eigentlich nur für Akten vorgesehenen Bestandes auch sortenfremde Archivalien eingegliedert. Dies begann mit den Urkunden, die unvollständig und in nur kleiner Zahl eingeschrieben wurden, und endete mit bedeutenderen Einzelstücken aus der Zeit nach 1850, als Krems bereits eine selbstständige politische Gemeinde wurde. Dieses System wurde von den Stadtarchivaren Hans Plöckinger und Fritz Dworschak bzw. dessen Mitarbeiter Karl Benesch fortgeführt; verzeichnet wurden dabei auch ganze Kisten wie ""Varia 1944-1945"" und thematische Sammlungen zu Vereinen. Das Faszikel-Nummern-System kam dabei allmählich ab; Faszikel wurden zu Sinneinheiten geschrumpft und wurden in gleichen Abständen mit den Nummern erhöht; die Kartonnummer löste fortschreitend die Faszikelnummer ab; oftmals fehlten Faszikel- oder Einzelstücknummern.

Im Zuge der Neuaufstellung des Stadtarchivs wurde im Jahr 2021 begonnen, die zum Schluss wild gewachsene Reihe nach Provenienzen zu trennen. Während die ursprüngliche Sortierung grundsätzlich beibehalten wurde und lediglich Provenienzzuordnungen (etwa bei den Kammeramts- oder Pupillarrechnungen) erfolgte, wurden alle Bestände nach 1850 in die jeweils richtigen Bestände übertragen. Zusätzlich wurde begonnen, einzelne aufgefundene registraturfremde Akten unter Beachtung der Numerus Currens in die Reihe aufzunehmen.";Magistrat der Städte Krems und Stein (bis 1849);mehrere Provenienzen;Die Akten von Krems und Stein wurden von Beginn an in der Kremser Kanzlei, die dem Stadtschreiberamt angegliedert war, aufbewahrt. Vor der Einführung der Registratur 1785 folgten sie keinem besonderen Ordnungszusammenhang.;"Grundsätzlich uneingeschränkt möglich; aufgrund konservatorischer und gesundheitlicher Bedenken (Mikroorganismen, Schmutz) in Einzelfällen nur mit entsprechender Genehmigung zu benützen.";Digitale Reproduktion möglich. Die eigene Herstellung von Reproduktionen ist kostenlos, für Auftragsdigitalisierungen gelten die Kosten in § 18 der Benutzerordnung (KS-PRAES-1/18/1-2020). Nichtkommerzielle Weiterverwendung unter CC-BY-NC-ND-4.0-Lizenz.;;StAKr, 1.1.3. (Krems und Stein, Registratur);StAKr, 1.3.3. (Stein, Altakten);in Bearbeitung;Akten;Papier;"de, lat ; Handschrift (Kurrent)";;
Armenhausrechnungen;1.2.4.1.1.;StAKr, 1.2.4.1.1. (Krems, Armenhaus, Rechnungen);12 Bände = 0,1 lfm.;0,1;1768;1808;1768 - 1808;Soziales Leben;Armut und Wohlfahrt;nein;;Rechnungen des Armenhauses der Stadt Krems;;Mit Ausnahme des Rechnungsbuches von 1768, das bis 2022 zusammen mit den Unterlagen des Bürgerspitals aufbewahrt wurde (StAKr, 1.1.2.4.), entstammen die Rechnungen den sogenannten Kremser Altakten (StAKr, 1.2.3.), wo sie den Faszikel 15 mit der Nummer 424 bildeten.;Armenhaus Krems;Armenhaus Krems;;Uneingeschränkt benützbar;Digitale Reproduktion möglich. Die eigene Herstellung von Reproduktionen ist kostenlos, für Auftragsdigitalisierungen gelten die Kosten in § 18 der Benutzerordnung (KS-PRAES-1/18/1-2020). Nichtkommerzielle Weiterverwendung unter CC-BY-NC-ND-4.0-Lizenz.;;;;;Akten;Papier;"de ; Handschrift (Kurrent)";;
Ratsprotokolle;1.3.1.1.;StAKr, 1.3.1.1. (Stein, Ratsprotokolle);101 Bände = 97 Bände + 2 Kartons = 3,7 lfm.;3,7;1577;1785;1577 - 1785;Verwaltung;Kommunale Verwaltung;nein;;Ratsprotokolle des Rats der Stadt Stein;"Die Ratsprotokolle der Stadt Stein unterscheiden sich inhaltlich nicht wesentlich von jenen des gemeinsamen Rats (StAKr, 1.1.1.1.) oder jenen der Stadt Krems (StAKr, 1.2.1.1.), haben aber ein deutlich anderes Format als die Kremser bzw. Krems-Steiner, die in der Kremser Kanzlei entstanden. Enthalten sind die Ratsschlüsse über jene Angelegenheiten, die die Stadt Stein alleine - unabhängig von der Schwesternstadt Krems sowie der beiderstädtischen Verwaltung - betrafen.

Fehlende Jahrgänge: 1590-1610, 1616-1621, 1632-1651, 1669-1688, 1728, 1730-1733, 1735";;Rat der Stadt Stein;Rat der Stadt Stein;;Uneingeschränkt benützbar;Digitale Reproduktion möglich. Die eigene Herstellung von Reproduktionen ist kostenlos, für Auftragsdigitalisierungen gelten die Kosten in § 18 der Benutzerordnung (KS-PRAES-1/18/1-2020). Nichtkommerzielle Weiterverwendung unter CC-BY-NC-ND-4.0-Lizenz.;;;"StAKr, 1.1.1.1. (Krems und Stein, Ratsprotokolle)
StAKr, 1.2.1.1. (Krems, Ratsprotokolle)
StAKr, 1.3.1.2. (Stein, Ratsprotokoll in publicis et policitis)";;Handschriften und Amtsbücher nach ISAD(G);Papier;"de ; Handschrift (Kurrent)";Daniel Haberler-Maier, Zwei Städte, drei Räte? Prolegomena zu einer Neubetrachtung der Verwaltung der Städte Krems und Stein in Mittelalter und Früher Neuzeit bis 1785, in: Mitteilungen Stadtarchiv Krems (2022). DOI: https://doi.org/10.57704/T1D0-0J11.;
Ratsprotokoll in publicis et politicis;1.3.1.2.;StAKr, 1.3.1.2. (Stein, Ratsprotokoll in publicis et politicis);1 Band = 0,1 lfm.;0,1;1782;1785;1782 - 1785;Verwaltung;Kommunale Verwaltung;nein;;Ratsprotokoll in publicis et politicis der Stadt Stein;;;Rat der Stadt Stein;Rat der Stadt Stein;;Uneingeschränkt benützbar;Digitale Reproduktion möglich. Die eigene Herstellung von Reproduktionen ist kostenlos, für Auftragsdigitalisierungen gelten die Kosten in § 18 der Benutzerordnung (KS-PRAES-1/18/1-2020). Nichtkommerzielle Weiterverwendung unter CC-BY-NC-ND-4.0-Lizenz.;;;StAKr, 1.3.1.1. (Stein, Ratsprotokolle);;Handschriften und Amtsbücher nach ISAD(G);Papier;"de ; Handschrift (Kurrent)";;
Missivprotokolle;1.3.1.3.;StAKr, 1.3.1.3. (Stein, Missivprotokolle);6 Bände = 0,3 lfm.;0,3;1568;1784;1568 - 1784;Verwaltung;Kommunale Verwaltung;nein;;Missivprotokolle des Rats der Stadt Stein;Die Missivprotokolle stellen eine der zentralen Quellen der Steiner Verwaltungsgeschichte dar. Die Bände umfassen den auslaufenden Schriftverkehr des Rats der Stadt Stein als oberstes Steiner Verwaltungsgremium und Teil der Krems-Steiner Verwaltung. Die Schriftstücke sind im Volltext und mit vollständiger Datierung eingetragen und dokumentieren so sehr detailreich das nach außen gerichtete Handeln der Stadt Stein.;;Rat der Stadt Stein;Rat der Stadt Stein;;Uneingeschränkt benützbar;Digitale Reproduktion möglich. Die eigene Herstellung von Reproduktionen ist kostenlos, für Auftragsdigitalisierungen gelten die Kosten in § 18 der Benutzerordnung (KS-PRAES-1/18/1-2020). Nichtkommerzielle Weiterverwendung unter CC-BY-NC-ND-4.0-Lizenz.;;;;;Handschriften und Amtsbücher nach ISAD(G);Papier;"de ; Handschrift (Kurrent)";;
Oberkammeramtsrechnungen;1.3.2.1.1.;StAKr, 1.3.2.1.1. (Stein, Oberkammeramtsrechnungen);106 Bände = 96 Bände + 1 Karton = 1,3 lfm.;1,3;1571;1785;1571 - 1785;Vermögen und Finanzen;Öffentliches Vermögen;nein;;Rechnungen des Oberkammeramts der Stadt Stein;Die Oberkammeramtsrechnungen sind neben den Kammeramtsrechnungen (StAKr, 1.3.2.2.1.) das zentrale Schriftgut der Finanzverwaltung der Stadt Stein. Die Bücher sind als vollständige Einnahmen-Ausgaben-Rechnungen geführt und in Kategorien unterteilt, die die verschiedenen Agenden des Amts widerspiegeln.;"Fehlende Jahrgänge: 1572, 1574-1594, 1601-1603, 1609, 1611-1639, 1641-1651, 1655, 1662-1667, 1671-1674, 1680-1681, 1744-1750, 1752, 1755, 1759-1779.
Die Jahrgänge 1754, 1756, 1757 und 1758 sind in die Rechnungen des Steiner Kammeramtes eingeschrieben und dementsprechend dort aufgestellt (StAKr, 1.3.2.2.1.)
Im Juli 2023 wurden die Bände im Einzelnen von der Praktikantin Jennifer Achleitner aufgenommen.";Oberkammeramt Stein;Oberkammeramt Stein;;"Grundsätzlich uneingeschränkt möglich; aufgrund konservatorischer und gesundheitlicher Bedenken (Mikroorganismen, Schmutz) in Einzelfällen nur mit entsprechender Genehmigung zu benützen. ";Digitale Reproduktion möglich. Die eigene Herstellung von Reproduktionen ist kostenlos, für Auftragsdigitalisierungen gelten die Kosten in § 18 der Benutzerordnung (KS-PRAES-1/18/1-2020). Nichtkommerzielle Weiterverwendung unter CC-BY-NC-ND-4.0-Lizenz.;;;StAKr, 1.3.2.1.2. (Stein, Oberkammeramt, Rechnungssammler und -rapulare);"Vollständig erschlossen
106 Bände = 96 Bände + 1 Karton = 1,3 lfm.";Handschriften und Amtsbücher nach ISAD(G);Papier;"de ; Handschrift (Kurrent)";;
Rechnungssammler und -rapulare;1.3.2.1.2.;StAKr, 1.3.2.1.2. (Stein, Oberkammeramt, Rechnungssammler und -rapulare);12 Bände = 2 Kartons = 0,2 lfm.;0,2;1570;1753;1570 - 1753;Vermögen und Finanzen;Öffentliches Vermögen;nein;;Auszüge und Arbeitsbehelfe zu den Oberkammeramtsrechnungen der Stadt Stein;"Vorhandene Jahrgänge:
1. 1570
2. 1656-1660
3. 1662-1665 (2 Exemplare)
4. 1675-1677
5. 1705
6. 1706
7. 1707
8. 1709
9. 1710
10. 1750
11. 1752-1753";;Oberkammeramt Stein;Oberkammeramt Stein;;Uneingeschränkt benützbar;Digitale Reproduktion möglich. Die eigene Herstellung von Reproduktionen ist kostenlos, für Auftragsdigitalisierungen gelten die Kosten in § 18 der Benutzerordnung (KS-PRAES-1/18/1-2020). Nichtkommerzielle Weiterverwendung unter CC-BY-NC-ND-4.0-Lizenz.;;;StAKr, 1.3.2.1.1. (Stein, Oberkammeramtsrechnungen);"Vollständig erschlossen
12 Bände = 2 Kartons = 0,2 lfm.";Handschriften und Amtsbücher nach ISAD(G);Papier;"de ; Handschrift (Kurrent)";;
Einzelne Rechnungsbücher;1.3.2.1.3.;StAKr, 1.3.2.1.3. (Stein, Oberkammeramt, Einzelne Rechnungsbücher);4 Bände = 0,2 lfm.;0,2;1792;1855;1792 - 1855;Vermögen und Finanzen;Öffentliches Vermögen;nein;;Einzelne Rechnungsbücher des Oberkammeramts der Stadt Stein;"Vorhandene Bände:

1. Kellerrechnung des Oberkammeramts (1792-1795; drei Jahrgänge zusammengeheftet; zuvor Stein, Altakten Nr. 64)
2. Journal über Empfang und Ausgaben des Oberkammeramts (1793)
3. Kontributionsbuch (1805)
4. Schuldenbuch über Obligationen (1839-1855; St 1153).";;Oberkammeramt Stein;Oberkammeramt Stein;;Uneingeschränkt benützbar;Digitale Reproduktion möglich. Die eigene Herstellung von Reproduktionen ist kostenlos, für Auftragsdigitalisierungen gelten die Kosten in § 18 der Benutzerordnung (KS-PRAES-1/18/1-2020). Nichtkommerzielle Weiterverwendung unter CC-BY-NC-ND-4.0-Lizenz.;;;Kellerrechnungen sind auch einigen wenigen Exemplaren der Oberkammeramtsrechnungen (StAKr, 1.3.2.1.1.) beigefügt.;"Vollständig erschlossen
4 Bände = 0,2 lfm.";Amtsbücher;Papier;"de ; Handschrift (Kurrent)";;
Anschlagsrechnungen;1.3.2.10.1.;StAKr, 1.3.2.10.1. (Krems, Anschlagseinnehmeramt, Anschlagsrechnungen);15 Bände = 2 Kartons = 0,2 lfm.;0,2;1682;1700;1682 - 1700;Vermögen und Finanzen;Öffentliches Vermögen;nein;;Jahresrechnungen des Anschlagseinnehmeramts Stein;Die Rechnungsbücher enthalten die einzelnen Posten aller Einnahmen und Ausgaben, die im Rahmen der Verrechnung der Extra-ordinari-Landsteuer eingehoben bzw. ausgelegt wurden. ;;Anschlagseinnehmeramt Stein;Anschlagseinnehmeramt Stein;;Uneingeschränkt benützbar;Digitale Reproduktion möglich. Die eigene Herstellung von Reproduktionen ist kostenlos, für Auftragsdigitalisierungen gelten die Kosten in § 18 der Benutzerordnung (KS-PRAES-1/18/1-2020). Nichtkommerzielle Weiterverwendung unter CC-BY-NC-ND-4.0-Lizenz.;;;;"Vollständig erschlossen
15 Bände = 2 Kartons = 0,2 lfm.";Handschriften und Amtsbücher nach ISAD(G);Papier;"de ; Handschrift (Kurrent)";;
Almosenrechnungen;1.3.2.11.1.;StAKr, 1.3.2.11.1. (Stein, Almosenrechnungen);66 Bände = 6 Kartons = 0,6 lfm.;0,6;1724;1782;1724 - 1782;Vermögen und Finanzen;Öffentliches Vermögen;nein;;Jahresrechnungen des Almosenamts der Stadt Stein;Die Rechnungshefte enthalten eine Auflistung aller Einnahmen und Ausgaben, die im Zuge der Einheibung von Almosen in der Stadt Stein entstanden, darunter in der Büchsensammlung in den Kirchen und an den Stadttoren, bei Haussammlungen sowie durch Legate.;"Die Almosenrechnungen befanden sich bis 2023 vermischt mit den Rechnungssammlern (StAKr, 1.3.2.11.2.) sowie den Akten des Almosenamts (StAKr, 1.3.2.11.3.) in den sogenannten Steiner Altakten (StAKr, 1.3.3.), wo sie unter der Kategorie ""Armensachen"" die Laufnummern 295 bis 321 einnahmen.

Der Bestand wurde 2023 von der Praktikantin Jennifer Achtleitner neu geordnet, gereinigt und erschlossen.";Almosenamt Stein;Almosenamt Stein;;Uneingeschränkt benützbar;Digitale Reproduktion möglich. Die eigene Herstellung von Reproduktionen ist kostenlos, für Auftragsdigitalisierungen gelten die Kosten in § 18 der Benutzerordnung (KS-PRAES-1/18/1-2020). Nichtkommerzielle Weiterverwendung unter CC-BY-NC-ND-4.0-Lizenz.;;;;"Vollständig erschlossen
66 Bände = 6 Kartons = 0,6 lfm.";Handschriften und Amtsbücher nach ISAD(G);Papier;"de ; Handschrift (Kurrent)";;
Rechnungssammler;1.3.2.11.2.;StAKr, 1.3.2.11.2. (Stein, Almosenamt, Rechnungssammler);13 Bände = 1 Karton = 0,1 lfm.;0,1;1737;1771;1737 - 1771;Vermögen und Finanzen;Öffentliches Vermögen;nein;;Sammelhefte als Grundlage für die später reingeschriebenen Almosenrechnungen (StAKr, 1.3.2.11.1.).;Die Rechnungssammler enthalten notizenhafte Auflistungen aller in der Stadt Stein eingenommenen Almosenbeträge.;"Die Almosenrechnungen befanden sich bis 2023 vermischt mit den Almosenrechnungen (StAKr, 1.3.2.11.1.) sowie den Akten des Almosenamts (StAKr, 1.3.2.11.3.) in den sogenannten Steiner Altakten (StAKr, 1.3.3.), wo sie unter der Kategorie ""Armensachen"" die Laufnummern 295 bis 321 einnahmen.

Der Bestand wurde 2023 von der Praktikantin Jennifer Achtleitner neu geordnet, gereinigt und erschlossen.";Almosenamt Stein;Almosenamt Stein;;Uneingeschränkt benützbar;Digitale Reproduktion möglich. Die eigene Herstellung von Reproduktionen ist kostenlos, für Auftragsdigitalisierungen gelten die Kosten in § 18 der Benutzerordnung (KS-PRAES-1/18/1-2020). Nichtkommerzielle Weiterverwendung unter CC-BY-NC-ND-4.0-Lizenz.;;;;"Vollständig erschlossen
13 Bände = 1 Karton = 0,1 lfm.";Handschriften und Amtsbücher nach ISAD(G);Papier;"de ; Handschrift (Kurrent)";;
Akten;1.3.2.11.3.;StAKr, 1.3.2.11.3. (Stein, Almosenamt, Akten);22 Faszikel = 2 Kartons = 0,2 lfm.;0,2;1756;1782;1756 - 1782;Soziales Leben;Armut und Wohlfahrt;nein;;Akten des Almosenamts der Stadt Stein;;"Die Almosenrechnungen befanden sich bis 2023 vermischt mit den Almosenrechnungen (StAKr, 1.3.2.11.1.) sowie den Rechnungssammlern (StAKr, 1.3.2.11.2.) in den sogenannten Steiner Altakten (StAKr, 1.3.3.), wo sie unter der Kategorie ""Armensachen"" die Laufnummern 295 bis 321 einnahmen.

Der Bestand wurde 2023 von der Praktikantin Jennifer Achtleitner neu geordnet, gereinigt und erschlossen.";Almosenamt Stein;Almosenamt Stein;;Uneingeschränkt benützbar;Digitale Reproduktion möglich. Die eigene Herstellung von Reproduktionen ist kostenlos, für Auftragsdigitalisierungen gelten die Kosten in § 18 der Benutzerordnung (KS-PRAES-1/18/1-2020). Nichtkommerzielle Weiterverwendung unter CC-BY-NC-ND-4.0-Lizenz.;;;;"Vollständig erschlossen
22 Faszikel = 2 Kartons = 0,2 lfm.";Handschriften und Amtsbücher nach ISAD(G);Papier;"de ; Handschrift (Kurrent)";;
Stiftungsrechnungen der Allerheiligen- und Rosenstamm-Stiftung;1.3.2.12.1.1.;StAKr, 1.3.2.12.1.1. (Stein, Allerheiligen- und Rosenstamm-Stiftungen, Stiftungsrechnungen);124 Bände = 12 Kartons = 1,2 lfm.;1,2;1575;1744;1575 - 1744;Soziales Leben;Armut und Wohlfahrt;nein;;Jahresrechnungen der Allerheiligen- und Rosenstamm-Stiftungen der Stadt Stein;Die Rechnungsbücher enthalten Einnahmen und Ausgaben. Die Einnahmen setzen sich vor allem aus Wein und Gelderlösen aus den Stiftsgütern zusammen, die Ausgaben belaufen sich unter anderem auf den Benefiziaten, den Pfarrer und Verwaltungsausgaben, aber auch auf die Verpflegung von Kindern.;"Ursprünglich waren die Rechnungssammler und -auszüge (StAKr, 1.3.2.12.1.3.) mit den Stiftungsrechnungen vermischt und wurden im Zuge der Neuordnungsarbeiten 2023 in eine eigene Serie überführt.

Die Jahrgänge 1575 bis 1710 wurden im September 2023 vom Praktikanten Max Roman Dietrich geordnet, gereinigt und erschlossen, die Jahrgänge 1711 bis 1744 im September 2024 von der Praktikantin Rosa Magits.";Stiftungsverwaltungsamt Stein;Stiftungsverwaltungsamt Stein;Die Allerheiligenstiftung (oder beneficium omnium sanctorum) wurde vor 1469 vom Bürger Hans Wisent zur Errichtung eines neuen Karners mit Allerheiligenkapelle auf dem Friedhof ins Leben gerufen, dessen Baujahr um 1475 angenommen werden kann. ;Uneingeschränkt benützbar;Digitale Reproduktion möglich. Die eigene Herstellung von Reproduktionen ist kostenlos, für Auftragsdigitalisierungen gelten die Kosten in § 18 der Benutzerordnung (KS-PRAES-1/18/1-2020). Nichtkommerzielle Weiterverwendung unter CC-BY-NC-ND-4.0-Lizenz.;;;;"Vollständig erschlossen
124 Bände = 12 Kartons = 1,2 lfm";Handschriften und Amtsbücher nach ISAD(G);Papier;"de ; Handschrift (Kurrent)";;
Stiftungsrechnungen der Rosenstamm-Stiftung;1.3.2.12.1.2.;StAKr, 1.3.2.12.1.2. (Stein, Allerheiligen- und Rosenstamm-Stiftung, Stiftungsrechnungen der Rosenstamm-Stiftung);2 Bände = 0,1 lfm.;0,1;1554;1561;1554 - 1561;Soziales Leben;Armut und Wohlfahrt;nein;;Stiftungsrechnungen der Rosenstamm-Stiftung vor der Inkorporation in die Allerheiligenstiftung;Die Rechnungshefte umfassen Einnahmen (aus Weinbau und Geldempfang) sowie einzelne Ausgaben.;Die beiden Rechnungshefte befanden sich bis 2022 als Teil der Nr. 338 bei den sogenannten Steiner Altakten (StAKr, 1.3.3.) und wurden anschließend in eine eigene Serie überführt.;Stiftungsverwaltungsamt Stein;Stiftungsverwaltungsamt Stein;Die Allerheiligenstiftung (oder beneficium omnium sanctorum) wurde vor 1469 vom Bürger Hans Wisent zur Errichtung eines neuen Karners mit Allerheiligenkapelle auf dem Friedhof ins Leben gerufen, dessen Baujahr um 1475 angenommen werden kann. ;Uneingeschränkt benützbar;Digitale Reproduktion möglich. Die eigene Herstellung von Reproduktionen ist kostenlos, für Auftragsdigitalisierungen gelten die Kosten in § 18 der Benutzerordnung (KS-PRAES-1/18/1-2020). Nichtkommerzielle Weiterverwendung unter CC-BY-NC-ND-4.0-Lizenz.;;StAKr, 1.3.2.12.1.1. (Stein, Allerheiligen- und Rosenstamm-Stiftung, Stiftungsrechnungen);;"Vollständig erschlossen
2 Bände = 0,1 lfm.";Handschriften und Amtsbücher nach ISAD(G);Papier;"de ; Handschrift (Kurrent)";;
Rechnungssammler und -auszüge der Allerheiligen- und Rosenstamm-Stiftung;1.3.2.12.1.3.;StAKr, 1.3.2.12.1.3. (Stein, Allerheiligen- und Rosenstamm-Stiftung, Rechnungssammler und -auszüge);13 Bände = 1 Karton = 0,1 lfm.;0,1;1576;1721;1576 - 1721;Soziales Leben;Armut und Wohlfahrt;nein;;Auszüge und Notizen zu den Rechnungen der Allerheiligen- und Rosenstamm-Stiftung;Die Rechnungsauszüge enthalten meist summarische Angaben über Einnahmen und Ausgaben. Die Rechnungssammler bestehen aus Notizen über die Verrechnung der Stiftung, die später ins Reine geschrieben wurden.;Die Rechnungssammler und -auszüge waren bis 2023 mit den Stiftungsrechnungen (StAKr, 1.3.2.12.1.1.) vermischt aufgestellt und wurden im Zuge der Neuordnungsarbeiten in eine eigene Serie überführt.;Stiftungsverwaltungsamt Stein;Stiftungsverwaltungsamt Stein;Die Allerheiligenstiftung (oder beneficium omnium sanctorum) wurde vor 1469 vom Bürger Hans Wisent zur Errichtung eines neuen Karners mit Allerheiligenkapelle auf dem Friedhof ins Leben gerufen, dessen Baujahr um 1475 angenommen werden kann. ;Uneingeschränkt benützbar;Digitale Reproduktion möglich. Die eigene Herstellung von Reproduktionen ist kostenlos, für Auftragsdigitalisierungen gelten die Kosten in § 18 der Benutzerordnung (KS-PRAES-1/18/1-2020). Nichtkommerzielle Weiterverwendung unter CC-BY-NC-ND-4.0-Lizenz.;;;;;Handschriften und Amtsbücher nach ISAD(G);Papier;"de ; Handschrift (Kurrent)";;
Rechnungen des Leseamts Zeiselberg;1.3.2.12.1.4.;StAKr, 1.3.2.12.1.4. (Stein, Allerheiligen- und Rosenstamm-Stiftung, Rechnungen des Leseamts Zeiselberg);15 Bände = 2 Kartons = 0,2 lfm.;0,2;1693;1739;1693 - 1739;Soziales Leben;Armut und Wohlfahrt;nein;;Jahresrechnungen der Zehenteinkünfte der Weingärten in Zeiselberg, die der Stiftung dienstbar waren;In den Rechnungsbüchern sind die abgegebenen Zehentleistungen der Untertanen vermerkt.;;Stiftungsverwaltungsamt Stein;Stiftungsverwaltungsamt Stein;Etwa zur selben Zeit, 1471, gründet der Bürger Hans Rosenstamm eine Stiftung auf dem St.-Andreas-Altar in der Steiner Pfarrkirche St. Nikolaus. Nach dem Aussterben der Familie Rosenstamm übernahm die Stadt die Stiftung, die sich aus einem Haus nährte.;Uneingeschränkt benützbar;Digitale Reproduktion möglich. Die eigene Herstellung von Reproduktionen ist kostenlos, für Auftragsdigitalisierungen gelten die Kosten in § 18 der Benutzerordnung (KS-PRAES-1/18/1-2020). Nichtkommerzielle Weiterverwendung unter CC-BY-NC-ND-4.0-Lizenz.;;;"NÖLA, KG Krems 069 (Gobelsburg (Stift Zwettl), Herrschaft)
NÖLA, BG Langenlois 06 (Gobelsburg, Herrschaft)
NÖLA, BG Krems 07 (Gobelsburg, Herrschaft)
NÖLA, BG Spitz 28/31 (Gobelsburg, St. Allerheiligen)";;Handschriften und Amtsbücher nach ISAD(G);Papier;"de ; Handschrift (Kurrent)";;
Stiftungsakten der Allerheiligen- und Rosenstamm-Stiftung;1.3.2.12.1.5.;StAKr, 1.3.2.12.1.5. (Stein, Allerheiligen- und Rosenstamm-Stiftung, Stiftungsakten);1 Faszikel = 0,1 lfm.;0,1;1471;1776;1471 - 1776;Soziales Leben;Armut und Wohlfahrt;nein;;Einzelne Akten aus der Verwaltung der Allerheiligen- und Rosenstamm-Stiftung;;Die Stücke entstammten den sogenannten Steiner Altakten (StAKr, 1.3.3.), wo sie die Nummern 325 und 338 bildeten. Zwei Rechnungshefte wurden der Nr. 338 entnommen und bilden heute die Serie der Stiftungsrechnungen der Rosenstamm-Stiftung (StAKr, 1.3.2.12.1.2.).;Stiftungsverwaltungsamt Stein;Stiftungsverwaltungsamt Stein;Ab 1722 wurden die beiden Stiftungen gemeinsam verwaltet.;Uneingeschränkt benützbar;Digitale Reproduktion möglich. Die eigene Herstellung von Reproduktionen ist kostenlos, für Auftragsdigitalisierungen gelten die Kosten in § 18 der Benutzerordnung (KS-PRAES-1/18/1-2020). Nichtkommerzielle Weiterverwendung unter CC-BY-NC-ND-4.0-Lizenz.;;;;"Vollständig erschlossen
1 Faszikel = 0,1 lfm.";Akten nach ISAD(G);Papier;"de ; Handschrift (Kurrent)";;
Ordnungen und Aufnahmsprotokolle;1.3.2.13.1.;StAKr, 1.3.2.13.1. (Stein, Weingartenhüter, Ordnungen und Aufnahmsprotokolle);2 Bände = 0,1 lfm.;0,1;1711;1773;1711 - 1773;Wirtschaft;Landwirtschaft;nein;;Ordnungen und Aufnahmsprotokolle der Weingartenhüter der Stadt Stein;Die beiden Handschriften beginnen mit der eingeschriebenen Ordnung für die Weingartenhüter, im Anschluss werden die jährlichen vom Rat vorgenommenen Bestellungen der Weingartenhüter samt der entsprechenden Bürgen angeführt. Eingetragen sind auch Auszüge aus Verhandlungen des Rats der Stadt Stein, die die Weingartenhüter zum Betreff haben.;Die ältere der beiden erhaltenen Handschriften (1.3.2.13.1.1.) war bis 2024 in die jüngere lose eingelegt und wurde im Zuge der Neuordnungsarbeiten separiert.;Weingartenhüteramt Stein;Weingartenhüteramt Stein;;Uneingeschränkt benützbar;Digitale Reproduktion möglich. Die eigene Herstellung von Reproduktionen ist kostenlos, für Auftragsdigitalisierungen gelten die Kosten in § 18 der Benutzerordnung (KS-PRAES-1/18/1-2020). Nichtkommerzielle Weiterverwendung unter CC-BY-NC-ND-4.0-Lizenz.;;;;"Vollständig erschlossen
2 Bände = 0,1 lfm.";Handschriften und Amtsbücher nach ISAD(G);Papier;"de ; Handschrift (Kurrent)";;
Kammeramtsrechnungen;1.3.2.2.1.;StAKr, 1.3.2.2.1. (Stein, Kammeramtsrechnungen);201 Bände = 139 Bände + 10 Kartons = 3,8 lfm.;3,8;1531;1773;1531 - 1773;Vermögen und Finanzen;Öffentliches Vermögen;nein;;Jahresrechungen des Kammeramts der Stadt Stein;"Die Kammeramtsrechnungen sind neben den Oberkammeramtsrechnungen (StAKr, 1.3.2.1.1.) das zentrale Schriftgut der Finanzverwaltung der Stadt Stein. Die Bücher sind als vollständige Einnahmen-Ausgaben-Rechnungen geführt und in Kategorien unterteilt, die die verschiedenen Agenden des Amts widerspiegeln.

Fehlende Jahrgänge: 1681, 1682, 1732, 1733, 1745-1748, 1750, 1751.

Die Jahrgänge 1754 und 1756-1758 der Oberkammeramts-Rechnung sind in die jeweilige Kammeramtsrechnung eingeschrieben und hier aufgestellt.";"Die Jahrgänge 1531, 1539 und 1556 waren ursprünglich bei den Beständen des Kastenamts und wurden 2023 aufgefunden und übersiedelt. 

Der Jahrgang 1567 befand sich bis 2025 im Diözesanarchiv St. Pölten im Bestand des Steiner Kirchmeisteramts; er wurde im Jahr 2022 im Rahmen von Forschungsarbeiten identifiziert und übersiedelte schließlich nach Krems (KS-AR-2/11/1-2025).

Der Jahrgang 1569 wurde aufgrund der Aufschrift des 18. Jahrhunderts (""Kirchen-Sachen 1669"", später korrigiert in 1569) separat aufbewahrt und ca. 1950 den sogenannten Steiner Altakten (1.3.3.) unter der Nr. 354 beigelegt.";Kammeramt Stein;Kammeramt Stein;;"Grundsätzlich uneingeschränkt möglich; aufgrund konservatorischer und gesundheitlicher Bedenken (Mikroorganismen, Schmutz) in Einzelfällen nur mit entsprechender Genehmigung zu benützen. ";Digitale Reproduktion möglich. Die eigene Herstellung von Reproduktionen ist kostenlos, für Auftragsdigitalisierungen gelten die Kosten in § 18 der Benutzerordnung (KS-PRAES-1/18/1-2020). Nichtkommerzielle Weiterverwendung unter CC-BY-NC-ND-4.0-Lizenz.;;StAKr, 1.3.2.2.2. (Stein, Kammeramt, Hauptbuch);StAKr, 1.3.2.2.2. (Stein, Kammeramt, Rechnungssammler);;Handschriften und Amtsbücher nach ISAD(G);Papier;"de ; Handschrift (Kurrent)";;
Rechnungssammler;1.3.2.2.2.;StAKr, 1.3.2.2.2. (Stein, Kammeramt, Rechnungssammler);6 Bände = 1 Karton = 0,1 lfm.;0,1;1614;1678;1614 - 1678;Vermögen und Finanzen;Öffentliches Vermögen;nein;;Auszüge und Arbeitsbehelfe zu den Oberkammeramtsrechnungen der Stadt Krems;Vorhandene Jahrgänge: 1614, 1652, 1653, 1673, 1674, 1678.;;Kammeramt Stein;Kammeramt Stein;;Uneingeschränkt benützbar;Digitale Reproduktion möglich. Die eigene Herstellung von Reproduktionen ist kostenlos, für Auftragsdigitalisierungen gelten die Kosten in § 18 der Benutzerordnung (KS-PRAES-1/18/1-2020). Nichtkommerzielle Weiterverwendung unter CC-BY-NC-ND-4.0-Lizenz.;;;StAKr, 1.3.2.2.1. (Stein, Kammeramtsrechnungen);;Handschriften und Amtsbücher nach ISAD(G);Papier;"de ; Handschrift (Kurrent)";;
Hauptbuch;1.3.2.2.3.;StAKr, 1.3.2.2.3. (Stein, Kammeramt, Hauptbuch);64 Bände = 3,8 lfm.;3,8;1786;1849;1786 - 1849;Vermögen und Finanzen;Öffentliches Vermögen;nein;;Hauptbücher des Kammeramts der Stadt Stein;Die Hauptbücher lösten neben den Akten samt deren Journalen die früheren Kammeramtsrechnungen ab. In ihnen wurden die Einnahmen und Ausgaben der Stadt Stein verzeichnet, wobei die Akten als Beilagen zu den Rechnungen separat geführt wurden.;;Kammeramt Stein;Kammeramt Stein;;Uneingeschränkt benützbar;Digitale Reproduktion möglich. Die eigene Herstellung von Reproduktionen ist kostenlos, für Auftragsdigitalisierungen gelten die Kosten in § 18 der Benutzerordnung (KS-PRAES-1/18/1-2020). Nichtkommerzielle Weiterverwendung unter CC-BY-NC-ND-4.0-Lizenz.;StAKr, 1.3.2.2.1. (Stein, Kammeramtsrechnungen);;;;Handschriften und Amtsbücher nach ISAD(G);Papier;"de ; Handschrift (Kurrent)";;
Journale;1.3.2.2.4.;StAKr, 1.3.2.2.4. (Stein, Kammeramt, Journale);44 Bände = 43 Bände + 1 Karton = 1,3 lfm.;1,3;1786;1850;1786 - 1850;Vermögen und Finanzen;Öffentliches Vermögen;nein;;Journalbücher über abgehandelte Schriftstücke beim Kammeramt der Stadt Stein;"Fehlende Jahrgänge: 1791-1795, 1824, 1830, 1839

Der erste Band umfasst die Jahrgänge 1786-1790.

Die Jahrgänge 1796 und 1809-1817 sind im Hauptbuch (1.3.2.2.2.) enthalten.";;Kammeramt Stein;Kammeramt Stein;;Uneingeschränkt benützbar;Digitale Reproduktion möglich. Die eigene Herstellung von Reproduktionen ist kostenlos, für Auftragsdigitalisierungen gelten die Kosten in § 18 der Benutzerordnung (KS-PRAES-1/18/1-2020). Nichtkommerzielle Weiterverwendung unter CC-BY-NC-ND-4.0-Lizenz.;;;;;Handschriften und Amtsbücher nach ISAD(G);Papier;"de ; Handschrift (Kurrent)";;
Bestandsbücher;1.3.2.2.5.;StAKr, 1.3.2.2.5. (Stein, Kammeramt, Bestandsbücher);3 Bände = 0,2 lfm.;0,2;1827;1857;1827 - 1857;Vermögen und Finanzen;Öffentliches Vermögen;nein;;Bestandsbücher des Kammeramts der Stadt Stein;"1. Weingartenbestandsbuch 1827-1836
2. Bestandsbuch 1828-1836
3. Bestandsbuch 1837-1857";;Kammeramt Stein;Kammeramt Stein;;Uneingeschränkt benützbar;Digitale Reproduktion möglich. Die eigene Herstellung von Reproduktionen ist kostenlos, für Auftragsdigitalisierungen gelten die Kosten in § 18 der Benutzerordnung (KS-PRAES-1/18/1-2020). Nichtkommerzielle Weiterverwendung unter CC-BY-NC-ND-4.0-Lizenz.;;;;;Handschriften und Amtsbücher nach ISAD(G);Papier;"de ; Handschrift (Kurrent)";;
Kriegsausgabenrechnungen;1.3.2.2.6.;StAKr, 1.3.2.2.6. (Stein, Kammeramt, Kriegsausgabenrechnungen);3 Bände = 0,1 lfm.;0,1;1600;1607;1600 - 1607;Vermögen und Finanzen;Öffentliches Vermögen;nein;;Jahresrechnungen über Kriegsausgaben der Stadt Stein;Die Rechnungsbücher enthalten Ausgaben in Kriegsangelegenheiten, besonders für Landsknechte, Verproviantierung und Fuhrwerke.;;Kammeramt Stein;Kammeramt Stein;Als landesfürstliche Stadt hatte Stein entsprechende Kontributionen im Kriegsfall zu entrichten. Die Verrechnung erfolgte mit der Stadt Krems gemeinsam, und zwar nach dem alten Schlüssel 2:1, nach dem Krems als doppelt so große Stadt zwei Drittel zu übernehmen hatte. Stein führte jedoch eigene Rechnungsbücher, die sein Drittel dokumentierten.;Uneingeschränkt benützbar;Digitale Reproduktion möglich. Die eigene Herstellung von Reproduktionen ist kostenlos, für Auftragsdigitalisierungen gelten die Kosten in § 18 der Benutzerordnung (KS-PRAES-1/18/1-2020). Nichtkommerzielle Weiterverwendung unter CC-BY-NC-ND-4.0-Lizenz.;;;;;Handschriften und Amtsbücher nach ISAD(G);Papier;"de ; Handschrift (Kurrent)";;
Einzelne Rechnungsbücher;1.3.2.2.7.;StAKr, 1.3.2.2.7. (Stein, Kammeramt, Einzelne Rechnungsbücher);10 Bände = 0,3 lfm.;0,3;1600;1858;1600 - 1858;Vermögen und Finanzen;Öffentliches Vermögen;nein;;Einzelne Rechnungsbücher des Kammeramts der Stadt Krems;"1. Schützenrechnung (1689)
2. Baurechnung über den Rathausbau (1701-1702)
3. Rekrutenrechnung (1705)
4. Werbungsrechnung (1737)
5. Hauszins-Fassion (1787-1789)
6. Subrepartitionsbuch (1802)
7. Weinzehent-Klassifikationshauptbuch (1820-1823)
8. Hauptbuch über den Brückenbau (1829)
9. Kapitalien- und Interessenbuch (1836-1858)
10. Versicherungsbuch (1839-1843)";;Kammeramt Stein;Kammeramt Stein;;Uneingeschränkt benützbar;Digitale Reproduktion möglich. Die eigene Herstellung von Reproduktionen ist kostenlos, für Auftragsdigitalisierungen gelten die Kosten in § 18 der Benutzerordnung (KS-PRAES-1/18/1-2020). Nichtkommerzielle Weiterverwendung unter CC-BY-NC-ND-4.0-Lizenz.;;;;;Handschriften und Amtsbücher nach ISAD(G);Papier;"de ; Handschrift (Kurrent)";;
Steueramtsrechnungen;1.3.2.3.1.;StAKr, 1.3.2.3.1. (Stein, Steueramtsrechnungen);131 Bände = 10 Kartons = 1,0 lfm.;1;1639;1785;1639 - 1785;Vermögen und Finanzen;Öffentliches Vermögen;nein;;Jahresrechnungen des Steueramts der Stadt Krems;"Fehlende Jahrgänge: 1641-1652, 1659, 1674-1680, 1744-1758, 1765, 1775-1779.

Die Rechnungen enthalten in manchen Jahrgängen auch Eintragungen des Restanten- sowie des Landsteuereinnehmeramts.";Der Serie fälschlich beigefügt fanden sich der Rechnungssammler des Oberkammeramts Stein aus dem Jahr 1661 sowie die Rechnungen der Allerheiligen- und Rosenstammischen Stiftung der Jahre 1663, 1664 und 1665. Diese wurden im Zuge der Neuaufstellung im Jahr 2022 den richtigen Beständen zugeordnet.;Steueramt Stein (bis 1820);Steueramt Stein (bis 1820);;"Grundsätzlich uneingeschränkt möglich; aufgrund konservatorischer und gesundheitlicher Bedenken (Mikroorganismen, Schmutz) in Einzelfällen nur mit entsprechender Genehmigung zu benützen. ";Digitale Reproduktion möglich. Die eigene Herstellung von Reproduktionen ist kostenlos, für Auftragsdigitalisierungen gelten die Kosten in § 18 der Benutzerordnung (KS-PRAES-1/18/1-2020). Nichtkommerzielle Weiterverwendung unter CC-BY-NC-ND-4.0-Lizenz.;;Hauptbücher (1.3.2.3.4.) und Journale (1.3.2.3.5.);"StAKr, 1.3.2.3.2. (Stein, Steueramt, Rechnungssammler und -rapulare)
StAKr, 1.3.2.10.1. (Stein, Anschlagseinnehmeramt, Rechnungen)";;Handschriften und Amtsbücher nach ISAD(G);Papier;"de ; Handschrift (Kurrent)";;
Grundentlastungsakten;1.3.2.3.10.;StAKr, 1.3.2.3.10. (Stein, Steueramt, Grundentlastungsakten);1 Faszikel = 0,1 lfm.;0,1;1844;1855;1844 - 1855;Vermögen und Finanzen;Öffentliches Vermögen;nein;;Grundentlastungsakten der Herrschaft Stadt Stein;;;Steueramt Stein (bis 1820);Steueramt Stein (bis 1820);;Uneingeschränkt benützbar;Digitale Reproduktion möglich. Die eigene Herstellung von Reproduktionen ist kostenlos, für Auftragsdigitalisierungen gelten die Kosten in § 18 der Benutzerordnung (KS-PRAES-1/18/1-2020). Nichtkommerzielle Weiterverwendung unter CC-BY-NC-ND-4.0-Lizenz.;;;;;Akten nach ISAD(G);Papier;"de ; Handschrift (Kurrent)";;
Rechnungssammler und -rapulare;1.3.2.3.2.;StAKr, 1.3.2.3.2. (Stein, Steueramt, Rechnungssammler und -rapulare);14 Bände = 0,3 lfm.;0,3;1655;1729;1655 - 1729;Vermögen und Finanzen;Öffentliches Vermögen;nein;;Rechnungssammler und -rapulare des Steueramts der Stadt Stein;Vorhandene Jahrgänge: 1655 (Sammler), 1662-1668 (1 Bd.), 1669, 1669-1670 (1 Bd.), 1671, 1672, 1673 (Sammler), 1729 (Sammler), 1729 (Rapulatur), 1732-1734 (1 Bd., Rapulatur), 1738-1739 (1 Bd., Rapulatur), 1742 (Rapulatur), 1743;Die Rapulatur 1742 war zunächst bei den Steuerbüchern (1.3.2.3.3.) aufgestellt, was 2022 im Zuge der Neuaufstellung bereinigt wurde.;Steueramt Stein (bis 1820);Steueramt Stein (bis 1820);;Uneingeschränkt benützbar;Digitale Reproduktion möglich. Die eigene Herstellung von Reproduktionen ist kostenlos, für Auftragsdigitalisierungen gelten die Kosten in § 18 der Benutzerordnung (KS-PRAES-1/18/1-2020). Nichtkommerzielle Weiterverwendung unter CC-BY-NC-ND-4.0-Lizenz.;;;StAKr, 1.3.2.3.1. (Stein, Steueramtsrechnungen);;Handschriften und Amtsbücher nach ISAD(G);Papier;"de ; Handschrift (Kurrent)";;
Steuerbücher;1.3.2.3.3.;StAKr, 1.3.2.3.3. (Stein, Steueramt, Steuerbücher);26 Bände = 22 Bände + 2 Kartons = 1,4 lfm.;1,4;1570;1821;1570 - 1821;Vermögen und Finanzen;Öffentliches Vermögen;nein;;Steuerbücher des Steueramts der Stadt Stein;Vorhandene Jahrgänge: 1570-1579 (1 Bd.), 1580-1589 (1. Bd.), 1590-1600 (1 Bd.), 1601-1610 (1 Bd.), 1654-1661 (1 Bd.), 1745, 1746, 1793, 1794, 1795, 1796, 1797, 1798, 1799, 1800, 1801, 1802-1803 (1 Bd.), 1804-1805 (1 Bd.), 1806-1807 (1 Bd.), 1808-1809 (1 Bd.), 1810-1811 (1 Bd.), 1812-1813 (1 Bd.), 1814-1815 (1 Bd.), 1816-1817 (1 Bd.), 1818-1819 (1 Bd.), 1820-1821 (1 Bd.);;Steueramt Stein (bis 1820);Steueramt Stein (bis 1820);;Uneingeschränkt benützbar;Digitale Reproduktion möglich. Die eigene Herstellung von Reproduktionen ist kostenlos, für Auftragsdigitalisierungen gelten die Kosten in § 18 der Benutzerordnung (KS-PRAES-1/18/1-2020). Nichtkommerzielle Weiterverwendung unter CC-BY-NC-ND-4.0-Lizenz.;;;;;Akten;Papier;"de ; Handschrift (Kurrent)";;
Hauptbücher;1.3.2.3.4.;StAKr, 1.3.2.3.4. (Stein, Steueramt, Hauptbücher);33 Bände = 0,6 lfm.;0,6;1787;1823;1787 - 1823;Vermögen und Finanzen;Öffentliches Vermögen;nein;;Hauptbücher des Kammeramts der Stadt Stein;"Fehlende Jahrgänge: 1791, 1820. 
1791, 1793-1796 und 1808-1819 mit beigebundenem Journal";Hauptbücher und Journale waren bis 2022 gesammelt chronologisch aufgestellt und wurden erst im Zuge der Neuordnung des Stadtarchivs in zwei Serien getrennt.;Steueramt Stein (bis 1820);Steueramt Stein (bis 1820);;Uneingeschränkt benützbar;Digitale Reproduktion möglich. Die eigene Herstellung von Reproduktionen ist kostenlos, für Auftragsdigitalisierungen gelten die Kosten in § 18 der Benutzerordnung (KS-PRAES-1/18/1-2020). Nichtkommerzielle Weiterverwendung unter CC-BY-NC-ND-4.0-Lizenz.;StAKr, 1.3.2.3.1. (Stein, Steueramtsrechnungen);;"StAKr, 1.3.2.3.5. (Stein, Steueramt, Journale)
StAKr, 1.3.2.3.9. (Stein, Steueramt, Steuerakten und -beilagen)";;Handschriften und Amtsbücher nach ISAD(G);Papier;"de ; Handschrift (Kurrent)";;
Journale Stein;1.3.2.3.5.;StAKr, 1.3.2.3.5. (Stein, Steueramt, Journale);15 Bände = 14 Bände + 1 Karton = 0,3 lfm.;0,3;1786;1823;1786 - 1823;Vermögen und Finanzen;Öffentliches Vermögen;nein;;Journalbücher über abgehandelte Schriftstücke beim Steueramt der Stadt Stein;"Fehlender Jahrgang: 1792. 1787-1790 in einem Band; 1791, 1793-1796 und 1808-1819 bei Hauptbuch beigebunden. 1791 und 1821 ungebunden.";Hauptbücher und Journale waren bis 2022 gesammelt chronologisch aufgestellt und wurden erst im Zuge der Neuordnung des Stadtarchivs in zwei Serien getrennt.;Steueramt Stein (bis 1820);Steueramt Stein (bis 1820);;Uneingeschränkt benützbar;Digitale Reproduktion möglich. Die eigene Herstellung von Reproduktionen ist kostenlos, für Auftragsdigitalisierungen gelten die Kosten in § 18 der Benutzerordnung (KS-PRAES-1/18/1-2020). Nichtkommerzielle Weiterverwendung unter CC-BY-NC-ND-4.0-Lizenz.;StAKr, 1.3.2.3.5. (Stein, Steueramtsrechnungen);;"StAKr, 1.3.2.3.4. (Stein, Steueramt, Hauptbücher)
StAKr, 1.3.2.3.9. (Stein, Steueramt, Steuerakten und -beilagen)";;Handschriften und Amtsbücher nach ISAD(G);Papier;"de ; Handschrift (Kurrent)";;
Handbücher über Einnahmen und Ausgaben Stein;1.3.2.3.6.;StAKr, 1.3.2.3.6. (Stein, Steueramt, Handbücher über Einnahmen und Ausgaben);5 Bände = 0,1 lfm.;0,1;1800;1821;1800 - 1821;Vermögen und Finanzen;Öffentliches Vermögen;nein;;Handbücher des Steueramts der Stadt Stein;Vorhande Jahrgänge: 1800-1802 (1 Bd.), 1802-1805 (1. Bd.), 1805-1809 (1 Bd.), 1809-1812 (1 Bd.), 1820-1821 (1 Bd.);;Steueramt Stein (bis 1820);Steueramt Stein (bis 1820);;Uneingeschränkt benützbar;Digitale Reproduktion möglich. Die eigene Herstellung von Reproduktionen ist kostenlos, für Auftragsdigitalisierungen gelten die Kosten in § 18 der Benutzerordnung (KS-PRAES-1/18/1-2020). Nichtkommerzielle Weiterverwendung unter CC-BY-NC-ND-4.0-Lizenz.;;;;;Handschriften und Amtsbücher nach ISAD(G);Papier;"de ; Handschrift (Kurrent)";;
Steuertabellen Stein;1.3.2.3.7.;StAKr, 1.3.2.3.7. (Stein, Steueramt, Steuertabellen);9 Bände = 1 Karton = 0,1 lfm.;0,1;1799;1813;1799 - 1813;Vermögen und Finanzen;Öffentliches Vermögen;nein;;Steuertabellen des Steueramts der Stadt Stein;Vorhandene Jahrgänge: 1799, 1800 (3 Bde: Steuertabelle, Konsignation über der Klassensteuer unterliegenden Personen = Fassionstabelle A, Anzeige über Kaufleute, Professionisten und Handwerkern, die keiner eigenen Fassion nach der Klassensteuer unterliegen = Fassion B mit Nachtrag C), 1801, 1802, 1805, 1813;;Steueramt Stein (bis 1820);Steueramt Stein (bis 1820);;Uneingeschränkt benützbar;Digitale Reproduktion möglich. Die eigene Herstellung von Reproduktionen ist kostenlos, für Auftragsdigitalisierungen gelten die Kosten in § 18 der Benutzerordnung (KS-PRAES-1/18/1-2020). Nichtkommerzielle Weiterverwendung unter CC-BY-NC-ND-4.0-Lizenz.;;;;;Handschriften und Amtsbücher nach ISAD(G);Papier;"de ; Handschrift (Kurrent)";;
Einzelne Steuerbücher Stein;1.3.2.3.8.;StAKr, 1.3.2.3.8. (Stein, Steueramt, Einzelne Steuerbücher);5 Bände = 0,2 lfm.;0,2;1655;1823;1655 - 1823;Vermögen und Finanzen;Öffentliches Vermögen;nein;;Einzelne Steuerbücher des Steueramts der Stadt Stein;"1. Tranksteuerraitung 1655-1658
2. Beisteuerrechnung 1659
3. Klassensteuerkonsignation 1801
4. Grundertragsmatrikel 1820
5. Dominikalzehentsteuerbuch 1821-1823";;Steueramt Stein (bis 1820);Steueramt Stein (bis 1820);;Uneingeschränkt benützbar;Digitale Reproduktion möglich. Die eigene Herstellung von Reproduktionen ist kostenlos, für Auftragsdigitalisierungen gelten die Kosten in § 18 der Benutzerordnung (KS-PRAES-1/18/1-2020). Nichtkommerzielle Weiterverwendung unter CC-BY-NC-ND-4.0-Lizenz.;;;;;Handschriften und Amtsbücher nach ISAD(G);Papier;"de ; Handschrift (Kurrent)";;
Steuerakten und -beilagen Stein;1.3.2.3.9.;StAKr, 1.3.2.3.9. (Stein, Steueramt, Steuerakten und -beilagen);40 Faszikel = 4 Kartons = 0,4 lfm.;0,4;1786;1821;1786 - 1821;Vermögen und Finanzen;Öffentliches Vermögen;nein;;Steuerakten und -beilagen des Steueramts der Stadt Stein;Skontrierungen, Rechnungsbeilagen, Rechnungshefte, Quittungen.;;Steueramt Stein (bis 1820);Steueramt Stein (bis 1820);;Uneingeschränkt benützbar;Digitale Reproduktion möglich. Die eigene Herstellung von Reproduktionen ist kostenlos, für Auftragsdigitalisierungen gelten die Kosten in § 18 der Benutzerordnung (KS-PRAES-1/18/1-2020). Nichtkommerzielle Weiterverwendung unter CC-BY-NC-ND-4.0-Lizenz.;;;StAKr, 1.3.2.3.5. (Stein, Steueramt, Journale);;Akten;Papier;"de ; Handschrift (Kurrent)";;
Schätzungen und Einlagen Stein;1.3.2.4.1.;StAKr, 1.3.2.4.1. (Stein, Grundbuchsamt, Schätzungen und Einlagen);10 Bände = 0,2 lfm.;0,2;1665;1746;1665 - 1746;Stadt und Raum;Grund und Boden;nein;;Schätzungen und Einlagen des Grundbuchsamts der Stadt Stein;;;Grundbuchsamt Stein;Grundbuchsamt Stein;;"Grundsätzlich uneingeschränkt möglich; aufgrund konservatorischer und gesundheitlicher Bedenken (Mikroorganismen, Schmutz) in Einzelfällen nur mit entsprechender Genehmigung zu benützen. ";Digitale Reproduktion möglich. Die eigene Herstellung von Reproduktionen ist kostenlos, für Auftragsdigitalisierungen gelten die Kosten in § 18 der Benutzerordnung (KS-PRAES-1/18/1-2020). Nichtkommerzielle Weiterverwendung unter CC-BY-NC-ND-4.0-Lizenz.;;;;;Handschriften und Amtsbücher nach ISAD(G);Papier;"de ; Handschrift (Kurrent)";;
Pfundbücher Stein;1.3.2.4.2.;StAKr, 1.3.2.4.2. (Stein, Grundbuchsamt, Pfundbücher);55 Bände = 1,5 lfm.;1,5;1690;1784;1690 - 1784;Stadt und Raum;Grund und Boden;nein;;Pfundbücher des Grundbuchsamts der Stadt Stein;"Fehlende Jahrgänge: 1696, 1697, 1731.
Die Jahrgänge 1690-1744 sind in einzelnen Jahrgangsbänden, danach mehrere Jahre zusammengebunden. Das Jahr 1784 besteht aus zwei Bänden. Das Jahr 1745 ist überformatig.";;Grundbuchsamt Stein;Grundbuchsamt Stein;;Uneingeschränkt benützbar;Digitale Reproduktion möglich. Die eigene Herstellung von Reproduktionen ist kostenlos, für Auftragsdigitalisierungen gelten die Kosten in § 18 der Benutzerordnung (KS-PRAES-1/18/1-2020). Nichtkommerzielle Weiterverwendung unter CC-BY-NC-ND-4.0-Lizenz.;;;;55 Bände = 1,5 lfm.;Handschriften und Amtsbücher nach ISAD(G);Papier;"de ; Handschrift (Kurrent)";;
Einzelne Grundbücher Stein;1.3.2.4.3.;StAKr, 1.3.2.4.3. (Stein, Grundbuchsamt, Einzelne Grundbücher);3 Bände = 0,1 lfm.;0,1;1500;1792;1500 - 1792;Stadt und Raum;Grund und Boden;nein;;Einzelne Grundbücher des Grundbuchsamts der Stadt Stein;Der Bestand enthält drei einzelne Grundbücher fremder Herrschaften, die der jeweilige Grundbuchshandler im Namen der Stadt Stein bzw. des Kammeramts übernommen hat.;;Grundbuchsamt Stein;Grundbuchsamt Stein;;Uneingeschränkt benützbar;Digitale Reproduktion möglich. Die eigene Herstellung von Reproduktionen ist kostenlos, für Auftragsdigitalisierungen gelten die Kosten in § 18 der Benutzerordnung (KS-PRAES-1/18/1-2020). Nichtkommerzielle Weiterverwendung unter CC-BY-NC-ND-4.0-Lizenz.;;;;3 Bände = 0,1 lfm.;Handschriften und Amtsbücher nach ISAD(G);Papier;"de ; Handschrift (Kurrent)";;
Tazamtsrechnungen Stein;1.3.2.5.1.;StAKr, 1.3.2.5.1. (Stein, Tazamtsrechnungen);69 Bände = 3 Kartons = 0,3 lfm.;0,3;1579;1744;1579 - 1744;Vermögen und Finanzen;Öffentliches Vermögen;nein;;Rechnungshefte- und Bücher des Einnehmeramts für die von der Stadt Stein gepachteten Getränkeabgaben Taz und Ungeld.;"Die Abrechnung von Taz und Ungeld erfolgte zunächst quartalsweise, ab 1641 jahresweise. Vermerkt sind Empfang und Ausgaben, wobei sich der Empfang sowohl auf Wirtshäuser als auch auf Private (z. B. Hauer:innen) erstreckt; die Ausgaben sind vorrangig Zahlungen an die Oberkammer.

Von den 69 Bänden sind 18 doppelte Ausfertigungen.";Der Bestand wurde 2023 von der Praktikantin Jennifer Achtleitner neu geordnet, gereinigt und erschlossen.;Tazamt Stein;Tazamt Stein;"Der Tazeinnehmer war ursprünglich eine bürgerliche Aufgabe, ab den 1640er-Jahren erscheinen auch Äußere Räte, die die Aufgabe auch bei höheren Ämtern (Innerer Rat, Stadtrichter) durchaus weiterführten. Aufgrund der größeren Überlieferungslücken kann kein einwandfreies Bild über die Amtsführung gezeichnet werden; es stellt sich aber so dar, dass im 16. Jahrhundert eine Person für die Einnahmen zuständig war, im beginnenden 17. Jahrhundert zwei, ab den 1640er-Jahren drei, ehe ab den 1670er-Jahren wieder zwei als ""Tazer"" bezeichnete Personen das Amt führten. 

Landesfürstlich. In der Regel 2 personen, ab 1640er drei gleichzeitig.";"Grundsätzlich uneingeschränkt möglich; aufgrund konservatorischer und gesundheitlicher Bedenken (Mikroorganismen, Schmutz) in Einzelfällen nur mit entsprechender Genehmigung zu benützen. ";Digitale Reproduktion möglich. Die eigene Herstellung von Reproduktionen ist kostenlos, für Auftragsdigitalisierungen gelten die Kosten in § 18 der Benutzerordnung (KS-PRAES-1/18/1-2020). Nichtkommerzielle Weiterverwendung unter CC-BY-NC-ND-4.0-Lizenz.;;;StAKr, 1.3.2.5.2. (Stein, Tazamt, Rechnungssammler);"Vollständig erschlossen
69 Bände = 3 Kartons = 0,3 lfm.";Amtsbücher;Papier;"de ; Handschrift (Kurrent)";;
Rechnungssammler Stein;1.3.2.5.2.;StAKr, 1.3.2.5.2. (Stein, Tazamts, Rechnungssammler);4 Bände = 1 Karton = 0,1 lfm.;0,1;1641;1654;1641 - 1654;Vermögen und Finanzen;Öffentliches Vermögen;nein;;Sammelhefte als Grundlage für die später reingeschriebenen Tazamtsrechnungen (StAKr, 1.3.2.5.1.).;Die Rechnungssammler enthalten notizenhafte Auflistungen aller in der Stadt Stein eingenommenen Taz- und Ungeldbeträge.;Der Bestand wurde 2023 von der Praktikantin Jennifer Achtleitner neu geordnet, gereinigt und erschlossen.;Tazamt Stein;Tazamt Stein;;Uneingeschränkt benützbar;Digitale Reproduktion möglich. Die eigene Herstellung von Reproduktionen ist kostenlos, für Auftragsdigitalisierungen gelten die Kosten in § 18 der Benutzerordnung (KS-PRAES-1/18/1-2020). Nichtkommerzielle Weiterverwendung unter CC-BY-NC-ND-4.0-Lizenz.;;;StAKr, 1.3.2.5.1. (Stein, Tazamtsrechnungen);"Vollständig erschlossen
4 Bände = 1 Karton = 0,1 lfm.";Handschriften und Amtsbücher nach ISAD(G);Papier;"de ; Handschrift (Kurrent)";;
Kastenamtsrechnungen Stein;1.3.2.6.1.;StAKr, 1.3.2.6.1. (Stein, Kastenamtsrechnungen);30 Bände = 2 Kartons = 0,2 lfm.;0,2;1521;1742;1521 - 1742;Vermögen und Finanzen;Öffentliches Vermögen;nein;;Jahresrechnungen des Kastenamts der Stadt Stein;Die Rechnungsbücher enthalten Einnahmen und Ausgaben auf Weizen, Roggen, Gerste und Hafer sowohl in Naturalien als auch in Geldwährung.;"Die Rechnungsbücher waren zunächst mit den Rechnungssammlern (StAKr, 1.3.2.6.2.) vermischt aufbewahrt und im Jahr 2023 in eine eigene Serie überführt.

Der Bestand wurde 2023 von der Praktikantin Jennifer Achtleitner neu geordnet, gereinigt und erschlossen.";Kastenamt Stein;Kastenamt Stein;;"Grundsätzlich uneingeschränkt möglich; aufgrund konservatorischer und gesundheitlicher Bedenken (Mikroorganismen, Schmutz) in Einzelfällen nur mit entsprechender Genehmigung zu benützen. ";Digitale Reproduktion möglich. Die eigene Herstellung von Reproduktionen ist kostenlos, für Auftragsdigitalisierungen gelten die Kosten in § 18 der Benutzerordnung (KS-PRAES-1/18/1-2020). Nichtkommerzielle Weiterverwendung unter CC-BY-NC-ND-4.0-Lizenz.;;;StAKr, 1.3.2.6.2. (Stein, Kastenamt, Rechnungssammler);"Vollständig erschlossen
30 Bände = 2 Kartons = 0,2 lfm.";Handschriften und Amtsbücher nach ISAD(G);Papier;"de ; Handschrift (Kurrent)";;
Rechnungssammler Stein;1.3.2.6.2.;StAKr, 1.3.2.6.2. (Stein, Kastenamt, Rechnungssammler);3 Bände = 1 Karton = 0,1 lfm.;0,1;1578;1676;1578 - 1676;Vermögen und Finanzen;Öffentliches Vermögen;nein;;Sammelhefte als Grundlage für die später reingeschriebenen Kastenamtsrechnungen (StAKr, 1.3.2.6.1.).;Die Rechnungssammler enthalten notizenhafte Auflistungen über Einnahmen und Ausgaben von Weizen, Roggen, Gerste und Hafer.;"Die Rechnungsbücher waren zunächst mit den Kastenamtsrechnungen (StAKr, 1.3.2.6.1.) vermischt aufbewahrt und im Jahr 2023 in eine eigene Serie überführt.

Der Bestand wurde 2023 von der Praktikantin Jennifer Achtleitner neu geordnet, gereinigt und erschlossen.
";Kastenamt Stein;Kastenamt Stein;;Uneingeschränkt benützbar;Digitale Reproduktion möglich. Die eigene Herstellung von Reproduktionen ist kostenlos, für Auftragsdigitalisierungen gelten die Kosten in § 18 der Benutzerordnung (KS-PRAES-1/18/1-2020). Nichtkommerzielle Weiterverwendung unter CC-BY-NC-ND-4.0-Lizenz.;;;StAKr, 1.3.2.6.1. (Stein, Kastenamtsrechnungen);"Vollständig erschlossen
3 Bände = 1 Karton = 0,1 lfm.";Akten;Papier;"de ; Handschrift (Kurrent)";;
Weinzehentbücher Passauisches Leseamt Stein;1.3.2.6.3.1.;StAKr, 1.3.2.6.3.1. (Stein, Kastenamt, Passauisches Leseamt, Weinzehentbücher);17 Bände = 2,2 lfm.;2,2;1659;1777;1659 - 1777;Vermögen und Finanzen;Öffentliches Vermögen;nein;;Weinzehentregister des Passauischen Leseamts beim Kastenamt der Stadt Stein;"Rapiarium 1659-1665; Recitaturbuch 1666-[1671?]; Weinzehentbuch 1667-1681/82 (1. und 2. Teil); Weinzehentbuch 1683-1696 (1. Teil = A-L; 2. Teil verloren?); Weinzehentbuch 1700-1715 (1. und 2. Teil); Weinzehentbuch 1716-1727 (1. und 2. Teil); Weinzehentbuch 1728-1740 (1. und 2. Teil); Weinzehentbuch und Abbruchregister 1741-1756 (1. und 2. Teil); Weinzehentbuch und Abbruchregister 1756/57-1772 (1. und 2. Teil); Weinzehentbeschreibung für das Leseamt Stein 1777 (1. und 2. Teil).";"Die großformatigen Weinzehentregister wurden vermischt mit den kleineren Abbruchregistern vermischt seit den 1950ern im von Hans Plöckinger gegründeten ""Weinarchiv"" (als Sammelbestand für Archivalien mit Weinbezug) aufbewahrt, ehe sie im Jahr 2023 der richtigen Provenienz zugeordnet wurden. Die Bände erhielten zu einem unbekannten Zeitpunkt eine durchlaufende und in sich geschlossene Nummerierung (1-29), die jedoch auch die Abbruchregister (StAKr, 1.3.2.6.3.2.) sowie die Kurrendistenregister (StAKr, 1.3.2.6.3.3.) miteinschloss. Zwei Bände (Weinzehentbeschreibung für das Leseamt Stein 1777, 1. und 2. Teil) befanden sich ursprünglich nicht in diesem Bestand, sondern waren separat und ohne Kontext bei den Steiner Archivalien verwahrt. Im Rahmen der Neuaufstellungsarbeiten wurden sie 2023 dieser Serie angegliedert.";Kastenamt Stein;Passauisches Leseamt Stein;Das Leseamt des Hochstiftes Passau verwaltete die vor allem aus Weingärten bestehenden Besitzungen in Krems und Stein. 1765 wurde der Weinzehent verpachtet, zunächst für sechs Jahre. Vermutlich gelangten die Gründe auf diesem Weg ins Eigentum der Stadt Stein, zumal das Schriftgut des Leseamts auch 1764 endet.;"Grundsätzlich uneingeschränkt möglich; aufgrund konservatorischer und gesundheitlicher Bedenken (Mikroorganismen, Schmutz) in Einzelfällen nur mit entsprechender Genehmigung zu benützen. ";Digitale Reproduktion möglich. Die eigene Herstellung von Reproduktionen ist kostenlos, für Auftragsdigitalisierungen gelten die Kosten in § 18 der Benutzerordnung (KS-PRAES-1/18/1-2020). Nichtkommerzielle Weiterverwendung unter CC-BY-NC-ND-4.0-Lizenz.;;;StAKr, 1.3.2.6.3.2. (Stein, Kastenamt, Passauisches Leseamt, Abbruchregister);;Handschriften und Amtsbücher nach ISAD(G);Papier;"de ; Handschrift (Kurrent)";Anton Kerschbaumer, Geschichte der Stadt Krems (Krems 1885) 589-591.;
Abbruchregister Passauisches Leseamt Stein;1.3.2.6.3.2.;StAKr, 1.3.2.6.3.2. (Stein, Kastenamt, Passauisches Leseamt, Abbruchregister);11 Bände = 0,3 lfm.;0,3;1693;1756;1693 - 1756;Vermögen und Finanzen;Öffentliches Vermögen;nein;;Abbruchregister des Passauischen Leseamts beim Kastenamt der Stadt Stein;"Register der abzugebenden Anteile des Weinzehents mit Verweis auf die Weinzehentbücher (StAKR, 1.3.2.6.3.1.) sowie Umrechnungstabellen.

Vorhandene Jahrgänge: 1693-1704, 1700-1709 (1. und 2. Teil), 1710-1717 (1. und 2. Teil), 1718-1727 (1. und 2. Teil), 1728-1740 (1. und 2. Teil), 1741-1756 (1. und 2. Teil).";"Die großformatigen Weinzehentregister wurden vermischt mit den kleineren Abbruchregistern vermischt seit den 1950ern im von Hans Plöckinger gegründeten ""Weinarchiv"" (als Sammelbestand für Archivalien mit Weinbezug) aufbewahrt, ehe sie im Jahr 2023 der richtigen Provenienz zugeordnet wurden. Die Bände erhielten zu einem unbekannten Zeitpunkt eine durchlaufende und in sich geschlossene Nummerierung (1-29), die jedoch auch die Weinzehentbücher (StAKr, 1.3.2.6.3.1.) sowie die Abbruchregister (StAKr, 1.3.2.6.3.2.) miteinschloss.";Kastenamt Stein;Passauisches Leseamt Stein;Das Leseamt des Hochstiftes Passau verwaltete die vor allem aus Weingärten bestehenden Besitzungen in Krems und Stein. 1765 wurde der Weinzehent verpachtet, zunächst für sechs Jahre. Vermutlich gelangten die Gründe auf diesem Weg ins Eigentum der Stadt Stein, zumal das Schriftgut des Leseamts auch 1764 endet.;"Grundsätzlich uneingeschränkt möglich; aufgrund konservatorischer und gesundheitlicher Bedenken (Mikroorganismen, Schmutz) in Einzelfällen nur mit entsprechender Genehmigung zu benützen. ";Digitale Reproduktion möglich. Die eigene Herstellung von Reproduktionen ist kostenlos, für Auftragsdigitalisierungen gelten die Kosten in § 18 der Benutzerordnung (KS-PRAES-1/18/1-2020). Nichtkommerzielle Weiterverwendung unter CC-BY-NC-ND-4.0-Lizenz.;;teilweise StAKr, 1.3.2.6.3.1. (Weinzehentbücher, ab 1741 vereinigt);StAKr, 1.3.2.6.3.1. (Stein, Kastenamt, Passauisches Leseamt, Weinzehentbücher);;Handschriften und Amtsbücher nach ISAD(G);Papier;"de ; Handschrift (Kurrent)";Anton Kerschbaumer, Geschichte der Stadt Krems (Krems 1885) 589-591.;
Kurrendistenregister Passauisches Leseamt Stein;1.3.2.6.3.3.;StAKr, 1.3.2.6.3.3. (Stein, Kastenamt, Passauisches Leseamt, Kurrendistenregister);4 Bände = 0,1 lfm.;0,1;1684;1735;1684 - 1735;Religion;Christentum;nein;;Kurrendistenregister des Passauischen Leseamts beim Kastenamt der Stadt Stein;Die Bücher enthalten nach Rieden unterteilte Aufnahmen der Abgaben in Registerform.;"Die großformatigen Weinzehentregister wurden vermischt mit den kleineren Abbruchregistern vermischt seit den 1950ern im von Hans Plöckinger gegründeten ""Weinarchiv"" (als Sammelbestand für Archivalien mit Weinbezug) aufbewahrt, ehe sie im Jahr 2023 der richtigen Provenienz zugeordnet wurden.";Kastenamt Stein;Passauisches Leseamt Stein;Das Leseamt des Hochstiftes Passau verwaltete die vor allem aus Weingärten bestehenden Besitzungen in Krems und Stein. 1765 wurde der Weinzehent verpachtet, zunächst für sechs Jahre. Vermutlich gelangten die Gründe auf diesem Weg ins Eigentum der Stadt Stein, zumal das Schriftgut des Leseamts auch 1764 endet.;"Grundsätzlich uneingeschränkt möglich; aufgrund konservatorischer und gesundheitlicher Bedenken (Mikroorganismen, Schmutz) in Einzelfällen nur mit entsprechender Genehmigung zu benützen. ";Digitale Reproduktion möglich. Die eigene Herstellung von Reproduktionen ist kostenlos, für Auftragsdigitalisierungen gelten die Kosten in § 18 der Benutzerordnung (KS-PRAES-1/18/1-2020). Nichtkommerzielle Weiterverwendung unter CC-BY-NC-ND-4.0-Lizenz.;;;;;Handschriften und Amtsbücher nach ISAD(G);Papier;"de ; Handschrift (Kurrent)";Anton Kerschbaumer, Geschichte der Stadt Krems (Krems 1885) 589-591.;
Gülte Großmeiseldorf;1.3.2.6.4.;StAKr, 1.3.2.6.4. (Stein, Kastenamt, Gülte Großmeiseldorf);1 Faszikel = 0,1 lfm.;0,1;1847;1850;1847 - 1850;Vermögen und Finanzen;Öffentliches Vermögen;nein;;Grundentlastungsunterlagen bezüglich der zum Steiner Kastenamt gehörigen Gülte Großmeiseldorf;;;Kastenamt Stein;Kastenamt Stein;Die Gülte Großmeiseldorf bildete eine der Grundherrschaften im niederösterreichischen Großmeiseldorf (heute Marktgemeinde Ziersdorf, PB Hollabrunn). Das Kastenamt Stein gelangte zu einem unbekannten Zeitpunkt in den Besitz der Gülte und hatte diese bis zur Aufhebung der Grundherrschaft 1848/50 inne.;Uneingeschränkt benützbar;Digitale Reproduktion möglich. Die eigene Herstellung von Reproduktionen ist kostenlos, für Auftragsdigitalisierungen gelten die Kosten in § 18 der Benutzerordnung (KS-PRAES-1/18/1-2020). Nichtkommerzielle Weiterverwendung unter CC-BY-NC-ND-4.0-Lizenz.;;;;;Akten;Papier;"de ; Handschrift (Kurrent)";;
Salzamtsrechnungen Stein;1.3.2.7.1.;StAKr, 1.3.2.7.1. (Stein, Salzamtsrechnungen);28 Bände = 3 Kartons = 0,3 lfm.;0,3;1523;1656;1523 - 1656;Vermögen und Finanzen;Öffentliches Vermögen;nein;;Jahresrechnungen des Salzamts der Stadt Stein;"Der Bestand enthält die Jahresrechnungen des Salzamtverwalters. Je nach Zeitraum tragen sie auch die Bezeichnungen Gegenbücher, Einlagsbücher oder Zillenrechnung. Bei den Salzamtsrechnungen handelt es sich um detaillierte Register über eingenommene Summen mit exakter Bezeichnung der Lieferanten und Mengen.

Vorhandene Jahrgänge: 1523 (4 Stück), 1540, 1552, 1558, 1566, 1571 (2 Stück), 1572 (Auszug),  1582, 1587, 1592, 1594, 1605-1607 (in einem Band), 1611, 1612, 1613, 1614, 1615, 1616, 1617-1618 (in einem Band), 1619-1620 (in einem Band), 1621, 1623, 1624, 1649-1656 (in einem Band).";"Die meisten Rechnungen befanden sich seit der Übernahme des Steiner Stadtarchivs nach Krems in einem eigenen Karton. Mehrere Rechnungen, darunter die ältesten, waren in die sogenannten ""Altakten"" (StAKr, 1.3.3.) eingegliedert. Im Rahmen der Neuaufstellung des Stadtarchivs wurde dies im Jahr 2022 bereinigt und alle Rechnungen chronologisch in einer Serie aufgestellt.";Salzamt Stein;Salzamt Stein;;Uneingeschränkt benützbar;Digitale Reproduktion möglich. Die eigene Herstellung von Reproduktionen ist kostenlos, für Auftragsdigitalisierungen gelten die Kosten in § 18 der Benutzerordnung (KS-PRAES-1/18/1-2020). Nichtkommerzielle Weiterverwendung unter CC-BY-NC-ND-4.0-Lizenz.;;;;;Handschriften und Amtsbücher nach ISAD(G);Papier;"de ; Handschrift (Kurrent)";;
Ladstattrechnungen Stein;1.3.2.8.1.;StAKr, 1.3.2.8.1. (Stein, Ladstattrechnungen);64 Bände = 7 Kartons = 0,7 lfm.;0,7;1656;1767;1656 - 1767;Vermögen und Finanzen;Öffentliches Vermögen;nein;;Jahresrechnungen des Ladstatteinnehmeramts der Stadt Stein;In den Rechnungen der Steiner Ladstatt wurden die Einnahmen aus angelandeten Getreidehandelsgütern (Weizen, Roggen, Hafer, Gerste) jahresweise verrechnet.;;Ladstatteinnehmeramt Stein;Ladstatteinnehmeramt Stein;;Uneingeschränkt benützbar;Digitale Reproduktion möglich. Die eigene Herstellung von Reproduktionen ist kostenlos, für Auftragsdigitalisierungen gelten die Kosten in § 18 der Benutzerordnung (KS-PRAES-1/18/1-2020). Nichtkommerzielle Weiterverwendung unter CC-BY-NC-ND-4.0-Lizenz.;;;StAKr, 1.3.2.8.2. (Stein, Ladstatteinnehmeramt, Rechnungsextrakte);"Vollständig erschlossen
64 Bände = 7 Kartons = 0,7 lfm.";Handschriften und Amtsbücher nach ISAD(G);Papier;"de ; Handschrift (Kurrent)";;
Ladstattrechnungsextrakte Stein;1.3.2.8.2.;StAKr, 1.3.2.8.2. (Stein, Ladstatteinnehmeramt, Rechnungsextrakte);15 Bände = 1 Karton = 0,1 lfm.;0,1;1738;1755;1738 - 1755;Vermögen und Finanzen;Öffentliches Vermögen;nein;;Auszüge aus den Jahresrechnungen der Ladstatt der Stadt Stein;Erhaltene Jahrgänge: 1738-1750, 1754, 1755;;Ladstatteinnehmeramt Stein;Ladstatteinnehmeramt Stein;;Uneingeschränkt benützbar;Digitale Reproduktion möglich. Die eigene Herstellung von Reproduktionen ist kostenlos, für Auftragsdigitalisierungen gelten die Kosten in § 18 der Benutzerordnung (KS-PRAES-1/18/1-2020). Nichtkommerzielle Weiterverwendung unter CC-BY-NC-ND-4.0-Lizenz.;;;StAKr, 1.3.2.8.1. (Stein, Ladstattrechnungen);"Vollständig erschlossen
15 Bände = 1 Karton = 0,1 lfm.";Handschriften und Amtsbücher nach ISAD(G);Papier;"de ; Handschrift (Kurrent)";;
Gemeinsame Rechte Stein und Korneuburg;1.3.2.8.3.;StAKr, 1.3.2.8.3. (Stein, Ladstatteinnehmeramt, Gemeinsame Rechte Stein und Korneuburg);1 Faszikel = 1 Karton = 0,1 lfm.;0,1;1738;1779;1738 - 1779;Vermögen und Finanzen;Öffentliches Vermögen;nein;;Verwaltungsakten bezüglich der Verrechnungen zwischen den Ladstätten Stein und Korneuburg;;;Ladstatteinnehmeramt Stein;Ladstatteinnehmeramt Stein;1574 wurde ein Vergleich zwischen Stein und Korneuburg geschlossen, nachdem zwischen den beiden Städten keine Getreideladstatt bestehen dürfe und außerdem das Ladstattgeld von Getreide, das mit Erlaubnis der Niederösterreichischen Regierung an anderen Orten verladen wurde, zwischen den Städten aufzuteilen ist.;Uneingeschränkt benützbar;Digitale Reproduktion möglich. Die eigene Herstellung von Reproduktionen ist kostenlos, für Auftragsdigitalisierungen gelten die Kosten in § 18 der Benutzerordnung (KS-PRAES-1/18/1-2020). Nichtkommerzielle Weiterverwendung unter CC-BY-NC-ND-4.0-Lizenz.;;;;;Handschriften und Amtsbücher nach ISAD(G);Papier;"de ; Handschrift (Kurrent)";Otto Brunner, Die Rechtsquellen der Städte Krems und Stein (FRA III/1) (Graz - Köln 1953) 232-233 (Nr. 374).;
Niederlagsrechnungen Stein;1.3.2.9.1.;StAKr, 1.3.2.9.1. (Stein, Niederlagsrechnungen);6 Bände = 1 Karton = 0,1 lfm.;0,1;1704;1730;1704 - 1730;Vermögen und Finanzen;Öffentliches Vermögen;nein;;Jahresrechnungen des Niederlagsamts der Stadt Stein;In den Rechnungsbüchern wurden Einnahmen und Ausgaben gegenübergestellt, die im Rahmen der Einhebung der Niederlagsgelder in der Stadt Stein entstanden.;;Niederlagsamt Stein;Niederlagsamt Stein;;Uneingeschränkt benützbar;Digitale Reproduktion möglich. Die eigene Herstellung von Reproduktionen ist kostenlos, für Auftragsdigitalisierungen gelten die Kosten in § 18 der Benutzerordnung (KS-PRAES-1/18/1-2020). Nichtkommerzielle Weiterverwendung unter CC-BY-NC-ND-4.0-Lizenz.;;;;;Handschriften und Amtsbücher nach ISAD(G);Papier;"de ; Handschrift (Kurrent)";;
Niederlagsvektigal Stein;1.3.2.9.2.;StAKr, 1.3.2.9.3. (Stein, Niederlagsamt, Vektigal);1 Band = 0,1 lfm.;0,1;1730;1730;1730 - 1730;Wirtschaft;Handel, Gewerbe und Handwerk;nein;;Vektigal des Niederlagsamts der Stadt Stein;Der Band enthält Registereinträge zur Niederlagsverwaltung der Stadt Stein.;;Niederlagsamt Stein;Niederlagsamt Stein;;Uneingeschränkt benützbar;Digitale Reproduktion möglich. Die eigene Herstellung von Reproduktionen ist kostenlos, für Auftragsdigitalisierungen gelten die Kosten in § 18 der Benutzerordnung (KS-PRAES-1/18/1-2020). Nichtkommerzielle Weiterverwendung unter CC-BY-NC-ND-4.0-Lizenz.;;;;;Handschriften und Amtsbücher nach ISAD(G);Papier;"de ; Handschrift (Kurrent)";;
Extrakt über Niederlagsgelder Stein;1.3.2.9.3.;StAKr, 1.3.2.9.3. (Stein, Niederlagsamt, Extrakt);1 Band = 0,1 lfm.;0,1;1643;1729;1643 - 1729;Wirtschaft;Handel, Gewerbe und Handwerk;nein;;Extrakte über Niederlagsgelder beim Niederlagsamt der Stadt Stein;;;Niederlagsamt Stein;Niederlagsamt Stein;;Uneingeschränkt benützbar;Digitale Reproduktion möglich. Die eigene Herstellung von Reproduktionen ist kostenlos, für Auftragsdigitalisierungen gelten die Kosten in § 18 der Benutzerordnung (KS-PRAES-1/18/1-2020). Nichtkommerzielle Weiterverwendung unter CC-BY-NC-ND-4.0-Lizenz.;;;;;Handschriften und Amtsbücher nach ISAD(G);Papier;"de ; Handschrift (Kurrent)";;
Wirtshaus- und Stiftsrechnungen Stein;1.3.4.1.1.;StAKr, 1.3.4.1.1. (Stein, Straußenwirtshaus und Karlingerstiftshaus, Rechnungen);20 Bände = 1 Karton = 0,1 lfm.;0,1;1770;1792;1770 - 1792;Vermögen und Finanzen;Öffentliches Vermögen;nein;;Jahresrechnungen des städtischen Straußenwirtshauses sowie des Karlinger-Stiftshauses;;;;;;Uneingeschränkt benützbar;Digitale Reproduktion möglich. Die eigene Herstellung von Reproduktionen ist kostenlos, für Auftragsdigitalisierungen gelten die Kosten in § 18 der Benutzerordnung (KS-PRAES-1/18/1-2020). Nichtkommerzielle Weiterverwendung unter CC-BY-NC-ND-4.0-Lizenz.;;;;;Handschriften und Amtsbücher nach ISAD(G);Papier;"de ; Handschrift (Kurrent)";;
Rechnungswesen Stein;1.3.4.2.1.;StAKr, 1.3.4.2.1. (Stein, Armenhaus, Rechnungswesen);1 Faszikel = 0,1 lfm.;0,1;1736;1838;1736 - 1838;Vermögen und Finanzen;Öffentliches Vermögen;nein;;Rechnungsunterlagen des Hierlmayer-Armenhauses der Stadt Stein;;Bis Juni 2024 bildete der Faszikel Nr. 281 der sogenannten Kremser Altakten (StAKr, 1.3.3.), wobei dort auch die Nummern Fasz. 12 Nr. 312 sowie Fasz. 13 Nr. 349 der Kremser Altakten (StAKr, 1.2.3.) beigefügt waren.;Armenhaus Stein;Armenhaus Stein;;Uneingeschränkt benützbar;Digitale Reproduktion möglich. Die eigene Herstellung von Reproduktionen ist kostenlos, für Auftragsdigitalisierungen gelten die Kosten in § 18 der Benutzerordnung (KS-PRAES-1/18/1-2020). Nichtkommerzielle Weiterverwendung unter CC-BY-NC-ND-4.0-Lizenz.;;;;;Akten;Papier;"de ; Handschrift (Kurrent)";;
Inleute-Steuerbücher Stein;1.3.4.2.2.;StAKr, 1.3.4.2.2. (Stein, Armenhaus, Inleute-Steuerbücher);2 Bände = 0,1 lfm.;0,1;1834;1851;1834 - 1851;Vermögen und Finanzen;Öffentliches Vermögen;nein;;Inleute-Steuerbücher über die Bewohnerinnen und Bewohner des Hierlmayer-Armenhauses der Stadt Stein;;;Armenhaus Stein;Armenhaus Stein;;Uneingeschränkt benützbar;Digitale Reproduktion möglich. Die eigene Herstellung von Reproduktionen ist kostenlos, für Auftragsdigitalisierungen gelten die Kosten in § 18 der Benutzerordnung (KS-PRAES-1/18/1-2020). Nichtkommerzielle Weiterverwendung unter CC-BY-NC-ND-4.0-Lizenz.;;;;;Handschriften und Amtsbücher nach ISAD(G);Papier;"de ; Handschrift (Kurrent)";;
Akten Stein;1.3.4.2.3.;StAKr, 1.3.4.2.3. (Stein, Armenhaus, Akten);1 Faszikel = 0,1 lfm.;0,1;1750;1872;1750 - 1872;Soziales Leben;Armut und Wohlfahrt;nein;;Verwaltungsakten des Hierlmayer-Armenhauses der Stadt Stein;;Der Faszikel wurde im Juni 2024 gebildet, nachdem einzelne Stücke aus den sogenannten Steiner Altakten (StAKr, 1.3.3.) im Umfang der Nummern 280 bis 291 und 294 herausgelöst wurden.;Armenhaus Stein;Armenhaus Stein;;Uneingeschränkt benützbar;Digitale Reproduktion möglich. Die eigene Herstellung von Reproduktionen ist kostenlos, für Auftragsdigitalisierungen gelten die Kosten in § 18 der Benutzerordnung (KS-PRAES-1/18/1-2020). Nichtkommerzielle Weiterverwendung unter CC-BY-NC-ND-4.0-Lizenz.;;;;;Akten;Papier;"de ; Handschrift (Kurrent)";;
Bürgerkasse Stein;1.3.4.3.;StAKr, 1.3.4.3. (Stein, Bürgerkasse);1 Faszikel = 1 Karton = 0,1 lfm.;0,1;1827;1860;1827 - 1860;Vermögen und Finanzen;Öffentliches Vermögen;nein;;Schriftgut der Bürgerkasse der Stadt Stein;;Der Faszikel bildete bis 2022 die Nummer 66 der sogenannten Steiner Altakten (StAKr, 1.3.3.) und wurde danach als eigener Bestand ausgegliedert.;Bürgerkasse Stein;Bürgerkasse Stein;Die Bürgerkasse war die Finanzstelle des gemeinschaftlichen Besitzes der Bürgerschaft der Stadt Stein.;Uneingeschränkt benützbar;Digitale Reproduktion möglich. Die eigene Herstellung von Reproduktionen ist kostenlos, für Auftragsdigitalisierungen gelten die Kosten in § 18 der Benutzerordnung (KS-PRAES-1/18/1-2020). Nichtkommerzielle Weiterverwendung unter CC-BY-NC-ND-4.0-Lizenz.;;;;;Akten nach ISAD(G);Papier;"de ; Handschrift (Kurrent)";;
Gemeinderatsprotokolle;2.1.1.1.;StAKr, 2.1.1.1. (Krems, Gemeinderatsprotokolle);33 Bände = 1,8 lfm.;1,8;1850;1934;1850 - 1934;Verwaltung;Kommunale Verwaltung;nein;;Sitzungsprotokolle des Gemeinderats der Stadt Krems;In den Gemeinderatsprotokollen wurden die einzelnen Sitzungen als Beschlussprotokolle niedergeschrieben. Dabei erfolgt in der Regel der Verweis auf die den Geschäftsfall behandelnde Aktenzahl.;;Gemeinderat Krems (1850-1938);Gemeinderat Krems (1850-1938);;Uneingeschränkt benützbar;Digitale Reproduktion möglich. Die eigene Herstellung von Reproduktionen ist kostenlos, für Auftragsdigitalisierungen gelten die Kosten in § 18 der Benutzerordnung (KS-PRAES-1/18/1-2020). Nichtkommerzielle Weiterverwendung unter CC-BY-NC-ND-4.0-Lizenz.;"StAKr, 1.1.1.1. (Krems und Stein, Ratsprotokolle); StAKr, 1.2.1.1. (Krems, Ratsprotokolle)";;StAKr, 2.1.1.2. (Krems, Abschriften der Gemeinderatsprotokolle);;Akten;Papier;"de ; Handschrift (Kurrent), Typoskript";;"Julius Wurzer, Auszüge aus den Kremser Gemeinderatsprotokollen ab 1850, in: Mitteilungen des Kremser Stadtarchivs 8 (1968) 77-164, https://www.mitteilungen.at/wp-content/uploads/2023/01/MiKrStA_8_077-164_Wurzer_Gemeinderatsprotokolle.pdf.

Julius Wurzer, Auszüge aus den Kremser Gemeinderatsprotokollen ab 1850, in: Mitteilungen des Kremser Stadtarchivs 9 (1969) 87-138, https://www.mitteilungen.at/wp-content/uploads/2023/03/MiKrStA_9_087-138_Wurzer_Gemeinderatsprotokolle.pdf.

Julius Wurzer, Auszüge aus den Kremser Gemeinderatsprotokollen 1854-1856, in: Mitteilungen des Kremser Stadtarchivs 10 (1970) 91-138, https://www.mitteilungen.at/wp-content/uploads/2023/03/MiKrStA_10_091_138_Wurzer_Gemeinderatsprotokolle.pdf.

Julius Wurzer, Auszüge aus den Kremser Gemeinderatsprotokollen 1857-1858, in: Mitteilungen des Kremser Stadtarchivs 11 (1971) 115-170, https://www.mitteilungen.at/wp-content/uploads/2023/03/MiKrStA_11_115-170_Wurzer_Gemeinderatsprotokolle.pdf.

Julius Wurzer, Auszüge aus den Kremser Gemeinderatsprotokollen 1859-1861, in: Mitteilungen des Kremser Stadtarchivs 12 (1972) 59-104, https://www.mitteilungen.at/wp-content/uploads/2023/04/MiKrStA_12_059-104_Wurzer_Gemeinderatsprotokolle.pdf."
Abschriften der Gemeinderatsprotokolle;2.1.1.2.;StAKr, 2.1.1.2. (Krems, Abschriften der Gemeinderatsprotokolle);1 Band = 0,1 lfm.;0,1;1915;1918;1915 - 1918;Verwaltung;Kommunale Verwaltung;nein;;Abschriften der Protokolle des Beirats der Stadt Krems;Das Protokollbuch enthält Abschriften von Sitzungen jener Zeit, als Krems durch einen staatlichen Oberkommissär verwaltet wurde, wodurch der Gemeinderat zu einem Beirat degradiert wurde.;;Gemeinderat Krems (1850-1938);Gemeinderat Krems (1850-1938);;Uneingeschränkt benützbar;Digitale Reproduktion möglich. Die eigene Herstellung von Reproduktionen ist kostenlos, für Auftragsdigitalisierungen gelten die Kosten in § 18 der Benutzerordnung (KS-PRAES-1/18/1-2020). Nichtkommerzielle Weiterverwendung unter CC-BY-NC-ND-4.0-Lizenz.;;;StAKr, 2.1.1.1. (Krems, Gemeinderatsprotokolle);"Vollständig erschlossen
1 Band = 0,1 lfm.";Handschriften und Amtsbücher nach ISAD(G);Papier;"de ; Typoskript";;
Indizes;2.1.1.3.;StAKr, 2.1.1.3. (Krems, Indizes zu den Gemeinderatsprotokollen);3 Bände = 0,2 lfm.;0,2;1872;1934;1872 - 1934;Verwaltung;Kommunale Verwaltung;nein;;Indizes zu den Protokollen des Gemeinderats der Stadt Krems;;;Gemeinderat Krems (1850-1938);Gemeinderat Krems (1850-1938);;Uneingeschränkt benützbar;Digitale Reproduktion möglich. Die eigene Herstellung von Reproduktionen ist kostenlos, für Auftragsdigitalisierungen gelten die Kosten in § 18 der Benutzerordnung (KS-PRAES-1/18/1-2020). Nichtkommerzielle Weiterverwendung unter CC-BY-NC-ND-4.0-Lizenz.;;;StAKr, 2.1.1.1. (Krems, Gemeinderatsprotokolle);"Vollständig erschlossen
3 Bände = 0,1 lfm.";Handschriften und Amtsbücher nach ISAD(G);Papier;"de ; Handschrift (Kurrent)";;
Gemeindevorstandsprotokolle;2.1.2.1.;StAKr, 2.1.2.1. (Krems, Gemeindevorstandsprotokolle);10 Bände = 0,5 lfm.;0,5;1918;1934;1918 - 1934;Verwaltung;Kommunale Verwaltung;nein;;Protokolle des Gemeindevorstands der Stadt Krems;;;Gemeindevorstand Krems (1850-1938);Gemeindevorstand Krems (1850-1938);;Uneingeschränkt benützbar;Digitale Reproduktion möglich. Die eigene Herstellung von Reproduktionen ist kostenlos, für Auftragsdigitalisierungen gelten die Kosten in § 18 der Benutzerordnung (KS-PRAES-1/18/1-2020). Nichtkommerzielle Weiterverwendung unter CC-BY-NC-ND-4.0-Lizenz.;;;;;Handschriften und Amtsbücher nach ISAD(G);Papier;"de ; Handschrift (Kurrent)";;
Bauausschuss;2.1.3.1.;StAKr, 2.1.3.1. (Krems, Bauausschuss);1 Band = 0,1 lfm.;0,1;1909;1913;1909 - 1913;Stadt und Raum;Bauwesen;nein;;Schriftgut des Bauausschusses des Gemeinderats der Stadt Krems;;;Gemeinderat Krems (1850-1938);Gemeinderat Krems (1850-1938);;Uneingeschränkt benützbar;Digitale Reproduktion möglich. Die eigene Herstellung von Reproduktionen ist kostenlos, für Auftragsdigitalisierungen gelten die Kosten in § 18 der Benutzerordnung (KS-PRAES-1/18/1-2020). Nichtkommerzielle Weiterverwendung unter CC-BY-NC-ND-4.0-Lizenz.;;;;"Vollständig erschlossen
1 Band = 0,1 lfm.";Handschriften und Amtsbücher nach ISAD(G);Papier;"de ; Handschrift (Kurrent)";;
Finanzausschuss;2.1.3.2.;StAKr, 2.1.3.2. (Krems, Finanzausschuss);3 Bände = 0,1 lfm.;0,1;1918;1924;1918 - 1924;Verwaltung;Kommunale Verwaltung;nein;;Schriftgut des Finanzausschusses des Gemeinderats der Stadt Krems;;;Gemeinderat Krems (1850-1938);Gemeinderat Krems (1850-1938);;Uneingeschränkt benützbar;Digitale Reproduktion möglich. Die eigene Herstellung von Reproduktionen ist kostenlos, für Auftragsdigitalisierungen gelten die Kosten in § 18 der Benutzerordnung (KS-PRAES-1/18/1-2020). Nichtkommerzielle Weiterverwendung unter CC-BY-NC-ND-4.0-Lizenz.;;StAKr, 2.1.3.5. (Krems, Gemeinderatsausschuss I);;"Vollständig erschlossen
3 Bände = 0,1 lfm.";Handschriften und Amtsbücher nach ISAD(G);Papier;"de ; Handschrift (Kurrent)";;
Rechtsausschuss;2.1.3.3.;StAKr, 2.1.3.3. (Krems, Rechtsausschuss);30 Bände = 1,5 lfm.;1,5;1918;1924;1918 - 1924;Verwaltung;Kommunale Verwaltung;nein;;Schriftgut des Rechtsausschusses des Gemeinderats der Stadt Krems;;;Gemeinderat Krems (1850-1938);Gemeinderat Krems (1850-1938);;Uneingeschränkt benützbar;Digitale Reproduktion möglich. Die eigene Herstellung von Reproduktionen ist kostenlos, für Auftragsdigitalisierungen gelten die Kosten in § 18 der Benutzerordnung (KS-PRAES-1/18/1-2020). Nichtkommerzielle Weiterverwendung unter CC-BY-NC-ND-4.0-Lizenz.;;StAKr, 2.1.3.5. (Krems, Gemeinderatsausschuss I);;"Vollständig erschlossen
1 Band = 0,1 lfm.";Handschriften und Amtsbücher nach ISAD(G);Papier;"de ; Handschrift (Kurrent)";;
Personalkommission;2.1.3.4.;StAKr, 2.1.3.4. (Krems, Personalkommission);2 Bände = 0,1 lfm.;0,1;1919;1925;1919 - 1925;Verwaltung;Kommunale Verwaltung;nein;;Schriftgut der Personalkommission des Gemeinderats der Stadt Krems;;;Gemeinderat Krems (1850-1938);Gemeinderat Krems (1850-1938);;Uneingeschränkt benützbar;Digitale Reproduktion möglich. Die eigene Herstellung von Reproduktionen ist kostenlos, für Auftragsdigitalisierungen gelten die Kosten in § 18 der Benutzerordnung (KS-PRAES-1/18/1-2020). Nichtkommerzielle Weiterverwendung unter CC-BY-NC-ND-4.0-Lizenz.;;StAKr, 2.1.3.5. (Krems, Gemeinderatsausschuss I);;"Vollständig erschlossen
2 Bände = 0,1 lfm.";Handschriften und Amtsbücher nach ISAD(G);Papier;"de ; Typoskript";;
Gemeinderatsprotokolle Stein;3.1.1.1.;StAKr, 3.1.1.1. (Stein, Gemeinderatsprotokolle);14 Bände = 0,2 lfm.;0,2;1853;1901;1853 - 1901;Verwaltung;Kommunale Verwaltung;nein;;Sitzunsprotokolle des Gemeinderats der Stadt Stein;"In den Gemeinderatsprotokollen wurden die einzelnen Sitzungen als Beschlussprotokolle niedergeschrieben. Dabei erfolgt in der Regel der Verweis auf die den Geschäftsfall behandelnde Aktenzahl.

Erhalten sind die Jahrgänge 1853 (nur eine Sitzung), 1869, 1877, 1890-1901.";;Gemeinderat Stein (1850-1938);Gemeinderat Stein (1850-1938);;Uneingeschränkt benützbar;Digitale Reproduktion möglich. Die eigene Herstellung von Reproduktionen ist kostenlos, für Auftragsdigitalisierungen gelten die Kosten in § 18 der Benutzerordnung (KS-PRAES-1/18/1-2020). Nichtkommerzielle Weiterverwendung unter CC-BY-NC-ND-4.0-Lizenz.;"StAKr, 1.1.1.1. (Krems und Stein, Ratsprotokolle); StAKr, 1.3.1.1. (Stein, Ratsprotokolle)";;;14 Bände = 0,2 lfm.;Handschriften und Amtsbücher nach ISAD(G);Papier;"de ; Handschrift, Typoskript";;
Einladungskurrenden Stein;3.1.1.2.;StAKr, 3.1.1.2. (Stein, Einladungskurrenden);2 Bände = 0,1 lfm.;0,1;1890;1911;1890 - 1911;Verwaltung;Kommunale Verwaltung;nein;;Kurrenden mit Einladungen zu den Sitzungen des Steiner Gemeinderats;;;Gemeinderat Stein (1850-1938);Gemeinderat Stein (1850-1938);;Aus konservatorischen Gründen eingeschränkt benützbar;Digitale Reproduktion möglich. Die eigene Herstellung von Reproduktionen ist kostenlos, für Auftragsdigitalisierungen gelten die Kosten in § 18 der Benutzerordnung (KS-PRAES-1/18/1-2020). Nichtkommerzielle Weiterverwendung unter CC-BY-NC-ND-4.0-Lizenz.;;;;2 Bände = 0,2 lfm.;Handschriften und Amtsbücher nach ISAD(G);Papier;"de ; Handschrift";;
Finanzverwaltung Stein;3.2.1.(prov.);StAKr, 3.2.1.(prov.) (Stein, Finanzverwaltung);10 Bände = 0,2 lfm.;0,2;1856;1937;1856 - 1937;Vermögen und Finanzen;Öffentliches Vermögen;nein;;Schriftgut der Finanzverwaltung der Stadt Stein;"Es handelt sich hierbei um einen Sammelbestand vereinzelter Schriftstücke der Finanzverwaltung, die die Vernichtung des Steiner Archivs überlebt haben. Vorhanden sind:

- Subrepartitions- und Steuereinzahlungshauptbuch 1856
- Verzeichnis der erwerbssteuerpflichten Personen 1856
- Einkommenssteuer 1856
- unidentifiziertes Steuerverzeichnis 1856
- Kellerbuch 1857
- Ausgabenbuch für den Bau des Strafhauses/Justizanstalt 1870-1871
- Einnahmen und Jahresabschluss des Armeninstituts 1882
- Jahresrechnung 1936
- Haushaltsplan 1937
- Jahresrechnung 1937";Die Jahresrechnung 1936 sowie der Haushaltsplan und die Jahresrechnung 1937 wurden am 12. März 2024 von Rudolf Schütz dem Stadtarchiv übergeben (KS-AR-2/3/1-2024).;Kammeramt Stein (1850-1938);Kammeramt Stein (1850-1938);;Uneingeschränkt benützbar;Digitale Reproduktion möglich. Die eigene Herstellung von Reproduktionen ist kostenlos, für Auftragsdigitalisierungen gelten die Kosten in § 18 der Benutzerordnung (KS-PRAES-1/18/1-2020). Nichtkommerzielle Weiterverwendung unter CC-BY-NC-ND-4.0-Lizenz.;;;;1 Karton = 0,1 lfm.;Handschriften und Amtsbücher nach ISAD(G);Papier;"de ; Handschrift";;
Meldewesen Stein;3.2.2.(prov.);StAKr, 3.2.2.(prov.) (Stein, Fremdenbuch);8 Bände = 0,6 lfm.;0,6;1881;1935;1881 - 1935;Bevölkerung und Bevölkerungsgruppen;Bevölkerungsbewegungen;nein;;Meldebücher der Stadt Stein;"- Meldebuch mit Index 1874-1881
- Meldebuch 1881-1899
- Meldebuch 1899-1915
- Meldebuch 1915-1935
- Index zum Meldebuch 1899-1915
- Index zum Meldebuch 1915-1935
- Fremdenbuch 1917-1919
- Index zum Fremdenbuch 1917-1919
- Volkszählung 1857";Die Aufnahmsbögen der Volkszählung 1857 wurden in den 1950er-Jahren den sogenannten Steiner Altakten (StAKr, 1.3.3.) mit der laufenden Nummer 192 zugeschlagen, im Jahr 2022 dort herausgezogen und im Februar 2025 diesem Bestand zugeordnet.;Stadtgemeinde Stein (1850-1938);Stadtgemeinde Stein (1850-1938);;Uneingeschränkt benützbar;Digitale Reproduktion möglich. Die eigene Herstellung von Reproduktionen ist kostenlos, für Auftragsdigitalisierungen gelten die Kosten in § 18 der Benutzerordnung (KS-PRAES-1/18/1-2020). Nichtkommerzielle Weiterverwendung unter CC-BY-NC-ND-4.0-Lizenz.;;;;8 Bände + 1 Karton = 0,7 lfm.;Akten;Papier;"de ; Handschrift";;
Bauakten Stein;3.2.3.(prov.);StAKr, 3.2.3.(prov.) (Stein, Bauakten);150 Faszikel = 3 Kartons = 0,3 lfm.;0,3;1842;1938;1842 - 1938;Stadt und Raum;Bauwesen;nein;;Bauakten der Stadt Stein;;Die Akten befanden sich bis 2023 bei den sogenannten Steiner Altakten (StAKr, 1.3.3.). Im September 2024 wurden sie von der Praktikantin Rosa Magits verzeichnet.;Stadtgemeinde Stein (1850-1938);Stadtgemeinde Stein (1850-1938);;Uneingeschränkt benützbar;Digitale Reproduktion möglich. Die eigene Herstellung von Reproduktionen ist kostenlos, für Auftragsdigitalisierungen gelten die Kosten in § 18 der Benutzerordnung (KS-PRAES-1/18/1-2020). Nichtkommerzielle Weiterverwendung unter CC-BY-NC-ND-4.0-Lizenz.;;;;"Vollständig erschlossen
3 Kartons = 0,3 lfm.";Akten;Papier;"de ; Handschrift, Typoskript";;
Akten Stein;3.2.4.(prov.);StAKr, 3.2.4.(prov.) (Stein, Akten);3 Kartons = 0,3 lfm.;0,3;1850;1938;1850 - 1938;Verwaltung;Kommunale Verwaltung;nein;;Akten der Stadtgemeinde Stein;Bei diesem Bestand handelt es sich um einen Rumpfbestand einzelner Akten, die die Vernichtung des Steiner Archivs überlebt haben. Darin befinden sich unter anderem Kauf- und Mietverträge sowie Akten zum Hiermayerschen Armenhaus. Enthalten sind hier noch mehrere Bauakten, darunter zur Volksschule Stein und zur Virginierfabrik, die dem Bestand StAKr, 3.2.3.(prov.) (Stein, Bauakten) zugeordnet werden müssten.;Ein Teil der Akten befand sich bei den sogenannten Steiner Altakten (StAKr, 1.3.3.), ein Teil wurde aus anderen Beständen an die richtige Stelle überführt.;Stadtgemeinde Stein (1850-1938);Stadtgemeinde Stein (1850-1938);;Uneingeschränkt benützbar;Digitale Reproduktion möglich. Die eigene Herstellung von Reproduktionen ist kostenlos, für Auftragsdigitalisierungen gelten die Kosten in § 18 der Benutzerordnung (KS-PRAES-1/18/1-2020). Nichtkommerzielle Weiterverwendung unter CC-BY-NC-ND-4.0-Lizenz.;;;;3 Kartons = 0,3 lfm.;Akten;Papier;"de ; Handschrift (Kurrent)";;
Gemeindearchiv Angern;5.1.;StAKr, 5.1. (Gemeindearchiv Angern);"4 Bände ; 1 Faszikel ; 0,1 lfm.";0,1;1947;1970;1947 - 1970;Verwaltung;Kommunale Verwaltung;nein;;Bei diesem Bestand handelt es sich um die Reste des Angerner Gemeindearchivs, die vor allem den Zeitraum kurz vor der Eingemeindung umfassen.;"1. Gemeinderatsprotokoll (23. September 1968 - 20. Dezember 1970)
2. Einnahmen-Hauptbuch (10. März 1967 - 12. Juli 1968)
3. Journal über Ausstellungen von Heimatschein, Todesfallaufnahmen, Armutszeugnisse, polizeiliche Führungszeugnisse (1. Februar 1947 - 14. Dezember 1970)
4. Posttagebuch (7. November 1968 - 31. Dezember 1970)
5. Akten über Bauangelegenheiten (11. Februar 1955 - 26. November 1970)";Über den Verbleib des Schriftguts der Gemeindeverwaltung von Angern ist nichts bekannt. Die wenigen überlieferten Stücke kamen vermutlich zusammen mit dem Marktarchiv Hollenburg in das Stadtarchiv Krems, zumal es lediglich die letzten Jahre vor der Eingemeindung umfasst. Auch auf Basis mehrerer Zeitzeugengespräche ist davon auszugehen, dass das Schriftgut vernichtet wurde oder auf sonstigem Weg verloren ging.;Gemeinde Angern;Gemeinde Angern;"Die politische Gemeinde Angern wurde 1850 gegründet. Zuvor hatte die Ortschaft über Jahrhunderte der Herrschaft Wolfsberg, die ihren Sitz im gleichnamigen Schloss in der Gemeinde hatte, gehört. Im Zuge der Gemeindezusammenlegung ab den 1960er-Jahren wollte sich Angern zunächst mit Thallern, Oberfucha und Tiefenfucha vereinigen, was wiederum auf dem Pfarrsprengel von Brunnkirchen beruhte. Aus parteipolitischen Gründen kam diese Zusammenlegung jedoch nicht zustande.

1966 wurden neue Gespräche aufgenommen, die die Bildung einer Großgemeinde mit Sitz in Angern als deren geografische Mitte zum Ziel hatten. Aufgrund einiger Gegenstimmen zog sich das Projekt hin, und noch im November 1970 war Angern nicht bereit, sich mit Hollenburg und Thallern, die auf eine Vereinigung drängten, zusammenzuschließen.

Mit 1. Jänner 1971 wurde Angern schließlich mit Thallern und Brunnkirchen (das schon seit 1922 mit Thallern vereinigt war) an Hollenburg angegliedert. Nur zwei Jahre später vereinigte sich die neue Großgemeinde mit der Stadt Krems.";;Digitale Reproduktion möglich. Die eigene Herstellung von Reproduktionen ist kostenlos, für Auftragsdigitalisierungen gelten die Kosten in § 18 der Benutzerordnung (KS-PRAES-1/18/1-2020). Nichtkommerzielle Weiterverwendung unter CC-BY-NC-ND-4.0-Lizenz.;;"Marktgemeinde Hollenburg (1971-1972; 5.3.); Magistrat der Stadt Krems (ab 1973; 4.)";;"Vollständig erschlossen ; 4 Bände, 1 Faszikel, 0,1 lfm (= 1 Karton)";Akten;Papier;"de ; Typoskript, Handschrift";Thomas Müller, Chance oder Auslöschung der Identität? Die Eingemeindung von Hollenburg, Angern, Thallern und Brunnkirchen nach Krems in den Jahren 1971 bis 1973, in: Mitteilungen Stadtarchiv Krems (2023). DOI: https://doi.org/10.57704/g8xr-5061.;
Urkunden Hollenburg;5.3.1.1.;StAKr, 5.3.1.1. (Hollenburg, Urkunden);5 Stk.;0,1;1359;1723;1359 - 1723;Kultur;Historische Identität und Erinnerungskultur;nein;;;Der historische Urkundenbestand des Marktes Hollenburg betrifft das Marktrecht von 1359 (in Abschrift) sowie das Banntaiding von 1563 und dessen Bestätigungen. Dazu ist ein Geburtsbrief der Brüder Saxstetter vorhanden.;;Marktgemeinde Hollenburg;Marktgemeinde Hollenburg;;;Digitale Reproduktion möglich. Die eigene Herstellung von Reproduktionen ist kostenlos, für Auftragsdigitalisierungen gelten die Kosten in § 18 der Benutzerordnung (KS-PRAES-1/18/1-2020). Nichtkommerzielle Weiterverwendung unter CC-BY-NC-ND-4.0-Lizenz.;;;;"Erschließung abgeschlossen; 5 Stück";Urkunden;Papier, Pergament;de;;Ludwig Schöllbauer, Die Hollenburger Ortschronik (Hollenburg 2008).
Akten Hollenburg;5.3.1.2.;StAKr, 5.3.1.2. (Hollenburg, Akten);14 Stück = 1 Faszikel = 0,1 lfm.;0,1;1659;1848;1659 - 1848;Verwaltung;Kommunale Verwaltung;nein;;;Der Bestand umfasst 13 Akten, die vermutlich den Rest eines größeren Bestandes an Altakten aufweisen. Thematisch umfassen sie vor allem die Gemeindeverwaltung (Rechnungsführung, Armenhaus, Schule). Die Akten enthalten keine Hinweise auf eine historische Archiv- oder Registraturordnung.;;Marktgemeinde Hollenburg;Marktgemeinde Hollenburg;;;Digitale Reproduktion möglich. Die eigene Herstellung von Reproduktionen ist kostenlos, für Auftragsdigitalisierungen gelten die Kosten in § 18 der Benutzerordnung (KS-PRAES-1/18/1-2020). Nichtkommerzielle Weiterverwendung unter CC-BY-NC-ND-4.0-Lizenz.;;;;"Erschließung abgeschlossen; 13 Stück = 1 Faszikel = 0,1 lfm.";Altakten;Papier;"de ; Kurrent";;
Marktrechnungen Hollenburg;5.3.1.3.1.;StAKr, 5.3.1.3.1. (Hollenburg, Marktrechnungen);"2 Kartons ; 0,2 lfm.";0,2;1797;1849;1797 - 1849;Vermögen und Finanzen;Öffentliches Vermögen;nein;;Jahresrechnungen des Marktes Hollenburg.;Die Marktrechnungen enthalten tabellarisch Einnahmen und Ausgaben. Die Einnahmen stammen vor allem von Gemeindebeiträgen der Inleute, Gerichtsgefällen, Bestandszinsen und Verkäufen von Materialien und Wein. Die Ausgaben umfassen vor allem Kontributionen, Zehent, Zinsen, Besoldungen und Bauangelegenheiten.;;Marktgemeinde Hollenburg;Markt Hollenburg;;;Digitale Reproduktion möglich. Die eigene Herstellung von Reproduktionen ist kostenlos, für Auftragsdigitalisierungen gelten die Kosten in § 18 der Benutzerordnung (KS-PRAES-1/18/1-2020). Nichtkommerzielle Weiterverwendung unter CC-BY-NC-ND-4.0-Lizenz.;;;;;Amtsbücher;Papier;"de ; Kurrent";;
Armenhausrechnungen Hollenburg;5.3.1.3.10.;StAKr, 5.3.1.3.10. (Hollenburg, Armenhausrechnungen);"1 Karton ; 0,1 lfm.";0,1;1802;1875;1802 - 1875;Vermögen und Finanzen;Öffentliches Vermögen;nein;;Armenhausrechnungen des Marktes Hollenburg.;Die Rechnungsbücher des Armenhauses (oder Armeninstituts) erfassen tabellarisch alle Einnahmen und Ausgaben der Institution, wobei sich die Einnahmen aus Kapitalszinsen und Sammelgeldern, die Ausgaben vor allem auf Einzelbeträge beschränken. Bis 1840 waren die Hefte kleinformatig, ab 1841 im Folioformat angelegt.;;Marktgemeinde Hollenburg;Markt Hollenburg;Das Armenhaus (oder Armeninstitut) war der Pfarre Hollenburg inkorporiert, wurde aber vom Markt verwaltet.;;Digitale Reproduktion möglich. Die eigene Herstellung von Reproduktionen ist kostenlos, für Auftragsdigitalisierungen gelten die Kosten in § 18 der Benutzerordnung (KS-PRAES-1/18/1-2020). Nichtkommerzielle Weiterverwendung unter CC-BY-NC-ND-4.0-Lizenz.;;;;;Akten;Papier;"de ; Kurrent";;
Kassarechnungen Hollenburg;5.3.1.3.2.;StAKr, 5.3.1.3.2. (Hollenburg, Kassarechnungen);1 Karton;0,1;1762;1811;1762 - 1811;Vermögen und Finanzen;Öffentliches Vermögen;nein;;Jahresrechnungen der Marktkassa.;Die Jahresrechnungen der Marktkassa erfassen tabellarisch Einnahmen und Ausgaben. Der Empfang beläuft sich vor allem auf Einzahlungen der Einwohnerschaft (Gaben) und Tazgelder, die Ausgaben sind ganz unterschiedlicher Kategorie. Die Abgrenzung zur Kammerrechnung (5.3.1.3.3.) ist nicht klar umrissen.;;Marktgemeinde Hollenburg;Markt Hollenburg;;;Digitale Reproduktion möglich. Die eigene Herstellung von Reproduktionen ist kostenlos, für Auftragsdigitalisierungen gelten die Kosten in § 18 der Benutzerordnung (KS-PRAES-1/18/1-2020). Nichtkommerzielle Weiterverwendung unter CC-BY-NC-ND-4.0-Lizenz.;;;;1 Karton;Akten;Papier;"de ; Kurrent";;
Kammerrechnungen Hollenburg;5.3.1.3.3.;StAKr, 5.3.1.3.3. (Hollenburg, Kammerrechnungen);1 Mappe;0,1;1762;1816;1762 - 1779;Vermögen und Finanzen;Öffentliches Vermögen;nein;;Kammerrechnungen des Marktes Hollenburg;"Die Kammerrechnungen erfassen tabellarisch Einnahmen und Ausgaben des Marktes Hollenburg. Die Einnahmen umfassen vor allem den Inleute-Zins; die Ausgaben setzen sich aus kleinen unkategorisierten Einzelausgaben zusammen. In der letzten überlieferten Rechnung, die auch den Dorsalvermerk ""Naturalienrechnung"" trägt, erfolgte die Verrechnung in Eimern und Muth.";;Marktgemeinde Hollenburg;Markt Hollenburg;;;Digitale Reproduktion möglich. Die eigene Herstellung von Reproduktionen ist kostenlos, für Auftragsdigitalisierungen gelten die Kosten in § 18 der Benutzerordnung (KS-PRAES-1/18/1-2020). Nichtkommerzielle Weiterverwendung unter CC-BY-NC-ND-4.0-Lizenz.;;Kammer- und Kellerrechnungen (5.3.1.3.5.);;;Akten;Papier;"de ; Kurrent";;
Kellerrechnungen Hollenburg;5.3.1.3.4.;StAKr, 5.3.1.3.4. (Hollenburg, Kellerrechnungen);1 Mappe;0,1;1763;1806;1763 - 1806;Vermögen und Finanzen;Öffentliches Vermögen;nein;;Kellerrechnungen des Marktes Hollenburg.;Die Kellerrechnungen umfassen tabellarisch die Einnahmen und Ausgaben über die Weinwirtschaft des Marktes Hollenburg, wobei der Handel mit dem Wein den größten Posten einnimmt.;;Marktgemeinde Hollenburg;Markt Hollenburg;;;Digitale Reproduktion möglich. Die eigene Herstellung von Reproduktionen ist kostenlos, für Auftragsdigitalisierungen gelten die Kosten in § 18 der Benutzerordnung (KS-PRAES-1/18/1-2020). Nichtkommerzielle Weiterverwendung unter CC-BY-NC-ND-4.0-Lizenz.;;Kammer- und Kellerrechnungen (5.3.1.3.5.);;;Akten;Papier;"de ; Kurrent";;
Kammer- und Kellerrechnungen Hollenburg;5.3.1.3.5.;StAKr, 5.3.1.3.5. (Hollenburg, Kammer- und Kellerrechnungen);1 Mappe;0,1;1783;1789;1783 - 1789;Vermögen und Finanzen;Öffentliches Vermögen;nein;;Kammer- und Kellerrechnungen des Marktes Hollenburg.;Die Kammer- und Kellerrechnungen bilden eine Verschmelzung der bis dahin (und teilweise danach) separat geführten Kammerrechnungen (5.3.1.3.3.) und der Kellerrechnungen (5.3.1.3.4.). Tabellarisch werden darin Einnahmen und Ausgaben aufgelistet.;;Marktgemeinde Hollenburg;Markt Hollenburg;;;Digitale Reproduktion möglich. Die eigene Herstellung von Reproduktionen ist kostenlos, für Auftragsdigitalisierungen gelten die Kosten in § 18 der Benutzerordnung (KS-PRAES-1/18/1-2020). Nichtkommerzielle Weiterverwendung unter CC-BY-NC-ND-4.0-Lizenz.;"Kammerrechnungen (5.3.1.3.3.); Kellerrechnungen (5.3.1.3.4.)";;;;Akten;Papier;"de ; Kurrent";;
Marktrichterrechnungen Hollenburg;5.3.1.3.6.;StAKr, 5.3.1.3.6. (Hollenburg, Marktrichterrechnungen);1 Mappe;0,1;1762;1787;1762 - 1787;Vermögen und Finanzen;Öffentliches Vermögen;nein;;Marktrichterrechnungen des Marktes Hollenburg;"Die Marktrichterrechnungen erfassen tabellarisch die Einnahmen und Ausgaben des Marktrichteramts, wobei die Einnahmen größtenteils summarisch monatsweise abgerechnet werden; die Ausgaben setzen sich aus kleinen Einzelbeträgen zusammen.";;Marktgemeinde Hollenburg;Markt Hollenburg;;;Digitale Reproduktion möglich. Die eigene Herstellung von Reproduktionen ist kostenlos, für Auftragsdigitalisierungen gelten die Kosten in § 18 der Benutzerordnung (KS-PRAES-1/18/1-2020). Nichtkommerzielle Weiterverwendung unter CC-BY-NC-ND-4.0-Lizenz.;;;;;Akten;Papier;"de ; Kurrent";;
Frühmessgelderrechnungen Hollenburg;5.3.1.3.7.;StAKr, 5.3.1.3.7. (Hollenburg, Frühmessgelderrechnungen);1 Mappe;0,1;1797;1808;1797 - 1808;Vermögen und Finanzen;Öffentliches Vermögen;nein;;Frühmessgelderrechnungen des Marktes Hollenburg.;"Die Frühmessgelderrechnungen erfassen tabellarisch die Einnahmen und Ausgaben für die für die Frühmesse eingenommenen Gelder. Die Einnahmen umfassen auch Abgaben für Brennholz; die Ausgaben setzen sich aus kleinen Einzelbeträgen zusammen.";;Marktgemeinde Hollenburg;Markt Hollenburg;;;Digitale Reproduktion möglich. Die eigene Herstellung von Reproduktionen ist kostenlos, für Auftragsdigitalisierungen gelten die Kosten in § 18 der Benutzerordnung (KS-PRAES-1/18/1-2020). Nichtkommerzielle Weiterverwendung unter CC-BY-NC-ND-4.0-Lizenz.;;;;;Akten;Papier;"de ; Kurrent";;
Schuldensteuerbeschreibung Hollenburg;5.3.1.3.8.;StAKr, 5.3.1.3.8. (Hollenburg, Schuldensteuerrechnung);1 Band;0,1;1765;1765;1765 - 1765;Vermögen und Finanzen;Öffentliches Vermögen;nein;;Schuldensteuerrechnung des Marktes Hollenburg.;Das Rechnungsheft erfasst die kaiserlich-königliche Schuldensteuer für das Jahr 1765, die im Dezember 1764 von Maria Theresia erlassen worden war. Die Einnahmen von den Bewohner:innen des Markts werden tabellarisch aufgelistet.;;Marktgemeinde Hollenburg;Markt Hollenburg;;;Digitale Reproduktion möglich. Die eigene Herstellung von Reproduktionen ist kostenlos, für Auftragsdigitalisierungen gelten die Kosten in § 18 der Benutzerordnung (KS-PRAES-1/18/1-2020). Nichtkommerzielle Weiterverwendung unter CC-BY-NC-ND-4.0-Lizenz.;;;;1 Band;Akten;Papier;"de ; Kurrent";;
Übergabsrechnungen Hollenburg;5.3.1.3.9.;StAKr, 5.3.1.3.9. (Hollenburg, Übergabsrechnungen);"2 Bände ; 1 Mappe";0,1;1810;1813;1810 - 1813;Vermögen und Finanzen;Öffentliches Vermögen;nein;;Übergabsrechnungen des Marktes Hollenburg.;Die Übergabsrechnungen erfassen tabellarisch einzelne Einnahmen und Ausgaben des Marktes Hollenburg. Unter den Einnahmen sind etwa Taz- und Pachtgelder verzeichnet.;;Marktgemeinde Hollenburg;Markt Hollenburg;;;Digitale Reproduktion möglich. Die eigene Herstellung von Reproduktionen ist kostenlos, für Auftragsdigitalisierungen gelten die Kosten in § 18 der Benutzerordnung (KS-PRAES-1/18/1-2020). Nichtkommerzielle Weiterverwendung unter CC-BY-NC-ND-4.0-Lizenz.;;;;;Akten;Papier;"de ; Kurrent";;
Akten Hollenburg;5.3.2.1.1.;StAKr, 5.3.2.1.1. (Marktgemeinde Hollenburg, Akten);10 Kartons = 1 lfm.;1;1850;1932;1850 - 1932;Verwaltung;Kommunale Verwaltung;nein;;Akten der Registratur der Marktgemeinde Hollenburg;"Die Akten sind jahresweise gebündelt. Innerhalb der Jahrgänge sind die Akten nummeriert und durch die Einreichprotokolle (5.3.2.1.5.) erschlossen, allerdings ist die Ablage mit der Zeit in Unordnung geraten. Eine thematische Gliederung gibt es nicht; vielmehr wurden die Schriftstücke nach dem Numerus-Currens-Prinzip abgelegt. Einzelne thematische Selekte wurden in einer eigenen Reihe abgelegt (5.3.2.1.2.).";;Marktgemeinde Hollenburg;Marktgemeinde Hollenburg;;Aufgrund konservatorischer und gesundheitlicher Bedenken (Mikroorganismen, Schmutz) nur mit entsprechender Genehmigung zu benützen. ;Digitale Reproduktion möglich. Die eigene Herstellung von Reproduktionen ist kostenlos, für Auftragsdigitalisierungen gelten die Kosten in § 18 der Benutzerordnung (KS-PRAES-1/18/1-2020). Nichtkommerzielle Weiterverwendung unter CC-BY-NC-ND-4.0-Lizenz.;;;"StAKr, 5.3.2.1.2. (Marktgemeinde Hollenburg, Aktenselekte)
StAKr, 5.3.2.1.4. (Marktgemeinde Hollenburg, Einzelakten)
StAKr, 5.3.2.1.5. (Marktgemeinde Hollenburg, Einreichprotokolle)";;Akten nach ISAD(G);Papier;"de ; Kurrent";;
Aktenselekte Hollenburg;5.3.2.1.2.;StAKr, 5.3.2.1.2. (Marktgemeinde Hollenburg, Aktenselekte);14 Faszikel = 2 Kartons = 0,2 lfm.;0,2;1860;1960;1860 - 1960;Verwaltung;Kommunale Verwaltung;nein;;Thematische Aktensammlungen, vorrangig aus der Zeit nach der Aufgabe der nummerierten Registratur.;"- Private Dokumente (ca. 1860-ca. 1910)
- Wasserleitung (ca. 1862-ca. 1910)
- Schuldscheine (1865-1922)
- Gemeindeinventar (1868-1871)
- Gemeindeurkunden (1876-1877)
- Grundbuchsakten und Besitzbögen (ca. 1890-ca. 1920)
- Schulstiftung Johann Stöger und Kümmerle
- Heimatzuständigkeit (ca. 1895-ca. 1912)
- Weinbau und Treibhausbau (1908-1912)
- Aktien (1922-1923)
- Wasserleitungszins (1929-1933)
- Geburtsanzeigen (1929-1934)
- Eheschließungsanzeigen (1932-1934)
- Todesfallsanzeigen (1929-1934)
- Fleischbeschau-Ausgleichskasse Linz (1941-1943)
- Kauf-, Miet- und Pachtverträge (1941-1960)";;Marktgemeinde Hollenburg;Marktgemeinde Hollenburg;;Aufgrund konservatorischer und gesundheitlicher Bedenken (Mikroorganismen, Schmutz) nur mit entsprechender Genehmigung zu benützen. ;Digitale Reproduktion möglich. Die eigene Herstellung von Reproduktionen ist kostenlos, für Auftragsdigitalisierungen gelten die Kosten in § 18 der Benutzerordnung (KS-PRAES-1/18/1-2020). Nichtkommerzielle Weiterverwendung unter CC-BY-NC-ND-4.0-Lizenz.;;;"StAKr, 5.3.2.1.1. (Marktgemeinde Hollenburg, Akten)
StAKr, 5.3.2.1.4. (Marktgemeinde Hollenburg, Einzelakten)";;Akten nach ISAD(G);Papier;"de ; Kurrent";;
Wahlakten Hollenburg;5.3.2.1.3.;StAKr, 5.3.2.1.3. (Marktgemeinde Hollenburg, Wahlakten);10 Faszikel = 2 Kartons = 0,2 lfm.;0,2;1894;1961;1894 - 1961;Politik;Politische Ereignisse;nein;;Wahlakten der Marktgemeinde Hollenburg für Gemeinderats-, Bundespräsidenten- und Landarbeiterkammerwahlen;"- Gemeinderatswahl 1894
- Gemeinderatswahl 1950
- Landarbeiterkammerwahl 1951
- Bundespräsidentenwahl 1951
- Jagdausschusswahl 1954
- Gemeinderatswahl 1955
- Nationalratswahl 1956
- Landarbeiterkammerwahl 1956
- Bundespräsidentenwahl 1957
- Landarbeiterkammerwahl 1961";;Marktgemeinde Hollenburg;Marktgemeinde Hollenburg;;Aufgrund konservatorischer und gesundheitlicher Bedenken (Mikroorganismen, Schmutz) nur mit entsprechender Genehmigung zu benützen. ;;;;;;Akten;Papier;"de ; Hand- und Maschinenschrift";;
Einzelakten Hollenburg;5.3.2.1.4.;StAKr, 5.3.2.1.4. (Marktgemeinde Hollenburg, Einzelakten);11 Einzelstücke = 1 Fazikel = 0,1 lfm.;0,1;1860;1970;1860 - 1970;Verwaltung;Kommunale Verwaltung;nein;;Einzelne registraturfremde Akten der Marktgemeinde Hollenburg;Der Bestand umfasst einzelne Akten, die nicht mit einer Aktenzahl bzw. fortlaufenden Nummer versehen wurden und deshalb auch nicht der chronologischen Aktenserie (5.3.2.1.1.) oder einem inhaltlichen Selekt (5.3.2.1.2.) hinzugefügt wurden.;;Marktgemeinde Hollenburg;Marktgemeinde Hollenburg;;Aufgrund konservatorischer und gesundheitlicher Bedenken (Mikroorganismen, Schmutz) nur mit entsprechender Genehmigung zu benützen. ;Digitale Reproduktion möglich. Die eigene Herstellung von Reproduktionen ist kostenlos, für Auftragsdigitalisierungen gelten die Kosten in § 18 der Benutzerordnung (KS-PRAES-1/18/1-2020). Nichtkommerzielle Weiterverwendung unter CC-BY-NC-ND-4.0-Lizenz.;;;"StAKr, 5.3.2.1.1. (Marktgemeinde Hollenburg, Akten)
StAKr, 5.3.2.1.2. (Marktgemeinde Hollenburg, Aktenselekte)";"Erschließung abgeschlossen; 11 Stück = 1 Faszikel = 0,1 lfm.";Akten nach ISAD(G);Papier;"de ; Handschrift und Maschinenschrift";;
Einreichprotokolle Hollenburg;5.3.2.1.5.;StAKr, 5.3.2.1.5. (Marktgemeinde Hollenburg, Einreichprotokolle);19 Bände;0,4;1850;1994;1850 - 1994;Verwaltung;Kommunale Verwaltung;nein;;Einreichprotokolle zur Registratur der Marktgemeinde Hollenburg;"Vorhandene Jahrgänge: 1850-1852, 1853-1857, 1858-1860, 1861-1868, 1870-1872, 1873, 1874, 1875, 1876-1878, 1879-1882, 1883-1887, 1888-1889, 1890, 1891-1892, 1893, 1893-1896, 1896-1901, 1901-1912, 1974-1994

Der letzte Band, der den Zeitraum 1974-1994 umfasst, dürfte aus der Verwaltung des Ortsvorstehers von Hollenburg innerhalb der Stadtgemeinde Krems stammen.";;Marktgemeinde Hollenburg;Marktgemeinde Hollenburg;;Aufgrund konservatorischer und gesundheitlicher Bedenken (Mikroorganismen, Schmutz) nur mit entsprechender Genehmigung zu benützen. ;Digitale Reproduktion möglich. Die eigene Herstellung von Reproduktionen ist kostenlos, für Auftragsdigitalisierungen gelten die Kosten in § 18 der Benutzerordnung (KS-PRAES-1/18/1-2020). Nichtkommerzielle Weiterverwendung unter CC-BY-NC-ND-4.0-Lizenz.;;;StAKr, 5.3.2.1.1. (Hollenburg, Akten);19 Bände;Akten;Papier;"de ; Handschrift";;
Gemeinderechnungen Hollenburg;5.3.2.2.;StAKr, 5.3.2.2. (Marktgemeinde Hollenburg, Gemeinderechnungen);;;1850;1910;1850 - 1910;Vermögen und Finanzen;Öffentliches Vermögen;ja;Bestandsumfang nicht überliefert bzw. nicht erfasst.;;"Ab 1870 wurden die Rechnungen in der Form von großformatigen Heften geführt.

Fehlende Jahrgänge: ";;;;;;;;;;;Akten;;;;
Sparkasse Krems;6.2.1.;StAKr, 6.2.1 Sparkasse Krems;3 Kartons = 0,3 lfm.;0,3;1856;1944;1856 - 1944;Wirtschaft;Dienstleistungen;nein;;;"Rechnungsabschlüsse und Ausweise (1856-1944); Statuten und Ordnungen; Einlagebüchel; Festschriften.";Alte Kartonbezeichnung: Regal 31, Karton 68.;Sparkasse Krems;Sparkasse Krems;"Die Anregung zur Gründung eines Sparkassevereines gab im Jahre 1852 Dr. Ferdinand Dinstl sen., Notar und Bürgermeister der Stadt Krems. Er versammelte im Rathaus 80 Bürger*innen der Stadt, die sich bereit erklärten, diesem Verein mit je 50 fl. C. M. als Gründer beizutreten. Nach mehrfachen Erhebungen, Abänderungen und Garantien erhielten am 28. August 1855 die vorgelegten Statuten die Genehmigung des Ministeriums des Inneren und am 5. November 1855 fand die konstituierende Generalversammlung statt, in der Dinstl zum Vorsteher der ""Sparkasse in Krems"" bestellt wurde. Am 2. Jänner 1856 wurden die Schalter der ""Sparkasse in Krems"" in dem von der Stadtgemeinde beigestellten Lokal im Rathaus eröffnet. 1880 betrug der Einlagenstand bereits 3.726.972 fl.

Bis zum Jahr 1914 entwickelte die Sparkasse sich gut, hatte aber in der Zwischenkriegszeit wie überall mit der Konjunktur und der mangelnden Nachfrage zu kämpfen. Dennoch überstand sie die Zeit ohne fremde Hilfen. Zum 75-Jahres-Jubiläum im Jahr 1931 betrug der Darlehensstand wieder 11.000.000 öS. Im Zweiten Weltkrieg stiegen - ähnlich wie im Ersten - die Einlagen durch die aufgeblähte Notenpresse. Nach 1945 wurde der Währungsumlauf durch eine Reihe von Gesetzen geregelt.

Die Sparkasse trat immer wieder wohltätig auf. Alleine zwischen dem Gründungsjahr 1856 und 1918 wurden 2.000.000 Goldkronen für gemeinnützige Zwecke gespendet.";;Reproduktion möglich. Die eigene Herstellung von Reproduktionen ist kostenlos, für Auftragsdigitalisierungen gelten die Kosten in § 18 der Benutzerordnung (KS-PRAES-1/18/1-2020). Nichtkommerzielle Weiterverwendung unter CC-BY-NC-ND-4.0-Lizenz.;;;;"3 Kartons; 0,8 lfm.";Akten;;"de ; Druck";"Harry KÜHNEL, 125 Jahre Sparkasse Krems (Krems 1981).

SPARKASSE KREMS (Hrsg.), 100 Jahre Sparkasse in Krems. 1856-1956 (Krems 1956).

SPARKASSE KREMS (Hrsg.), 75 Jahre Sparkasse in Krems. 1856-1931 (Krems 1931).

SPARKASSE KREMS (Hrsg.), Festschrift aus Anlass der fünfundzwanzigjährigen Jubiläumsfeier der Sparkasse Krems am 10. April 1881 (Krems 1881).

";
Österreichischer Kameradschaftsbund - Stadtverband Krems-Stein und Hesserbund;6.3.75.;StAKr, 6.3.75. (Österreichischer Kameradschaftsbund - Stadtverband Krems-Stein und Hesserbund);1 Mappe = 0,1 lfm.;0,1;1932;2023;1932 - 2023;Politik;Politische Gruppen;nein;;Schriftgut des Kameradschaftsbundes Krems-Stein und Hesserbund: Mitgliederverwaltung, Vereinsverwaltung, Ehrenmal Frauenbergkirche Stein, Veranstaltungen;"1) Einladung zum Wiedersehens-Feste (1932)
2) Würdigung Mitglied Friedrich Popper + (1988)
3) Inventarliste (1989)
4) Obmann Adolf Monihart (1989)
5) Mitglied Alois Siedl + (1990)
6) Protokoll der Jahreshauptversammlung (1990)
7) Missbräuchliche Verwendung des Ehrenmals Frauenbergkirche Stein
8) Totengedenken Egelsee (2003)
9) 80 Jahre Pionierbund Krems-Mautern (2004)
10) ÖKB Krems-Stein und Krieger- und Soldatenverein Passau/Auerbach: Feier zu 10 Jahre Partnerschaft (2005)
11) Zeitungsartikel NÖN zu Adolf Monihart (2009)
12) Statuten des ÖKB Krems-Stein und Hesserbund (2011)
13) Walter Strasser, ""Zusammenfassung über die Vergangenheit und Möglichkeiten für die Zukunft"" (2019)
14) Adressliste des Frauenbergkomitees (2019)
15) Finanzgebarung (2019)
16) Feier: Vorweihnachtliches Gedenken; enthält: Liste der Gedenkfeiern 1961-2019 (2019)
17) Feier: Allerseelenfeiern Pionierbund Krems-Mautern 2019-2020 (2019-2020)
18) Arbeiten am Ehrenmal Frauenbergkirche (2020)
19) Walter Strasser, ""Der Feuerwächter im Turm der Frauenbergkirche"" (Entwurf, unpubliziert) (2020)
20) Liste der Traditionsvereine in Krems (2020)
21) Fusion der Traditionsverbände in Krems + Liste der Verbände (2020)
22) Sitzungsprotokoll (2020)
23) Feier: Gedenkfeier in der Frauenbergkirche, Schriftverkehr (2020)
24) Feier: Gedenkfeiern der Jägerbrigade am Sappeurdenkmal 2021-2022 (2021-2022)
25) Nutzung und Sanierung der Frauenbergkirche Stein (2021)
26) Rechnungsprüfung des ÖKB Krems-Stein (2021)
27) Fahnen und Gedenkbänder für die Frauenbergkirche (2021)
28) Liste der Obmänner der Traditionsverbände in Krems + Mitgliederliste des ÖKB Krems-Stein und Hesserbund (2022)
29) Vorstandssitzungen (2022)
30) 100 Jahre Hesserbund (2022)
31) Austritt der Kameradschaft Stein aus dem ÖKB Niederösterreich (2022)
32) Vorstandssitzungen und diverser Schriftverkehr (2023)
33) Sitzung wegen Übergabe an Stadtarchiv Krems, Liste der Gedenkbücher im Rathaus Stein (2023)
34) Walter Strasser, ""Ehrenmal Frauenbergkirche"" (2023)
35) Walter Strasser, ""Friede - Freiheit - Heimat. 100 Jahre Hesserbund Krems. 173 Jahre Traditionsvereine in der Stadt Krems (Krems 2023) (Entwurf)
36) Adolf Monihart, ""Das Ehrenmal Frauenbergkirche Stein"" (o. J.)
37) Diverse Fotos in Kopie (o. J.)";Übergeben in mehreren Tranchen zwischen 2020 und 2023 durch Walter Strasser. Eine Übergabe des gesamten Bestandes des Kameradschaftsbundes Krems-Stein war ursprünglich intendiert, da der Verein in Auflösung begriffen war, wurde aber nach Entscheid über die Fortführung des Vereins nach Senftenberg zu Obmann Alfred Wurmauer transferiert. Im Jahr 2026 wurde der Bestand von der freiwilligen Mitarbeiterin Edda Scheibelauer geordnet, verzeichnet und verpackt. Eine Schärpe wurde an das museumkrems übergeben.;Österreichischer Kameradschaftsbund - Stadtverband Krems-Stein und Hesserbund;Österreichischer Kameradschaftsbund - Stadtverband Krems-Stein und Hesserbund;Der Stadtverband Krems-Stein des Österreichischen Kameradschaftsbundes wurde 1956 gegründet, wobei im heutigen Stadtgebiet zunächst die Verbände Krems, Stein und Egelsee existierten. Daneben bestanden und bestehen andere Verbände (z. B. Pionierbund, Hesserbund, Hessergarde).;Uneingeschränkt benützbar;Digitale Reproduktion möglich. Die eigene Herstellung von Reproduktionen ist kostenlos, für Auftragsdigitalisierungen gelten die Kosten in § 18 der Benutzerordnung (KS-PRAES-1/18/1-2020). Nichtkommerzielle Weiterverwendung unter CC-BY-NC-ND-4.0-Lizenz.;;;;"Vollständig erschlossen ; 1 Mappe = 0,1 lfm.";Akten;Papier;"de ; Druck und Typoskript";Walter Strasser, Friede - Freiheit - Heimat. 100 Jahre Hesserbund Krems. 173 Jahre Traditionsvereine in der Stadt Krems (Krems 2023) (Stadtarchiv Krems, Wissenschaftliche Bibliothek).;
Kleine Bühne / Theatergruppe des Bannes Krems;6.3.89.;StAKr, 6.3.89. (Kleine Bühne / Theatergruppe des Bannes Krems);1 Mappe = 0,1 lfm.;0,1;1943;1946;1943 - 1946;Kultur;Darstellende Kunst;nein;;Vereinsunterlagen der Theatergruppe des Bannes Krems (1943-1945) und der Kleinen Bühne (1945-1946);Textbücher, Programme, Einladungen, Fotos;Die Unterlagen befanden sich zunächst im Besitz von Richard Havel und wurden per Verfügung vom 16. August 2013 nach dessen Tod an Walter Strasser übergeben, der sie nach Rücksprache mit Bürgermeister Reinhard Resch am 16. Dezember 2019 an das Stadtarchiv übergab.;Bühne am Hohen Markt;Kleine Bühne;;Uneingeschränkt benützbar;Digitale Reproduktion möglich. Die eigene Herstellung von Reproduktionen ist kostenlos, für Auftragsdigitalisierungen gelten die Kosten in § 18 der Benutzerordnung (KS-PRAES-1/18/1-2020). Nichtkommerzielle Weiterverwendung unter CC-BY-NC-ND-4.0-Lizenz.;;Bühne am Hohen Markt;;;Akten;Papier;"de ; Druck, Typoskript";;
Bühne am Hohen Markt;6.3.90.;StAKr, 6.3.90. (Bühne am Hohen Markt);8 Kartons = 0,8 lfm.;0,8;1995;2014;1995 - 2014;Kultur;Darstellende Kunst;nein;;"Vereinsunterlagen des Theatervereins ""Bühne am Hohen Markt""";"Die Unterlagen zur Vereinsverwaltung (1995-2013, 1996 fehlt) umfassen Sitzungsprotokolle, Korrespondenzen, Bewilligungen, Abrechnungen, und Spenden, Statuten, Sponsoren, Beitrittserklärungen.
Innerhalb der insgesamt 41 Mappen zu den aufgeführten Stücken wurden die Unterlagen getrennt nach:
1) Folder und Flyer
2) Pressestimmen und Fotos
3) Texte und eventuell Originalvorlage
4) Sonstiges (Besetzungslisten, Probenpläne, Abrechnungen, Noten ...)";Die Unterlagen befanden sich zunächst im Besitz von Richard Havel und wurden per Verfügung vom 16. August 2013 nach dessen Tod an Walter Strasser übergeben, der sie nach Rücksprache mit Bürgermeister Reinhard Resch am 16. Dezember 2019 an das Stadtarchiv übergab. Die Bearbeitung im Stadtarchiv erfolgte im Jahr 2025 durch Günther Scheibelauer sowie nach dessen Tod durch Edda Scheibelauer.;Bühne am Hohen Markt;Bühne am Hohen Markt (Obmann Richard Havel);"Der Verein wurde 1995 unter dem Namen ""Verein der Freunde der Kremser Altstadt"" von Richard Havel (1926-2013) gegründet. 2000 erfolgte die Umbenennung in ""Bühne am Hohen Markt"". Die Theatergruppe führte zahlreiche Theaterstücke, auch solche aus der Feder Havels, in Krems auf, darunter eine große jährliche Produktion, die im Sommer vor der Gozzoburg aufgeführt wurde, sowie verschiedene Programme in der Adventzeit.";Uneingeschränkt benützbar;Digitale Reproduktion möglich. Die eigene Herstellung von Reproduktionen ist kostenlos, für Auftragsdigitalisierungen gelten die Kosten in § 18 der Benutzerordnung (KS-PRAES-1/18/1-2020). Nichtkommerzielle Weiterverwendung unter CC-BY-NC-ND-4.0-Lizenz.;Kleine Bühne / Theatergruppe des Bannes Krems;;;;Akten;Papier;"de ; Druck, Typoskript";;
Musikaliensammlung;7.10.;StAKr, 7.10. (Musikaliensammlung);;;;;;Kultur;Musik;ja;Zeitraum (von/bis) nicht überliefert bzw. nicht erfasst.;Sammlung von Musikhandschriften und -drucken mit Bezug zu Krems und Umgebung.;;Die Sammlung wurde im Jahr 2021 angelegt, um einzelne lose Musikhandschriften und -drucke, die sich ohne Ordnungszusammenhang im Stadtarchiv Krems befanden, zusammenzufassen.;;mehrere Provenienzen;;Uneingeschränkt möglich;Digitale Reproduktion möglich. Die eigene Herstellung von Reproduktionen ist kostenlos, für Auftragsdigitalisierungen gelten die Kosten in § 18 der Benutzerordnung (KS-PRAES-1/18/1-2020). Nichtkommerzielle Weiterverwendung unter CC-BY-NC-ND-4.0-Lizenz.;;;;;Akten;Papier;;;
Achte Tagung des Weltstudentenwerks, Krems 1929;7.12.1.;StAKr, 7.12.1. (Sammlung, Achte Tagung des Weltstudentenwerks);;0,1;1929;1929;1929 - 1929;Bevölkerung und Bevölkerungsgruppen;Einzelne Personen und Familien;nein;;Sammlung zum Weltstudententreffen 1929 in Krems;"- Transkript der Eröffnungsrede von Bundespräsident a. D. Ignaz Seipel (dt., en., fr.) 
- Transkript der Rede von T. L. Chang (""Der Hintergrund des modernen chinesischen Studentenlebens""; dt., en., fr.) 
- Transkript der Rede von Reinhold Schairer (""Die Ideologie der Selbsthilfe""; dt.) 
- Transkript der Rede von Fred L. Harris (""Student und Arbeiter""; dt., en., fr.) 
- Transkript der Rede von A. Batcheff und K. Drenkoff (""Suggestions for Practical Work in the Domain of University Self-Help in Bulgaria""; en.)
- Transkript der Rede von [Abraham?] Baumkoller (""Die Lage der jüdischen Studenten in Paris""; dt.)
- Liste der Konferenzteilnehmer
- Bericht der 1. Kommission (dt., en., fr.)
- Bericht der 2. Kommission (dt., en., fr.)
- Bericht der 3. Kommission (dt., en., fr.)
- Konferenzrundschreiben Nr. 1 (dt.)
- Konferenzrundschreiben Nr. 2 (dt., en., fr.)
- Konferenzrundschreiben Nr. 3 (dt., fr.)
- Presseberichte (dt., fr.)
- ""Von Chartres bis Krems"" (Arbeitsbericht 1928-1929; dt., en., fr.)
- Fragebogen bezüglich Vox Studenticum
- Fragebogen über das jüdische Problem in den Universitäten
- Finanzvoranschlag für das Jahr 1929-1930
- Menüplan
- Programmhefte (dt., en., fr.)
- Stadtplan
- Ephemera";"Jener Teil des Bestandes, der aus dem Nachlass des Oberlehrers J. Huber, der 1935 an das Stadtarchiv übergeben wurde, entstammt, wurde vermutlich in den 1950er- oder 1960er-Jahren als Nr. 832 in den Numerus-Currens-Bestand (größtenteils StAKr, 1.3.3. [Krems, Altakten]) eingegliedert, später jedoch in die thematische Reihe der Zentralregistratur in den Karton ""Fortbildungen"" übernommen. Im Februar 2025 wurden die einzelnen Teile vereint, bereinigt und in die ereignisgeschichtliche Sammlung überführt. Ein einzelnes Foto wurde in die Fotosammlung aufgenommen.";;"teilweise Spende von Hans Plöckinger; teilweise aus dem Nachlass von Oberlehrer J. Huber, 1935";Die 8. Tagung des Weltstudentenwerks (International Student Service), einer überparteilichen, interkonfessionellen internationalen Studentenorganisation, fand von 30. Juli bis 7. August 1929 in Krems statt. Rund 250 Personen aus 35 Ländern nahmen teil. Die Organisation, die ihren Sitz in Genf hatte, hatte sich ursprünglich konstituiert, um verarmte Studenten in Mitteleuropa finanziell zu unterstützen. Von 1927 bis 1934 war der Österreicher Walter Kotschnig Generalsekretär der Organisation.;Uneingeschränkt benützbar;Digitale Reproduktion möglich. Die eigene Herstellung von Reproduktionen ist kostenlos, für Auftragsdigitalisierungen gelten die Kosten in § 18 der Benutzerordnung (KS-PRAES-1/18/1-2020). Nichtkommerzielle Weiterverwendung unter CC-BY-NC-ND-4.0-Lizenz.;;;;;Akten;Papier;"de ; Typoskript, Druck";;
Robert Streibel;7.13.2.;;98 Kartons + 10 Diakoffer = 10,5 lfm.;10,5;1938;2024;1938 - 2024;Bevölkerung und Bevölkerungsgruppen;Einzelne Personen und Familien;ja;Bestandsinhalt nicht überliefert bzw. nicht erfasst.;;;;;;;;;;;;;Akten;;;;
Nachlass Familie Badstuber / Nachlass Familie Seifert;7.2.Bad.;;10 Kartons = 1 lfm.;1;1857;1993;1857 - 1993;Bevölkerung und Bevölkerungsgruppen;Einzelne Personen und Familien;nein;;Der Nachlass der Familien Badstuber und Seifert gibt einen Einblick in das bürgerliche Krems des frühen 20. Jahrhunderts. Besonders die beiden Weltkriege sind gut dokumentiert.;"Karton 1: Johann (1857–1903) und Agnes (1857–1942) Badstuber
1. Persönliches (Geburts- und Taufscheine, Trauungsschein, Parte, Heimatscheine, Urkunde Ehrenkreuz, Papiere und Zeitungsartikel zum Tod von Johann Badstuber)
2. Geschäftliches (Kaufvertrag, Schuldschein, Löschung, Auflistungen, Buch für gelieferten Wein-Essig, Papiersackerl Ostertag)
3. Ahnen Badstuber (Diverse Ahnenblätter, diverse Kopien von Parten, diverse Recherchen)
4. Großformatige Fotos
5. Fotos Johann und Agnes Badstuber sowie ihre Kinder und Geschwister, Verwandte Seyffart, Thiery, Fasching, Fotoplatte mit ausgearbeitetem Foto)

Karton 2: Maria Seifert (1868–1936) und Wilhelm Seifert (1861–1946)
1. Persönliche Dokumente Wilhelm Seifert (Diverse Zertifikate für Arztberuf, Parte, Verlassenschaft)
2. Persönliche Dokumente Marie Seifert (Geburts- und Taufschein, Trauungsschein, Sterbeurkunde, Parte, Seifert-Ahnentafeln ab 1665, Parten [auch jüngere Verwandte der Seifert Linie], Taufscheine, Ahnenpass der NSDAP, Familie Wolfram, Familie Watzka, Kondolenzschreiben nach Tod von Wilhelm Seifert 1946, Briefe an Wilhelm Seifert und Marie Seifert 1884–1919, besonders von seiner Mutter und seiner Frau, Briefe von Wilhelm Seifert an seine Frau Marie Seifert und andere 1886–1945 [übertragen in Maschinschrift von Elfriede Badstuber 1986], Kaufvertrag 1903 Haus Ringstraße 17, diverse Urkunden, Schuldschein Karl Seifert, Verzeichnis Wertsachen 1938, Steuerbescheide 1940–1941, Tagebuch von Wilhelm Seifert, im Nachhinein zusammengefasst für seine Tochter Hilda Seifert, nur mehr als Maschinschrift-Abschrift vorhanden, Kochbuch von Marie Seifert 1928)

Karton 3: Maria Seifert (1868–1936) und Wilhelm Seifert (1861–1946)
Fotoalbum zum 70. Geburtstag, zusammengestallt von Elfriede Badstuber, Seifert-Familienalbum, Filmrolle, Korrespondenz und Fotos von Fritz Seifert, Karl Seifert, Mitzi Seifert und Nachkommen

Karton 4: Alfred Badstuber (1885-1956)
1. Persönliches und Biografie, Berufliches, Militärdienst, Kondolenzpost nach dem Tod
2. Korrespondenz mit Hilde Seifert (1916-1919)

Karton 5: Alfred Badstuber (1885-1956)
1. Fotos: Militär, Schule/Lehrer, Familienfotos
2. Alfred Badstuber in Eger 1906, Gymnasium Wien 1910, Hochzeit 1918, 84er-Abmarsch von Krems (6. August 1914), Familienfotos
3. Briefe, darunter: Franz Karl Ginzkey (Dichter, 1871-1963), Wilhelm von Bodmershof (Volkswirt, 1989-1970), Franz Kardinal König (1905-2004), Bruno Brehm (Schriftsteller, 1892-1974)
4. Korrespondenz mit Hilde Seifert (1918-1919)
5. Franz Karl Ginzkey, Gedichte. Auswahl (Salzburg 1940) mit Widmung des Autors (1941)

6. Karton: Alfred Badstuber (1885-1956)
---1. Fotoalbum Alfred Badstuber, Fotoalbum Familienbilder
---2. Tagebücher (""10 Monate in russischer Kriegsgefangenschaft""), Notizbücher, Karten Erster Weltkrieg
---3. Alte Geldscheine 1920-1945, 2 Ausgabenbücher 1933-1956
---4. Foto der Burschenschaft ""Chremisia"", um 1910
---5. Foto aus dem Militärdienst, 1905

7. Karton: Hilda Badstuber, geb. Seifert (1898-1991)
---1. Persönliche Dokumente, Krankengeschichte und Pflegegeld, Schulhelft 1911, Foto des Wohlschlägerareals in Krems (um 1945), Parte von Margarethe Wohlschläger (+ 1945)
---2. Kochbücher Hilda Seifert
---3. Diverse Parten von Verwandten und Freunden (Familie Badstuber-Seifert)
---4. Briefe von Marie (Miezi) Mayer, geb. Seifert (Schwester) (1920-1967)
---5. Poesiealbum (1909-ca. 1926)
---6. Diverse Korrespondenzen
---7. Foto aus der Handelsschule (?), 1912
---8. Foto des 2. Jahrgangs der Handelsschule, 1914

8. Karton: Elfriede Badstuber (1921-1993)
---1. Persönliche Dokumente, Kondolenzschreiben (1993), Korrespondenz
---2. Kreative Arbeiten, Fotos
---3. Poesiealbum (1930 ff.)
---4. Fotoalbum

9. Karton: Hans Badstuber (1925-1945)
---1. Persönliche Dokumente, Nachforschungen zum Tod, Gaue der Ostmark, Krieg 1939-1941 in Karten
---2. Urkunden von Sportwettbewerben, Zeitungsausschnitte, Fotos
---3. Korrespondenz als Soldat (1943-1944)
---4. Korrespondenz (1943-1945), Kondolenzschreiben zum Tod am 1. September 1945
---5. Fotoalbum, einzelne Fotos

";2021, nach dem Tod von Adelinde Badstuber (geb. Preleitner), übernahm deren Tochter Mag. Gudrun Badstuber die auf dem Dachboden vorgefundenen zahlreichen Dokumente, Tagebücher, Briefe und Fotos und übergab sie in Übereinkunft mit ihren beiden Geschwistern Wolfgang Badstuber und Gerda Badstuber 2022 dem Stadtarchiv Krems.;Mag. Gudrun Badstuber;"Familie Badstuber, Krems; Familie Seifert, Krems.";"Johann und Agnes Badstuber, geborene Fasching, besitzen von 1887 bis 1941 (oder 1942) ein Geschäft (Wein- und Essigerzeugung, Greißlerei) in der Unteren Landstraße 69 in Krems. 
Agnes und Johann Badstuber haben 5 Kinder. 
Sohn Hans fällt im 1. Weltkrieg, die Töchter Margarete (Gschwendt), Agnes (Schickelberger) und Ida (Steffan) heiraten. Der älteste Sohn Alfred heiratet Hilda Seifert, die jüngste Tochter des Kremser Arztes Wilhelm Seifert und seiner Frau Marie Seifert, geborene Wolfram, die aus dem Sudetenland stammen und im Haus Ringstraße 17 in Krems wohnen. Sie haben vier Kinder. 
Agnes Badstuber wird 1903 Witwe und führt das Geschäft bis 1941 weiter. Nach ihrem Tod erfolgt eine Vermietung des Hauses. 1952 wird das Haus an Familie Ostertag verkauft
Eine ausführliche Korrespondenz zwischen Hilda und Alfred Badstuber dokumentiert den Beginn ihrer Beziehung in der Zeit, als er sich im Lazarett nach einer schweren Kriegsverletzung im Ersten Weltkrieg befindet.
Trotz prekärer finanzieller Lage studiert Alfred Badstuber und promoviert in Wien, wird Lehrer und kurzzeitig auch Direktor des heutigen Realgymnasiums in der Ringstraße in Krems.
Zahlreiche Briefe, die die ältere Schwester Marie (genannt Mitzi), über Jahrzehnte an ihre Schwester Hilda Seifert in Krems schreibt, dokumentieren die Vertreibung von Marie und ihrem Mann Dr. Karl Mayer aus Aš/Asch im Sudentenland und ihr Leben im deutschen Schwäbisch Hall, wo sie sich ansiedeln. 
Von den vier Seifert-Kindern bleibt nur die jüngste Tochter Hilda in Krems und lebt mit ihrer Familie im Haus ihres Vaters in der Ringstraße 17.
Fritz Seifert siedelt sich in Seewalchen an, Karl Seifert in Salzburg und Marie Mayer in Schwäbisch Hall. 
Kurz vor Ende des Zweiten Weltkrieges wird das Haus in der Ringstraße 17 durch einen Bombentreffer unbewohnbar, die Familie wohnt bis zur Wiederherstellung provisorisch im Piaristenkonvikt.
Das Ehepaar Dr. Alfred und Hilda Badstuber hat 3 Kinder.
Die älteste Tochter, Dr. Elfriede, Badstuber bleibt kinderlos, Sohn Hans Badstuber stirbt in russischer Kriegsgefangenschaft, Sohn Dr. Heinz Badstuber gründet mit Adelinde Preleitner eine Familie mit 4 Kindern und lebt mit seiner Frau bis zu seinem Tod 2020 im Haus Ringstraße 17.

Johann Badstuber: 1857 - 1903
27.3.1857 in Krems geboren 
1884 Heirat mit Agnes Fasching
4 Kinder
Hans: 27.1.1915 gefallen 
Alfred : heiratet Hildegard Seifert
Ida, verheiratet Steffan
Agnes (Nesti), verheiratet Schicklberger
Margarete, verheiratet Gschwendt
Inhaber des Lebensmittelgeschäfts, Essig- und Weinerzeugung,  Krems, Untere Landstraße 69

Agnes Badstuber, geborene Fasching: 1857 – 1942
27.12. 1857 in Joching geboren 
Inhaberin des Lebensmittelgeschäfts, Essig- und Weinerzeugung , Krems, Untere Landstra0e 69 

Wilhelm Seifert: 1861- 1946
11.1. 1861 in Mies geboren 
Studium der Medizin
1885: Oberarzt in Reserve
1894: Regimentsarzt
1886: Heirat mit Marie Wolfram 
Kinder:
Maria (Miezi, Mitzi): 1889 - 1974
Fritz: 1890 - 1972
Karl: 1892 - 1976
Hilda : 1898 - 1991
Arzt in Eger 
Gemeindearzt in Krems
1903: Kauf des Hauses in der Ringstraße 17 

Maria Seifert, geborene Wolfram: 1868 – 1936
2. 2. 1868 in Tachau geboren 
Alfred Badstuber: 1885 – 1956
1904 Matura Piaristengymnasium
Studium von Französisch, Englisch, Deutsch in Wien
1910: Promotion
Lehrer in Wien 
Definitiver Professor in Eger
1914: Leutnant der Reserve
bei Lemberg  verwundet, russische Kriegsgefangenschaft
1915: Heimkehr, Truppenspital Langenloiserberg 
1919: Lehrer in Wien
1919: Heirat von Hildegard Seifert
Seit 1919: Lehrer an der Realschule Krems 
Kinder:
Elfriede: 1921 - 1993
Hans: 1925 - 1945
Heinz: 1931 – 2020
1938: Leitung der Realschule als Dienstältester für ein halbes Jahr 
1943: erneut Leiter der Realschule
1945: Außerdienststellung
Pensionierung
1956: Tod im Krankenhaus Lainz, Kriegsverletzung erneut aufgebrochen 



Hilda Badstuber, geborene Seifert: 1898 – 1991
22.1.1898 in Krems geboren 
Bürgerschule
Handelsschule Krems
1991 in Krems, Thorwestenheim verstorben

Elfriede Badstuber: 1921 – 1993
4.11.1921 in Krems geboren
Erkrankt mit ca 12 Jahren an progressivem Muskelschwund
Matura 1941 an der Lehrerbildungsanstalt Krems 
Studium Lehramt Deutsch und Psychologie und Naturwissenschaften
Religionslehrerin bei Erzbischöflichem Amt für Unterricht und Erziehung Wien bis 1954
Doktorat in Psychologie/Philosophie
1957 Berufsunfähigkeitsrente 
1993 in Krems, Thorwestenheim verstorben


Hans Badstuber: 1925 - 1945
20.1. 1925 in Krems geboren
Matura März 1943 an der Staatlichen Oberschule für Jungen 
Teilnahme an zahlreichen sportlichen Wettkämpfen (Leichtathletik, Kugelstoßen, Dreikampf, Fünfkampf) auch im Rahmen der Hitler-Jugend 
1943 einberufen
1945 in russische Gefangenschaft 
1.September 1945 in einem Lager in Ufa (Ural) gestorben (an Ruhr) 

Heinz Badstuber: 1931 - 2020
Matura in Krems
1961: Heirat mit Adelinde Preleitner
Kinder:
Gudrun: 1964
Klaus: 1966 – 1968
Wolfgang: 1976
Gerda: 1976

Studium Welthandel
Doktorat
Beschäftigt bei IBM Wien ";;Digitale Reproduktion möglich. Die eigene Herstellung von Reproduktionen ist kostenlos, für Auftragsdigitalisierungen gelten die Kosten in § 18 der Benutzerordnung (KS-PRAES-1/18/1-2020). Nichtkommerzielle Weiterverwendung unter CC-BY-NC-ND-4.0-Lizenz.;;;;"Vollständig verzeichnet 
10 Kartons = 1 lfm.";Nachlass;;de;;
Nachlass Josef Maria Eder;7.2.EderJM.;;;;;;;Bevölkerung und Bevölkerungsgruppen;Einzelne Personen und Familien;ja;Bestandsinhalt, -umfang sowie Zeitraum (von/bis) nicht überliefert bzw. nicht erfasst.;;;;;;;;;;;;;Akten;;;;
Nachlass Susanne Frimml;7.2.Frimml.;StAKr, 7.2.Frimml. (Nachlass Susanna Frimml);1 Faszikel = 0,1 lfm.;0,1;1943;1945;1943 - 1945;Bevölkerung und Bevölkerungsgruppen;Einzelne Personen und Familien;nein;;Nachlass von Susanne Frimml;"- Freistellung vom RAD
- Bestätigung über Reiseunfähigkeit am 2. April 1945
- Schülerlegitimation des Tanzinstituts Lantschik, Krems
- Schülerwochenkarte
- Bewilligung zur Benützung eines Kraftfahrzeugs";Der Bestand wurde am 10. Februar 2025 von Susanna Frimmels Tochter Brigitte Karzel an das Stadtarchiv übergeben (KS-AR-2/4/1-2025).;Brigitte Karzel;Brigitte Karzel;Susanne Frimmel wurde am 4. Mai 1927 als Tochter von Dr. Silvius Theodor Maria Frimmel (Arzt in Senftenberg und Krems, * 9. Februar 1896, + 2. Februar 1957) geboren und wuchs ab ihrem 10. Lebensjahr in Senftenberg auf. 1945 wurde sie zum Reichsarbeitsdienst (RAD) in Niederfladnitz bei Retz eingezogen, wo sie landwirtschaftliche Dienste verrichtete. Sie war Augenzeugin des Luftangriffs auf Krems am 2. April 1945.;Uneingeschränkt benützbar;Digitale Reproduktion möglich. Die eigene Herstellung von Reproduktionen ist kostenlos, für Auftragsdigitalisierungen gelten die Kosten in § 18 der Benutzerordnung (KS-PRAES-1/18/1-2020). Nichtkommerzielle Weiterverwendung unter CC-BY-NC-ND-4.0-Lizenz.;;;;;Nachlass;Papier;"de ; Handschrift, Druck";;
Nachlass Hans Irion;7.2.Iri.;StAKr, 7.2.Iri. (Nachlass Hans Irion);4 Bände = 1 kleiner Karton = 0,1 lfm.;0,1;1941;1944;1941 - 1944;Bevölkerung und Bevölkerungsgruppen;Einzelne Personen und Familien;nein;;Nachlass von Hans Irion;Der Bestand enthält vier Tagebücher in der Form von Taschenkalendern aus den Jahren 1941, 1942, 1943 und 1944. Ein fünftes Tagebuch aus dem Jahr 1945 ist laut der Schenkerin Dagmar Hoffmann heute verloren, wobei sie noch eine Transkription besitzt.;Die Tagebücher wurden am 28. September 2023 von Dagmar Hofmann, der Tochter Hans Irions, an das Stadtarchiv übergeben (KS-AR-2/22/1-2023). Die Vermittlung erfolgte dabei über Edith Blaschitz, Universität für Weiterbildung Krems.;Dagmar Hofmann;Johannes (Hans) Irion;"Johannes (Hans) Irion (* 7. Dezember 1901 in Wien) stammte aus einer aus Württemberg eingewanderten Familie und hatte zwei Geschwister. Ein Studium an der Hochschule für Welthandel brach er ab.

1933 heiratete er Maria (Mary) Prokopius; das Paar hatte zwei Töchter, Maria Conchita (* 1939) und Dagmar (* 1942, die den Nachlass übergab).

Während des Zweiten Weltkriegs wurde Hans Irion aufgrund seiner Sprachkenntnisse (deutsch, englisch, französisch, italienisch und spanisch) nach Gneixendorf in das Stalag XVII-B versetzt, wo er die englischsprachigen Gefangenen betreute, aber auch als Übersetzer für Franzosen und Italiener diente. Er versuchte auch, russisch zu lernen. Mit Literatur, Theater und Kino versuchte er Abstand zum Lageralltag zu gewinnen, was sich auch in den Tagebüchern widerspiegelt.

Nach dem Krieg pflegte Irion den Kontakt zu anderen Betreuern im Lager (Richard Hüller, Moret-Bailly, Clubley, Snodgrass). Bis zu seiner Pensionierung arbeitete er bei der Vacuum Oil Company, der späteren Mobil Oil Austria, als Industrial Relations Adviser. Er verstarb am 16. Oktober 1970 und wurde am Wiener Zentralfriedhof begraben.";Uneingeschränkt benützbar;Digitale Reproduktion möglich. Die eigene Herstellung von Reproduktionen ist kostenlos, für Auftragsdigitalisierungen gelten die Kosten in § 18 der Benutzerordnung (KS-PRAES-1/18/1-2020). Nichtkommerzielle Weiterverwendung unter CC-BY-NC-ND-4.0-Lizenz.;;;;;Akten;Papier;"de ; Handschrift";;
Nachlass Josef und Sidonie Leopold;7.2.Leo.;;3 Kartons = 0,3 lfm.;0,3;1930;1945;1930 - 1945;Bevölkerung und Bevölkerungsgruppen;Einzelne Personen und Familien;nein;;;"Inhalt Bestand:
- berufliche und private Korrespondenzen von Joseph Leopold u.a zu einem von ihm geplanten Buchprojekt über den Anschluss, über seine Entlassung und Bemühungen politisch wieder Fuß zu fassen (1934 - 1938), Gliederung mit Trennblättern nach Betreffen bzw. Nachnahmen der Korrespondenzpartner, danach chronologisch abgelegt.
- berufliche Korrespondenz von Joseph Leopold aus dem Jahr 1938, 1939, zum Großteil aber Schriftstücke die nach dem Tod Joseph Leopolds an seine Frau Sidonie geschickt wurden den Tod ihres Mannes betreffende u.a. Fotos, Briefe, Tagebücher etc. aber auch private Dokumente von Sidonie Leopold über eine angemietete Wohnung in Wien. (1939 - 1942) Gliederung: Auch hier Trennblätter verwendet, allerdings nur um die Schriftstücke von Joseph und Sidonie Leopold zu trennen.
- 2 Bände Beileidsbekundungen zum Tod des Sohnes Ewald";;;;"- Josef Leopold: geboren 18.Februar 1889 in Langenlois, 7 Geschwister
- verheiratet mit Sidonie Leopold, mit ihr hatte er einen Sohn namens Ewald Leopold, dieser verunglückte am 20. Februar 1941 als Fliegeroffizier
- Bildung: 5 jährige Volksschule in Langenlois, 1905 - 1906 die Obst- und Weinbauschule
- Berufliche Laufbahn: ab 7. Oktober 1910 absolvierte er den dreijährigen Präsenzdienst im k. u. k. Infanterieregiment Nr. 49, 1913 verpflichtete er sich als ""Längerdiener"" und wurde Feldwebel
Am 01. August 1915 geriet er in russische Kriegsgefangenschaft, er entkam am 16. Februar 1818.
Vom 20. Februar bis 1. November 1918 war er RekruteniInstruktor und wurde dann zum Soldatenrat befördert.
1919 trat er der NSDAP, übernahm 1924 die Ortsgruppe Krems, wurde 1925 Kreisleiter des Waldviertels, wurde 1926 Gauleiter-Stellvertreter für Niederösterreich und am 29. August 1927 zum Gauleiter ernannt
am 22. Juli 1933 wurde er, aufgrund von Inhaftierung, aus dem Dienst entlassen.
Bis zu seiner Ernennung zum Reichsinspektor im Mai 1938, bemühte er sich wieder Fuß in der Politik zu fassen v.a. in Hinsicht auf den ""Anschluss""
01. April 1940 rückte Joseph Leopold zu einem Infanterieregiment ein, jedoch immer noch mit dem Wunsch, wieder Gauleiter von Niederösterreich zu werden.
Er starb am 24.07.1941 bei der Erstürmung des Brückenkopfes von Malin.
";;;;;;;Akten;;;;
Nachlass Jozef Luyssaert;7.2.Luy.;StAKr, 7.2.Luy. (Sammlungen, Nachlässe, Jozef Luyssaert);1 Mappe+ 1 kleiner Karton = 0,1 lfm.;0,1;1940;1987;1940 - 1987;Bevölkerung und Bevölkerungsgruppen;Einzelne Personen und Familien;nein;;Sammlung von Dokumenten zur Kriegsgefangenschaft des Belgiers Jozef Luyssaert im Stalag XVII-B Krems-Gneixendorf;"Der Bestand enthält persönliche Dokumente die Kriegsgefangenschaft betreffend, Dokumente aus dem Lager samt Feldpost, zwei Listen jener Orte, die Luyssaert auf der Fahrt nach Gneixendorf sowie auf der Heimreise durchfahren hat, eine Bescheinigung über ihm bei der Gefangennahme abgenommenen Geldbeträge sowie ein nach der Rückkehr verfasstes Dankschreiben an die Familie Blümel in Grabensee (Gemeinde Asperhofen, PB St. Pölten-Land), bei der er als Zwangsarbeiter eingesetzt war, außerdem ein Taschenkalender aus dem Jahr 1940, den Luyssaert tagebuchartig mit Notizen versehen hat.

An Realien enthält der Bestand ein Gebetsbuch, eine Erkennungsmarke sowie eine Pfeife, die Luyssaert während seiner Gefangenschaft erworben und mit einer Schnur aus seinem Bettzeug versehen hat.";Die Dokumente und Gegenstände wurden im April 2024 über Vermittlung von Edith Blaschitz (Universität für Weiterbildung Krems) von Jan Luyssaert, einem Sohn von Jozef Luyssaert, dem Stadtarchiv übergeben (KS-AR-2/4/1-2024).;;Jozef Luyssaert;"Jozef Leonard Cornelis Luyssaert (1915-2000).
Luyssaert wurde am 30. Januar 1915 in Oostvleteren (Westflandern, Belgien) geboren. Am 16. Februar desselben Jahres starb seine Mutter; Jozef wurde mit seinen drei Schwestern in ein Waisenhaus in Wisques (Nordfrankreich) gebracht. Im Jahr 1934 erwarb er in Brüssel das Lehrdiplom. 
Am 1. September 1939, dem Tag des Einmarsches der deutschen Truppen in Polen, wurde er als Wehrpflichtiger mobilisiert und dem 23. Linienregiment zugeteilt. Am 10. Mai marschierten die deutschen Truppen in Belgien ein, am 23. Mai zog sich das Regiment nach Oostwinkel hinter den Lyskanal zurück, wo es am 26. Mai 1940 von deutschen Truppen zur Kapitulation gezwungen wurde. Zusammen mit vielen Kameraden geriet Jozef Luyssaert in Kriegsgefangenschaft und wurde in das Stalag XVII-B in Krems-Gneixendorf transportiert. Am 24. Februar 1941 wurde er entlassen und nach einmonatigem Genesungsurlaub nahm er seine Tätigkeit als Lehrer in Avelgem (Westflandern) wieder auf.
Am 8. April 1942 heiratete er Suzanne Debruyne. Er starb am 2. August 2000 in Heestert (Westflandern, Belgien).";;Digitale Reproduktion möglich. Die eigene Herstellung von Reproduktionen ist kostenlos, für Auftragsdigitalisierungen gelten die Kosten in § 18 der Benutzerordnung (KS-PRAES-1/18/1-2020). Nichtkommerzielle Weiterverwendung unter CC-BY-NC-ND-4.0-Lizenz.;;;;1 Mappe + 1 Karton = 0,1 lfm.;Akten;Papier;"nl/fr, de ; Handschrift, Typoskript";;
Nachlass Therese Mahrer;7.2.MahT.;StAKr, 7.2.MahT. (Nachlass Therese Mahrer);4 Faszikel = 0,1 lfm.;0,1;1912;1970;1912 - 1970;Bevölkerung und Bevölkerungsgruppen;Einzelne Personen und Familien;nein;;Nachlass von Therese Mahrer;"- Persönliche Dokumente
- Korrespondenzen
- Tätigkeit als Stadträtin
- Reden
- Fotos (Vereinstätigkeit, z. B. bei den Roten Falken; Tätigkeit als Stadträtin; Maiaufmarsch in Rehberg 1931; jüdische Familie Glass mit Nachfahren; Eltern)";Der Bestand wurde am 3. März 2025 von Therese Mahrers Kindern Wolfgang Mahrer und Eva Richter-Mahrer an das Stadtarchiv übergeben (KS-AR-2/7/1-2025).;Mahrer, Therese;Therese Mahrer;"Theresa Mahrer (* 14. August 1912) war die Tochter des Tischlereiarbeiters Michael Lutzer und seiner Frau Anna, geb. Karnthaler. Sie stammte aus einer politischen Familie mit Nähe zur Sozialdemokratie. Nach der Schule war sie von 1929 bis 1934 Hortleiterin und Erzieherin der Kinderfreunde in Krems. Nach einem Streit mit der Kremser Sozialdemokratie wandte sie sich der Kommunistischen Partei zu. Aufgrund ihrer Aktivitäten für den Schutzbund war sie 1934 für drei Monate im Kreisgericht Krems arrestiert; weitere drei Monate sollten folgen. Ab 1939 arbeitete sie als Bibliothekarin im Statistischen Amt in Wien
1943 heiratete sie Alois Mahrer, der 1945 aus amerikanischer Kriegsgefangenschaft heimkehrte. Im selben Jahr übernahm sie auf Wunsch der KPÖ das Ressort als Schul- und Kulturreferentin im Kremser Gemeinderat und agierte als amtsführende Stadträtin. Ihr größter Erfolg war die Umwandlung der Kaserne in Schulen und Wohnungen, war aber auch mit der Rückführung der Kremser und Göttweiger Kulturgüter aus Altaussee betraut und förderte das Kremser Kulturleben. 1949 schied sie aus gesundheitlichen Gründen aus dem Gemeinderat aus.";;Digitale Reproduktion möglich. Die eigene Herstellung von Reproduktionen ist kostenlos, für Auftragsdigitalisierungen gelten die Kosten in § 18 der Benutzerordnung (KS-PRAES-1/18/1-2020). Nichtkommerzielle Weiterverwendung unter CC-BY-NC-ND-4.0-Lizenz.;;;;"Bearbeitung abgeschlossen
4 Faszikel = 0,1 lfm.";Akten;Papier;"de ; Handschrift, Typoskript";;
Nachlass Alois Pfannl;7.2.Pfannl.;StAKr, 7.2.Pfannl. (Nachlass Alois Pfannl);"16 Bände ; 2 Kartons ; 0,2 lfm.";0,2;1884;1934;1884 - 1934;Bevölkerung und Bevölkerungsgruppen;Einzelne Personen und Familien;nein;;Lebenserinnerungen des Lehrers und Direktors Alois Pfannl betreffend die Geschichte von Krems und Stein sowie die eigene Familie.;"Die Notizbücher erhalten Alois Pfannls relativ unstrukturierte Erinnerungen an das eigene Leben bzw. die Zeit in Krems und Stein. Die Einträge sind kapitelweise getrennt, viele wiederholen sich in mehreren Büchern, auch mit leichten Veränderungen. Einige Bände wurden von der Tochter Hermine, verh. Haunzwickl, wenige Jahre später abgeschrieben.

Die Bücher enthalten die Familiengeschichte (Stammbaum, Namensherkunft), persönliche Erinnerungen (Kennenlernen der Ehefrau Hermine, Kinder, Enkelkinder), historische Erinnerungen an Krems und Stein und den Heimatort Förthof (besonders auch über Personen, Familien, Gebäude und Einrichtungen), aber auch darüber hinaus (etwa die Cholera in Wien 1873), das Uhrmacherhandwerk in der Familie, besonders von Vater Ferdinand (1833-1928) und seine Kinder- und Schulzeit. 

Die Eintragungen erfolgten vermutlich auf losen Einzelbögen, die später gebunden wurden; bei einem Band ist die Bindung unterblieben.";"Vierzehn Bände wurden am 14. Februar 2023 von Dr. Brigitte Silwester, der verwitweten Ehefrau des Großneffen des Nachlassers, an das Stadtarchiv übergeben (KS-AR-2/5/1-2023). Die handschriftlichen Bände waren seit jeher in Familienbesitz, wurden in den Jahren 2020 bis 2022 zur Erstellung einer Familienchronik (weiterhin in Familienbesitz) herangezogen und anschließend zur sicheren und dauerhaften Verwahrung übergeben.

Die Übergeberin wusste zwar von den bereits publizierten sogenannten ""Pfannl-Erinnerungen"", die auch in der Wissenschaftlichen Bibliothek vorhanden sind, jedoch nicht den Ursprung der Manuskripte. Da Alois Pfannl ein begeisterter Schreiber war, ist nicht auszuschließen, dass noch weitere Manuskripte oder Abschriften existieren.

Zwei Bände (um 1928 verfasst) befanden sich bereits zuvor im Stadtarchiv, dabei handelt es sich jedoch nur um Abschriften des Journalisten und Genealogen Josef Beatus Klingohr, der auch Anmerkungen hinterließ. Die beiden Hefte wurden am 14. Dezember 1937 von Stadtarchivar Hans Plöckinger um 10 Schilling erworben (Eintragung im Erwerbsbuch vorhanden).";Dr. Brigitte Silwester, Lanerberggasse 24, 2103 Langenzersdorf;Alois Pfannl (1866-1954);"Alois Pfannl (1866-1954) war der Sohn von Ferdinand Pfannl (1833-1928) sowie Margarete, geb. Seif (1833-1896). Er entstammte einer alten Uhrmacherfamilie aus Förthof/Stein; ein Handwerk, das auch sein Bruder Franz (1867-1961) ausübte. Er war verheiratet mit Hermine, geb. Wollensack. Alois war Lehrer und Bürgerschuldirektor in Wien, ehe er um 1928 in den Ruhestand ging. Danach widmete er seine Zeit der Niederschrift seiner Erinnerungen.";;Digitale Reproduktion möglich. Die eigene Herstellung von Reproduktionen ist kostenlos, für Auftragsdigitalisierungen gelten die Kosten in § 18 der Benutzerordnung (KS-PRAES-1/18/1-2020). Nichtkommerzielle Weiterverwendung unter CC-BY-NC-ND-4.0-Lizenz.;;;;"16 Bände ; 2 Kartons ; 0,2 lfm. Erschließung abgeschlossen.";Akten;Papier;"de ; Kurrent";"Alois Pfannl - Erich Hackl (Red.), Erinnerungen. Krems, Stein, Förthof. Abschrift des in Kurrentschrift handschriftlichen Originals, illustriert und mit Fußnoten versehen (Krems 2021).

Alois Pfannl, Erinnerungen eines alten Kremser, in: Waldviertler Heimat 15 (1954) 110-111.

Alois Pfannl, Kremser Leute (Krems 1957).";
Nachlass Johann Riedl;7.2.Riedl.;StAKr, 7.2.Riedl. (Nachlass Riedl, Johann);1 Mappe = 0,1 lfm.;0,1;1896;1943;1896 - 1943;Bevölkerung und Bevölkerungsgruppen;Einzelne Personen und Familien;nein;;Nachlass von Johann Riedl mit Dokumenten seiner Ehefrau Barbara Riedl, geb. Söllner;"- Persönliche Dokumente (Geburtsurkunde, Taufschein, Trauungsschein, Entlassungszeugnis, Heimatrechtsbestätigung, Sterbeurkunde)
- Dokumente von Ehefrau Barbara (Geburtsurkunde, Taufschein, Heimatschein, Staatsbürgerschaftsnachweis, Parte von Tochter Barbara)
- Militärzeit: Wehrpass, Dienstbuch, Dokumente zum Verwundetenabzeichen
- Fotos";Die Dokumente wurden am 26. Mai 2025 von Margarete Riedl, Tochter des Nachlassers, an das Stadtarchiv übergeben (KS-AR-2/14/1-2025).;;Johann Riedl;Johann Riedl wurde am 22. Dezember 1895 geboren. Am 4. September 1927 schloss er mit Barbara, geb. Söllner, die Ehe. Er starb am 8. Oktober 1950.;uneingeschränkt benützbar;Digitale Reproduktion möglich. Die eigene Herstellung von Reproduktionen ist kostenlos, für Auftragsdigitalisierungen gelten die Kosten in § 18 der Benutzerordnung (KS-PRAES-1/18/1-2020). Nichtkommerzielle Weiterverwendung unter CC-BY-NC-ND-4.0-Lizenz.;;;;1 Mappe;Akten;Papier;"de ; Handschrift (Kurrent), Druck";;
Nachlass Familie Robitschek / Nachlass Familie Rieger / Nachlass Familie Herzog;7.2.Rob.;;;;;;;Bevölkerung und Bevölkerungsgruppen;Einzelne Personen und Familien;ja;Bestandsumfang sowie Zeitraum (von/bis) nicht überliefert bzw. nicht erfasst.;;;;;;"Johanna Robitschek und Paul Josef Robitschek (Sohn von Johanna) waren Eigentümer des Sandgrubengutes Paul Josef R. und „Baron“ August Rieger waren Geschäfts-, Lebens- und Liebespartner Albert Herzog, der Mann meiner Tante, war von 1937 bis 1938 Verwalter am Sandgrubengut und irgendwie der „erotische Dritte“ Leo Artur Robitschek war der Bruder von Paul Josef Robitschek Paul Josef R. blieb kinderlos sein Bruder Leo hatte 2 Kinder:
Anita Robitschek und Daniel Robitschek
Anita ist die Enkelin von Johanna Robitschek
";;;;;;;Nachlass;;;;
Nachlass Elisabeth Schwarz;7.2.SchwarzE.;StAKr, 7.2.SchwarzE. (Nachlass Elisabeth Schwarz);4 Fotoalben = 2 Kartons = 0,2 lfm.;0,2;2000;2007;2000 - 2007;Bevölkerung und Bevölkerungsgruppen;Einzelne Personen und Familien;nein;;Fotoalben der Standesbeamtin Elisabeth Schwarz;Der Bestand enthält vier Fotoalben mit Bildern von Trauungen sowie Dank- und Glückwunschschreiben aus dem Zeitraum 2000 bis 2007.;Die Fotoalben wurden am 20. Februar 2026 von Eduard Schwarz, dem Witwer der Nachlasserin, übergeben (KS-AR-2/2/1-2026).;;Elisabeth Schwarz;;Uneingeschränkt benützbar;Digitale Reproduktion möglich. Die eigene Herstellung von Reproduktionen ist kostenlos, für Auftragsdigitalisierungen gelten die Kosten in § 18 der Benutzerordnung (KS-PRAES-1/18/1-2020). Nichtkommerzielle Weiterverwendung unter CC-BY-NC-ND-4.0-Lizenz.;;;;"Vollständig erschlossen; 4 Fotoalben = 2 Kartons = 0,2 lfm.";Akten;Papier, Foto;"de ; Handschrift, Fotografien";;
Nachlass Anton Simlinger;7.2.Sim.;StAKr, 7.2.Sim. (Nachlass Anton Simlinger);1 Faszikel + 1 Karton = 0,1 lfm.;0,1;1918;1966;1918 - 1966;Bevölkerung und Bevölkerungsgruppen;Einzelne Personen und Familien;nein;;Nachlass von Anton Simlinger;"- Persönliche Dokumente
- Vorfahren und ""Ahnenpass""
- Kriegseinsatz und SS-Angehörigkeit
- Fotos";Die Materialien wurden am 3. Februar 2025 vom Sohn des Nachlassers dem Stadtarchiv Krems angeboten.;Anton Simlinger;Anton Simlinger;"Anton Simlinger wurde am 17. März 1922 in Krems geboren und römisch-katholisch getauft. Seine Eltern waren die Tabakarbeiterin Ida (bei der Geburt verstorben) sowie der Spenglermeister Anton Simlinger (verstorben 1925). Der väterlichen Verwandtschaft entstammte auch Rudolf Simlinger, Titularpropst von Zwettl und Pfarrer von Krems in den Jahren 1920 bis 1926, der einen kirchlichen Werdegang für Anton vorsah, aber schon 1926 verstarb.

Anton Simlinger besuchte von 1928 bis 1932 die Volksschule in Krems, von 1932 bis 1936 die Hauptschule in Krems sowie von 1936 bis 1939 die Kaufmännische Berufsschule in Eggenburg. Seine berufliche Laufbahn umfasste ab 1936 zahlreiche Stationen (1936-1939 Lehrling bei der Firma Franz Liebenberger, Groß- und Einzelhandel, Gföhl; 1947-1950 Versandabteilung Schmidhütte, Krems; 1950-1958 Verkauf und Werbeleiter bei der Firma Otto Kaltenböck, Krems; 1958-1964 Referent der Werksverwaltung der Hütte-Krems Ges.m.b.H.; 1965-1966 Disponent bei Lega Großhandel, Scheibbs; 1966-1968 Personalleiter bei Eisert AG, Heidenreichstein; 1968-1970 Gebietsleiter bei der Bundesländer-Versicherung; 1970-1971 Geschäftsführer und Leiter der Filialabteilung der NÖM; 1971-1972 Verkaufsleiter der HAG Handels AG; ab ca. 1974 bis zur Pensionierung Mitarbeiter der ÖVP Landespartei Niederösterreich.

In der NS-Zeit war Simlinger ab 1938 in leitender Funktion der Hitlerjugend (HJ) sowie als Polizist tätig, beides in Gföhl. Im November 1939 meldete er sich freiwillig zur SS (SS 14/1, Totenkopfstandarte Thüringen, Staffelmann); in den persönlichen Unterlagen im Bestand wird auch auf eine NSDAP-Mitgliedschaft (Mitgliedsnummer 21.813?) hingewiesen. Als SS-Mann war Simlinger im Konzentrationslager Dachau stationiert, möglicherweise auch in Buchenwald. Nach dem Krieg sollte er mit SS-Kameraden die Gedenkstätte Buchenwald besuchen. Eine Ausbildung als Funker ist nachweisbar. Nach eigenen Aussagen war Simlinger einige Zeit im engeren Umfeld von Reichsführer SS Heinrich Himmler. 1941 wurde die Einheit in SS-Infanterie-Regiment 14 umbenannt.

Der zeitliche Ablauf seiner Einsatzorte ist nicht genau nachvollziehbar. 1940 nahm er am Frankreichfeldzug teil und kam dabei nach eigenen Angaben bis Biarritz. Noch im selben Jahr wurde er in die Niederlande verlegt, um die Invasion Englands vorzubereiten. 1941 war er in Lublin stationiert, 1943 einer Kavallerie-Division der SS zugeteilt. Als Funker war er im Stab von Brigadeführer Hermann Fegelein bei der Exhumierung der Opfer des Massakers von Katyn anwesend.

Am 2. April 1943 wurde er nach einer Splitterverletzung im Bauchbereich in Lazaretten in Karaschew, Warschau und Glöwen versorgt. Am 17. August 1943 wurde er nach Nürnberg verlegt, wo er der Nebel-Ersatz-Abteilung der Waffen-SS zugeteilt wurde. Ab 15. September 1943 war er Teil des Nachrichten-Ersatz-Regiments. Anschließend war er in Sterzing, Südtirol, stationiert, um nach amerikanischen Bomberbesatzungen zu suchen, die auf dem Gletscher notgelandet sind. 1944 erfolgte in Wien die Ausbildung zum Schirrmeister der Waffen-SS.

Der weitere Kriegseinsatz ist wieder unklar. Das Kriegsende erlebte Simlinger im Grenzgebiet von Tschechien und Bayern; nach eigenen Angaben war er vom Fahneneid freigesprochen. Er wurde in einem Luftwaffenoverall von amerikanischen Truppen gefangengenommen, konnte jedoch flüchten und gelangte entlang der Donau bis nach Krems. Durch sein jugendliches Aussehen soll er nicht in Verdacht gekommen sein, SS-Angehöriger gewesen zu sein. 

Nach dem Krieg trat er der KPÖ bei.

Simlinger starb am 8. September 1997.";;keine digitale Reproduktion möglich;;;;1 Faszikel + 1 Karton = 0,1 lfm.;Nachlass;Papier;"de ; Typoskript";;
Nachlass Josef Wolf;7.2.Wolf.;StAKr, 7.2.Wolf (Nachlass Wolf, Josef);1 Mappe = 0,1 lfm.;0,1;1885;1970;1885 - 1970;Bevölkerung und Bevölkerungsgruppen;Einzelne Personen und Familien;nein;;Nachlass von Josef Wolf;"- Persönliche Dokumente (Geburtsurkunde, Taufschein, Heiratsurkunde, Heimatschein, Zeugnisse, Staatsbürgerschaftsnachweis, Pensionsansprüche, Sterbeurkunde)
- Dokumente der Verwandtschaft (Josef Karl Wolf, 1885-1944; Agnes Wolf geb. Kmoch 1885-1970; Anna Wolf, 1860-?; Hildegard Hermine Riedl, 1924-?)

- Militärzeit: Arbeitsbuch, Mitgliedsbuch der DAF (Deutschen Arbeiterfront), Arbeitszeugnis der Firma S. Österreicher, Wien IX; Ausweis des ""Bund der Österreicher in französischer Kriegsgefangenschaft, Jung Österreich""; zahlreiche Feldpost- und Kriegsgefangenenpostbriefe an Agnes Wolf, Demobilisierung";Die Dokumente wurden am 26. Mai 2025 von Margarete Riedl, einer Enkelin von Josef Wolf, an das Stadtarchiv übergeben (KS-AR-2/14/1-2025).;;Josef Wolf;Josef Wolf wurde am 30. September 1922 geboren. Nach der Heirat mit Margareta Riedl am 18. Oktober 1974 übersiedelte er nach Krems-Stein, Schürerplatz 8. Er verstarb am 5. Februar 1994.;uneingeschränkt benützbar;Digitale Reproduktion möglich. Die eigene Herstellung von Reproduktionen ist kostenlos, für Auftragsdigitalisierungen gelten die Kosten in § 18 der Benutzerordnung (KS-PRAES-1/18/1-2020). Nichtkommerzielle Weiterverwendung unter CC-BY-NC-ND-4.0-Lizenz.;;;;1 Mappe = 0,1 lfm.;Akten;Papier;"de ; Handschrift (Kurrent), Druck";;
Nachlass Josef Zykan;7.2.Zyk.;StAKr, 7.2.Zyk. (Nachlass Josef Zykan);15 Faszikel = 2 Kartons = 0,2 lfm.;0,2;1930;1971;1930 - 1971;Bevölkerung und Bevölkerungsgruppen;Einzelne Personen und Familien;nein;;Nachlass des Kunsthistorikers und Denkmalpflegers Josef Zykan;"Der Nachlass unterhält Josef Zykans Forschungsunterlagen zum Kremser Schmidt (Martin Johann Schmidt, 1718-1801). Die nach geografischen Gebieten gegliederten Faszikel enthalten Forschungsunterlagen aus:
1. Asbach
2. ČSR (Tschechoslowakei)
3. Deutschland
4. Göttweig
5. Italien und Frankreich
6. Jugoslawien
7. Lambach
8. Russland
9. Seitenstetten
10. St. Florian
11. Ungarn
12.-13. USA (2 Mappen)
14. Wien (Dorotheum)
15. Kremser Schmidt (allgemein)";Der Bestand gelangte nach Zykans Tod in das Stadtarchiv Krems. 2026 wurde er neu verpackt.;;Josef Zykan;Josef Zykan (19. Februar 1901-2. Dezember 1971) war ein österreichischer Kunsthistoriker und Denkmalpfleger. Unter anderem arbeitete er als Landeskonservator für Wien, Niederösterreich und Burgenland sowie Leiter der Restaurierungswerkstätte des Bundesdenkmalamts.;Uneingeschränkt benützbar;Digitale Reproduktion möglich. Die eigene Herstellung von Reproduktionen ist kostenlos, für Auftragsdigitalisierungen gelten die Kosten in § 18 der Benutzerordnung (KS-PRAES-1/18/1-2020). Nichtkommerzielle Weiterverwendung unter CC-BY-NC-ND-4.0-Lizenz.;;;;"Vollständig erschlossen; 15 Mappen = 2 Kartons = 0,2 lfm.";Akten;Papier;"de ; Handschrift, Typoskript";;
Kartographische Sammlung, Allgemeine Reihe;7.3.1.;StAKr, 7.3.1. (Kartographische Sammlung, Allgemeine Reihe);;;;;;Stadt und Raum;Stadt und Umland;ja;Bestandsumfang sowie Zeitraum (von/bis) nicht überliefert bzw. nicht erfasst.;Sammlung unterschiedlicher Karten und Pläne, größtenteils Krems und die Region betreffend.;"Die Sammlung umfasst Karten und Pläne unterschiedlicher Provenienzen, die größtenteils Krems und Stein, jedoch auch die weitere Umgebung betreffen. Es handelt sich dabei vorrangig um Einzelstücke oder allenfalls kleinere Konvolute. Ein wesentlicher Teil sind Gebäudepläne, daneben sind auch Landkarten, aber auch Fassadenansichten enthalten. Ein Teil ist lediglich als Photokopie vorhanden; die Originale befinden sich im Finanz- und Hofkammerarchiv des Österreichischen Staatsarchivs (Bestand Sammlungen und Selekte). Von dieser Serie getrennt sind Stadtpläne von Krems und Stein, Pläne aus der Stadtverwaltung sowie Sammlungen aus Nachlässen.";"Bei den enthaltenen Plänen handelt es sich größtenteils um Altbestand, der sich aus den Beständen von Stadtarchiv und museumkrems zusammensetzt. Ein älteres Verzeichnis ist vorhanden (ca. 1990?), das jedoch nur lückenhafte Informationen, besonders bei relevanten Daten wie der Datierung, beinhaltet. Darin wurden die vorhandenen Pläne mit einer fortlaufenden Nummer nach der Sigle ""PS"" versehen, jedoch inkonsequenterweise Nummern ausgelassen (Fehlbestände?) oder große Komplexe wie der Nachlass des Stadtbaumeisters Josef Utz mit variierenden Untersignaturen versehen. Ein Teil, besonders die älteren und wertvolleren Pläne, stammen aus dem Inventar des museumkrems (früher Weinstadtmuseum; Inv.-Nr. KP17, ""Mappe 17""), befanden sich aber schon länger in den Räumlichkeiten des Stadtarchivs.";;;;;Digitale Reproduktion möglich. Die eigene Herstellung von Reproduktionen ist kostenlos, für Auftragsdigitalisierungen gelten die Kosten in § 18 der Benutzerordnung (KS-PRAES-1/18/1-2020). Nichtkommerzielle Weiterverwendung unter CC-BY-NC-ND-4.0-Lizenz.;;;;;Akten;;;;
Stadtpläne Krems und Stein;7.3.2.;;;;;;;Stadt und Raum;Stadtbild;ja;Bestandsinhalt, -umfang sowie Zeitraum (von/bis) nicht überliefert bzw. nicht erfasst.;;;;;;;;;;;;;Akten;;;;
Pläne aus der Zentralregistratur;7.3.3.;;;;;;;Stadt und Raum;Stadtbild;ja;Zeitraum (von/bis) nicht überliefert bzw. nicht erfasst.;;;;;;;;;;;;;Akten;;;;
Nachlass Josef Utz, Vater und Sohn Baupläne und Bauaufnahmen;7.3.4.1.;StAKr, 7.3.4.1. (Nachlass Josef Utz, Vater und Sohn, Baupläne und Bauaufnahmen);;;;;;Stadt und Raum;Bauwesen;ja;Bestandsumfang sowie Zeitraum (von/bis) nicht überliefert bzw. nicht erfasst.;Sammlung von Plänen der Stadtbaumeister und Architekten Josef Utz sr. und jr.;;;;;;"Grundsätzlich uneingeschränkt möglich; aufgrund konservatorischer und gesundheitlicher Bedenken (Mikroorganismen, Schmutz) in Einzelfällen nur mit entsprechender Genehmigung zu benützen. ";Digitale Reproduktion möglich. Die eigene Herstellung von Reproduktionen ist kostenlos, für Auftragsdigitalisierungen gelten die Kosten in § 18 der Benutzerordnung (KS-PRAES-1/18/1-2020). Nichtkommerzielle Weiterverwendung unter CC-BY-NC-ND-4.0-Lizenz.;;;;;Akten;Papier;;;
Nachlass Josef Utz, Vater und Sohn Studien und Skizzen;7.3.4.2.;StAKr, 7.3.4.2. (Nachlass Josef Utz, Vater und Sohn, Studien und Skizzen);;;;;;Stadt und Raum;Bauwesen;ja;Bestandsumfang sowie Zeitraum (von/bis) nicht überliefert bzw. nicht erfasst.;Sammlung von Plänen der Stadtbaumeister und Architekten Josef Utz sr. und jr.;;;;;;"Grundsätzlich uneingeschränkt möglich; aufgrund konservatorischer und gesundheitlicher Bedenken (Mikroorganismen, Schmutz) in Einzelfällen nur mit entsprechender Genehmigung zu benützen. ";Digitale Reproduktion möglich. Die eigene Herstellung von Reproduktionen ist kostenlos, für Auftragsdigitalisierungen gelten die Kosten in § 18 der Benutzerordnung (KS-PRAES-1/18/1-2020). Nichtkommerzielle Weiterverwendung unter CC-BY-NC-ND-4.0-Lizenz.;;;;;Akten;Papier;;;
Plakatsammlung;7.4.;;;;1950;1970;1950 - 1970;Kultur;Darstellende Kunst;ja;Bestandsumfang nicht überliefert bzw. nicht erfasst.;Sammlung von Plakaten;;"Der größte Teil der Plakate stammt aus den 1950er- und 1960er-Jahren, als die Plakate gezielt gesammelt wurden. Diese wurden anschließend gefaltet und in ungeeignete Kartons gelegt. Ein Teil stammt aus anderen Beständen, vor allem der Thematischen Reihe der Kremser Zentralregistratur. Ab 2019 wurden wieder aktiv von der Stadt herausgegegebene Plakate gesammelt.

Die Erschließung des Bestands wurde im Juli 2024 vom Lehrling Laura Fözö begonnen.";;;;;;;;;;Akten;;;;
Fotosammlung;7.5.;;;;;;;Kultur;Darstellende Kunst;ja;Bestandsinhalt, -umfang sowie Zeitraum (von/bis) nicht überliefert bzw. nicht erfasst.;;;;;;;;;;;;;Akten;;;;
Kremser Theaterzettel;7.6.1.;;;;;;;Kultur;Darstellende Kunst;ja;Bestandsumfang sowie Zeitraum (von/bis) nicht überliefert bzw. nicht erfasst.;;;;;;;;;;;;;Akten;;;;
Auswärtige Theaterzettel;7.6.2.;;;;;;;Kultur;Darstellende Kunst;ja;Bestandsumfang sowie Zeitraum (von/bis) nicht überliefert bzw. nicht erfasst.;;;;;;;;;;;;;Akten;;;;
Partezettelsammlung;7.7.;StAKr, 7.7. (Partezettelsammlung);;;;;;Bevölkerung und Bevölkerungsgruppen;Bevölkerungsbewegungen;ja;Bestandsumfang sowie Zeitraum (von/bis) nicht überliefert bzw. nicht erfasst.;Sammlung von Partezetteln aus Krems und Umgebung.;;Die Partezettelsammlung wurde um 1950 angelegt, vermutlich, indem einzelne Partezettel im Archiv zusammenzufassen. Eingegliedert wurden auch jene Partezettel, die von Edmund Hofbauer in seiner Funktion als Bürgermeister von Krems gesammelt wurden. Nach jahrzehntelanger Unterbrechung wurde 2020 die Sammeltätigkeit in Zusammenarbeit mit der Bestattung Krems wieder aufgenommen.;Bestattung Krems;mehrere Provenienzen;;uneingeschränkt möglich;Digitale Reproduktion möglich. Die eigene Herstellung von Reproduktionen ist kostenlos, für Auftragsdigitalisierungen gelten die Kosten in § 18 der Benutzerordnung (KS-PRAES-1/18/1-2020). Nichtkommerzielle Weiterverwendung unter CC-BY-NC-ND-4.0-Lizenz.;;;;;Akten;Papier;de;;
Handschriften, Manuskripte und Typoskripte;7.8.;StAKr, 7.8. (Handschriften, Manuskripte und Typoskripte);;;;;;;;ja;Bestandsinhalt, -umfang sowie Zeitraum (von/bis) nicht überliefert bzw. nicht erfasst.;Sammlung von einzelnen Handschriften, Manuskripten und Typoskripten.;;Die Sammlung wurde im Jahr 2022 angelegt, um einzelne lose Handschriften, Manuskripte und Typoskripte, die sich ohne Ordnungszusammenhang im Stadtarchiv Krems befanden, zusammenzufassen.;;mehrere Provenienzen;;"Grundsätzlich uneingeschränkt möglich; aufgrund konservatorischer und gesundheitlicher Bedenken (Mikroorganismen, Schmutz) in Einzelfällen nur mit entsprechender Genehmigung zu benützen. ";Digitale Reproduktion möglich. Die eigene Herstellung von Reproduktionen ist kostenlos, für Auftragsdigitalisierungen gelten die Kosten in § 18 der Benutzerordnung (KS-PRAES-1/18/1-2020). Nichtkommerzielle Weiterverwendung unter CC-BY-NC-ND-4.0-Lizenz.;;;;;Akten;Papier;"de ; Handschrift ; Typoskript";;
Fragmentesammlung;7.9.;StAKr, 7.9. (Fragmentesammlung);;;;;;;;ja;Bestandsinhalt, -umfang sowie Zeitraum (von/bis) nicht überliefert bzw. nicht erfasst.;Sammlung von Fragmenten und Einzelstücken ohne oder mit nicht mehr zu rekonstruierendem Zusammenhang.;Der größte Teil des Sammelbestandes besteht aus jenen mittelalterlichen Makulatureinbänden, die in den 1920er-Jahren von den Amtsbüchern im Stadtarchiv Krems abgelöst wurden, worunter die Fragmente des Anonymus Leobiensis hervorzuheben sind.;Die Sammlung wurde im Jahr 2020 angelegt, um einzelne Fragmente ohne Ordnungszusammenhang, die sich im Stadtarchiv Krems befanden, zusammenzufassen.;;mehrere Provenienzen;;"Grundsätzlich uneingeschränkt möglich; aufgrund konservatorischer und gesundheitlicher Bedenken (Mikroorganismen, Schmutz) in Einzelfällen nur mit entsprechender Genehmigung zu benützen. ";Digitale Reproduktion möglich. Die eigene Herstellung von Reproduktionen ist kostenlos, für Auftragsdigitalisierungen gelten die Kosten in § 18 der Benutzerordnung (KS-PRAES-1/18/1-2020). Nichtkommerzielle Weiterverwendung unter CC-BY-NC-ND-4.0-Lizenz.;;;;;Akten;Pergament;"lat ; Handschrift";;"Alphons Lhotsky, Über einige Quellenfunde zur spätmittelalterlichen Geschichte, in: Unsere Heimat 24 (1953) 141-148.
URL: <https://bibliothekskatalog.noel.gv.at/!UH!1952.pdf>

Urban Bassi, Ein weiteres Doppelblatt der Kremser Fragmente des Anonymus Leobiensis: ÖNB Cod. Ser. n. 3052, in: Unsere Heimat 67 (1996) 71-76.
URL: <https://bibliothekskatalog.noel.gv.at/!UH!1996.pdf>

Winfried Stelzer, Die verschollene Trauttmansdorffer Handschrift des Anonymus Leobiensis: cvp. 3445, 8221 und ihre Kontamination in den ""Commentarii"" Anton Steyerers (1725), in: Unsere Heimat 66 (1995) 189-199.
URL: <https://bibliothekskatalog.noel.gv.at/!UH!1995.pdf>"
Weinarchiv;7.11.;StAKr, 7.11. (Weinarchiv);67 Faszikel;1;1412;1950;1412 - 1950;Wirtschaft;Landwirtschaft;nein;;Das Weinarchiv ist eine thematische Sammlung zum Weinbau in Krems und Stein.;Der Sammelbestand setzt sich aus Einzelstücken zusammen, die größtenteils aus anderen Beständen, vor allem der Zentralregistratur von Krems und Stein sowie der Sammlung von Patenten und Verordnungen, zusammengetragen wurden. Das Material dokumentiert den städtischen sowie den geistlichen Weinbau, die Verarbeitung und den Absatz des Weins sowie den Stand der Hauerinnen und Hauer. Aus den letzten Jahrzehnte der Überlieferung (ca. 1920 bis 1950) ist vermehrt auch klassisches und ephemeres Sammlungsgut (Werbematerial, Speisekarten) enthalten.;"Das sogenannte Weinarchiv wurde Ende der 1940er-Jahre vom damaligen Stadtarchivar Hans Plöckinger (1882-1955) angelegt, der bereits mit dem Weinmuseum, das dem städtischen Museum (heute: museumkrems) angegliedert war, eine dem Weinbau gewidmete Sammlung eröffnet hatte.

Plöckinger gab an, für seine Arbeit am Weinarchiv, bei der er sich auf Krems und Stein beschränkte, ""keinen geschlossenen Bestand [zerriss]"", sondern ""das ganz selbständige Material in fachgemäßer Ordnung zusammen[faßte]"". Aus moderner archivwissenschaftlicher Sicht ist dies zu hinterfragen, zumal zahlreiche Aktenstücke aus historischen Beständen eingegliedert wurden. Zu erklären ist das einzig dadurch, dass Plöckinger die historische Registratur sowie den von der Stadtkanzlei angelegte Sammelbestand der Patente und Ordnungen nicht als Ordnung betrachtete, wie sich an mehreren anderen Stellen zeigte.";;mehrere Provenienzen;;Uneingeschränkt möglich;Digitale Reproduktion möglich. Die eigene Herstellung von Reproduktionen ist kostenlos, für Auftragsdigitalisierungen gelten die Kosten in § 18 der Benutzerordnung (KS-PRAES-1/18/1-2020). Nichtkommerzielle Weiterverwendung unter CC-BY-NC-ND-4.0-Lizenz.;;;;"Auf Faszikelebene vollständig erschlossen.
67 Faszikel";Akten;Papier;"de ; Kurrent";"Hans Plöckinger, Das Weinarchiv der Stadt Krems an der Donau, in: Unsere Heimat 21 (1950) 158-160.
URL: <https://bibliothekskatalog.noel.gv.at/!UH!1950.pdf>";
