id;Datum;Datum_unsicher;Name;personen_id;Beruf;Beruf_unsicher;Wirtschaftssektor;Buergen;buergen_id;Buergen_Berufe;Anmerkungen;Ort;orte_unsicher;Datum_Anmerkung;zuordnung_sicher;unsicherheit_anmerkung
BB-0001;1535-02-12;;Leonhart Hartman;leonhard_hartman;;;;;;;;;;Freitag vor Invocavit anno 1535 [1. Fastensonntag];;
BB-0002;1535-02-12;;Erasmus Sanntinger;erasmus_sanntinger;;;;;;;;;;;;
BB-0003;1535-03-12;;Hanns Braun;hans_braun;;;;;;;;;;Freitag vor Judica [5. Fastensonntag];;
BB-0004;1535-03-12;;Hanns Hartmann;hans_hartman;;;;;;;;;;;;
BB-0005;1535-04-30;;Brix Peninger;brix_peninger;;;;;;;;;;Freitag vor Philippi und Jacobi [Apostel Philippus und Jakobus, 3. Mai];;
BB-0006;1535-04-30;;Hanns Feuerer;hans_feuerer;;;;;;;;;;;;
BB-0007;1535-05-14;;Burckhart Zeissler;burckhart_zeissler;;;;;;;;;;Freitag vor Penthecostis [Pfingstsonntag];;
BB-0008;1535-05-28;;Hanns Urban;hans_urban;;;;;;;;;;Freitag post corporis Christi [Fronleichnam];;
BB-0009;1535-05-28;;Daniel Ernst Menszer;daniel_ernst_mensser;;;;;;;;;;;;
BB-0010;1535-06-01;;Erasm Hanifstingl;erasmus_hanifstingl;;;;;;;;;;;;
BB-0011;1535-06-11;;Lorenz Khuttner;lorenz_kuttner;;;;;;;;;;;;
BB-0012;1535-09-10;;Georg Ruttmair;georg_ruttmair;Kupferschmied;;Metall & Waffen;;;;;;;;ja;
BB-0013;1535-11-12;;Leonhart Podl;leonhard_podl;;;;;;;;;;Freitag nach Martmi [Martinstag, 11. November];;
BB-0014;1535-11-12;;Steffan Friedorffer;stephan_friedorffer;;;;;;;;;;;;
BB-0015;1536-04-28;;Hanns Bruckhmair;hans_bruckmair;Kupferschmied;;Metall & Waffen;;;;;;; Freitag den Misericordt dni [Miserikordias Domini, 2. Sonntag nach Ostern [Miserikordias kann auf keinen Freitag fallen. 28. April 1538 ist der Freitag vor];ja;
BB-0016;1536-06-16;;Philip Hinderholzer;phillip_hinderholzer;;;;;;;;;;Freitag nach corporis christi [Fronleichnam];;
BB-0017;1536-06-30;;Wolffganng Wazl;wolfgang_wazl;;;;;;;;;;Freitag nach Petri unnd Pauli [Apostel Petrus und Paulus, 29. Juni];;
BB-0018;1536-07-07;;Anndre Schmal;andreas_schmal;Kramer;;Handel;;;;;;;Freitag nach Udalrici [Ulrich von Augsburg, 4. Juli];ja;
BB-0019;1536-07-14;ja;Oswold Auer;oswald_auer;Fischer;;Lebensmittelhandwerk;;;;;;;Freitag nach Margarethe [Margareta von Antiochia, 13. oder 20. Juli];ja;
BB-0020;1536-09-15;;Leonhart Wurzer;leonhard_wurzer;Tischler;;Holz, Bau & Stein;;;;;;;Freitag nach Crucis [Kreuzerhöhung, 14. September];ja;
BB-0021;1536-09-15;;Hanns Horinger;hans_horinger;Schneider;;Textil & Bekleidung;;;;;;;Freitag nach Crucis [Kreuzerhöhung, 14. September];ja;
BB-0022;1536-09-23;;Leopold Khundtner;leopold_kundtner;;;;;;;;;;;;
BB-0023;1536-11-10;;Hanns Schwab;hans_schwab;;;;;;;;;; Freitag vor Martini [Martinstag, 11. November];;
BB-0024;1537-03-02;;Wolffganng Peuerbeckh;wolfgang_peuerbeck;;;;;;;;;;Freitag nach Reminiscere [2. Fastensonntag];;
BB-0025;1537-04-27;;Pangraz Hugendorffer;pangraz_hugendorffer;;;;;;;;;;Freitag nach Georgy [Georgstag, 23. April];;
BB-0026;1537-05-04;;Hanns Mezkher;hans_mezker;Riemer;;Leder & Pelz;;;;;;;Freitag nach Philipi und Jacobi [Apostel Philippus und Jakobus, 3. Mai];ja;
BB-0027;1537-05-11;;Hainrich Hofler;heinrich_hofler;;;;;;;;;;Freitag nach Ascensionis [Christi Himmelfahrt];;
BB-0028;1537-05-11;;Gilg Reifner;aegidius_reifner;;;;;;;;;;Freitag nach Ascensionis [Christi Himmelfahrt];;
BB-0029;1537-12-21;;Hanneran Stenngl;hanneran_stenngl;;;;;;;;;;Freitag vor Weichnachten;;
BB-0030;1537-12-21;;Hanns Schaz;hans_schaz;Schiffmann;;Transport & Wasserwesen;;;;;;;Freitag vor Weichnachten;ja;
BB-0031;1538-02-20;;Mathias List;matthias_list;Lederer;;Leder & Pelz;;;;;;;;ja;
BB-0032;1538-02-20;;Hanns Mair;hans_mayr;;;;;;;;;;;;
BB-0033;1538-03-08;;Leopoldt Kaslach;leopold_kaslach;Bäcker;;Lebensmittelhandwerk;;;;;;;Freitag vor Invocavit [1. Fastensonntag];ja;
BB-0034;1538-03-22;;Merth Vischer;martin_fischer;;;;;;;;;;Freitag nach Reminiscere [2. Fastensonntag];;
BB-0035;1538-05-24;;Wolff Steiger;wolf_steiger;Binder;;Holz, Bau & Stein;;;;;;;Freitag nach Cantate [Kantate, 4. Sonntag nach Ostern];ja;
BB-0036;1538-07-02;;Bartlme Reschenstainer;bartholomaeus_reschenstainer;;;;;;;;;;;;
BB-0037;1538-07-02;;Veit Pürckhamer;veit_puerckhamer;;;;;;;;;;;;
BB-0038;1538-08-02;;Thoman Stainprecher;thomas_stainprecher;;;;;;;;;;;;
BB-0039;1538-09-18;;Hanns Mayr;hans_mayr;;;;;;;Erstmalig vorstellig am 20. Februar 1538.;;;;;
BB-0040;1538-11-08;;Wolffganng Ronner;wolfgang_renner;;;;;;;;;;;;
BB-0041;1538-11-08;;Urban Luckhner;urban_lackner;;;;;;;;;;;;
BB-0042;1538-11-15;;Wilhalm Walch;wilhalm_walch;;;;;;;;;;Freitag Leopoldi [Leopold III, 15. November];;
BB-0043;1538-11-15;;Lorenz Schuester;lorenz_schuester;;;;;;;;;;;;
BB-0044;1538-11-15;;Hanns Sparer;hans_sparer;;;;;;;;;;;;
BB-0045;1538-11-15;;Ambrosy Schneider;ambrosius_schneider;;;;;;;;;;;;
BB-0046;1538-11-15;;Hanns Hauer;hans_hauer;;;;;;;;;;;;
BB-0047;1539-01-31;;Wolff Enzenkhircher;wolf_enzenkhircher;;;;;;;;;;;;
BB-0048;1539-03-07;;Wolffgang Purckhauser;wolfgang_purckhauser;;;;;;;;;;Freitag nach Reminiscere;;
BB-0049;1539-05-23;;Wolffganng Stegraiff;wolfgang_stegraiff;;;;;;;;;;Freitag vor Phingsten;;
BB-0050;1539-05-23;;Chunz Kastel;chunz_kastel;;;;;;;;;;Freitag vor Phingsten;;
BB-0051;1539-08-22;;Hanns Sininger;hans_sininger;Kramer;;Handel;;;;;;;Freitag vor Johannis Baptiste;ja;
BB-0052;1539-07-11;;Christoff Khirschinger;christoph_kirschinger;Seiler;;Transport & Wasserwesen;;;;;;;;ja;
BB-0053;1539-07-11;;Lorenz Perkhstainer;lorenz_perkstainer;;;;;;;;;;;;
BB-0054;1539-07-18;;Conrad Jungkher;konrad_junker;;;;;;;;;;;;
BB-0055;1539-07-25;;Michel Rorer;michael_rorer;Goldschmied;;Metall & Waffen;;;;;;;Freitags Jacobi [Jakobustag, 25. Juli];ja;
BB-0056;1539-09-12;;Thoman Seidenpusch;thomas_seidenpusch;Tischler;;Holz, Bau & Stein;;;;;;;;ja;
BB-0057;1539-09-26;;Hanns Vizdom;hans_vizdom;;;;;;;;;;Freitags vor Michaelis [Michaelistag, 29. September];;
BB-0058;1539-09-26;;Sigmund Gschell;sigmund_gschell;;;;;;;;;;Freitags vor Michaelis [Michaelistag, 29. September];;
BB-0059;1539-11-07;;Wolffganngl Raidl;wolfgang_raidl;Messerschmied;;Metall & Waffen;;;;;;;Freitags vor Martini [Martinstag, 11. November];ja;
BB-0060;1539-11-07;;Steffan Schmidmger;stephan_schmidmger;Messerschmied;;Metall & Waffen;;;;;;;Freitags vor Martini [Martinstag, 11. November];ja;
BB-0061;1539-11-07;;Hanns Enzesperger;hans_enzesperger;;;;;;;;;;Freitags vor Martini [Martinstag, 11. November];;
BB-0062;1539-11-28;;Michel Pruckhner;michael_pruckner;;;;;;;;;;Freitags nach Katharine [Katharinentag, 25. November];;
BB-0063;1539-12-05;;Simon Messenpeckh;simon_messenpeck;;;;;;;;;;Freitags vor Nicolai [Nikolaus, 6. Dezember];;
BB-0064;1539-12-05;;Wolffganng Khindperger;wolfgang_kindperger;;;;;;;;;;Freitags vor Nicolai [Nikolaus, 6. Dezember];;
BB-0065;1539-12-12;;Leonhart Khruzperger;leonhard_kruzperger;;;;;;;;;;Freitag vor Lucie [Luciafest, 13. Dezember];;
BB-0066;1540-03-19;;Simon Pachner;simon_pachner;Fleischhacker;;Lebensmittelhandwerk;;;;;;;;ja;
BB-0067;1540-04-16;;Hainrich Sibolt;heinrich_sibolt;;;;;;;;;;Freitag nach Misericor. dni [Miserikordias Domini, 2. Sonntag nach Ostern];;
BB-0068;1540-04-30;;Mert Freitag;martin_freitag;;;;;;;;;;;;
BB-0069;1540-08-17;;Georg Mapl;georg_mapl;Fleischhacker;;Lebensmittelhandwerk;;;;;;;;ja;
BB-0070;1540-08-20;;Christoff Zaichinger;christoph_zaichinger;;;;;;;;;;;;
BB-0071;1540-09-03;;Hanns Schwentl;hans_schwentl;Glaser;;Holz, Bau & Stein;;;;;;;;ja;
BB-0072;1540-09-10;;Hanns Timerl;hans_timerl;;;;;;;;;;Freitags nach Nativitatis Marie [Mariä Geburt 8. September];;
BB-0073;1540-11-20;;Leopold Mucharl;leopold_mucharl;;;;;;;;;;;;
BB-0074;1540-11-26;;Silvester Achstern;silvester_achstern;Tischler;;Holz, Bau & Stein;;;;;;;Freitag nach Catharine [Katharinentag 25. November];ja;
BB-0075;1541-01-14;;Sigmund Gluckh;sigmund_gluck;;;;Hannß Gmundner;hans_gmundner;;;;;;;
BB-0076;1541-01-25;;Hanns Wagner;hans_wagner;;;;;;;;;;;;
BB-0077;1541-01-25;;Thoman Prechtl;thomas_prechtl;;;;;;;;;;;;
BB-0078;1541-07-08;;Peter Hutner;peter_hutner;;;;;;;;;;;;
BB-0079;1541-08-05;;Valentin Sixtl;valentin_sixtl;Schneider;;Textil & Bekleidung;;;;;;;;ja;
BB-0080;1541-08-19;;Leonhart Tennscherz;leonhard_tenscherz;;;;;;;;;;;;
BB-0081;1541-09-16;;Hanns Grueber;hans_grueber;Schneider;;Textil & Bekleidung;;;;;;;;ja;
BB-0082;1541-10-07;;Sigmund Mair;sigmund_mayr;Sporer;;Metall & Waffen;;;;;;;;ja;
BB-0083;1541-12-02;;Michel Hoffpaur;michael_hoffpauer;;;;;;;;;;;;
BB-0084;1542-03-03;;Peter Kell;peter_kell;;;;;;;;;;Freitag vor Reminiscere [2. Fastensonntag];;
BB-0085;1542-03-03;;Steffan Grueber;stephan_grueber;;;;;;;;;;;;
BB-0086;1542-03-03;;Anndre Mullner;andreas_muellner;Goldschmied;;Metall & Waffen;;;;;;;;ja;
BB-0087;1542-03-03;;Chunz Munckher;chunz_muncker;Zirkelschmied;;Metall & Waffen;;;;;;;;ja;
BB-0088;1542-03-03;;Paul Spranger;paul_spranger;Schneider;;Textil & Bekleidung;;;;;;;;ja;
BB-0089;1542-03-03;;Ambrosy Druml;ambrosius_druml;;;;;;;;;;;;
BB-0090;1542-03-03;;Alexius Frölich;alexius_froelich;;;;;;;;;;;;
BB-0091;1542-03-03;;Hanns Galauner;hans_galauner;;;;;;;;;;;;
BB-0092;1542-04-21;;Hanns Kreel;hans_kreel;Hofmeister;;Verwaltung, Recht & Bildung;;;;;;; Freitags vor Georgy [Georgstag, 23. April];ja;
BB-0093;1542-04-21;;Lorenz Freindienst;lorenz_freindienst;Lederer;;Leder & Pelz;;;;;;; Freitags vor Georgy [Georgstag, 23. April];ja;
BB-0094;1542-06-02;;Thoman Widmer;thomas_widmer;Koch;;Lebensmittelhandwerk;;;;Ist noch nit angenumen.;;;;ja;
BB-0095;1542-08-04;;Anthoni Schmid;anton_schmid;Tischler;;Holz, Bau & Stein;;;;;;;;ja;
BB-0096;1542-08-25;;Steffan Stirlinger;stephan_stirlinger;Schlosser;;Metall & Waffen;;;;;;; Freitag nach Bartholomei [Bartholomäus, 24. August];ja;
BB-0097;1542-08-25;;Lucas Gothart;lucas_gothart;;;;;;;;;; Freitag nach Bartholomei [Bartholomäus, 24. August];;
BB-0098;1542-12-01;;Simon Grueber;simon_grueber;Schneider;;Textil & Bekleidung;;;;;;;;ja;
BB-0099;1542-12-01;;Hanns Harchinger;hans_harchinger;Zimmermann;;Holz, Bau & Stein;;;;;;;;ja;
BB-0100;1543-01-12;;Hanns Pernawer;hans_pernawer;;;;;;;;;;;;
BB-0101;1543-01-12;;Florian Khnap;florian_knap;;;;;;;;;;;;
BB-0102;1543-01-12;;Hanns Linzer;hans_linzer;;;;;;;;;;;;
BB-0103;1543-02-09;;Thoman Weinperger;thomas_weinperger;;;;Hannß Rat;hans_rat;;;;;;;
BB-0104;1543-02-09;;Ulrich Heisler;ulrich_heisler;;;;;;;;;;;;
BB-0105;1543-02-09;;Hanns Maier;hans_maier;;;;;;;;;;;;
BB-0106;1543-02-09;;Sigmund Widmer;sigmund_widmer;;;;;;;;;;;;
BB-0107;1543-02-09;;Peter Rot;peter_rot;;;;;;;;;;;;
BB-0108;1543-02-16;;Ulrich Eberwein;ulrich_eberwein;;;;;;;;;;Freitag vor Reminiscere [2. Fastensonntag];;
BB-0109;1543-02-16;;Hanns Prewer;hans_breuer;;;;;;;;;;;;
BB-0110;1543-02-23;;Hanns Behaim;hans_behaim;;;;;;;;;;;;
BB-0111;1543-02-23;;Philip Schwerzer;philip_schwerzer;;;;;;;;;;;;
BB-0112;1543-03-16;;Mert Merer;martin_merer;;;;;;;;;;Freitag nach Letare [Rosensonntag];;
BB-0113;1543-04-13;;Khilian Achleutner;kilian_achleutner;;;;;;;;;;;;
BB-0114;1543-04-13;;Simon Wasserburger;simon_wasserburger;Schreiner;;Holz, Bau & Stein;;;;;;;;ja;
BB-0115;1543-04-20;;Gilg Reisner;aegidius_reisner;;;;;;;;;;;;
BB-0116;1543-05-18;;Leonhart Gurtner;leonhard_guertner;;;;;;;;;;;;
BB-0117;1543-05-18;;Christoff Khropff;christoph_kropff;;;;;;;;;;;;
BB-0118;1543-05-25;;Georg Schepff;georg_schepff;;;;;;;;;;;;
BB-0119;1543-06-12;;Georg Heller;georg_heller;;;;Hannß Gmundner.;hans_gmundner;;Ain Abschied genumen am driten tag Septembris anno 1547.;;;;;
BB-0120;1543-08-03;;Wennzel Tuerwacher;wennzel_tuerwacher;;;;;;;;;;;;
BB-0121;1543-08-17;;Jacob Sackhel;jakob_sackel;;;;;;;;;;;;
BB-0122;1543-08-17;;Vez Marquart;vez_marquart;;;;;;;;;;;;
BB-0123;1543-08-17;;Wolffganng Praun;wolfgang_braun;;;;;;;;;;;;
BB-0124;1543-08-17;;Hanns Grienwald;hans_grienwald;;;;;;;;;;;;
BB-0125;1543-08-31;;Ulrich Feigel;ulrich_feigel;Schneider;;Textil & Bekleidung;;;;;;;;ja;
BB-0126;1543-09-28;;Leonhart Holderl;leonhard_holderl;Müller;;Lebensmittelhandwerk;;;;;;;;ja;
BB-0127;1543-12-14;;Georg Sprennger;georg_sprennger;;;;;;;;;;Freitag vor Thome;;
BB-0128;1544-01-18;;Gilg Volger;aegidius_volger;Fischer;;Lebensmittelhandwerk;;;;;;;;ja;
BB-0129;1544-01-18;;Wolffgang Achletter;wolfgang_achletter;;;;;;;;;;;;
BB-0130;1544-01-18;;Peter Müllner;peter_muellner;;;;;;;;;;;;
BB-0131;1544-02-01;;Cristoff Lauentaler;christoph_lauentaler;;;;;;;;;;;;
BB-0132;1544-02-07;;Leonhart Reisinger;leonhard_reisinger;;;;;;;;;;;;
BB-0133;1544-02-29;;Peter Khreninger;peter_kreninger;Hafner;;Holz, Bau & Stein;;;;;;;Freitag nach Cinerum;ja;
BB-0134;1544-03-18;;Wolffgang Rot;wolfgang_rot;Weißgerber;;Leder & Pelz;;;;;;;Eritag nach Oculi;ja;
BB-0135;1544-03-18;;Florian Ruckher;florian_rucker;;;;;;;;;;;;
BB-0136;1544-05-23;;Vincenz Mausser;vincenz_mausser;Schneider;;Textil & Bekleidung;;;;;;;Freitag nach Ascensionis;ja;
BB-0137;1544-05-23;;Conrad Nestler;conrad_nestler;;;;;;;;;;;;
BB-0138;1544-06-06;;Steffan Schreffl;stephan_schreffl;Klampferer;;Metall & Waffen;;;;;;;Freitag nach Phingsten;ja;
BB-0139;1544-06-06;;Chunz Grueber;chunz_grueber;;;;;;;;;;;;
BB-0140;1544-06-06;;Hanns Wasserbürger;hans_wasserburger;Zimmermann;;Holz, Bau & Stein;;;;;;;;ja;
BB-0141;1544-08-08;;Lazarus Puhler;lazarus_puhler;;;;;;;;;;;;
BB-0142;1544-08-08;;Gothart Thanner;gothart_thanner;;;;;;;;;;;;
BB-0143;1544-08-08;;Bartlme Pranthueber;bartholomaeus_pranthueber;;;;;;;;;;;;
BB-0144;1544-08-18;;Wolffgang Eckersperger;wolfgang_eckersperger;Hafner;;Holz, Bau & Stein;;;;;;;;ja;
BB-0145;1544-10-03;;Hanns Wasch;hans_walch;Schneider;;Textil & Bekleidung;;;;;;;;ja;
BB-0146;1544-10-17;;Sebastian Renner;sebastian_renner;;;;;;;;;;;;
BB-0147;1544-10-23;;Georg Walch sonst Keler;georg_walch_sonst_keler;;;;;;;;;;;;
BB-0148;1544-10-23;;Steffan Pranntner;stephan_pranntner_bb1544;Kürschner;;Leder & Pelz;;;;;;;;ja;"Möglicherweise identisch mit der Person ""stephan_pranntner"" aus urkunden_gesamt.xlsx (dort genannt 1548, 4 Jahre Abstand zu diesem Bürgerbuch-Eintrag): beide ""Bürger zu Krems"", kein Widerspruch in Beruf/Kontext feststellbar, aber auch kein eindeutiger Beleg (z.B. übereinstimmende Ehefrau) vorhanden. Nicht zusammengeführt."
BB-0149;1544-11-14;;Georg Walch;georg_walch;;;;;;;Erstmalig vorstellig am 23. Oktober 1544.;;;;;
BB-0150;1544-12-08;;Dietrich Scheber;dietrich_scheber;Seiler;;Transport & Wasserwesen;;;;;;;Freitag Conceptionis Marie ;ja;
BB-0151;1544-12-05;;Leopold Kochel;leopold_kochel;Seiler;;Transport & Wasserwesen;;;;;;;;ja;
BB-0152;1544-12-12;;Paul Zaunsteckh;paul_zaunsteck;Binder;;Holz, Bau & Stein;;;;;;;;ja;
BB-0153;1544-12-12;;Hanns Hugkher;hans_hugkher;;;;;;;;;;;;
BB-0154;1544-12-19;;Jacob Roseler;jakob_roseler;Kürschner;;Leder & Pelz;;;;;;; Freitags vor Thome;ja;
BB-0155;1545-02-13;;Paul Wurm;paul_wurm;Messerschmied;;Metall & Waffen;;;;;;;;ja;
BB-0156;1545-02-18;;Peter Berthodi Sophoier;peter_berthodi_sophoier;;;;;;;;;; Freitag nach Cinerum;;
BB-0157;1545-04-10;;Jacob Niderholzer;jakob_niderholzer;Riemer;;Leder & Pelz;Hannß Holzinger, Philip Niderholzer, Ambrosy Druml.;hans_holzinger|philip_niderholzer|ambrosius_druml;;;;; Freitag nach Ostern;ja;
BB-0158;1545-05-05;;Pangraz Hueber;pangraz_hueber;;;;;;;;;;;;
BB-0159;1545-05-05;;Ulrich Winckhler;ulrich_winckler;;;;;;;;;;;;
BB-0160;1545-05-22;;Leonhart Rezer;leonhard_rezer;Müller;;Lebensmittelhandwerk;;;;;;;;ja;
BB-0161;1545-06-05;;Florian Hoffmaister;florian_hoffmaister;;;;;;;;;;;;
BB-0162;1545-06-12;;Christoff Sling;christoph_sling;Maler;;Kunst, Musik & Unterhaltung;;;;;;;;ja;
BB-0163;1545-08-04;;Franz Helschuchmacher;franz_helschuchmacher;;;;;;;;;; Freitag nach Johis Baptiste;;
BB-0164;1545-07-03;;Georg Schmalzpauer;georg_schmalzpauer;Fischer;;Lebensmittelhandwerk;;;;;;;;ja;
BB-0165;1545-08-14;;Wolffganng Khorn;wolfgang_korn;;;;;;;;;; Freitag vor Assumptionis ;;
BB-0166;1545-08-14;;Hanns Piernndorffer;hans_piernndorffer;;;;;;;;;;;;
BB-0167;1545-09-19;;Gilg Pauman;aegidius_pauman;;;;;;;;;;;;
BB-0168;1545-12-04;;Wolffganng Maser;wolfgang_maser;;;;;;;;;;;;
BB-0169;1546-02-05;;Georg Piber;georg_piber;Zirkelschmied;;Metall & Waffen;;;;;;;;ja;
BB-0170;1546-02-05;;Georg Staiger;georg_staiger;;;;;;;;;;;;
BB-0171;1546-02-19;;Hanns Awer;hans_auer;;;;;;;;;;;;
BB-0172;1546-03-12;;Hanns Widmair;hans_widmair;Barbier;;Gesundheit;;;;;;;;ja;
BB-0173;1546-03-26;;Wolffganng Khurzhalz;wolfgang_kurzhalz;;;;;;;;;;Freitag nach Reminiscere ;;
BB-0174;1546-03-26;;Leonhart Hochtarer;leonhard_hochtarer;;;;;;;;;;;;
BB-0175;1546-04-09;;Leonhart Schazl;leonhard_schazl;Schlosser;;Metall & Waffen;;;;;;;;ja;
BB-0176;1546-04-16;;Anndre Gunderstorffer;andreas_gunderstorffer;;;;;;;;;;;;
BB-0177;1546-04-16;;Hanns Awer;hans_auer;;;;;;;Erstmalig vorstellig am 19. Februar 1546.;;;;;
BB-0178;1546-05-28;;Caspar Walther;kaspar_walther;Fleischhacker;;Lebensmittelhandwerk;;;;;;;;ja;
BB-0179;1546-06-11;;Wolffganng Linckh;wolfgang_linck;Barbier;;Gesundheit;;;;;;;;ja;
BB-0180;1546-06-11;;Caspar Messerschmidt;kaspar_messerschmidt;;;;;;;;;;;;
BB-0181;1546-08-20;;Wolffganng Kreuspeckh;wolfgang_kreuspeck;Binder;;Holz, Bau & Stein;;;;;;;;ja;
BB-0182;1546-09-03;;Valtin Crafft;valentin_crafft;;;;;;;;;;;;
BB-0183;1546-09-10;;Fridrich Schleicher;friedrich_schleicher;Steinmetz;;Holz, Bau & Stein;;;;;;;;ja;
BB-0184;1546-09-10;;Christoff Prattinger;christoph_prattinger;Kürschner;;Leder & Pelz;;;;;;;;ja;
BB-0185;1546-09-24;;Ambrosy Channer;ambrosius_channer;;;;;;;;;;;;
BB-0186;1546-11-12;;Wolffganng Rauhenperger;wolfgang_rauhenperger;;;;;;;;;;;;
BB-0187;1546-11-12;;Wolffgang Judenpacher;wolfgang_judenpacher;;;;;;;;;;;;
BB-0188;1546-11-12;;Hanns Schneider;hans_schneider;;;;;;;Abschid genonueß 3 Sept: A. 47.;;;;;
BB-0189;1546-12-03;;Clement Kol;clement_knoll;;;;;;;;;;;;
BB-0190;1546-12-03;;Hanns Erl;hans_erl;;;;;;;;;;;;
BB-0191;1546-12-03;;Hanns Thalhouer;hans_thalhouer;;;;;;;;;;;;
BB-0192;1546-12-03;;Leopold Suesz;leopold_suess;Schlosser;;Metall & Waffen;;;;;;;;ja;
BB-0193;1546-12-03;;Wolff Kreuzpeckh;wolf_kreuspeck;Hufschmied;;Metall & Waffen;;;;;;;;ja;
BB-0194;1546-12-03;;Caspar Trauter;kaspar_trauter;Schneider;;Textil & Bekleidung;;;;;;;;ja;
BB-0195;1546-12-03;;Anndre Hindermüllner;andreas_hindermuellner;;;;;;;;;;;;
BB-0196;1546-12-03;;Felix Hackhel;felix_hackel;Fuhrmann;;Transport & Wasserwesen;;;;;;;;ja;
BB-0197;1546-12-03;;Georg Ranfftlperger;georg_ranfftlperger;;;;;;;;;;;;
BB-0198;1546-12-03;;Niclas Schmid;niklas_schmid;;;;;;;;;;;;
BB-0199;1546-12-03;;Hanns Lindt;hans_lindt;Schmied;;Metall & Waffen;;;;;;;;ja;
BB-0200;1546-12-03;;Leonhart Hafner;leonhard_hafner;Bader;;Gesundheit;;;;;;;;ja;
BB-0201;1546-12-03;;Hanns Pargstainer;hans_pargstainer;Bäcker;;Lebensmittelhandwerk;;;;;;;;ja;
BB-0202;1546-12-03;;Matheus Labismullner;matthaeus_labismullner;Fleischhacker;;Lebensmittelhandwerk;;;;;;;;ja;
BB-0203;1546-12-03;;Peter Griessenstockh;peter_griessenstock;;;;;;;;;;;;
BB-0204;1546-12-03;;Christoff Harmer;christoph_harmer;Müller;;Lebensmittelhandwerk;;;;;;;;ja;
BB-0205;1547-01-07;;Hanns Ackherl;hans_ackerl;;;;;;;;;;;;
BB-0206;1547-01-07;;Hanns Wildt;hans_wildt;;;;;;;;;;;;
BB-0207;1547-01-07;;Raidlin;raidlin;;;;;;;Abschid begert, unnd zugeben vergundt worden.;;;;;
BB-0208;1547-01-07;;Hätterl;haetterl;;;;;;;Abschid begert, unnd zugeben vergundt worden.;;;;;
BB-0209;1547-04-01;;Georg Greillenstainer;georg_greillenstainer;;;;;;;;;;;;
BB-0210;1547-04-01;;Hanns Gassner;hans_gassner;Drechsler;;Holz, Bau & Stein;;;;;;;;ja;
BB-0211;1547-04-22;;Wolffganng Grienauer;wolfgang_grienauer;;;;;;;;;;;;
BB-0212;1547-05-06;;Georg Guertner;georg_guertner;;;;;;;;;;;;
BB-0213;1547-05-20;;Hanns Phingstl;hans_phingstl;Wagner;;Holz, Bau & Stein;;;;;;;;ja;
BB-0214;1547-05-20;;Sigmund Peucbacher;sigmund_peucbacher;;;;;;;Ain abschid zugeben bewillign.;;;;;
BB-0215;1547-05-20;;Sibolt;sibolt;;;;;;;Sibolt begert ainen burgerlichen abschid.;;;;;
BB-0216;1547-05-20;;Leopold Griesser;leopold_griesser;;;;;;;;;;;;
BB-0217;1547-05-20;;Hanns Walster;hans_walster;;;;;;;;;;;;
BB-0218;1547-05-20;;Wennzl Saulickh;wenzl_saulick;Seiler;;Transport & Wasserwesen;;;;;;;;ja;
BB-0219;1547-05-20;;Steffan Sparnranfft;stephan_sparnranfft;;;;;;;;;;;;
BB-0220;1547-05-20;;Martin Geisler;martin_geisler;;;;;;;;;;;;
BB-0221;1547-05-20;;Macheus Perger;macheus_perger;Nadler;;Metall & Waffen;;;;;;;;ja;
BB-0222;1547-05-20;;Maximilian Pranntner;maximilian_pranntner;;;;;;;;;;;;
BB-0223;1547-05-20;;Michel Arnstorffer;michael_arnstorffer;Tischler;;Holz, Bau & Stein;;;;;;;;ja;
BB-0224;1547-05-20;;Petter Frannckh;peter_frannck;Stadtkoch;;Lebensmittelhandwerk;;;;;;;;ja;
BB-0225;1547-05-20;;Michel Kolderer;michael_kolderer;;;;;;;;;;;;
BB-0226;1547-05-20;;Veit Parfuesser;veit_parfuesser;;;;;;;;;;;;
BB-0227;1547-05-20;;Caspar Glennckh;kaspar_glennck;Messerschmied;;Metall & Waffen;;;;;;;;ja;
BB-0228;1547-05-20;;Niclas Frieauf;niklas_frieauf;Schuster;;Leder & Pelz;;;;;;;;ja;
BB-0229;1547-05-20;;Wolffganng Pernnauer;wolfgang_pernnauer;;;;;;;;;;;;
BB-0230;1547-05-20;;Sigmund Perschlhouer;sigmund_perschlhouer;;;;;;;;;;;;
BB-0231;1547-05-20;;Panngraz Müllner;pangraz_muellner;;;;;;;;;;;;
BB-0232;1547-05-20;;Valtin Crafft;valentin_crafft;;;;;;;Erstmalig vorstellig am 3. September 1546.;;;;;
BB-0233;1547-05-20;;Wolff Prunner;wolf_brunner;Glaser;;Holz, Bau & Stein;;;;;;;;ja;
BB-0234;1547-05-20;;Zimprecht Baier;zimprecht_baier;;;;;;;;;;;;
BB-0235;1547-05-20;;Jorg Nawein;georg_nawein;;;;;;;;;;;;
BB-0236;1547-05-20;;Caspar Segmullner;kaspar_segmullner;;;;;;;;;;;;
BB-0237;1548-01-04;;Uelrich Edlinger;ulrich_edlinger_bb1548;Kürschner;;Leder & Pelz;;;;;;;;ja;"Möglicherweise identisch mit der Person ""ulrich_edlinger"" aus urkunden_gesamt.xlsx (dort genannt 1549, 1 Jahre Abstand zu diesem Bürgerbuch-Eintrag): beide ""Bürger zu Krems"", kein Widerspruch in Beruf/Kontext feststellbar, aber auch kein eindeutiger Beleg (z.B. übereinstimmende Ehefrau) vorhanden. Nicht zusammengeführt."
BB-0238;1548-01-04;;Gabriel Kornhueber;gabriel_kornhueber;Tischler;;Holz, Bau & Stein;;;;;;;;ja;
BB-0239;1548-01-04;;Hanns Hefelfuerter;hans_hefelfuerter;;;;;;;;;;;;
BB-0240;1548-01-04;;Hanns Ambshaimer;hans_ambshaimer;;;;;;;;;;;;
BB-0241;1548-01-04;;Anndreas Weishaubt;andreas_weishaubt;Gürtler;;Metall & Waffen;;;;;;;;ja;
BB-0242;1548-02-17;;Georg Ploschl;georg_ploschl;;;;;;;;;;;;
BB-0243;1548-03-09;;Georg Nagl;georg_nagl;;;;;;;;;;;;
BB-0244;1548-03-09;;Michel Prusch;michael_prusch;Weißgerber;;Leder & Pelz;;;;;;;;ja;
BB-0245;1548-03-02;;Anndre Gundersheuer;andreas_gundersheuer;;;;;;;Begert ain abschidt fiat mit gemainer vermeldung.;;;;;
BB-0246;1548-03-23;;Hanns Maulperger;hans_maulperger;Zimmermann;;Holz, Bau & Stein;;;;;;;;ja;
BB-0247;1548-03-23;;Veitt Kässl;veit_kaessl;Schuster;;Leder & Pelz;;;;;;;;ja;
BB-0248;1548-04-27;;Georg Varlinger;georg_varlinger;Schiffmann;;Transport & Wasserwesen;;;;;;;;ja;
BB-0249;1548-05-04;;Herz Käpler;herz_kaepler;Doktor;;Gesundheit;;;;;;;;ja;
BB-0250;1548-05-04;;Caspar Walther;kaspar_walther;Fleischhacker;;Lebensmittelhandwerk;;;;Ain preuchigen abschiedt zugeben. | Am 28. Mai 1546 Bürger geworden.;;;;ja;
BB-0251;1548-05-04;;Steffan Nagl;stephan_nagl;;;;;;;;;;;;
BB-0252;1548-05-04;;Wolffganng Peckh;wolfgang_beck;Schiffmann;;Transport & Wasserwesen;;;;;;;;ja;
BB-0253;1548-06-08;;Hanns Zaglawer;hans_zaglawer;;;;;;;;;;;;
BB-0254;1548-07-06;;Georgen Ebmar;georg_ebmar;;;;;;;;;;;;
BB-0255;1548-07-06;;Wolff Lehner;wolf_lehner;Schiffmann;;Transport & Wasserwesen;;;;;;;;ja;
BB-0256;1548-07-20;;Caspar Huschnauer;kaspar_huschnauer;Binder;;Holz, Bau & Stein;;;;;;;;ja;
BB-0257;1548-08-03;;Hanns Schachner;hans_schachner;;;;;;;Begert seinen abschidt. Ist ime zugeben bewilligt, doch dem vorgegeben abschiedt unnd beschaidt unvergriffen.;;;;;
BB-0258;1548-08-14;;Hanns Ortner;hans_ortner;;;;;;;;;;;;
BB-0259;1548-09-14;;Hanns Walkham;hans_walkham;;;;;;;;;;;;
BB-0260;1548-11-09;;Georg Sailler;georg_seiler;Schreiner, Tischler;;Holz, Bau & Stein;;;;;;;;ja;
BB-0261;1548-11-09;;Ambrosy Lifftl;ambrosius_lifftl;Beutler;;Leder & Pelz;;;;;;;;ja;
BB-0262;1548-11-09;;Wolffganng Egger;wolfgang_egger_bb1548;;;;;;;;;;;;"Möglicherweise identisch mit der Person ""wolfgang_egger"" aus urkunden_gesamt.xlsx (dort genannt 1549, 1 Jahre Abstand zu diesem Bürgerbuch-Eintrag): beide ""Bürger zu Krems"", kein Widerspruch in Beruf/Kontext feststellbar, aber auch kein eindeutiger Beleg (z.B. übereinstimmende Ehefrau) vorhanden. Nicht zusammengeführt."
BB-0263;1548-11-09;;Thoman Hamperger;thomas_hamperger;Wagner;;Holz, Bau & Stein;;;;;;;;ja;
BB-0264;1548-11-09;;Steffan Nagl;stephan_nagl;;;;;;;Erstmalig vorstellig am 4. Mai 1548.;;;;;
BB-0265;1548-12-07;;Ambrosy Munzenrieder;ambrosius_munzenrieder;Sattler;;Leder & Pelz;;;;;;;;ja;
BB-0266;1549-01-04;;Philliph Schwerzer;phillip_schwerzer;;;;;;;Begert ainen abschied, ist im zuegeben bewilligt worden. | Am 23. Februar 1543 Bürger geworden.;;;;;
BB-0267;1549-02-01;;Benedict Tandl;benedikt_tandl;Klampferer;;Metall & Waffen;;;;;;;;ja;
BB-0268;1549-02-01;;Ambrosy Zwetler;ambrosius_zwetler;Hauer;;Landwirtschaft & Weinbau;;;;;;;;ja;
BB-0269;1549-02-01;;Leopold Rannfftl sonnst Eyznoder;leopold_rannfftl;;;;;;;Bgert aines burgerlichen abschiedts, der ist ime in gemainem unnd gewonndlichem form;;;;;
BB-0270;1549-02-08;;Allexander Fallmprun;alexander_fallmprun;;;;;;;;;;;;
BB-0271;1549-02-08;;Georg Stockhl;georg_stockl;;;;;;;;;;;;
BB-0272;1549-02-08;;Larenz Schachtl;laurenz_schachtl;;;;;;;;;;;;
BB-0273;1549-02-15;;Jheronimusen Kintschen;hieronymus_kintschen;Schuster;;Leder & Pelz;;;;;;;;ja;
BB-0274;1549-02-15;;Sigmundt Zaglawer;sigmund_zaglawer;Steinmetz;;Holz, Bau & Stein;;;;;;;;ja;
BB-0275;1549-03-15;;Matheus Fenigast;matthaeus_fenigast;;;;;;;;;;;;
BB-0276;1549-03-22;;G. Schockhler;g_schockler;;;;;;;;;;;;
BB-0277;1549-05-03;;Hanns Crafft;hans_crafft;Goldschmied;;Metall & Waffen;;;;;;;;ja;
BB-0278;1549-05-03;;Caspar Scheibenperger;kaspar_scheibenperger;;;;;;;;;;;;
BB-0279;1549-05-03;;Georg Preyschuech;georg_preyschuech;;;;;;;;;;;;
BB-0280;1549-05-03;;Hainrich Rauber;heinrich_rauber;Zinngießer;;Metall & Waffen;;;;;;;;ja;
BB-0281;1549-05-10;;Hanns Lamrer;hans_lamrer;;;;;;;;;;;;
BB-0282;1549-05-10;;Urban Windisch;urban_windisch;;;;;;;;;;;;
BB-0283;1549-05-10;;Petter Amberger;peter_amberger;Schneider;;Textil & Bekleidung;;;;;;;;ja;
BB-0284;1549-05-10;;Bartlme Holzer;bartholomaeus_holzer;;;;;;;;;;;;
BB-0285;1549-07-09;;Wolff Lamrer;wolf_lamrer;;;;;;;;;;;;
BB-0286;1549-05-17;;Cristoff Stadt;christoph_stadt;;;;;;;;;;;;
BB-0287;1549-05-31;;Leopold Tanhouer;leopold_tanhouer;Messerschmied;;Metall & Waffen;;;;;;;;ja;
BB-0288;1549-05-31;;Caspar Stahardinger;kaspar_stahardinger;Weber;;Textil & Bekleidung;;;;;;;;ja;
BB-0289;1549-07-05;;Georg Siber;georg_siber;Schneider;;Textil & Bekleidung;;;;;;;;ja;
BB-0290;1549-07-05;;Adam Sumer;adam_sumer;Schreiber;;Verwaltung, Recht & Bildung;;;;;;;;ja;
BB-0291;1549-07-12;;Wolffganng Ziegler;wolfgang_ziegler;;;;;;;;;;;;
BB-0292;1549-07-19;;Matheus Frey;matthaeus_frey;;;;;;;;;;;;
BB-0293;1549-08-06;;Wolffganng Sterer;wolfgang_sterer;;;;;;;;;;;;
BB-0294;1549-08-13;;Hanns Pachman;hans_pachman;Schneider;;Textil & Bekleidung;;;;;;;;ja;
BB-0295;1549-09-06;;Anndre Ruebpaur;andreas_ruebpaur;;;;;;;;;;;;
BB-0296;1549-09-06;;Wolffganng Scheustorffer;wolfgang_scheustorffer;;;;;;;;;;;;
BB-0297;1549-09-06;;Michel Kindler;michael_kindler;Kürschner;;Leder & Pelz;;;;;;;;ja;
BB-0298;1549-09-13;;Jheronimusz Auer;hieronymus_auer;;;;;;;;;;;;
BB-0299;1549-09-13;;Ninianus Ringer;ninianus_ringer;;;;;;;;;;;;
BB-0300;1549-09-20;;Adam Sumer;adam_sumer;Schreiber;;Verwaltung, Recht & Bildung;Matheus Sume.;matthaeus_sume;;Erstmalig vorstellig am 5. Juli 1549.;;;;ja;
BB-0301;1549-11-15;;Wolffganng Fuchs;wolfgang_fuchs;;;;;;;Begert ain abschiedt, ist ime zugeben bewilligt.;;;;;
BB-0302;1549-11-22;;Hanns Pachman;hans_pachman;Schneider;;Textil & Bekleidung;Veit Hueter.;veit_hueter;;Erstmalig vorstellig am 13. August 1549.;;;;ja;
BB-0303;1549-11-22;;Hanns Spreng;hans_streng;;;;;;;;;;;;
BB-0304;1549-11-29;;Hanns Knoll;hans_knoll;;;;Sebastian Reisacher.;sebastian_reisacher;;;;;;;
BB-0305;1549-12-10;;Gregor Teibling;gregor_teibling;Apotheker;;Gesundheit;;;;Begert ain abschiedt. Ist im zugeben bewilligt.;;;;ja;
BB-0306;1549-12-13;;Hanns Gaiger;hans_gaiger;;;;;;;;;;;;
BB-0307;1549-12-13;;Sigmundt Walkham;sigmund_walkham;;;;;;;;;;;;
BB-0308;1549-12-20;;Wolff Schwarz;wolf_schwarz;Schiffmann;;Transport & Wasserwesen;;;;;;;;ja;
BB-0309;1549-12-20;;Jacob Galler;jakob_galler;;;;;;;;;;;;
BB-0310;1549-12-20;;Hanns Pelkhouer;hans_pelkhouer;Schuster;;Leder & Pelz;;;;;;;;ja;
BB-0311;1549-12-20;;Reischl Fleischackher;reischl_fleischacker;;;;;;;;;;;;
BB-0312;1549-12-20;;Georg Scheckhler;georg_scheckler;;;;;;;;;;;;
BB-0313;1549-12-20;;Georg Preyschuech;georg_preyschuech;;;;;;;Erstmalig vorstellig am 3. Mai 1549.;;;;;
BB-0314;1549-12-19;;Caspar Renner;kaspar_renner;Barbier;;Gesundheit;;;;;;;;ja;
BB-0315;1549-12-19;;Mathias Fenigast;matthaeus_fenigast;;;;;;;Erstmalig vorstellig am 15. März 1549.;;;;;"personen_id vereinheitlicht (vorher matthias_fenigast): ""Erstmalig vorstellig""-Datum verweist exakt auf BB-0275 (""Matheus Fenigast"", Ähnlichkeit 0.875) - dieselbe Person."
BB-0316;1549-12-20;;Caspar Renner;kaspar_renner;Barbier;;Gesundheit;;;;Erstmalig vorstellig am 19. Dezember 1549.;;;Volgünde burger zu Krembs haben an hewt Freytag den 21. tag Decembris geschworn und den aidt gethan.;ja;
BB-0317;1549-12-20;;Sigmund Messrer;sigmund_messerer;Schuster;;Leder & Pelz;;;;;;;Volgünde burger zu Krembs haben an hewt Freytag den 21. tag Decembris geschworn und den aidt gethan.;ja;
BB-0318;1549-12-20;;Georg Rieder;georg_rieder;;;;;;;;;;Volgünde burger zu Krembs haben an hewt Freytag den 21. tag Decembris geschworn und den aidt gethan.;;
BB-0319;1549-12-20;;Niclas Kasstl;niklas_kasstl;;;;;;;;;;Volgünde burger zu Krembs haben an hewt Freytag den 21. tag Decembris geschworn und den aidt gethan.;;
BB-0320;1549-12-20;;Wernhardt Span;wernhardt_span;;;;;;;;;;Volgünde burger zu Krembs haben an hewt Freytag den 21. tag Decembris geschworn und den aidt gethan.;;
BB-0321;1549-12-20;;Jacob Tolderl;jakob_tolderl;;;;;;;;;;Volgünde burger zu Krembs haben an hewt Freytag den 21. tag Decembris geschworn und den aidt gethan.;;
BB-0322;1549-12-20;;Thoman Steyrer;thomas_steyrer;;;;;;;;;;Volgünde burger zu Krembs haben an hewt Freytag den 21. tag Decembris geschworn und den aidt gethan.;;
BB-0323;1549-12-20;;Hanns Rattich;hans_rattich;;;;;;;;;;Volgünde burger zu Krembs haben an hewt Freytag den 21. tag Decembris geschworn und den aidt gethan.;;
BB-0324;1549-12-20;;Leonnhart Zerer;leonnhart_zerer;;;;;;;;;;Volgünde burger zu Krembs haben an hewt Freytag den 21. tag Decembris geschworn und den aidt gethan.;;
BB-0325;1549-12-20;;Mathusz Strasser;matthaeus_strasser;;;;;;;;;;Volgünde burger zu Krembs haben an hewt Freytag den 21. tag Decembris geschworn und den aidt gethan.;;
BB-0326;1549-12-20;;Petter Kapeller;peter_kapeller;;;;;;;;;;Volgünde burger zu Krembs haben an hewt Freytag den 21. tag Decembris geschworn und den aidt gethan. 40 begert. Ist ime zuegeben unnd bewilligt worden. zuverkhinden, mittler zeyt sollen die anligenden grundt, weingarten unnd anders, so noch nit beschriben unnd taxiert, zum eeisten inventiert unnd geschätzt worden.;;
BB-0327;1549-12-20;;Cristoff Frumbholzer;christoph_frumbholzer;;;;;;;;;;Volgünde burger zu Krembs haben an hewt Freytag den 21. tag Decembris geschworn und den aidt gethan. 40 begert. Ist ime zuegeben unnd bewilligt worden. zuverkhinden, mittler zeyt sollen die anligenden grundt, weingarten unnd anders, so noch nit beschriben unnd taxiert, zum eeisten inventiert unnd geschätzt worden.;;
BB-0328;1549-12-20;;Hanns Kirchperger;hans_kirchperger;;;;;;;;;;Volgünde burger zu Krembs haben an hewt Freytag den 21. tag Decembris geschworn und den aidt gethan. 40 begert. Ist ime zuegeben unnd bewilligt worden. zuverkhinden, mittler zeyt sollen die anligenden grundt, weingarten unnd anders, so noch nit beschriben unnd taxiert, zum eeisten inventiert unnd geschätzt worden.;;
BB-0329;1549-12-20;;Anndre Weishaup;andreas_weishaup;Gürtler;;Metall & Waffen;;;;;;;Volgünde burger zu Krembs haben an hewt Freytag den 21. tag Decembris geschworn und den aidt gethan. 40 begert. Ist ime zuegeben unnd bewilligt worden. zuverkhinden, mittler zeyt sollen die anligenden grundt, weingarten unnd anders, so noch nit beschriben unnd taxiert, zum eeisten inventiert unnd geschätzt worden.;ja;
BB-0330;1549-12-20;;Matheus Feller;matthaeus_feller;;;;;;;;;;Volgünde burger zu Krembs haben an hewt Freytag den 21. tag Decembris geschworn und den aidt gethan. 40 begert. Ist ime zuegeben unnd bewilligt worden. zuverkhinden, mittler zeyt sollen die anligenden grundt, weingarten unnd anders, so noch nit beschriben unnd taxiert, zum eeisten inventiert unnd geschätzt worden.;;
BB-0331;1549-12-20;;Joseph Winter;joseph_winter;;;;;;;;;;Volgünde burger zu Krembs haben an hewt Freytag den 21. tag Decembris geschworn und den aidt gethan. 40 begert. Ist ime zuegeben unnd bewilligt worden. zuverkhinden, mittler zeyt sollen die anligenden grundt, weingarten unnd anders, so noch nit beschriben unnd taxiert, zum eeisten inventiert unnd geschätzt worden.;;
BB-0332;1549-12-20;;Joachim Grafenpeckh;joachim_grafenpeck;;;;;;;;;;Volgünde burger zu Krembs haben an hewt Freytag den 21. tag Decembris geschworn und den aidt gethan. 40 begert. Ist ime zuegeben unnd bewilligt worden. zuverkhinden, mittler zeyt sollen die anligenden grundt, weingarten unnd anders, so noch nit beschriben unnd taxiert, zum eeisten inventiert unnd geschätzt worden.;;
BB-0333;1549-12-20;;Cristoff Schaffer;christoph_schaffer;Doktor;;Gesundheit;;;;;;;Volgünde burger zu Krembs haben an hewt Freytag den 21. tag Decembris geschworn und den aidt gethan. 40 begert. Ist ime zuegeben unnd bewilligt worden. zuverkhinden, mittler zeyt sollen die anligenden grundt, weingarten unnd anders, so noch nit beschriben unnd taxiert, zum eeisten inventiert unnd geschätzt worden.;ja;
BB-0334;1549-12-20;;Gilg Kern;aegidius_kern;;;;;;;;;;Volgünde burger zu Krembs haben an hewt Freytag den 21. tag Decembris geschworn und den aidt gethan. 40 begert. Ist ime zuegeben unnd bewilligt worden. zuverkhinden, mittler zeyt sollen die anligenden grundt, weingarten unnd anders, so noch nit beschriben unnd taxiert, zum eeisten inventiert unnd geschätzt worden.;;
BB-0335;1550-01-10;;Larenz Petter;larenz_petter;Tuchscherer;;Textil & Bekleidung;;;;;;;;ja;
BB-0336;1550-01-17;;Cristophen Schaffer;christoph_schaffer;Doktor;;Gesundheit;;;;Erstmalig vorstellig am 21. Dezember 1549.;;;;ja;
BB-0337;1550-01-17;;Gilg Khern;aegidius_kern;;;;;;;Erstmalig vorstellig am 21. Dezember 1549;;;;;
BB-0338;1550-01-17;;Wolfganng Hueter;wolfgang_hueter;Lederer;;Leder & Pelz;;;;Begert ain abschiedt. Ist ime bewilligt.;;;;ja;
BB-0339;1550-01-17;;Hanns Kronast;hans_kronast;;;;;;;Mit dreuen burgern sein thuen unnd wesen bewisen, des ain khundschaft unnd abschied;;;;;
BB-0340;1550-01-31;;Hanns Spindler;hans_spindler;;;;;;;;;;;;
BB-0341;1550-03-25;;Leopold Vorsl;leopold_vorsl;;;;Hanns Ratenperger.;hans_ratenperger;;;;;;;
BB-0342;1550-04-02;;Triebsweter;triebsweter;;;;;;;Triebsweters handlung furgenomen den 20. Aprilis dem Triebswetter zu Steyr zuverkhinden, mittler zeyt sollen die anliegenden grundt, weingarten unnd anders, so noch nit beschriben unnd taxiert, zum eeisten inventiert unnd geschätzt worden.;;;;;
BB-0343;1550-04-29;;Cristoph Phannstil;christoph_phannstil;;;;Veit Lechner.;veit_lechner;;;;;;;
BB-0344;1550-04-29;;Georg (Irnfridt?);georg_irnfridt;Schuster;;Leder & Pelz;Maister Macheus (Schuster).;maister_macheus;Schuster;;;;;ja;
BB-0345;1550-06-13;;Cristoph Schaffer;christoph_schaffer;Doktor;;Gesundheit;;;;Erstmalig vorstellig am 21. Dezember 1549 und am 17. Januar 1550.;;;;ja;
BB-0346;1550-06-13;;(+Cristoff) Pirchinger;christoph_pirchinger;;;;;;;;;;;;
BB-0347;1550-06-13;;Michel Kunig;michael_kunig;Kartenmaler;;Kunst, Musik & Unterhaltung;;;;;;;;ja;
BB-0348;1550-07-01;;Michl Hiersch;michael_hiersch;;;;;;;;;;;;
BB-0349;1550-07-18;;Hanns Hilliinger;hans_hilliinger;Salzleger;;Handel;;;;;;;;ja;
BB-0350;1550-08-01;;Leonhart Aring;leonhard_aring;Radschmied;;Metall & Waffen;Lechner Peckhen, Pauln Hayperger.;lechner_peck|paul_hayperger;;;;;;ja;
BB-0351;1550-08-29;;Leonhart Pruckhermair;leonhard_pruckermair;;;;;;;;;;;;
BB-0352;1550-09-12;;Georg Guertner;georg_guertner;;;;;;;Ainen abschiedt unnd geburtbrief begert. | Am 6. Mai 1547 Bürger geworden.;;;;;
BB-0353;1550-09-12;;N. Walkhaim;n_walkham;;;;;;;;;;;;
BB-0354;1550-09-12;;Hanns Schriedt;hans_schriedt;Schuster;;Leder & Pelz;;;;Begert ainen abschiedt. Will sich gen Leus [Langenlois] setzen.;;;;ja;
BB-0355;1550-11-07;;Wolfganng Perger;wolfgang_perger;;;;;;;;;;;;
BB-0356;1550-11-07;;Benedict Preyschuech;benedikt_preyschuech;;;;;;;;;;;;
BB-0357;1550-11-07;;Jacob Fadin;jakob_fadin;;;;;;;;;;;;
BB-0358;1550-11-07;;Alexannder Hiltmair;alexander_hiltmair;Barbier;;Gesundheit;Hanns Drackh.;hans_drack;;;;;;ja;
BB-0359;1550-11-07;;Hanns Reisinger;hans_reisinger;Binder;;Holz, Bau & Stein;Hanns Werster (Binder), Ingaltinger Ferber.;hans_werster|ingaltinger;Binder|Färber;;;;;ja;
BB-0360;1550-12-05;;Matheus Allantsperger;matthaeus_allantsperger;Fasszieher;;Holz, Bau & Stein;Leopold Kornhuet.;leopold_kornhuet;;;;;;ja;
BB-0361;1550-12-05;;Leonhard Taxmülner;leonhard_taxmuelner;;;;;;;;;;;;
BB-0362;1550-12-05;;Leonhard Hueber;leonhard_hueber;;;;Collman Lisst.;collman_lisst;;;;;;;
BB-0363;1550-12-16;;Martin Maizr;martin_maier;;;;Reisacher.;reisacher;;;;;;;
BB-0364;1550-12-19;;Georg Lott;georg_lott;;;;;;;;;;Freitag vor Thome;;
BB-0365;1550-12-19;;Sigmund Fuchs;sigmund_fuchs;;;;;;;;;;;;
BB-0366;1550-12-19;;Rueprecht Koller;ruprecht_koller;;;;;;;;;;;;
BB-0367;1550-12-19;;Asm Seickh;erasmus_seick;;;;;;;;;;;;
BB-0368;1550-12-19;;Hanns Vorsl;hans_vorsl;Schneider;;Textil & Bekleidung;;;;;;;;ja;
BB-0369;1550-12-19;;Hanns Camersperger;hans_camersperger;;;;;;;;;;;;
BB-0370;1550-12-19;;Oswald Lindentaller;oswald_lindentaller;;;;;;;;;;;;
BB-0371;1550-12-19;;Hanns Pachhueber;hans_pachhueber;;;;;;;;;;;;
BB-0372;1550-12-19;;Achatz Teyss;achaz_teyss;;;;;;;;;;;;
BB-0373;1550-12-19;;Rueprecht Frech;ruprecht_frech;;;;;;;;;;;;
BB-0374;1550-12-19;;Gregori Vorster;gregor_vorster;;;;;;;;;;;;
BB-0375;1550-12-19;;Georg Aixer;georg_aixer;;;;;;;;;;;;
BB-0376;1550-12-19;;Cristoff Silbereisen;christoph_silbereisen;;;;;;;;;;;;
BB-0377;1550-12-19;;Veit Gebl;veit_gebl;;;;;;;;;;;;
BB-0378;1550-12-19;;Jacob Schutz;jakob_schutz;Hutmacher;;Textil & Bekleidung;Leopold Tonhofer (Messerschmied) (Bürger zu Stein).;leopold_tonhofer;Messerschmied;;;;;ja;
BB-0379;1551-01-02;;Michel Zwettler;michael_zwetler;;;;;;;;;;;;
BB-0380;1551-01-23;;Hanns Vleischackher;hans_fleischhacker;;;;;;;Ist ime aufgelegt von heut dato in 14 tagen seinen abschiedt aufzulegen, unnd zupringen. Wonit, ime darauf sein handtierung züspern. ;;;;;
BB-0381;1551-02-13;;Hanns Steuber;hans_steuber;Seiler;;Transport & Wasserwesen;;;;;;;;ja;
BB-0382;1551-02-27;;Georg Schockhler;georg_schockler;;;;;;;;;;;;
BB-0383;1551-02-27;;Wolfganng Zeuchpaur;wolfgang_zeuchpaur;;;;;;;;;;;;
BB-0384;1551-02-27;;Jacob Drechsel;jakob_drechsel;Kammmacher;;Sonstiges Handwerk;Matheus Peringer (Nadler).;matthaeus_peringer;Nadler;;;;;ja;
BB-0385;1551-02-27;;Hanns Knaller;hans_knaller;Riemer;;Leder & Pelz;;;;;;;;ja;
BB-0386;1551-03-20;;Steffan Alckouer;stephan_alckouer;;;;;;;;;;;;
BB-0387;1551-04-10;;Wolfganng Irrpaur;wolfgang_irrpaur;Färber;;Textil & Bekleidung;;;;;;;;ja;
BB-0388;1551-04-10;;Georg Felder;georg_felder;;;;;;;;;;;;
BB-0389;1551-04-14;;Hanns Bernhardt;hans_bernhardt;Fleischhacker;;Lebensmittelhandwerk;;;;;;;;ja;
BB-0390;1551-04-17;;Cristoff Pirchinger;christoph_pirchinger;;;;;;;Erstmalig vorstellig am 13. Juni 1550.;;;;;
BB-0391;1551-04-17;;Hanns Pranntlsperger;hans_pranntlsperger;Müller;;Lebensmittelhandwerk;;;;;;;;ja;
BB-0392;1551-04-17;;Caspar Ernreich;kaspar_ernreich;;;;;;;;;;;;
BB-0393;1551-05-05;;Petern Spitzel;peter_spitzel;Schneider;;Textil & Bekleidung;;;;;;;;ja;
BB-0394;1551-05-08;;Georg Schrautter;georg_schrautter;Zinngießer;;Metall & Waffen;;;;;;;;ja;
BB-0395;1551-05-08;;Peter Spitzel;peter_spitzel;Schneider;;Textil & Bekleidung;;;;Erstmalig vorstellig am 5. Mai 1551.;;;;ja;
BB-0396;1551-05-08;;Sigmund Wasserburger;sigmund_wasserburger;Tischler;;Holz, Bau & Stein;Sigmund Wasserburger (Tischler und Bürger zu Krems).;sigmund_wasserburger;Tischler;Sigmundt Wasserburger, tischler und burger zu Krembs, hat umb ain abschied den herrn burgermaister angelangt. Der ime auf ein pargschaft, so er mit dem herrn Hannsen Eberleu des rats und Colman Listen gethan, bewilligt und geben worden;;;;ja;
BB-0397;1551-05-15;;Jörg Krumb;joerg_krumb;Glaser;;Holz, Bau & Stein;Herr burgermeister, Herr Mathauser.;herr_burgermeister|herr_mathauser;;;;;;ja;
BB-0398;1551-05-25;;Leopold Behaim;leopold_behaim_bb1551;Binder;;Holz, Bau & Stein;;;;;;;;ja;"Möglicherweise identisch mit der Person ""leopold_behaim"" aus urkunden_gesamt.xlsx (dort genannt 1539, 12 Jahre Abstand zu diesem Bürgerbuch-Eintrag): beide ""Bürger zu Krems"", kein Widerspruch in Beruf/Kontext feststellbar, aber auch kein eindeutiger Beleg (z.B. übereinstimmende Ehefrau) vorhanden. Nicht zusammengeführt."
BB-0399;1551-05-29;;Hannsen Steiners;hans_steiners;Hafner;;Holz, Bau & Stein;;;;;;;;ja;
BB-0400;1551-06-05;;Wolfganng Zirisues;wolfgang_zirisues;;;;;;;;;;;;
BB-0401;1551-06-12;;Hanns Knoler;hans_knoler;Riemer;;Leder & Pelz;Veit Lechner (Bäcker) (Bürger zu Krems).;veit_lechner;Bäcker;;;;;ja;
BB-0402;1551-06-26;;Jacob Drechssel;jakob_drechsel;Kammmacher;;Sonstiges Handwerk;;;;Jacob Drechssel kampmacher. Vermugend. Das er sich ane vergunstigung burgermaister | Erstmalig vorstellig am 27. Februar 1551.;;;;ja;"personen_id vereinheitlicht (vorher jakob_drechssel): ""Erstmalig vorstellig""-Datum verweist exakt auf BB-0384 (""Jacob Drechsel"", Ähnlichkeit 0.966) - dieselbe Person."
BB-0403;1551-06-26;;Anndre Hindermülner;andreas_hindermuelner;;;;;;;Dem herrn Tanradl zuschreiben unnd zubegern, den Hindermülner herain zu schaffen, das er sich der burgerlichen glub unnd phlicht bemuessig unnd aussteunde schulden bezalle.;;;;;
BB-0404;1551-06-26;;Wolfganng Entznman;wolfgang_entznman;;;;;;;;;;;;
BB-0405;1551-06-26;;Wolf Pannapalckh;wolf_pannapalck;Tischler;;Holz, Bau & Stein;Hanns Khupherschmid.;hans_kupherschmid;;;;;;ja;
BB-0406;1551-06-26;;Thoman Schlegl;thomas_schlegl;;;;;;;;;;;;
BB-0407;1551-07-10;;Hanns Painstadl;hans_painstadl;;;;;;;;;;;;
BB-0408;1551-07-10;;Michel Kunig;michael_kunig;Kartenmaler;;Kunst, Musik & Unterhaltung;;;;Erstmalig vorstellig am 13. Juni 1550.;;;;ja;
BB-0409;1551-07-14;;Leonhard Graf;leonhard_graf;Schiffmann;;Transport & Wasserwesen;;;;;;;;ja;
BB-0410;1551-07-14;;Peter Spitzel;peter_spitzel;Schneider;;Textil & Bekleidung;Benedict Preischuech (Bürger zu Stein), Ulrich Oler (Bürger zu Stein).;benedikt_preyschuech|ulrich_oler;;Erstmalig vorstellig am 5. Mai 1551 und am 8. Mai 1551.;;;;ja;
BB-0411;1551-08-07;;Michel Kunig;michael_kunig;Kartenmaler;;Kunst, Musik & Unterhaltung;Pranndtmair (Kürschner).;pranndtmair;Kürschner;Erstmalig vorstellig am 13. Juni 1550 und am 10. Juli 1551.;;;;ja;
BB-0412;1551-08-07;;Steffan Vorslain;stephan_vorslain;Hauer;;Landwirtschaft & Weinbau;;;;;;;;ja;
BB-0413;1551-08-07;;Leonhard Kosz;leonhard_koss;Schneider;;Textil & Bekleidung;;;;Begert ain abschiedt. Wan er zuestift unnd zallt, soll ime ain abschiedt gegeben werden.;;;;ja;
BB-0414;1551-08-18;;Enntznman;enntznman;;;;;;;Soll seine sachen sonderlich mit gerhabschaften zuvor verrichten, alß dan wierdet er des abschieds halben beschaidt emphahen.;;;;;
BB-0415;1551-08-21;;Hanns Painstadl;hans_painstadl;;;;;;;Ainem ersamen rat der statt Wien zuschreiben, der Klagflugl hete den Painstadl vor dem herrn richter beclagt, sey ime aufgelegt worden. Der Klagflugl solle kundtschafft bringen, das der Painstadl des handwechs unredlich sey, das er zuthuen sich erboten, aber nit nachkhomen. Unnd weil Painstadl von Wien khundtschafft bracht, das er redlich sey, werde er dabei gelassen unnd derf dieser zeit nit (geen?) Wien mit einschliessung des Painstadls khundtschafft unnd dem (erbeten?) wan er dem abschiedt ain genuegn thue.  | Erstmalig vorstellig am 10. Juli 1551.;;;;;
BB-0416;1551-09-04;;Wolfganng Zirisuesz;wolfgang_zirisues;;;;;;;Wan er von den von Lintz, wie ime vor angezaigt, ainen abschiedt pringt, soll ime das pürgerrecht verlihen werden. Dan ine one abschied anzunemen macht den stetten kunfftigen widerwilln machen. ;;;;;
BB-0417;1551-09-04;;Jacob Drochsel;jakob_drechsel;Kammmacher;;Sonstiges Handwerk;;;;Erstmalig vorstellig am 27. Februar 1551 und am 26. Juni 1551.;;;;ja;"personen_id vereinheitlicht (vorher jakob_drochsel): ""Erstmalig vorstellig""-Datum verweist exakt auf BB-0384 (""Jacob Drechsel"", Ähnlichkeit 0.929) - dieselbe Person."
BB-0418;1551-09-11;;Wolff Schon;wolf_schon;Glaser;;Holz, Bau & Stein;Hanns Wagner.;hans_wagner;;;;;;ja;
BB-0419;1551-09-11;;Albrecht Mosst;albrecht_mosst;Feilenhauer;;Metall & Waffen;Rueprecht Seidlperger.;ruprecht_seidlperger;;;;;;ja;
BB-0420;1551-09-11;;Dionisi Schusz;dionysius_schuss;;;;;;;;;;;;
BB-0421;1551-10-16;;Hanns Knol;hans_knoll;;;;;;;Wan er all sein glaubiger zalle, unnd andere sachen alhie ine belangenndt richtig macht, so soll ime ain abschied ervolgen.;;;;;
BB-0422;1551-11-19;;Sigmund Wober;sigmund_weber;;;;;;;;;;;;
BB-0423;1551-12-03;;Mert Heyres;martin_heyres;Fuhrmann;;Transport & Wasserwesen;;;;;;;;ja;
BB-0424;1551-12-17;;Sigmund Wober;sigmund_weber;;;;;;;Erstmalig vorstellig am 19. November 1551.;;;;;
BB-0425;1551-12-26;;Mert Heyres;martin_heyres;Fuhrmann;;Transport & Wasserwesen;;;;Erstmalig vorstellig am 3. Dezember 1551.;;;;ja;
BB-0426;1551-12-26;;Georg Reichart;georg_reichart;;;;Michl Klepaum.;michael_klepaum;;;;;;;
BB-0427;1551-12-26;;Donat Schutz;donat_schutz;Hutmacher;;Textil & Bekleidung;Leopold Tonhouer (Messerschmied) (Bürger zu Stein).;leopold_tonhouer;Messerschmied;;;;;ja;
BB-0428;1551-12-26;;Paul Lucas;paul_lucas;Ziegler;;Holz, Bau & Stein;;;;;;;;ja;
BB-0429;1551-12-26;;Hanns Amermair;hans_amermair;;;;;;;;;;;;
BB-0430;1551-12-26;;Hanns Leeb;hans_leeb;Fasszieher;;Holz, Bau & Stein;;;;;;;;ja;
BB-0431;1551-12-26;;Wolfganng Krenauer;wolfgang_krenauer;Seiler;;Transport & Wasserwesen;;;;;;;;ja;
BB-0432;1551-12-26;;Benedict Preischuech;benedikt_preyschuech;;;;;;;Erstmalig vorstellig am 7. November 1550.;;;;;
BB-0433;1551-12-26;;Anndre Mairhoner;andreas_mairhoner;;;;;;;;;;;;
BB-0434;1551-12-26;;Florian Rarhueber;florian_rarhueber;Bäcker;;Lebensmittelhandwerk;;;;;;;;ja;
BB-0435;1551-12-26;;Mert Fels;martin_fels;Hauer;;Landwirtschaft & Weinbau;;;;;;;;ja;
BB-0436;1551-12-26;;Mert Mair;martin_mayr_maurer_1551;Maurer;;Holz, Bau & Stein;;;;;;;;ja;"Ursprüngliche Quelle zeigt in derselben Liste vom 26.12.1551 zwei getrennte Einträge ""Mert Mair"" (Pos. 42 Maurer, Pos. 46 Hofmeister im Melkerhof) - zwei verschiedene Personen gleichen Namens. personen_id entsprechend aufgesplittet."
BB-0437;1551-12-26;;Sebastian Vierlinger;sebastian_vierlinger;;;;;;;;;;;;
BB-0438;1551-12-26;;Caspar Grueber;kaspar_grueber;;;;;;;;;;;;
BB-0439;1551-12-26;;Georg Griesmulner;georg_griesmulner;Weber;;Textil & Bekleidung;Leopold Tonhouer (Messerschmied) (Bürger zu Stein).;leopold_tonhouer;Messerschmied;;;;;ja;
BB-0440;1551-12-26;;Mert Mair;martin_mayr_hofmeister_1551;Hofmeister;;Verwaltung, Recht & Bildung;Michl Laschmauchausee (Bürger zu Stein).;michael_laschmauchausee;;;;;;ja;"Ursprüngliche Quelle zeigt in derselben Liste vom 26.12.1551 zwei getrennte Einträge ""Mert Mair"" (Pos. 42 Maurer, Pos. 46 Hofmeister im Melkerhof) - zwei verschiedene Personen gleichen Namens. personen_id entsprechend aufgesplittet."
BB-0441;1552-01-14;;Jacob Klinng;jakob_klinng;Schuster;;Leder & Pelz;;;;;;;;ja;
BB-0442;1552-02-18;;Wolfganng Tanckl;wolfgang_tanckl;;;;;;;Wolfganng Tanckl seines hauswechsl halben wollen ain ersamen rat bewilligen den auswechsl. Doch das Tanckhl den stadl auch verkhauff unnd nichts herrein fure, weder hey, stroh noch getraidt, unnd wover er sich in zwaien jaren nit wider herrein setze, solle ime des (Widpergers?) kinnder weingarten, so ime alls aine burgerlehen wider eingezogen werden.;;;;;
BB-0443;1552-02-18;;Kaplers;kaplers;;;;;;;Herrn Kaplers halben hinaus gen Hadersarf zuschreiben. Dem Richter zuschreiben, das er den Grinnzhauser herein schaff.;;;;;
BB-0444;1552-02-18;;Wolfganng Perger;wolfgang_perger;;;;;;;wolfganng Perger gen Leus zuschreiben, ine herein zuschaffen, sein sachen richtig zumachen.;;;;;
BB-0445;1552-03-10;;Wilhalm Wittenpeckh;wilhelm_wittenpeck;Hafner;;Holz, Bau & Stein;;;;;;;;ja;
BB-0446;1552-03-24;;Veit Veihel;veit_veihel;Zimmermann;;Holz, Bau & Stein;;;;;;;;ja;
BB-0447;1552-05-06;;Hanns Knolln;hans_knoll;;;;;;;Ist ain gemainer abschiedt zugeben bewilligt.;;;;;
BB-0448;1552-06-09;;Wolfganng Durner;wolfgang_durner;Schuster;;Leder & Pelz;Wilbolt Knittinnger (Bürger zu Krems).;wilbolt_knittinnger;;;;;;ja;
BB-0449;1552-07-08;;Cristoff Klinngel;christoph_klinngel;Kupferschmied;;Metall & Waffen;Maister Jacob Waldkhircher.;maister_jacob_waldkhircher;;;;;;ja;
BB-0450;1552-07-15;;Michel Gierlach;michael_gierlach;Schuster;;Leder & Pelz;;;;;;;;ja;
BB-0451;1552-07-15;;Chunz Grill;chunz_grill;;;;Gall Zanndl.;gall_zanndl;;;;;;;
BB-0452;1552-07-15;;Jacob Klueg;jakob_klueg;Schuster, Leistenschneider;;Leder & Pelz;;;;Möglicherweise bereits unter Jacob Klinng (14. Januar 1552) genannt.;;;;ja;
BB-0453;1552-07-15;;Paulus Steyrer;paulus_steyrer;Fleischhacker;;Lebensmittelhandwerk;;;;;;;;ja;
BB-0454;1552-08-05;;Georg Zottnphennig;georg_zottnphennig;Leineweber;;Textil & Bekleidung;Michel Klepaum, Veyt Gebl.;michael_klepaum|veyt_gebl;;;;;;ja;
BB-0455;1552-08-05;;Larennz Ohl;laurenz_ohl;Fasszieher;;Holz, Bau & Stein;;;;;;;;ja;
BB-0456;1552-08-05;;Leopold Tanhofer;leopold_tanhofer;Messerschmied;;Metall & Waffen;;;;Bergern ainen abschied. Ist inen bewilligt.;;;;ja;
BB-0457;1552-08-05;;Donat Schutz;donat_schutz;Hutmacher;;Textil & Bekleidung;;;;Bergern ainen abschied. ist inen bewilligt. | Am 26. Dezember 1551 Bürger geworden.;;;;ja;
BB-0458;1552-08-12;;Peter Rat;peter_rat;;;;;;;Begert aines abschiets.;;;;;
BB-0459;1552-12-20;;Veyt Voyel;veit_voyel;;;;;;;Nit geschwornn.;;;;;
BB-0460;1552-12-20;;Michel Kegl;michael_kegl;;;;;;;;;;;;
BB-0461;1552-12-20;;Wolf Rebwasser;wolf_rebwasser;;;;;;;;;;;;
BB-0462;1552-12-20;;Chunz Grill;chunz_grill;;;;;;;;;;;;
BB-0463;1552-12-20;;Larennz Olil;laurenz_olil;;;;;;;;;;;;
BB-0464;1552-12-20;;Hanns vom Pruch;hans_vom_pruch;Maler;;Kunst, Musik & Unterhaltung;;;;;;;;ja;
BB-0465;1552-12-20;;Wolfganng Peinhofer;wolfgang_peinhofer;Hauer;;Landwirtschaft & Weinbau;;;;;;;;ja;
BB-0466;1552-12-20;;Caspar Eyseler;kaspar_eyseler;;;;;;;;;;;;
BB-0467;1552-12-20;;Niclas Parnnstain;niklas_parnnstain;Schuster;;Leder & Pelz;;;;;;;;ja;
BB-0468;1552-12-20;;Michel Gierloch;michael_gierlach;Schuster;;Leder & Pelz;;;;Erstmalig vorstellig am 15. Juli 1552 unter Michel Gierlach.;;;;ja;"personen_id vereinheitlicht (vorher michael_gierloch): ""Erstmalig vorstellig""-Datum verweist exakt auf BB-0450 (""Michel Gierlach"", Ähnlichkeit 0.933) - dieselbe Person."
BB-0469;1552-12-20;;Wilhalm Pittinpeckh;wilhelm_wittenpeck;Hafner;;Holz, Bau & Stein;;;;Erstmalig vorstellig am 10. März 1552 unter Wilhalm Wittenpeckh.;;;;ja;"personen_id vereinheitlicht (vorher wilhelm_pittinpeck): ""Erstmalig vorstellig""-Datum verweist exakt auf BB-0445 (""Wilhalm Wittenpeckh"", Ähnlichkeit 0.895) - dieselbe Person."
BB-0470;1552-12-20;;Bartlm Deckher;bartholomaeus_decker;Hauer;;Landwirtschaft & Weinbau;;;;;;;;ja;
BB-0471;1552-12-20;;Mathias Payrhaimer;matthias_payrhaimer;;;;;;;;;;;;
BB-0472;1552-12-20;;Cristof Klueg;christoph_klueg;Schuster;;Leder & Pelz;;;;;;;;ja;
BB-0473;1552-12-20;;Wolfganng Tuermer;wolfgang_tuermer;Schuster;;Leder & Pelz;;;;Erstmalig vorstellig am 9. Juni 1552 unter Wolfganng Durner.;;;;ja;
BB-0474;1552-12-20;;Hanns Zehenndtner;hans_zehenndtner;Kürschner;;Leder & Pelz;;;;;;;;ja;
BB-0475;1552-12-20;;Hanns Pranntlsperger;hans_pranntlsperger;Müller;;Lebensmittelhandwerk;;;;Erstmalig vorstellig am 17. April 1551.;;;;ja;
BB-0476;1552-12-20;;Leonhart Spanier;leonhard_spanier;Hafner;;Holz, Bau & Stein;;;;;;;;ja;
BB-0477;1552-12-20;;Albrecht Masst;albrecht_masst;Feilenhauer;;Metall & Waffen;;;;;;;;ja;
BB-0478;1552-12-20;;Sebastian Pfannenstill;sebastian_pfannenstill;Hauer;;Landwirtschaft & Weinbau;;;;;;;;ja;
BB-0479;1552-12-20;;Hanns Degennpeckh;hans_degennpeck;;;;;;;;;;;;
BB-0480;1552-12-20;;Jacob Klueg;jakob_klueg;;;;;;;Krannckh gewest. Nit geschwornn.;;;;;
BB-0481;1552-12-20;;Leonhart Perckmair;leonhard_perckmair;Messerschmied;;Metall & Waffen;;;;;;;;ja;
BB-0482;1552-12-20;;Leopold Swingennschegl;leopold_swingennschegl;;;;;;;;;;;;
BB-0483;1552-12-20;;Hanns Golding;hans_golding;;;;;;;;;;;;
BB-0484;1552-12-20;;Sigmund Kazmair;sigmund_kazmair;Bäcker;;Lebensmittelhandwerk;;;;;;;;ja;
BB-0485;1552-12-20;;Balthaser Hofmair;balthasar_hofmair;;;;;;;;;;;;
BB-0486;1552-12-20;;der Jung Moßhaimer;der_jung_mosshaimer;;;;;;;;;;;;
BB-0487;1552-12-20;;Casstl Ernnreich;casstl_ernreich;Lederer;;Leder & Pelz;;;;;;;;ja;
BB-0488;1552-12-20;;Jorg Kapfennberger;georg_kapfennberger;;;;Cristof Weyganndt.;christoph_weyganndt;;;;;;;
BB-0489;1553-01-30;;Jacob Faden;jakob_faden;;;;;;;Begert ain abschiedt. Fiat nach gebrauch.;;;;;
BB-0490;1553-02-10;;Hannsen Grinnizhauser;hans_grinnizhauser;;;;;;;;;;;;
BB-0491;1553-02-17;;Wolf Grabner;wolf_grabner;Bäcker;;Lebensmittelhandwerk;;;;;;;;ja;
BB-0492;1553-02-17;;Leonhart Wegleutner;leonhard_wegleutner;Fasszieher;;Holz, Bau & Stein;Herr Schwarzpeckh.;herr_schwarzpeck;;;;;;ja;
BB-0493;1553-02-28;;Hanns Raschl;hans_raschl;Fleischhacker;;Lebensmittelhandwerk;;;;Dem ist gewonndlichen burgerlichen abschied zugeben bewilligt.;;;;ja;
BB-0494;1553-03-03;;Mert Walch;martin_walch;Fleischhacker;;Lebensmittelhandwerk;;;;;;;;ja;
BB-0495;1553-03-17;;Wolfganng Seyfrider;wolfgang_seyfrider;Fleischhacker;;Lebensmittelhandwerk;;;;;;;;ja;
BB-0496;1553-04-14;;(+Hannsen) Grinnizhauser;hans_grinnizhauser;;;;;;;Das er sich ain burger zu Haderßdorf nennt unnd hie noch khainen abschiedt genommen, das befrembts ain ehrsamen Rat auf ine nit wenig. Darumen sol er sich mit ainen abschiedt nach gebrauch erledigen. | Erstmalig vorstellig am 10. Februar 1553.;;;;;
BB-0497;1553-04-14;;Kampmacher;kampmacher;;;;;;;;;;;;
BB-0498;1553-04-28;;Wolfganng Grabmer;wolf_grabner;Bäcker;;Lebensmittelhandwerk;;;;Erstmalig vorstellig am 17. Februar 1553.;;;;ja;"personen_id korrigiert (vorher wolfgang_grabner): ""Erstmalig vorstellig am 17. Februar 1553"" verweist auf BB-0491 (Wolf Grabner, Bäcker), zusätzlich bestätigt durch BB-0626, das denselben Termin nennt."
BB-0499;1553-05-19;;Viennz Pattenperger;vinzenz_pattenperger;Leineweber;;Textil & Bekleidung;;;;;;;;ja;
BB-0500;1553-05-19;;Hanns Soldner;hans_soldner;Binder;;Holz, Bau & Stein;Wolfganng Stegrer (Binder).;wolfgang_stegrer;Binder;;;;;ja;
BB-0501;1553-07-07;;Hanns Branns;hans_branns;Hutmacher;;Textil & Bekleidung;Seiz Messrer, Hanns Pachmair.;seiz_messerer|hans_pachmair;;;;;;ja;
BB-0502;1553-07-14;;Hanns Marchl;hans_marchl;;;;Hanns Drescher, Leonhart Niechtl.;hans_drescher|leonhard_niechtl;;;;;;;
BB-0503;1553-08-08;;Asm Geyr;asm_geyr;;;;Gilg Vistler, Hanns Schmausser.;aegidius_vistler|hans_schmausser;;;;;;;
BB-0504;1553-08-11;;Hainrichen Goteralt;heinrich_goteralt;Wundarzt;;Gesundheit;;;;;;;;ja;
BB-0505;1553-08-11;;Peter Pat;peter_pat;;;;;;;Abschiedt. Weyll er zway heuser hie hat, ist ime, wann er zuestifft, abschiedt zugeben;;;;;
BB-0506;1553-08-18;;Sigmundt Schachner;sigmund_schachner;Sattler;;Leder & Pelz;Hanns Holzinger (Riemer).;hans_holzinger;Riemer;;;;;ja;
BB-0507;1553-08-18;;Georg Protngeir;georg_protngeir;Kammmacher;;Sonstiges Handwerk;Matheus Stadler (Bürger zu Krems), Jacob Schlosser (Bürger zu Krems).;matthaeus_stadler|jakob_schlosser;;;;;;ja;
BB-0508;1553-09-01;;Magister (+Matheus) Pedarius;matthaeus_pedarius;;;;;;;;;;;;
BB-0509;1553-09-15;;Paull Aigner;paul_aigner;Fuhrmann;;Transport & Wasserwesen;Benedict Gibl.;benedikt_gibl;;;;;;ja;
BB-0510;1553-09-15;;Thoman Khrenn;thomas_krenn;;;;;;;;;;;;
BB-0511;1553-10-20;;Hanns Helbm;hans_helbm;Salzmacher;;Handel;;;;;;;;nein;"Zuordnung zu Wirtschaftssektor unsicher: Bedeutung/Zuordnung des Berufs ""Salzmacher"" nicht eindeutig klärbar."
BB-0512;1553-10-20;;Wolfganng Schwärtzl;wolfgang_schwaertzl;;;;;;;;;;;;
BB-0513;1553-12-15;;Lamprechten Wisant;lamprecht_wisant;;;;;;;;;;Den 15. Decembris anno etc. im 53isten haben hernachbeschribme Burger iren geschwornnen aidt vor erwellung gethan.;;
BB-0514;1553-12-15;;Augustin Pottner;augustin_pottner;Schneider;;Textil & Bekleidung;;;;;;;;ja;
BB-0515;1553-12-15;;Cristoff Muer;christoph_muer;;;;;;;;;;;;
BB-0516;1553-12-15;;Mert Walch;martin_walch;Fleischhacker;;Lebensmittelhandwerk;;;;Erstmalig vorstellig am 3. März 1553.;;;;ja;
BB-0517;1553-12-15;;Wolf Seifrider;wolf_seyfrider;Fleischhacker;;Lebensmittelhandwerk;;;;Erstmalig vorstellig am 17. März 1553 unter Wolfganng Seyfrider.;;;;ja;
BB-0518;1553-12-15;;Wolf Gramor;wolf_gramor;Bäcker;;Lebensmittelhandwerk;;;;Erstmalig vorstellig am 28. April 1553 unter Wolfganng Grabmer.;;;;ja;
BB-0519;1553-12-15;;Viennz Pattnperger;vinzenz_pattenperger;Leineweber;;Textil & Bekleidung;;;;Erstmalig vorstellig am 19. Mai 1553 unter Viennz Pattenperger.;;;;ja;"personen_id vereinheitlicht (vorher vinzenz_pattnperger): ""Erstmalig vorstellig""-Datum verweist exakt auf BB-0499 (""Viennz Pattenperger"", Ähnlichkeit 0.973) - dieselbe Person."
BB-0520;1553-12-15;;Hanns Soldner;hans_soldner;Binder;;Holz, Bau & Stein;;;;Erstmalig vorstellig am 19. Mai 1553.;;;;ja;
BB-0521;1553-12-15;;Hannß Brans;hans_branns;Hutmacher;;Textil & Bekleidung;;;;Erstmalig vorstellig am 7. Juli 1553 unter Hanns Branns.;;;;ja;"personen_id vereinheitlicht (vorher hans_brans): ""Erstmalig vorstellig""-Datum verweist exakt auf BB-0501 (""Hanns Branns"", Ähnlichkeit 0.957) - dieselbe Person."
BB-0522;1553-12-15;;Hanns Marchl;hans_marchl;;;;;;;;;;;;
BB-0523;1553-12-15;;Ehrasm Geyr;asm_geyr;;;;;;;Erstmalig vorstellig am 8. August 1553.;;;;;"personen_id vereinheitlicht (vorher erasmus_geyr): ""Erstmalig vorstellig""-Datum verweist exakt auf BB-0503 (""Asm Geyr"", Ähnlichkeit 0.842) - dieselbe Person."
BB-0524;1553-12-15;;Sigmundt Schachner;sigmund_schachner;Sattler;;Leder & Pelz;;;;Erstmalig vorstellig am 18. August 1553.;;;;ja;
BB-0525;1553-12-15;;Georg Pratngeyr;georg_protngeir;Kammmacher;;Sonstiges Handwerk;;;;Erstmalig vorstellig am 18. August 1553 unter Georg Protngeir.;;;;ja;"personen_id vereinheitlicht (vorher georg_pratngeyr): ""Erstmalig vorstellig""-Datum verweist exakt auf BB-0507 (""Georg Protngeir"", Ähnlichkeit 0.867) - dieselbe Person."
BB-0526;1553-12-15;;Paull Aigner;paul_aigner;Fuhrmann;;Transport & Wasserwesen;;;;Erstmalig vorstellig am 15. September 1553.;;;;ja;
BB-0527;1553-12-15;;Matheus Arbinger;matthaeus_arbinger;Wagner;;Holz, Bau & Stein;;;;;;;;ja;
BB-0528;1553-12-15;;Hanns Stackhl;hans_stackl;Kummetmacher;;Leder & Pelz;;;;;;;;ja;
BB-0529;1553-12-15;;Wolfganng Strobl;wolfgang_strobl;;;;;;;;;;;;
BB-0530;1553-12-15;;Cristoff Aigner;christoph_aigner;Fuhrmann;;Transport & Wasserwesen;;;;;;;;ja;
BB-0531;1553-12-15;;Sebastian Hager;sebastian_hager;;;;;;;;;;;;
BB-0532;1553-12-15;;Cristoff Muerr;christoph_muer;;;;;;;Erstmalig vorstellig am 15. Dezember 1553.;;;;;
BB-0533;1553-12-15;;Erhart Gossl;erhart_gossl;;;;;;;;;;;;
BB-0534;1553-12-15;;Caspar Gannsfueß;kaspar_gannsfuess;;;;;;;;;;;;
BB-0535;1553-12-15;;Hanns Kholb Teutscher;hans_kolb_teutscher;Schreiber;;Verwaltung, Recht & Bildung;;;;;;;;ja;
BB-0536;1553-12-15;;Leonhart Perger;leonhard_perger;Hauer;;Landwirtschaft & Weinbau;;;;;;;;ja;
BB-0537;1553-12-15;;Lienhart Grezmüllner;lienhart_grezmuellner;Fuhrmann;;Transport & Wasserwesen;;;;;;;;ja;
BB-0538;1553-12-15;;Georg Khazer;georg_kazer;Binder;;Holz, Bau & Stein;;;;;;;;ja;
BB-0539;1553-12-15;;Jorg Matheus;georg_matheus;Fuhrmann;;Transport & Wasserwesen;;;;;;;;ja;
BB-0540;1553-12-15;;Magister Matheus Redarius;matthaeus_pedarius;;;;;;;Erstmalig vorstellig am 1. September 1553. unter Matheus Pedarius.;;;;;"personen_id vereinheitlicht (vorher matthaeus_redarius): ""Erstmalig vorstellig""-Datum verweist exakt auf BB-0508 (""Magister (+Matheus) Pedarius"", Ähnlichkeit 0.906) - dieselbe Person."
BB-0541;1553-12-15;;Thoman Khreen;thomas_krenn;;;;;;;Erstmalig vorstellig am 15. September 1553.;;;;;"personen_id vereinheitlicht (vorher thomas_kreen): ""Erstmalig vorstellig""-Datum verweist exakt auf BB-0510 (""Thoman Khrenn"", Ähnlichkeit 0.923) - dieselbe Person."
BB-0542;1553-12-15;;Hannß Helbm;hans_helbm;Salzmacher;;Handel;;;;Erstmalig vorstellig am 20. Oktober 1553.;;;;nein;"Zuordnung zu Wirtschaftssektor unsicher: Bedeutung/Zuordnung des Berufs ""Salzmacher"" nicht eindeutig klärbar."
BB-0543;1553-12-15;;Wolfganng Schwärtzl;wolfgang_schwaertzl;;;;;;;Erstmalig vorstellig am 20. Oktober 1553.;;;;;
BB-0544;1553-12-15;;Augustin Reyttner;augustin_pottner;Schneider;;Textil & Bekleidung;;;;Erstmalig vorstellig am 15. Dezember 1553 unter Augustin Pottner.;;;;ja;"personen_id vereinheitlicht (vorher augustin_reyttner): ""Erstmalig vorstellig""-Datum verweist exakt auf BB-0514 (""Augustin Pottner"", Ähnlichkeit 0.848) - dieselbe Person."
BB-0545;1553-12-15;;Lamprecht Wisannt;lamprecht_wisant;;;;;;;Erstmalig vorstellig am 15. Dezember 1553.;;;;;
BB-0546;1553-12-15;;Larennz Khrannzer;laurenz_krannzer;;;;;;;;;;;;
BB-0547;1553-12-15;;Jorg Khrauckher;georg_kraucker;;;;;;;;;;;;
BB-0548;1553-12-15;;Jacob Khlueg;jakob_klueg;;;;;;;;;;;;
BB-0549;1553-12-15;;Hannß Freisinger;hans_freisinger;;;;;;;;;;;;
BB-0550;1553-12-15;;Leopold Gaßhamer;leopold_gasshamer;;;;;;;;;;;;
BB-0551;1553-12-15;;Stöffan Garhamer;stephan_garhamer;;;;;;;;;;;;
BB-0552;1553-12-15;;Cnunz Eckhinger;cnunz_eckinger;Hauer;;Landwirtschaft & Weinbau;;;;;;;;ja;
BB-0553;1553-12-15;;Hanns Hinnderholner;hans_hinderholzer;;;;Alckhouer, Reisacher.;alckhouer|reisacher;;;;;;;
BB-0554;1554-01-05;;Melchior Huebmer;melchior_huebmer;Gürtler;;Metall & Waffen;Bartlme Prannthueber.;bartholomaeus_prannthueber;;;;;;ja;
BB-0555;1554-02-09;;Cristoff Lanng;christoph_lanng;Kürschner;;Leder & Pelz;;;;;;;;ja;
BB-0556;1554-03-02;;Michel Rodig;michael_rodig;Tischler;;Holz, Bau & Stein;;;;;;;;ja;
BB-0557;1554-03-16;;Panngraz Fischer;pangraz_fischer;;;;Jacob Anndre (Bürger zu Krems), Thoman Steyrer.;jakob_anndre|thomas_steyrer;;;;;;;
BB-0558;1554-04-13;;Frannz Olbm;franz_olbm;Müller;;Lebensmittelhandwerk;;;;;;;;ja;
BB-0559;1554-05-08;;Anndre Stackher;andreas_stocker;Schneider;;Textil & Bekleidung;Hannß Helbm (Bürger zu Stein), Benedict Preißschuech (Bürger zu Stein).;hans_helbm|benedikt_preissschuech;;;;;;ja;
BB-0560;1554-05-08;;Michael Rody;michael_rody;Tischler;;Holz, Bau & Stein;Jacob Zot (Khlampfrer) (Bürger zu Stein).;jakob_zot;Klampferer;;;;;ja;
BB-0561;1554-05-25;;Leonhart Khunz;leonhard_kunz;Bäcker;;Lebensmittelhandwerk;;;;;;;;ja;
BB-0562;1554-06-08;;Peter Polliteckh;peter_polliteck;Kürschner;;Leder & Pelz;;;;;;;;ja;
BB-0563;1554-06-26;;Steffan Scholz;stephan_scholz;Schuster;;Leder & Pelz;Stöffan Garhaimer, Steffan Alkhauer.;stoeffan_garhaimer|stephan_alkhauer;;;;;;ja;
BB-0564;1554-08-14;;Dionisy Seifriedt;dionisy_seifriedt;Bäcker;;Lebensmittelhandwerk;Caspar Schweickhl, Khop Schneider.;kaspar_schweickl|khop_schneider;;;;;;ja;
BB-0565;1554-11-16;;Jörg Peß;joerg_pess;Glaser;;Holz, Bau & Stein;;;;;;;;ja;
BB-0566;1554-12-14;;Lazarus Püchler;lazarus_puechler;;;;;;;;;;;;
BB-0567;1554-12-14;;Lorennz Khisthner;lorenz_kisthner;Binder;;Holz, Bau & Stein;;;;;;;;ja;
BB-0568;1554-12-18;;Hanns Khumiß;hans_kumiss;Buchbinder;;Sonstiges Handwerk;Hannß Haußhan.;hans_hausshan;;;;;;ja;
BB-0569;1554-12-19;;Melchior Huebmer;melchior_huebmer;Gürtler;;Metall & Waffen;;;;Erstmalig vorstellig am 5. Januar 1554.;;; Den 19. Decembris anno etc. im 54isten haben hernachgeschribme Burger vor der erwellung den aydt gethan.;ja;
BB-0570;1554-12-19;;Pangraz Fischer;pangraz_fischer;;;;;;;Erstmalig vorstellig am 16. März 1554.;;;;;
BB-0571;1554-12-19;;Frannz Olbm;franz_olbm;Müller;;Lebensmittelhandwerk;;;;Erstmalig vorstellig am 13. April 1554.;;;;ja;
BB-0572;1554-12-19;;Michael Rhody;michael_rody;Tischler;;Holz, Bau & Stein;;;;Erstmalig vorstellig am 8. Mai 1554 unter Michael Rody.;;;;ja;"personen_id vereinheitlicht (vorher michael_rhody): ""Erstmalig vorstellig""-Datum verweist exakt auf BB-0560 (""Michael Rody"", Ähnlichkeit 0.96) - dieselbe Person."
BB-0573;1554-12-19;;Geörg Peß;georg_pess;Glaser;;Holz, Bau & Stein;;;;;;;;ja;
BB-0574;1554-12-19;;Lazarus Puchler;lazarus_puechler;;;;;;;Erstmalig vorstellig am 14. Dezember 1554.;;;;;"personen_id vereinheitlicht (vorher lazarus_puchler): ""Erstmalig vorstellig""-Datum verweist exakt auf BB-0566 (""Lazarus Püchler"", Ähnlichkeit 1.0) - dieselbe Person."
BB-0575;1554-12-19;;Lorennz Khister;lorenz_kisthner;Binder;;Holz, Bau & Stein;;;;Erstmalig vorstellig am 14. Dezember 1554 unter Lorennz Khisthner.;;;;ja;"personen_id vereinheitlicht (vorher lorenz_kister): ""Erstmalig vorstellig""-Datum verweist exakt auf BB-0567 (""Lorennz Khisthner"", Ähnlichkeit 0.938) - dieselbe Person."
BB-0576;1554-12-19;;Hanns Khumiß;hans_kumiss;Buchbinder;;Sonstiges Handwerk;;;;Erstmalig vorstellig am 18. Dezember 1554.;;;;ja;
BB-0577;1554-12-19;;Leonhart Conz;leonhard_kunz;Bäcker;;Lebensmittelhandwerk;;;;Erstmalig vorstellig am 25. Mai 1554 unter Leonhart Khunz.;;;;ja;"personen_id vereinheitlicht (vorher leonhard_conz): ""Erstmalig vorstellig""-Datum verweist exakt auf BB-0561 (""Leonhart Khunz"", Ähnlichkeit 0.815) - dieselbe Person."
BB-0578;1554-12-19;;Hanns Pair;hans_bauer;Schneider;;Textil & Bekleidung;;;;;;;;ja;
BB-0579;1554-12-19;;Leonhart Stackh;leonhard_stack;Binder;;Holz, Bau & Stein;;;;;;;;ja;
BB-0580;1554-12-19;;Anndre Hofer;andreas_hofer;Schlosser;;Metall & Waffen;;;;;;;;ja;
BB-0581;1554-12-19;;Mert Taufkhircher;martin_taufkhircher;;;;Hanns Shwarz (Bäcker).;hans_shwarz;Bäcker;;;;;;
BB-0582;1554-12-19;;Blasy Schennfer;blasius_schennfer;Fischer;;Lebensmittelhandwerk;;;;;;;;ja;
BB-0583;1554-12-19;;Benedict Khuchler;benedikt_kuchler;Tischler;;Holz, Bau & Stein;;;;;;;;ja;
BB-0584;1554-12-19;;Lorennz Khraul;lorenz_kraul;Müller;;Lebensmittelhandwerk;;;;;;;;ja;
BB-0585;1554-12-19;;Cristoff Lanng;christoph_lanng;Kürschner;;Leder & Pelz;;;;Erstmalig vorstellig am 9. Februar 1554.;;;;ja;
BB-0586;1554-12-19;;Jacob Cornell;jakob_cornell;Schiffmann;;Transport & Wasserwesen;;;;;;;;ja;
BB-0587;1554-12-19;;Hanns Khochel;hans_kochel;Seiler;;Transport & Wasserwesen;;;;;;;;ja;
BB-0588;1554-12-19;;Wolfganng Vautler;wolfgang_vautler;Zimmermann;;Holz, Bau & Stein;;;;;;;;ja;
BB-0589;1554-12-19;;Hanns Stäckhel;hans_staeckel;Binder;;Holz, Bau & Stein;;;;;;;;ja;
BB-0590;1554-12-19;;Anndre Kholler;andreas_koller;Schiffmann;;Transport & Wasserwesen;;;;;;;;ja;
BB-0591;1554-12-19;;Cristoff Ernnst;christoph_ernnst;;;;;;;;;;;;
BB-0592;1554-12-19;;Anndre Wennger;andreas_wennger;Schiffmann;;Transport & Wasserwesen;;;;;;;;ja;
BB-0593;1554-12-19;;Steffan Stollz;stephan_stollz;;;;;;;;;;;;
BB-0594;1555-01-08;;Michael Khaiser;michael_kaiser;Hutmacher;;Textil & Bekleidung;Bartlme Prannthueber.;bartholomaeus_prannthueber;;;;;;ja;
BB-0595;1555-01-29;;Wilhalbm Petterstorffer;wilhelm_petterstorffer;;;;;;;;;;;;
BB-0596;1555-02-12;;Matheusen Pockhbader;matthaeus_pockbader;Schneider;;Textil & Bekleidung;Wolf Storer.;wolf_storer;;;;;;ja;
BB-0597;1555-03-08;;Thoman Pollreiter;thomas_pollreiter;Bogenbauer;;Metall & Waffen;;;;;;;;ja;
BB-0598;1555-03-29;;Georg Khopfauer;georg_kopfauer;Wagner;;Holz, Bau & Stein;;;;;;;;ja;
BB-0599;1555-04-05;;Benedict Khemer;benedikt_kemer;;;;Wolfganng Ziegler (Müller).;wolfgang_ziegler;Müller;;;;;;
BB-0600;1555-05-03;;Jacob Frollich;jakob_frollich;Bürstenbinder;;Sonstiges Handwerk;Hanns Agersch, Hanns Linndenschmiedt.;hans_agersch|hans_linndenschmiedt;;;;;;ja;
BB-0601;1555-06-14;;Wolfganngen Paur;wolfgang_bauer;Kammmacher;;Sonstiges Handwerk;Jacob Anndre, Jorg Rieder.;jakob_anndre|georg_rieder;;;;;;ja;
BB-0602;1555-06-21;;Hanns Turmair;hans_turmair;Bäcker;;Lebensmittelhandwerk;Sigmundt Gauz (Bürger zu Stein).;sigmund_gauz;;;;;;ja;
BB-0603;1555-06-28;;Valtin Germhan;valentin_germhan;Schlosser;;Metall & Waffen;Jacob Wallkhircher (Sporer), Hanns Dröscher.;jakob_wallkhircher|hans_droescher;Sporer|;;;;;ja;
BB-0604;1555-08-30;;Davidt Lorennz;david_lorennz;Drechsler;;Holz, Bau & Stein;Michael Sailler.;michael_seiler;;;;;;ja;
BB-0605;1555-08-30;;Gregor Moller;gregor_moller;Schuster;;Leder & Pelz;;;;;;;;ja;
BB-0606;1555-08-30;;Larennz Aichperger;laurenz_aichperger;Schneider;;Textil & Bekleidung;Wolf Gradt, Hanns Linndenschmidt.;wolf_gradt|hans_linndenschmidt;;;;;;ja;
BB-0607;1555-09-06;;Cristoff Räbl;christoph_raebl;Fleischhacker;;Lebensmittelhandwerk;;;;;;;;ja;
BB-0608;1555-11-19;;Michaelln Fellnkhessl;michael_fellnkhessl;Klampferer;;Metall & Waffen;Peter Spizl.;peter_spizl;;;;;;ja;
BB-0609;1555-12-22;;Michael Khaiser;michael_kaiser;Hutmacher;;Textil & Bekleidung;;;;Erstmalig vorstellig am 8. Januar 1555.;;;Montag den 22. Decembris anno etc. im 55isten haben hernachbenennte Burger vor der erwellung den aidt gethan.;ja;
BB-0610;1555-12-22;;Wolf Paur;wolf_bauer;Kammmacher;;Sonstiges Handwerk;;;;Erstmalig vorstellig am 14. Juni 1555 unter Wolfganngen Paur.;;;;ja;
BB-0611;1555-12-22;;Jörg Hopfauer;joerg_hopfauer;Wagner;;Holz, Bau & Stein;;;;;;;;ja;
BB-0612;1555-12-22;;Benedict Femer;benedikt_kemer;;;;;;;Erstmalig vorstellig am 5. April 1555.;;;;;"personen_id vereinheitlicht (vorher benedikt_femer): ""Erstmalig vorstellig""-Datum verweist exakt auf BB-0599 (""Benedict Khemer"", Ähnlichkeit 0.897) - dieselbe Person."
BB-0613;1555-12-22;;Joachim Frollich;joachim_frollich;Bürstenbinder;;Sonstiges Handwerk;;;;;;;;ja;
BB-0614;1555-12-22;;Valtin Hermhan;valentin_germhan;Schlosser;;Metall & Waffen;;;;Erstmalig vorstellig am 28. Juni 1555 unter Valtin Germhan für Stein.;;;;ja;"personen_id vereinheitlicht (vorher valentin_herman): ""Erstmalig vorstellig""-Datum verweist exakt auf BB-0603 (""Valtin Germhan"", Ähnlichkeit 0.929) - dieselbe Person."
BB-0615;1555-12-22;;Gregor Moller;gregor_moller;Schuster;;Leder & Pelz;;;;Erstmalig vorstellig am 3. Mai 1555.;;;;ja;
BB-0616;1555-12-22;;Lorennz Aichperger;laurenz_aichperger;Schneider;;Textil & Bekleidung;;;;Erstmalig vorstellig am 30. August 1555.;;;;ja;"personen_id vereinheitlicht (vorher lorenz_aichperger): ""Erstmalig vorstellig""-Datum verweist exakt auf BB-0606 (""Larennz Aichperger"", Ähnlichkeit 0.944) - dieselbe Person."
BB-0617;1555-12-22;;Cristoff Räbl;christoph_raebl;Fleischhacker;;Lebensmittelhandwerk;;;;Erstmalig vorstellig am 6. September 1555.;;;;ja;
BB-0618;1555-12-22;;Hanns Walch;hans_walch;Maurer;;Holz, Bau & Stein;;;;;;;;ja;
BB-0619;1555-12-22;;Georg Straub;georg_straub;;;;;;;;;;;;
BB-0620;1555-12-22;;Georg Trütkhl;georg_truetkhl;;;;;;;;;;;;
BB-0621;1555-12-22;;Caspar Gerinnger;kaspar_gerinnger;;;;;;;;;;;;
BB-0622;1555-12-22;;Anndre Pez;andreas_pez;Bäcker;;Lebensmittelhandwerk;;;;;;;;ja;
BB-0623;1555-12-22;;Leopoldt Mair;leopold_mayr;Kürschner;;Leder & Pelz;;;;;;;;ja;
BB-0624;1555-12-22;;Collman Fuhrman;koloman_fuhrmann;;;;;;;;;;;;
BB-0625;1555-12-22;;Paull Aigner;paul_aigner;Fuhrmann;;Transport & Wasserwesen;;;;Erstmalig vorstellig am 15. September 1553 und am 15. Dezember 1553.;;;;ja;
BB-0626;1555-12-22;;Wolfganng Grabner;wolf_grabner;Bäcker;;Lebensmittelhandwerk;;;;Erstmalig vorstellig am 17. Februar 1553 und am 28. April 1553.;;;;ja;"personen_id vereinheitlicht (vorher wolfgang_grabner): ""Erstmalig vorstellig""-Datum verweist exakt auf BB-0491 (""Wolf Grabner"", Ähnlichkeit 0.828) - dieselbe Person."
BB-0627;1555-12-22;;Mare Stainer;mare_stainer;Fuhrmann;;Transport & Wasserwesen;;;;;;;;ja;
BB-0628;1555-12-22;;Georg Haider;georg_haider;Schuster;;Leder & Pelz;;;;;;;;ja;
BB-0629;1555-12-22;;Hanns Puechleutner;hans_puechleutner;Hauer;;Landwirtschaft & Weinbau;;;;;;;;ja;
BB-0630;1555-12-22;;Georg Plaß;georg_plass;Glaser;;Holz, Bau & Stein;;;;;;;;ja;
BB-0631;1555-12-22;;Matheus Poxeder;matthaeus_poxeder;Schneider;;Textil & Bekleidung;;;;Erstmalig vorstellig am 12. Februar 1555 unter Matheusen Pockhbader.;;;;ja;
BB-0632;1555-12-22;;Thoman Pollreiter;thomas_pollreiter;Bogenbauer;;Metall & Waffen;;;;Erstmalig vorstellig am 8. März 1555.;;;;ja;
BB-0633;1555-12-22;;Hanns Turmair;hans_turmair;Bäcker;;Lebensmittelhandwerk;;;;Erstmalig vorstellig am 21. Juni 1555.;;;;ja;
BB-0634;1555-12-22;;Davidt Lorennz;david_lorennz;Drechsler;;Holz, Bau & Stein;;;;Erstmalig vorstellig am 30. August 1555.;;;;ja;
BB-0635;1555-12-22;;Michael Fellnkhössl;michael_fellnkhessl;Klampferer;;Metall & Waffen;;;;Erstmalig vorstellig am 19. November 1555 unter Michaelln Fellnkhessl.;;;;ja;
BB-0636;1555-12-22;;Hanns Reyter;hans_reyter;;;;;;;;;;;;
BB-0637;1555-12-22;;Cristoff Zoller;christoph_zoller;Hofmeister;;Verwaltung, Recht & Bildung;;;;;;;;ja;
BB-0638;1555-12-22;;Thoman Auschofer;thomas_auschofer;;;;;;;;;;;;
BB-0639;1555-12-22;;Matheus Sulzpeckh;matthaeus_sulzpeck;;;;;;;;;;;;
BB-0640;1555-12-22;;Paull Starzen;paul_starzen;Fleischhacker;;Lebensmittelhandwerk;;;;;;;;ja;
BB-0641;1555-12-22;;Michel Behaim;michael_behaim;;;;;;;;;;;;
BB-0642;1555-12-22;;Georg Wagerer;georg_wagerer;;;;;;;[der Hannsin man];;;;;
BB-0643;1555-12-22;;Hanns Abeller;hans_abeller;Uhrmacher;;Metall & Waffen;;;;;;;;ja;
BB-0644;1555-12-22;;Sixt Leim Weinmar;sixt_leim_weinmar;;;;;;;;;;;;
BB-0645;1555-12-22;;Wunderlich;wunderlich;;;;;;;;;;;;
BB-0646;1555-12-22;;Reischl;reichl;;;;;;;;;;;;
BB-0647;1555-12-22;;Stacherl;stacherl;;;;;;;;;;;;
BB-0648;1555-12-22;;Mort Steckmair;mort_steckmair;;;;;;;;;;;;
BB-0649;1555-12-22;;Jacob Khochl;jakob_kochel;Seiler;;Transport & Wasserwesen;;;;;;;;ja;
BB-0650;1555-12-22;;Dionisy Seiboldt;dionysius_seiboldt;Kramer;;Handel;;;;;;;;ja;
BB-0651;1555-12-22;;Caspar Scheichl;kaspar_scheichl;Binder;;Holz, Bau & Stein;;;;;;;;ja;
BB-0652;1556-01-31;;Hanns Khunis;hans_kunis;Buchführer;;Handel;Jacob Sporer.;jakob_sporer;;;;;;nein;"Zuordnung zu Wirtschaftssektor unsicher: Bedeutung/Zuordnung des Berufs ""Buchführer"" nicht eindeutig klärbar."
BB-0653;1556-01-31;;Jacob Rainpeckh;jakob_rainpeck;Bäcker;;Lebensmittelhandwerk;;;;;;;;ja;
BB-0654;1556-02-14;;Michaelln Sohern;michael_sohern;;;;Seiz Mosser, Hanns Riemer.;seiz_mosser|hans_riemer;;;;;;;
BB-0655;1556-02-28;;Hanns Pranntstetter;hans_pranntstetter;Binder;;Holz, Bau & Stein;;;;;;;;ja;
BB-0656;1556-03-10;;Steffan Schneider;stephan_schneider;Sieber;;Sonstiges Handwerk;;;;;;;;ja;
BB-0657;1556-04-17;;Wolfganng Khlampfl;wolfgang_klampfl;Schlosser;;Metall & Waffen;;;;;;;;ja;
BB-0658;1556-06-05;;Wolfganngen Khlämpfl;wolfgang_klampfl;Schlosser;;Metall & Waffen;Jacob Anndre (Schuster) (Bürger zu Krems), Hannß Drescher (Zinngießer).;jakob_anndre|hans_drescher;Schuster|Zinngießer;Erstmalig vorstellig am 17. April 1556 unter Wolfganng Khlampfl.;;;;ja;
BB-0659;1556-06-05;;Eustachien Laimgruebers;eustachius_laimgrueber;Handschuhmacher;;Leder & Pelz;Rueprecht Seiz, Matheus Nadler.;ruprecht_seiz|matthaeus_nadler;;;;;;ja;
BB-0660;1556-06-05;;Paulln Mülbachers;paul_muelbacher;Zimmermann;;Holz, Bau & Stein;;;;;;;;ja;
BB-0661;1556-06-12;;Ambrosy Winnckhler;ambrosius_winckler;;;;;;;;;;;;
BB-0662;1556-07-03;;Gilg Eder;aegidius_eder;Branntweinhändler;;Gastgewerbe & Getraenke;;;;;;;;ja;
BB-0663;1556-07-10;;Paullus Mülbacher;paul_muelbacher;Zimmermann;;Holz, Bau & Stein;Steffan Pranntmair (Kürschner).;stephan_pranntmair;Kürschner;Erstmalig vorstellig am 5. Juni 1556.;;;;ja;
BB-0664;1556-07-21;;Urban Khaltnegger;urban_kaltnegger;;;;;;;;;;;;
BB-0665;1556-07-21;;Georg Perg;georg_perg;Barbier;;Gesundheit;Jacob Sackhl.;jakob_sackl;;;;;;ja;
BB-0666;1556-08-07;;Dionisi Puerer;dionysius_puerer;Bäcker;;Lebensmittelhandwerk;;;;;;;;ja;
BB-0667;1556-08-07;;Hannsen Widenman;hans_widenman;Barchentweber;;Textil & Bekleidung;;;;;;;;ja;
BB-0668;1556-11-06;;Cristoff Fölsz;christoph_foelss;;;;;;;;;;;;
BB-0669;1556-11-20;;Hanns Widenman;hans_widenman;Barchentweber;;Textil & Bekleidung;Hanns Mersch (Schneider), Leonnhart Grieß (Müller).;hans_mersch|leonnhart_griess;Schneider|Müller;Erstmalig vorstellig am 7. August 1556.;;;;ja;
BB-0670;1556-11-20;;Hainrich Khrauß;heinrich_krauss;Hutmacher;;Textil & Bekleidung;Jacob Anndre.;jakob_anndre;;;;;;ja;
BB-0671;1556-12-04;;Annthoni Khärl;anton_kaerl;Tischler;;Holz, Bau & Stein;Cristoff Ruodsperger.;christoph_ruodsperger;;;;;;ja;
BB-0672;1556-12-04;;Blasy Freiwalt;blasius_freiwalt;Weißgerber;;Leder & Pelz;Bartlme Liechtenauer.;bartholomaeus_liechtenauer;;;;;;ja;
BB-0673;1556-12-22;;Hanns Pranntstetter;hans_pranntstetter;Binder;;Holz, Bau & Stein;;;;Erstmalig vorstellig am 28. Februar 1556.;;;Hernachbeschribme burger haben den 22. Decembris anno etc. im 56isten vor erwellung den aidt gethan.;ja;
BB-0674;1556-12-22;;Steffan Schneider;stephan_schneider;Sieber;;Sonstiges Handwerk;;;;Erstmalig vorstellig am 10. März 1556.;;;;ja;
BB-0675;1556-12-22;;Wolfganng Khlampfl;wolfgang_klampfl;Schlosser;;Metall & Waffen;;;;Erstmalig vorstellig am 17. April 1556 und am 5. Juni 1556.;;;;ja;
BB-0676;1556-12-22;;Eustachius Laimgrueber;eustachius_laimgrueber;;;;;;;Erstmalig vorstellig am 5. Juni 1556.;;;;;
BB-0677;1556-12-22;;Ambrosy Winnckhler;ambrosius_winckler;;;;;;;Erstmalig vorstellig am 12. Juni 1556.;;;;;
BB-0678;1556-12-22;;Gilg Eder;aegidius_eder;Branntweinhändler;;Gastgewerbe & Getraenke;;;;Erstmalig vorstellig am 3. Juli 1556.;;;;ja;
BB-0679;1556-12-22;;Georg Perger;georg_perg;Barbier;;Gesundheit;;;;Erstmalig vorstellig am 21. Juli 1556.;;;;ja;"personen_id vereinheitlicht (vorher georg_perger): ""Erstmalig vorstellig""-Datum verweist exakt auf BB-0665 (""Georg Perg"", Ähnlichkeit 0.909) - dieselbe Person."
BB-0680;1556-12-22;;Hanns Widenman;hans_widenman;Barchentweber;;Textil & Bekleidung;;;;Erstmalig vorstellig am 7. August 1556 und am 20. November 1556.;;;;ja;
BB-0681;1556-12-22;;Annthoni Kharl;anton_kaerl;Tischler;;Holz, Bau & Stein;;;;Erstmalig vorstellig am 4. Dezember 1556.;;;;ja;"personen_id vereinheitlicht (vorher anton_karl): ""Erstmalig vorstellig""-Datum verweist exakt auf BB-0671 (""Annthoni Khärl"", Ähnlichkeit 1.0) - dieselbe Person."
BB-0682;1556-12-22;;Blasy Freiwaldt;blasius_freiwalt;Weißgerber;;Leder & Pelz;;;;Erstmalig vorstellig am 4. Dezember 1556.;;;;ja;"personen_id vereinheitlicht (vorher blasius_freiwaldt): ""Erstmalig vorstellig""-Datum verweist exakt auf BB-0672 (""Blasy Freiwalt"", Ähnlichkeit 0.966) - dieselbe Person."
BB-0683;1556-12-22;;Adam Handl;adam_handl;;;;;;;;;;;;
BB-0684;1556-12-22;;Caspar Gerinnger;kaspar_gerinnger;;;;;;;Erstmalig vorstellig am 22. Dezember 1555.;;;;;
BB-0685;1556-12-22;;Leonhart Punngartner;leonhard_punngartner;Lebzelter;;Lebensmittelhandwerk;;;;;;;;ja;
BB-0686;1556-12-22;;Jaseph Grafenpeckh;joseph_grafenpeck;Hauer;;Landwirtschaft & Weinbau;;;;;;;;ja;
BB-0687;1556-12-22;;Ulrich Khneissl;ulrich_kneissl;;;;;;;;;;;;
BB-0688;1556-12-22;;Conradt Khrauß;konrad_krauss;;;;;;;;;;;;
BB-0689;1556-12-22;;Cristoff Walkhircher;christoph_walkhircher;Binder;;Holz, Bau & Stein;;;;;;;;ja;
BB-0690;1556-12-22;;Georg Roß;georg_ross;Glaser;;Holz, Bau & Stein;;;;;;;;ja;
BB-0691;1556-12-22;;Lorennz Bischof;lorenz_bischof;Schlosser;;Metall & Waffen;;;;;;;;ja;
BB-0692;1557-01-08;;Hanns Unfridt;hans_unfridt;Binder;;Holz, Bau & Stein;Michael Khlerpaumb (Bürger zu Krems), N. Khreuß (Binder) (Bürger zu Krems).;michael_klerbaum|n_krauss;|Binder;;;;;ja;
BB-0693;1557-01-26;;Georg Lannckhmair;georg_lannckmair;Hafner;;Holz, Bau & Stein;;;;;;;;ja;
BB-0694;1557-02-05;;Joseph Khrumpolz;joseph_krumpolz;Binder;;Holz, Bau & Stein;;;;;;;;ja;
BB-0695;1557-02-12;;Larenntz Frollich;laurenz_frollich;;;;;;;;;;;;
BB-0696;1557-03-05;;Georg Voller;georg_voller;;;;;;;;;;;;
BB-0697;1557-03-05;;Hanns Pürckhl;hans_puerckl_2;;;;;;;;;;;;
BB-0698;1557-03-26;;Paulln Otto;paul_otta;;;;;;;;;;;;
BB-0699;1557-04-05;;Geörgen Geir;georg_geyr;;;;;;;Khallingers furschrifft.;;;;;
BB-0700;1557-04-30;;Merth Neuber;martin_neuber;Bildschnitzer;;Kunst, Musik & Unterhaltung;;;;;;;;ja;
BB-0701;1557-06-04;;Matheus Düerstperger;matthaeus_dueerstperger;;;;Hanns Freithafer.;hans_freithafer;;;;;;;
BB-0702;1557-07-16;;Michael Sacherl;michael_sacherl;Sporer;;Metall & Waffen;Hanns Holzinger, Cristoff Lanng.;hans_holzinger|christoph_lanng;;;;;;ja;
BB-0703;1557-07-16;;Hanns Tham;hans_thamb;Goldschmied;;Metall & Waffen;;;;;;;;ja;
BB-0704;1557-08-13;;Sebastian Resch;sebastian_resch;;;;;;;;;;;;
BB-0705;1557-08-13;;Hanns Grundtner;hans_grundtner;;;;Lasarus Püchler.;lasarus_puechler;;;;;;;
BB-0706;1557-09-24;;Jacob Merz;jakob_merz;;;;;;;;;;;;
BB-0707;1557-12-07;;Hanns Stachl;hans_stachl;Schneider;;Textil & Bekleidung;Caspar Schweickhl, Hanns Freisinger.;kaspar_schweickl|hans_freisinger;;;;;;ja;
BB-0708;1557-12-07;;Georg Regauer;georg_regauer;;;;Urban Khaltenegger (Bürger zu Stein).;urban_kaltenegger;;;;;;;
BB-0709;1557-12-14;;Steffan Rot;stephan_rot;Weber;;Textil & Bekleidung;Michael Khlerpaumb (Seiler), Hanns Starckhl (Binder) (Bürger zu Stein).;michael_klerbaum|hans_starckl;Seiler|Binder;;;;;ja;
BB-0710;1557-12-14;;Paull Otta;paul_otta;;;;;;;Erstmalig vorstellig am 26. März 1557.;;;;;
BB-0711;1557-12-18;;Hanns Unfridt;hans_unfridt;Binder;;Holz, Bau & Stein;;;;Erstmalig vorstellig am 8. Januar 1557.;;;Hernachbenennte burger haben den 18. Decembris anno etc. im 57. vor erwellung den aidt gethan.;ja;
BB-0712;1557-12-18;;Georg Lannckhmair;georg_lannckmair;Hafner;;Holz, Bau & Stein;;;;Zuvor Bürger zu Stein geworden. | Erstmalig vorstellig am 26. Januar 1557.;;;;ja;
BB-0713;1557-12-18;;Lorennz Fröllich;laurenz_frollich;;;;;;;Erstmalig vorstellig am 12. Februar 1557.;;;;;"personen_id vereinheitlicht (vorher lorenz_frollich): ""Erstmalig vorstellig""-Datum verweist exakt auf BB-0695 (""Larenntz Frollich"", Ähnlichkeit 0.909) - dieselbe Person."
BB-0714;1557-12-18;;Merth Neuber;martin_neuber;Bildschnitzer;;Kunst, Musik & Unterhaltung;;;;Erstmalig vorstellig am 30. April 1557.;;;;ja;
BB-0715;1557-12-18;;Matheus Tierstperger;matthaeus_dueerstperger;;;;;;;Erstmalig vorstellig am 4. Juni 1557 unter Matheus Düerstperger.;;;;;"personen_id vereinheitlicht (vorher matthaeus_tierstperger): ""Erstmalig vorstellig""-Datum verweist exakt auf BB-0701 (""Matheus Düerstperger"", Ähnlichkeit 0.9) - dieselbe Person."
BB-0716;1557-12-18;;Jacob Merz;jakob_merz;;;;;;;Erstmalig vorstellig am 24. September 1557.;;;;;
BB-0717;1557-12-18;;Sebastian Resch;sebastian_resch;;;;;;;Erstmalig vorstellig am 13. August 1557.;;;;;
BB-0718;1557-12-18;;Matheus Khuerz;matthaeus_kuerz;Radschmied;;Metall & Waffen;;;;;;;;ja;
BB-0719;1557-12-18;;Sebastian Munstrer;sebastian_munstrer;Plattner;;Metall & Waffen;;;;;;;;ja;
BB-0720;1557-12-18;;Caspar Groset;kaspar_groset;Hauer;;Landwirtschaft & Weinbau;;;;;;;;ja;
BB-0721;1557-12-18;;Wastl Paur;sebastian_bauer;Fuhrmann;;Transport & Wasserwesen;;;;;;;;ja;
BB-0722;1557-12-18;;Caspar Geringer;kaspar_gerinnger;;;;;;;Erstmalig vorstellig am 22. Dezember 1555 und am 22. Dezember 1556.;;;;;"personen_id vereinheitlicht (vorher kaspar_geringer): ""Erstmalig vorstellig""-Datum verweist exakt auf BB-0621 (""Caspar Gerinnger"", Ähnlichkeit 0.968) - dieselbe Person."
BB-0723;1557-12-18;;Hanns Burger;hans_burger_bb1557;;;;;;;;;;;;
BB-0724;1557-12-18;;Hanns Harbacher;hans_harbacher;Fasszieher;;Holz, Bau & Stein;;;;;;;;ja;
BB-0725;1557-12-18;;Sigmunndt Pannzer;sigmund_pannzer;Lederer;;Leder & Pelz;;;;;;;;ja;
BB-0726;1557-12-18;;Ludwig Reisacher;ludwig_reisacher;Drechsler;;Holz, Bau & Stein;;;;;;;;ja;
BB-0727;1557-12-18;;Paul Otta;paul_otta;;;;;;;Erstmalig vorstellig am 26. März 1557 und am 14. Dezember 1557.;;;;;
BB-0728;1557-12-18;;Hanns Thamb;hans_thamb;Goldschmied;;Metall & Waffen;;;;Erstmalig vorstellig am 16. Juli 1557.;;;;ja;
BB-0729;1557-12-18;;Hanns Stachl;hans_stachl;Schneider;;Textil & Bekleidung;;;;Erstmalig vorstellig am 7. Dezember 1557.;;;;ja;
BB-0730;1557-12-18;;Geörg Regauer;georg_regauer;;;;;;;Erstmalig vorstellig am 7. Dezember 1557.;;;;;
BB-0731;1557-12-18;;Hanns Puerckhl;hans_puerckl_2;;;;;;;Erstmalig vorstellig am 5. März 1557.;;;;;"personen_id vereinheitlicht (vorher hans_puerckl): ""Erstmalig vorstellig""-Datum verweist exakt auf BB-0697 (""Hanns Pürckhl"", Ähnlichkeit 0.963) - dieselbe Person."
BB-0732;1557-12-18;;Geörg Geyr;georg_geyr;;;;;;;Erstmalig vorstellig am 5. April 1557.;;;;;
BB-0733;1557-12-18;;Augustin Raidl;augustin_raidl;Tischler;;Holz, Bau & Stein;;;;;;;;ja;
BB-0734;1557-12-18;;Leonhart Sintenpeckh;leonhard_sintenpeck;Binder;;Holz, Bau & Stein;;;;;;;;ja;
BB-0735;1557-12-18;;Florian Widner;florian_widner;Seiler;;Transport & Wasserwesen;;;;;;;;ja;
BB-0736;1557-12-18;;Leonhart Khampl;leonhard_kampl;Uhrmacher;;Metall & Waffen;;;;;;;;ja;
BB-0737;1557-12-18;;Hanns Wagner;hans_wagner;Hauer;;Landwirtschaft & Weinbau;;;;;;;;ja;
BB-0738;1557-12-18;;Peter Meiringer;peter_meiringer;Büchsenschäfter;;Metall & Waffen;;;;;;;;ja;
BB-0739;1557-12-18;;Joseph Khrumpalz;joseph_krumpalz;Binder;;Holz, Bau & Stein;;;;;;;;ja;
BB-0740;1557-12-18;;Leonhart Hardegger;leonhard_hardegger;Binder;;Holz, Bau & Stein;;;;;;;;ja;
BB-0741;1557-12-18;;Adam Händl;adam_haendl;;;;;;;;;;;;
BB-0742;1557-12-18;;Paull Otta;paul_otta;;;;;;;;;;;;
BB-0743;1558-01-21;;Wölfl Edmair;woelfl_edmair;;;;;;;;;;;;
BB-0744;1558-03-11;;Hanns Härpl;hans_haerpl;Bäcker;;Lebensmittelhandwerk;;;;;;;;ja;
BB-0745;1558-03-11;;Leonharten Eder;leonharten_eder;Bäckerknecht;;Lebensmittelhandwerk;;;;;;;;ja;
BB-0746;1558-03-28;;Utz Forsster;utz_forsster;Seiler, Schiffmann;;Transport & Wasserwesen;Michael Khegl, Hanns Drescher.;michael_kegl|hans_drescher;;;;;;ja;
BB-0747;1558-05-20;;Geörg Khaller;georg_kaller;Fischer;;Lebensmittelhandwerk;Prannthueber.;prannthueber;;;;;;ja;
BB-0748;1558-06-03;;Thobias Schwarzenperger;tobias_schwarzenperger;;;;Wolfganng Schaisdorffer (Schmied) (Bürger zu Stein).;wolfgang_schaisdorffer;Schmied;;;;;;
BB-0749;1558-06-17;;Michael Pruggmair;michael_pruggmair;Kupferschmied;;Metall & Waffen;Hanns Gmundtner (Bürger zu Krems), Wolfganng Khaupl (Schmied) (Bürger zu Krems).;hans_gmundtner|wolfgang_kaupl;|Schmied;;;;;ja;
BB-0750;1558-06-17;;Hanns Pranntlsperger;hans_pranntlsperger;Müller;;Lebensmittelhandwerk;;;;;;;;ja;
BB-0751;1558-08-02;;Cristoffen Pöringer;christoph_poeringer;;;;;;;;;;;;
BB-0752;1558-08-12;;Cristoff Bernkhast;christoph_bernkhast;Goldschmied;;Metall & Waffen;Hanns Rath, Caspar Geringer.;hans_rath|kaspar_gerinnger;;;;;;ja;
BB-0753;1558-11-04;;Gilg Weinperger;aegidius_weinperger;Bäcker;;Lebensmittelhandwerk;Dionisy Rüerer (Bürger zu Stein), Wolfganng Grabmer (Bäcker) (Bürger zu Krems).;dionisy_rueerer|wolf_grabner;|Bäcker;;;;;ja;
BB-0754;1558-11-17;;Georg Lechner;georg_lechner;Schneider;;Textil & Bekleidung;Barthlm Prannthueber.;barthlm_prannthueber;;;;;;ja;
BB-0755;1558-11-18;;Jacob Feiell;jakob_feiell;Wagner;;Holz, Bau & Stein;;;;;;;;ja;
BB-0756;1558-12-02;;Petter Pruner;peter_brunner;Hauer;;Landwirtschaft & Weinbau;;;;;;;;ja;
BB-0757;1558-12-02;;Fabian Bair;fabian_bayr;Schlosser;;Metall & Waffen;Hanns Dröscher, Georg Zeitler (Riemer).;hans_droescher|georg_zeitler;|Riemer;;;;;ja;
BB-0758;1558-12-17;;Cristoff Pernkhasst;christoph_bernkhast;Goldschmied;;Metall & Waffen;;;;Erstmalig vorstellig am 12. August 1558.;;;Hernachbenennte burger haben den 17. tag Decembris A. im 58isten vor erwellung den aidt gethan.;ja;"personen_id vereinheitlicht (vorher christoph_pernkhasst): ""Erstmalig vorstellig""-Datum verweist exakt auf BB-0752 (""Cristoff Bernkhast"", Ähnlichkeit 0.919) - dieselbe Person."
BB-0759;1558-12-17;;Blasy Stainer;blasius_stainer;Hauer;;Landwirtschaft & Weinbau;;;;;;;;ja;
BB-0760;1558-12-17;;Thoman Hartmeyer;thomas_hartmeyer;;;;;;;;;;;;
BB-0761;1558-12-17;;Wolfganng Etmair;wolfgang_edmair;;;;;;;;;;;;
BB-0762;1558-12-17;;Larennz Ferber;laurenz_ferber;;;;;;;;;;;;
BB-0763;1558-12-17;;Fabian Bayr;fabian_bayr;Sporer;;Metall & Waffen;;;;;;;;ja;
BB-0764;1558-12-17;;Petter Pruner;peter_brunner;Hauer;;Landwirtschaft & Weinbau;;;;Erstmalig vorstellig am 2. Dezember 1558.;;;;ja;
BB-0765;1558-12-17;;Hanns Harpl;hans_haerpl;Bäcker;;Lebensmittelhandwerk;;;;Erstmalig vorstellig am 11. März 1558.;;;;ja;"personen_id vereinheitlicht (vorher hans_harpl): ""Erstmalig vorstellig""-Datum verweist exakt auf BB-0744 (""Hanns Härpl"", Ähnlichkeit 1.0) - dieselbe Person."
BB-0766;1558-12-17;;Asm Lip;erasmus_lip;Hauer;;Landwirtschaft & Weinbau;;;;;;;;ja;
BB-0767;1558-12-17;;Cristoff Ernnsthouer;christoph_ernnsthouer;;;;;;;;;;;;
BB-0768;1558-12-17;;Jacob Feigell;jakob_feiell;Wagner;;Holz, Bau & Stein;;;;Erstmalig vorstellig am 18. November 1558.;;;;ja;"personen_id vereinheitlicht (vorher jakob_feigel): ""Erstmalig vorstellig""-Datum verweist exakt auf BB-0755 (""Jacob Feiell"", Ähnlichkeit 0.96) - dieselbe Person."
BB-0769;1558-12-17;;Jacob Moser;jakob_moser;Lebzelter;;Lebensmittelhandwerk;;;;;;;;ja;
BB-0770;1558-12-17;;Georg Lechner;georg_lechner;Schneider;;Textil & Bekleidung;;;;Erstmalig vorstellig am 17. November 1558.;;;;ja;
BB-0771;1558-12-17;;Merth Gegenpaur;martin_gegenpaur;Lederer;;Leder & Pelz;;;;;;;;ja;
BB-0772;1558-12-17;;Michl Pruckhmair;michael_bruckmair;Kupferschmied;;Metall & Waffen;;;;Erstmalig vorstellig am 17. Juni 1558 unter Michael Pruggmair.;;;;ja;
BB-0773;1558-12-17;;Anndre Khunig;andreas_kunig;Lederer;;Leder & Pelz;;;;;;;;ja;
BB-0774;1558-12-17;;Merth Petschl;martin_petschl;Nagelschmied;;Metall & Waffen;;;;;;;;ja;
BB-0775;1558-12-17;;Erhart Feringer;erhart_feringer;;;;;;;;;;;;
BB-0776;1558-12-17;;Sillvester Seckher;silvester_secker;Bader;;Gesundheit;;;;;;;;ja;
BB-0777;1558-12-17;;Georg Gettinger;georg_gettinger;Hauer;;Landwirtschaft & Weinbau;;;;;;;;ja;
BB-0778;1558-12-17;;Thobiaß Schwarzenperger;tobias_schwarzenperger;;;;;;;Erstmalig vorstellig am 3. Juni 1558.;;;;;
BB-0779;1558-12-17;;Hanns Letmair;hans_letmair;Binder;;Holz, Bau & Stein;;;;;;;;ja;
BB-0780;1558-12-17;;Cristoff Rath;christoph_rath;Weber;;Textil & Bekleidung;;;;;;;;ja;
BB-0781;1558-12-17;;Erhart Schrat;erhart_schrat;Schuster;;Leder & Pelz;;;;;;;;ja;
BB-0782;1558-12-17;;Matheus Sulzpeckh;matthaeus_sulzpeck;Schiffmann;;Transport & Wasserwesen;;;;;;;;ja;
BB-0783;1559-03-17;;Barthlme Suetz;bartholomaeus_suetz;;;;;;;;;;;;
BB-0784;1559-03-17;;Georg Rambler;georg_rambler;;;;;;;;;;;;
BB-0785;1559-03-17;;Georg Pusler;georg_pusler;;;;;;;;;;;;
BB-0786;1559-06-09;;Georg Gmeinrath;georg_gmeinrath;Hutmacher;;Textil & Bekleidung;Wolfganng Kämpl, Wolfganng Thuermer (Schuster).;wolfgang_kaempl|wolfgang_thuermer;|Schuster;;;;;ja;
BB-0787;1559-06-30;;Steffan Tallinger;stephan_tallinger;;;;;;;;;;;;
BB-0788;1559-08-04;;Georg Khagerer;georg_kagerer;;;;;;;;;;;;
BB-0789;1559-08-25;;Thoman Seyr;thomas_seyr;Fragner;;Handel;Gilg Pleß (Messerschmied), Hanns Painstadl (Färber).;aegidius_pless|hans_painstadl;Messerschmied|Färber;;;;;ja;
BB-0790;1559-08-29;;Michel Poiger;michael_poiger;Tischler;;Holz, Bau & Stein;Hanns Ernnsthofer (Drechsler), Anthoni Carl (Tischler).;hans_ernnsthofer|anthoni_karl;Drechsler|Tischler;;;;;ja;
BB-0791;1559-09-15;;Thoman Oswaldt;thomas_oswaldt;Riemer;;Leder & Pelz;Hanns Holzinger (Riemer), Sigmundt Schachner (Sattler).;hans_holzinger|sigmund_schachner;Riemer|Sattler;;;;;ja;
BB-0792;1559-09-15;;Wenndl Hartschmidt;wendelin_hartschmidt;Nadler;;Metall & Waffen;Hanns Stainer (Hafner), Wolfganng Thuerner (Schuster).;hans_stainer|wolfgang_thuerner;Hafner|Schuster;;;;;ja;
BB-0793;1559-09-15;;Michael Poiger;michael_poiger;Tischler;;Holz, Bau & Stein;;;;;;;;ja;
BB-0794;1559-11-10;;Leonhart Werschhauser;leonhard_werschhauser;;;;Leonhart Caß (Schneider) (Bürger zu Krems), Hanns Vorsster (Schneider) (Bürger zu Krems).;leonhard_cass|hans_vorsster;Schneider|Schneider;;;;;;
BB-0795;1559-11-24;;Blasy Dienwäri;blasius_dienwaeri;;;;;;;;;;;;
BB-0796;1559-12-08;;Hanns Enndres;hans_enndres;Kammmacher;;Sonstiges Handwerk;Hanns Merch (Schneider), Matheus Khurz (Radschmied).;hans_merch|matthaeus_kurz;Schneider|Radschmied;;;;;ja;
BB-0797;1559-12-13;;Sigmundt Eberwein;sigmund_eberwein;;;;;;;;;;;;
BB-0798;1559-12-13;;Wilhalbmen Albrechten;wilhelm_albrechten;;;;;;;;;;;;
BB-0799;1559-12-15;;Cristoff Auer;christoph_auer;;;;Gilg Vischer, Peter Prunner.;aegidius_fischer|peter_brunner;;;;;;;
BB-0800;1559-12-15;;Benedict Mairhofer;benedikt_mairhofer;;;;;;;;;;;;
BB-0801;1559-12-19;;Georg Rambler;georg_rambler;;;;;;;Erstmalig vorstellig am 17. März 1559.;;;Hernachbenennte burger haben den 19ten Decembris anno etc. 59isten vor erwellung den aidt gethan.;;
BB-0802;1559-12-19;;Georg Pusler;georg_pusler;;;;;;;Erstmalig vorstellig am 17. März 1559.;;;;;
BB-0803;1559-12-19;;Leonhart Pirchinger;leonhard_pirchinger;Zimmermann;;Holz, Bau & Stein;;;;;;;;ja;
BB-0804;1559-12-19;;Georg Gmainrath;georg_gmeinrath;Hutmacher;;Textil & Bekleidung;;;;Erstmalig vorstellig am 9. Juni 1559.;;;;ja;"personen_id vereinheitlicht (vorher georg_gmainrath): ""Erstmalig vorstellig""-Datum verweist exakt auf BB-0786 (""Georg Gmeinrath"", Ähnlichkeit 0.933) - dieselbe Person."
BB-0805;1559-12-19;;Steffan Tallinger;stephan_tallinger;;;;;;;Erstmalig vorstellig am 30. Juni 1559.;;;;;
BB-0806;1559-12-19;;Thoman Oßwalt;thomas_oswaldt;Riemer;;Leder & Pelz;;;;Erstmalig vorstellig am 15. September 1559.;;;;ja;"personen_id vereinheitlicht (vorher thomas_osswalt): ""Erstmalig vorstellig""-Datum verweist exakt auf BB-0791 (""Thoman Oswaldt"", Ähnlichkeit 0.963) - dieselbe Person."
BB-0807;1559-12-19;;Thoman Seyr;thomas_seyr;Fragner;;Handel;;;;Erstmalig vorstellig am 25. August 1559.;;;;ja;
BB-0808;1559-12-19;;Michl Perger;michael_poiger;Tischler;;Holz, Bau & Stein;;;;Erstmalig vorstellig am 29. August 1559 unter Michel Poiger.;;;;ja;"personen_id vereinheitlicht (vorher michael_perger): ""Erstmalig vorstellig""-Datum verweist exakt auf BB-0790 (""Michel Poiger"", Ähnlichkeit 0.8) - dieselbe Person."
BB-0809;1559-12-19;;Wenndl Hartschmidt;wendelin_hartschmidt;Nadler;;Metall & Waffen;;;;Erstmalig vorstellig am 15. September 1559.;;;;ja;
BB-0810;1559-12-19;;Hanns Enndras;hans_enndres;Kammmacher;;Sonstiges Handwerk;;;;Erstmalig vorstellig am 8. Dezember 1559.;;;;ja;"personen_id vereinheitlicht (vorher hans_enndras): ""Erstmalig vorstellig""-Datum verweist exakt auf BB-0796 (""Hanns Enndres"", Ähnlichkeit 0.923) - dieselbe Person."
BB-0811;1559-12-19;;Cristoff Auer;christoph_auer;;;;;;;Erstmalig vorstellig am 15. Dezember 1559.;;;;;
BB-0812;1559-12-19;;Benedict Mairhofer;benedikt_mairhofer;;;;;;;Erstmalig vorstellig am 15. Dezember 1559.;;;;;
BB-0813;1559-12-19;;Thoman Lerchenfellder;thomas_lerchenfellder;;;;;;;;;;;;
BB-0814;1559-12-19;;Hanns Teichtner;hans_teichtner;Schmied;;Metall & Waffen;;;;;;;;ja;
BB-0815;1559-12-19;;Leopoldt Thanner;leopold_thanner;;;;;;;;;;;;
BB-0816;1559-12-29;;Hanns Weiskhircher;hans_weiskhircher;;;;;;;;;;;;
BB-0817;1559-12-29;;Sigmunndt Geroltinger;sigmund_geroltinger;;;;;;;;;;;;
BB-0818;1559-12-29;;Egidi Sprenngennagl;aegidius_sprenngennagl;Schmied;;Metall & Waffen;;;;;;;;ja;
BB-0819;1559-12-29;;Georg Harpfinger;georg_harpfinger;Hauer;;Landwirtschaft & Weinbau;;;;;;;;ja;
BB-0820;1560-01-05;;Veyt Schreiber;veit_schreiber;Schuster;;Leder & Pelz;Jacob Anndre, Wolfganng Thurner (Schuster).;jakob_anndre|wolfgang_thurner;|Schuster;;;;;ja;
BB-0821;1560-01-19;;Hanns Zettenphening;hans_zettenphening;;;;Michel Khlnepaumb, Lorennz Peter (Tuchscherer).;michael_klerbaum|lorenz_peter;|Tuchscherer;;;;;;
BB-0822;1560-03-01;;Petter Prassler;peter_prassler;;;;;;;;;;;;
BB-0823;1560-03-08;;Georg Muckhenhueber;georg_muckenhueber;;;;;;;;;;;;
BB-0824;1560-03-22;;Valtin Müller;valentin_muellner;Binder;;Holz, Bau & Stein;Hanns Varsser (Schneider), Leonhart Cunnz (Bäcker).;hans_varsser|leonhard_cunnz;Schneider|Bäcker;;;;;ja;
BB-0825;1560-03-29;;Wolfganng Teibler;wolfgang_teibler;Fleischhacker;;Lebensmittelhandwerk;;;;;;;;ja;
BB-0826;1560-05-02;;Georg Fischer;georg_fischer;Steinmetz;;Holz, Bau & Stein;;;;;;;;ja;
BB-0827;1560-05-03;;Wolfganng Weichler;wolfgang_weichler;Maurer;;Holz, Bau & Stein;Martlme Winnckhler, Leopoldt Khornhauff (Steinmetz).;martlme_winckler|leopold_kornhauff;|Steinmetz;;;;;ja;
BB-0828;1560-05-10;;Hanns Pannzer;hans_pannzer;;;;;;;;;;;;
BB-0829;1560-05-28;;Matheus Cramer;matthaeus_cramer;Tischler;;Holz, Bau & Stein;;;;;;;;ja;
BB-0830;1560-05-31;;Eman Panthaleon;eman_panthaleon;;;;Ambrosy Winckhler.;ambrosius_winckler;;;;;;;
BB-0831;1560-06-14;;Sigmunndt Barz;sigmund_barz;Schneider;;Textil & Bekleidung;;;;;;;;ja;
BB-0832;1560-06-21;;Georg Stadlman;georg_stadlman;;;;;;;;;;;;
BB-0833;1560-06-21;;Hanns Vassl;hans_vassl;Schneider;;Textil & Bekleidung;Michl Khlerpaumb (Seiler).;michael_klerbaum;Seiler;;;;;ja;
BB-0834;1560-08-30;;Hannsen Frischauf;hans_frischauf;Hauer;;Landwirtschaft & Weinbau;;;;;;;;ja;
BB-0835;1560-09-13;;Leonharten Hickhenstallers;leonhart_hickenstaller;Schiffmann;;Transport & Wasserwesen;;;;;;;;ja;
BB-0836;1560-09-13;;Thoman Purglechner;thomas_purglechner;Leineweber;;Textil & Bekleidung;;;;;;;;ja;
BB-0837;1560-12-03;;Hannsen Carl;hans_karl;Schreiner;;Holz, Bau & Stein;Hanns Fürst (Schneider), Hanns Arbeiller (Schlosser).;hans_fuerst|hans_arbeiller;Schneider|Schlosser;;;;;ja;
BB-0838;1560-12-03;;Utzen Rinnderer;utz_rinnderer;Hauer;;Landwirtschaft & Weinbau;;;;;;;;ja;
BB-0839;1560-12-13;;Jheronimus Welser;hieronimus_welser;Goldschmied;;Metall & Waffen;Maister Anndre (Goldschmied), Seiz Meserer.;maister_anndre|seiz_meserer;Goldschmied|;;;;;ja;
BB-0840;1560-12-19;;Blasy Müller;blasius_muellner;Drechsler;;Holz, Bau & Stein;Ambrosy Winnckhler (Bürger zu Krems), Rueprecht Frech (Bürger zu Krems).;ambrosius_winckler|ruprecht_frech;;;;;;ja;
BB-0841;1560-12-19;;Wolfganngen Khopferl;wolfgang_kopferl;Schneider;;Textil & Bekleidung;Hanns Fürst (Schneider).;hans_fuerst;Schneider;;;;;ja;
BB-0842;1560-12-19;;Sebastian Paungartner;sebastian_paungartner;Hauer;;Landwirtschaft & Weinbau;;;;;;;;ja;
BB-0843;1560-12-19;;Veit Schreiber;veit_schreiber;Schuster;;Leder & Pelz;;;;Erstmalig vorstellig am 5. Januar 1560.;;;Hernachvolgennde burger haben den 19. Decembris anno etc. 60isten vor der erwellung den aydt gethan.;ja;
BB-0844;1560-12-19;;Hanns Zettenphening;hans_zettenphening;Barbier;;Gesundheit;;;;Erstmalig vorstellig am 19. Januar 1560.;;;;ja;
BB-0845;1560-12-19;;Peter Prassler;peter_prassler;Müller;;Lebensmittelhandwerk;;;;Erstmalig vorstellig am 1. März 1560.;;;;ja;
BB-0846;1560-12-19;;Geörg Muckhenhueber;georg_muckenhueber;;;;;;;Erstmalig vorstellig am 8. März 1560.;;;;;
BB-0847;1560-12-19;;Wolfganng Teibler;wolfgang_teibler;Fleischhacker;;Lebensmittelhandwerk;;;;Erstmalig vorstellig am 29. März 1560.;;;;ja;
BB-0848;1560-12-19;;Hanns Pannzer;hans_pannzer;;;;;;;Erstmalig vorstellig am 10. Mai 1560.;;;;;
BB-0849;1560-12-19;;Eman Panthaleon;eman_panthaleon;;;;;;;Erstmalig vorstellig am 31. Mai 1560.;;;;;
BB-0850;1560-12-19;;Hanns Freschauf;hans_frischauf;Hauer;;Landwirtschaft & Weinbau;;;;Erstmalig vorstellig am 30. August 1560.;;;;ja;"personen_id vereinheitlicht (vorher hans_freschauf): ""Erstmalig vorstellig""-Datum verweist exakt auf BB-0834 (""Hannsen Frischauf"", Ähnlichkeit 0.875) - dieselbe Person."
BB-0851;1560-12-19;;Hanns Carl;hans_karl;Tischler;;Holz, Bau & Stein;;;;Erstmalig vorstellig am 3. Dezember 1560.;;;;ja;
BB-0852;1560-12-19;;Utz Rinnderer;utz_rinnderer;Hauer;;Landwirtschaft & Weinbau;;;;Erstmalig vorstellig am 3. Dezember 1560.;;;;ja;
BB-0853;1560-12-19;;Jheronimus Wellser;hieronimus_welser;Goldschmied;;Metall & Waffen;;;;Erstmalig vorstellig am 13. Dezember 1560.;;;;ja;"personen_id vereinheitlicht (vorher hieronimus_wellser): ""Erstmalig vorstellig""-Datum verweist exakt auf BB-0839 (""Jheronimus Welser"", Ähnlichkeit 0.971) - dieselbe Person."
BB-0854;1560-12-19;;Wolfganng Khopherl;wolfgang_kopferl;Schneider;;Textil & Bekleidung;;;;Erstmalig vorstellig am 19. Dezember 1560.;;;;ja;
BB-0855;1560-12-19;;Leonhart Werschhauser;leonhard_werschhauser;Schneider;;Textil & Bekleidung;;;;;;;;ja;
BB-0856;1560-12-19;;Joachim Grauenpeckh;joachim_grafenpeck;;;;;;;;;;;;
BB-0857;1560-12-19;;Sebastian Paungartner;sebastian_paungartner;Hauer;;Landwirtschaft & Weinbau;;;;Erstmalig vorstellig am 19. Dezember 1560.;;;;ja;
BB-0858;1560-12-19;;Hanns Faden;hans_faden;Beutler;;Leder & Pelz;;;;;;;;ja;
BB-0859;1560-12-19;;Wolf Edlinger;wolf_edlinger;;;;;;;;;;;;
BB-0860;1560-12-19;;Ambrosy Schiestl;ambrosius_schiestl;Sattler;;Leder & Pelz;;;;;;;;ja;
BB-0861;1560-12-19;;Hanns Gruebpaur;hans_gruebpaur;Bäcker;;Lebensmittelhandwerk;;;;;;;;ja;
BB-0862;1560-12-19;;Hanns Niderndorffer;hans_niderndorffer;Koch;;Lebensmittelhandwerk;;;;;;;;ja;
BB-0863;1560-12-19;;Blasy Dienwäri;blasius_dienwaeri;;;;;;;;;;;;
BB-0864;1560-12-19;;Sigmundt Garr;sigmund_garr;Schneider;;Textil & Bekleidung;;;;;;;;ja;
BB-0865;1560-12-19;;Georg Stadlman;georg_stadlman;;;;;;;Erstmalig vorstellig am 21. Juni 1560.;;;;;
BB-0866;1560-12-19;;Hanns Resch;hans_resch;Schneider;;Textil & Bekleidung;;;;;;;;ja;
BB-0867;1560-12-19;;Matheus Khramer;matthaeus_cramer;Tischler;;Holz, Bau & Stein;;;;Erstmalig vorstellig am 28. Mai 1560.;;;;ja;"personen_id vereinheitlicht (vorher matthaeus_kramer): ""Erstmalig vorstellig""-Datum verweist exakt auf BB-0829 (""Matheus Cramer"", Ähnlichkeit 0.897) - dieselbe Person."
BB-0868;1560-12-19;;Blasy Müller;blasius_muellner;Drechsler;;Holz, Bau & Stein;;;;Erstmalig vorstellig am 19. Dezember 1560.;;;;ja;
BB-0869;1560-12-19;;Hanns Schreiber;hans_schreiber;;;;;;;;;;;;
BB-0870;1560-12-19;;Thoman Trauner;thomas_trauner;Schiffmann;;Transport & Wasserwesen;;;;;;;;ja;
BB-0871;1560-12-19;;Otman Phannenstill;otman_pfannenstill;Weber;;Textil & Bekleidung;;;;;;;;ja;
BB-0872;1560-12-19;;Hanns Salzhueber;hans_salzhueber;Schuster;;Leder & Pelz;;;;;;;;ja;
BB-0873;1560-12-19;;Michael Wibmer;michael_widmer;Fasszieher;;Holz, Bau & Stein;;;;;;;;ja;
BB-0874;1560-12-19;;Leonhart Oder;leonhard_oder;Bäcker;;Lebensmittelhandwerk;;;;;;;;ja;
BB-0875;1560-12-19;;Matheus Pruggner;matthaeus_pruggner;Hauer;;Landwirtschaft & Weinbau;;;;;;;;ja;
BB-0876;1560-12-19;;Hanns Grundtner;hans_grundtner;;;;;;;;;;;;
BB-0877;1560-12-19;;Leonhart Hickhenstaller;leonhart_hickenstaller;;;;;;;Erstmalig vorstellig am 13. September 1560.;;;;;"personen_id vereinheitlicht (vorher leonhard_hickenstaller): ""Erstmalig vorstellig""-Datum verweist exakt auf BB-0835 (""Leonharten Hickhenstallers"", Ähnlichkeit 0.939) - dieselbe Person."
BB-0878;1560-12-19;;Michl Friesinger;michael_friesinger;Hauer;;Landwirtschaft & Weinbau;;;;;;;;ja;
BB-0879;1561-01-24;;Thoman Thanner;thomas_thanner;Bäcker;;Lebensmittelhandwerk;Hanns Gmundtner (Bäcker) (Bürger zu Krems), Hanns Arckhl (Bäcker) (Bürger zu Krems).;hans_gmundtner|hans_arckl;Bäcker|Bäcker;;;;;ja;
BB-0880;1561-01-31;;Gregor Frischenschlag sonst;gregor_frischenschlag_sonst;;;;;;;;;;;;
BB-0881;1561-02-14;;Georg Paungartner;georg_paungartner;Goldschmied;;Metall & Waffen;;;;;;;;ja;
BB-0882;1561-03-21;;(Lnnprecht?) Popp;lamprecht_popp;Nestler;;Leder & Pelz;Jacob Anndre.;jakob_anndre;;;;;;ja;
BB-0883;1561-05-09;;Hannsz Heusler;hans_heisler;Binder;;Holz, Bau & Stein;;;;;;;;ja;
BB-0884;1561-05-09;;Wolfganng Nepl;wolfgang_nepl;Nadler;;Metall & Waffen;Maister Jacob Niderholzer (Riemer).;maister_jacob_niderholzer;Riemer;;;;;ja;
BB-0885;1561-05-13;;Geörgen Ritters;georg_ritters;;;;;;;;;;;;
BB-0886;1561-05-13;;Joachims Priechl;joachim_priechl;Kupferschmied;;Metall & Waffen;;;;;;;;ja;
BB-0887;1561-05-13;;Wolffen Khirchamers;wolf_kirchamers;Kupferschmied;;Metall & Waffen;;;;;;;;ja;
BB-0888;1561-05-16;;Georg Khaltenprunner;georg_kaltenprunner;;;;Rueprecht Seiz (Messerschmied), Wolff Turner (Schuster).;ruprecht_seiz|wolf_turner;Messerschmied|Schuster;;;;;;
BB-0889;1561-05-16;;Georg Ritter;georg_ritters;;;;;;;Erstmalig vorstellig am 13. Mai 1561.;;;;;"personen_id vereinheitlicht (vorher georg_ritter): ""Erstmalig vorstellig""-Datum verweist exakt auf BB-0885 (""Geörgen Ritters"", Ähnlichkeit 0.889) - dieselbe Person."
BB-0890;1561-06-06;;Felix Holzpeundtner;felix_holzpeundtner;;;;;;;;;;;;
BB-0891;1561-06-20;;Georg Bayr;georg_bayr;;;;;;;In beide Städte aufgenommen.;;;;;
BB-0892;1561-06-20;;Merth Schmidthugger;martin_schmidthueber;;;;Bartlme Prannthueber.;bartholomaeus_prannthueber;;;;;;;
BB-0893;1561-07-04;;Hannsen Pachman;hans_pachman;Schneider;;Textil & Bekleidung;;;;;;;;ja;
BB-0894;1561-07-04;;Anndreen Rieders;andreas_rieder;;;;Hannß Trackh.;hans_track;;;;;;;
BB-0895;1561-08-08;;Wolfganng Khöckh;wolfgang_koeck;Tischler;;Holz, Bau & Stein;Herr Mathauser.;herr_mathauser;;;;;;ja;
BB-0896;1561-08-08;;Thoman Hueber;thomas_hueber;Zimmermann;;Holz, Bau & Stein;Petter Rath.;peter_rath;;;;;;ja;
BB-0897;1561-08-22;;Michaell Taninger;michael_taninger;;;;;;;;;;;;
BB-0898;1561-08-29;;Cristoff Ursin;christoph_ursin;;;;;;;;;;;;
BB-0899;1561-09-26;;Adam Seiffert;adam_seiffert;Tischler;;Holz, Bau & Stein;Matheuß Khramer (Tischler) (Bürger zu Stein).;matheuss_kramer;Tischler;;;;;ja;
BB-0900;1561-10-10;;Georg Weishaimer;georg_weishaimer;Tischler;;Holz, Bau & Stein;;;;;;;;ja;
BB-0901;1561-11-27;;Georgen Sternegger;georg_sternegger;;;;;;;;;;;;
BB-0902;1561-12-05;;Georg Zwifl;georg_zwifl;Brotsitzer;;Handel;Hannß Gmundner (Bürger zu Krems und Stein), Dionisy Rierer (Bürger zu Krems und Stein).;hans_gmundner|dionisy_rierer;;;;;;ja;
BB-0903;1561-12-05;;Melichior Khonner;melchior_konner;Gürtler;;Metall & Waffen;Jacob Anndree, Petter Rath.;jakob_anndre|peter_rath;;;;;;ja;
BB-0904;1561-12-12;;Cristoff Praun;christoph_braun;;;;;;;;;;;;
BB-0905;1561-12-20;;Wolfganng Nepl;wolfgang_nepl;Nadler;;Metall & Waffen;;;;Erstmalig vorstellig am 9. Mai 1561.;;;Hernach volgennde bürger haben den 20ten Decembris anno im 61isten vor erwellung den aidt gethan.;ja;
BB-0906;1561-12-20;;Merth Schmidthugger;martin_schmidthueber;;;;;;;Erstmalig vorstellig am 20. Juni 1561.;;;;;
BB-0907;1561-12-20;;Michel Taninger;michael_taninger;;;;;;;Erstmalig vorstellig am 22. August 1561.;;;;;
BB-0908;1561-12-20;;Geörg Sternegger;georg_sternegger;;;;;;;Erstmalig vorstellig am 27. November 1561.;;;;;
BB-0909;1561-12-20;;Hannß Aman;hans_aman;Zinngießer;;Metall & Waffen;;;;;;;;ja;
BB-0910;1561-12-20;;Hannß Geisler;hans_geisler;Fischer;;Lebensmittelhandwerk;;;;;;;;ja;
BB-0911;1561-12-20;;Sebastian Mamhofer;sebastian_mamhofer;;;;;;;;;;;;
BB-0912;1561-12-20;;Bärtlme Khrauß;bartholomaeus_krauss;Weißgerber;;Leder & Pelz;;;;;;;;ja;
BB-0913;1561-12-20;;Anndree Hegkher;andreas_hugkher;Schmied;;Metall & Waffen;;;;;;;;ja;
BB-0914;1561-12-20;;Cristoff Olbm;christoph_olbm;Müller;;Lebensmittelhandwerk;;;;;;;;ja;
BB-0915;1561-12-20;;Sigmundt Hofreiter;sigmund_hofreiter;Hauer;;Landwirtschaft & Weinbau;;;;;;;;ja;
BB-0916;1561-12-20;;Benedict Preiß;benedikt_preiss;Drechsler;;Holz, Bau & Stein;;;;;;;;ja;
BB-0917;1561-12-20;;Georg Olbm;georg_olbm;Müller;;Lebensmittelhandwerk;;;;;;;;ja;
BB-0918;1561-12-20;;Thoman Ratl;thomas_ratl;Fasszieher;;Holz, Bau & Stein;;;;;;;;ja;
BB-0919;1561-12-20;;Georg Vischer;georg_fischer;Steinmetz;;Holz, Bau & Stein;;;;Erstmalig vorstellig am 2. Mai 1560.;;;;ja;
BB-0920;1561-12-20;;Bartlmee Sieß;bartholomaeus_siess;;;;;;;;;;;;
BB-0921;1561-12-20;;Joachimb Priechl;joachim_priechl;Kupferschmied;;Metall & Waffen;;;;;;;;ja;
BB-0922;1561-12-20;;Gregor Feischerschlag sonnst;gregor_feischerschlag_sonnst;;;;;;;;;;;;
BB-0923;1561-12-20;;Georg Paungarnter;georg_paungartner;Goldschmied;;Metall & Waffen;;;;Nit geschworen. | Erstmalig vorstellig am 14. Februar 1561.;;;;ja;"personen_id vereinheitlicht (vorher georg_paungarnter): ""Erstmalig vorstellig""-Datum verweist exakt auf BB-0881 (""Georg Paungartner"", Ähnlichkeit 0.941) - dieselbe Person."
BB-0924;1561-12-20;;Leonhardt Hickherstaller;leonhart_hickenstaller;;;;;;;Nit geschworen. | Erstmalig vorstellig am 13. September 1560 und am 19. Dezember 1560.;;;;;"personen_id vereinheitlicht (vorher leonhard_hickerstaller): ""Erstmalig vorstellig""-Datum verweist exakt auf BB-0835 (""Leonharten Hickhenstallers"", Ähnlichkeit 0.88) - dieselbe Person."
BB-0925;1561-12-20;;Wolfganng Khöckh;wolfgang_koeck;Tischler;;Holz, Bau & Stein;;;;Nit geschworen. | Erstmalig vorstellig am 8. August 1561.;;;;ja;
BB-0926;1561-12-20;;Cristoff Ursin;christoph_ursin;;;;;;;Nit geschworen. | Erstmalig vorstellig am 29. August 1561.;;;;;
BB-0927;1561-12-20;;Adam Seiffart;adam_seiffert;Tischler;;Holz, Bau & Stein;;;;Nit geschworen. | Erstmalig vorstellig am 26.September 1561.;;;;ja;"personen_id vereinheitlicht (vorher adam_seiffart): ""Erstmalig vorstellig""-Datum verweist exakt auf BB-0899 (""Adam Seiffert"", Ähnlichkeit 0.923) - dieselbe Person."
BB-0928;1561-12-20;;Georg Zwifl;georg_zwifl;Brotsitzer;;Handel;;;;Nit geschworen. | Erstmalig vorstellig am 5. Dezember 1561.;;;;ja;
BB-0929;1561-12-20;;Cristoff Praun;christoph_braun;;;;;;;Nit geschworen. | Erstmalig vorstellig am 12. Dezember 1561.;;;;;
BB-0930;1561-12-20;;Matheuß Weishäpl;matthaeus_weishaepl;;;;;;;Nit geschworen.;;;;;
BB-0931;1561-12-20;;Felix Holzpunntner;felix_holzpeundtner;;;;;;;Nit geschworen. | Erstmalig vorstellig am 6. Juni 1561.;;;;;"personen_id vereinheitlicht (vorher felix_holzpunntner): ""Erstmalig vorstellig""-Datum verweist exakt auf BB-0890 (""Felix Holzpeundtner"", Ähnlichkeit 0.919) - dieselbe Person."
BB-0932;1561-12-20;;Geörg Vitter;georg_vitter;;;;;;;Nit geschworen.;;;;;
BB-0933;1561-12-20;;Wolfganng Schenndler;wolfgang_schenndler;Fischer;;Lebensmittelhandwerk;;;;Nit geschworen.;;;;ja;
BB-0934;1562-01-09;;Phillipp Haider;phillip_haider;Schneider;;Textil & Bekleidung;Hannß Mersch.;hans_mersch;;;;;;ja;
BB-0935;1562-01-27;;Cristoff Laschmäthauser;christoph_laschmaethauser;;;;;;;;;;;;
BB-0936;1562-02-25;;Doctor Johann Stubickh;johann_stubick;Doktor;;Gesundheit;;;;;;;;;
BB-0937;1562-03-06;;Pangraz Trackh;pangraz_track;;;;;;;;;;;;
BB-0938;1562-03-20;;Hannß Galiperger;hans_galiperger;;;;;;;;;;;;
BB-0939;1562-03-24;;Wolf Herantinger;wolf_herantinger;Weißgerber;;Leder & Pelz;;;;;;;;ja;
BB-0940;1562-05-15;;Leonhart Maurer;leonhard_maurer;;;;;;;;;;;;
BB-0941;1562-05-22;;Leonhart Aichinger;leonhard_aichinger;;;;;;;;;;;;
BB-0942;1562-06-05;;Benedict Weinperger;benedikt_weinperger;;;;;;;;;;;;
BB-0943;1562-06-26;;Geörg Straus;georg_straus;Bäcker;;Lebensmittelhandwerk;Jacob Anndree.;jakob_anndre;;;;;;ja;
BB-0944;1562-06-26;;Geörg Schaffer;georg_schaffer;Bäcker;;Lebensmittelhandwerk;Michaelll Khleepämb, Wolfganng Grabmer.;michaelll_kleepaemb|wolf_grabner;;;;;;ja;
BB-0945;1562-07-31;;Phillippen Fröschls;phillip_froeschls;;;;Georg Faider (Schuster).;georg_faider;Schuster;;;;;;
BB-0946;1562-08-21;;Georg Wabenperger;georg_wabenperger;Binder;;Holz, Bau & Stein;;;;;;;;ja;
BB-0947;1562-08-21;;Hainrich Wagner;heinrich_wagner;Schlosser;;Metall & Waffen;Merth Neuber.;martin_neuber;;;;;;ja;
BB-0948;1562-11-10;;Matheuß Weishapl;matthaeus_weishaepl;;;;;;;Erstmalig vorstellig am 20. Dezember 1561.;;;;;"personen_id vereinheitlicht (vorher matthaeus_weishapl): ""Erstmalig vorstellig""-Datum verweist exakt auf BB-0930 (""Matheuß Weishäpl"", Ähnlichkeit 1.0) - dieselbe Person."
BB-0949;1562-11-10;;Veith Puchler;veit_puchler;;;;;;;;;;;;
BB-0950;1562-11-13;;Wolfganng Perger;wolfgang_perger;Hauer;;Landwirtschaft & Weinbau;;;;;;;;ja;
BB-0951;1562-11-27;;Hannsß Ortner;hans_ortner;Fasszieher;;Holz, Bau & Stein;Hannß Mersch (Schneider), Sihmundt Schuester.;hans_mersch|sihmundt_schuester;Schneider|;;;;;ja;
BB-0952;1562-11-27;;Tibolt Egerers;tibolt_egerers;Bürstenbinder;;Sonstiges Handwerk;Sebastian Mamhofer (Schuster).;sebastian_mamhofer;Schuster;;;;;ja;
BB-0953;1562-12-11;;Anndree Niblickh;andreas_niblick;Riemer;;Leder & Pelz;Sebastian Resch, Sigmundt Satler.;sebastian_resch|sigmund_satler;;;;;;ja;
BB-0954;1562-12-15;;Georg Rettinger;georg_rettinger;;;;;;;;;;;;
BB-0955;1562-12-18;;Paull Maurer;paul_maurer_bb1562;;;;Hannß Trackh.;hans_track;;;;;;;
BB-0956;1562-12-18;;Sebastian Schmelz;sebastian_schmelz;;;;;;;;;;;;
BB-0957;1562-12-18;;Johann Stubickh;johann_stubick;;;;;;;;;;;;
BB-0958;1562-12-18;;Georg Rarer;georg_rarer;;;;;;;;;;;;
BB-0959;1562-12-18;;Cristoff Praun;christoph_braun;;;;;;;;;;;;
BB-0960;1562-12-19;;Anndree Nebelickh;andreas_niblick;Riemer;;Leder & Pelz;;;;Erstmalig vorstellig am 11. Dezember 1562.;;;Hernachbenennte burger haben an heut dato den 19. Decembris anno 62isten vor erwellung den burger aydt gethan.;ja;
BB-0961;1562-12-19;;Veith Püchler;veit_puchler;Hauer;;Landwirtschaft & Weinbau;;;;Erstmalig vorstellig am 10. November 1562.;;;;ja;"personen_id vereinheitlicht (vorher veit_puechler): ""Erstmalig vorstellig""-Datum verweist exakt auf BB-0949 (""Veith Puchler"", Ähnlichkeit 1.0) - dieselbe Person."
BB-0962;1562-12-19;;Friderich Khenz;friderich_kenz;Beutler;;Leder & Pelz;;;;;;;;ja;
BB-0963;1562-12-19;;Anndree Rieder;andreas_rieder;Barbier;;Gesundheit;;;;;;;;ja;
BB-0964;1562-12-19;;Wolfganng Perger;wolfgang_perger;Hauer;;Landwirtschaft & Weinbau;;;;;;;;ja;
BB-0965;1562-12-19;;Phillipp Haider;phillip_haider;Schneider;;Textil & Bekleidung;;;;Erstmalig vorstellig am 9. Januar 1562.;;;;ja;
BB-0966;1562-12-19;;Paull Maurer;paul_maurer_bb1562;;;;;;;Erstmalig vorstellig am 18. Dezember 1562.;;;;;
BB-0967;1562-12-19;;Georg Rettinger;georg_rettinger;Hauer;;Landwirtschaft & Weinbau;;;;Erstmalig vorstellig am 15. Dezember 1562.;;;;ja;
BB-0968;1562-12-19;;Georg Wäbenperger;georg_waebenperger;Binder;;Holz, Bau & Stein;;;;Erstmalig vorstellig am 15. August 1562.;;;;ja;
BB-0969;1563-01-12;;Adrian Panndtvogl;adrian_panndtvogl;Steinmetz;;Holz, Bau & Stein;;;;;;;;ja;
BB-0970;1563-02-12;;Georgen Rechling;georg_rechling;Bäcker;;Lebensmittelhandwerk;Veitt Lechner, Hanns Gruebpaur.;veit_lechner|hans_gruebpaur;;;;;;ja;
BB-0971;1563-03-19;;Barllmeen Lackhners;bartholomaeus_lackner;Wagner;;Holz, Bau & Stein;;;;;;;;ja;
BB-0972;1563-05-07;;Paull Schreiner;paul_schreiner;Sieber;;Sonstiges Handwerk;Michaell Khlepaumb (Seiler).;michaell_klerbaum;Seiler;;;;;ja;
BB-0973;1563-05-25;;Wolffgang Gruendlinger;wolfgang_gruendlinger;Kürschner;;Leder & Pelz;;;;;;;;ja;
BB-0974;1563-05-25;;Joachim Gaunerstorffer;joachim_gaunerstorffer;;;;;;;;;;;;
BB-0975;1563-06-08;;Tallinger Vleischakcher;tallinger_vleischakcher;;;;;;;;;;;;
BB-0976;1563-06-08;;Larenz Langschedl;larenz_langschedl;;;;;;;;;;;;
BB-0977;1563-06-22;;Micheln Weilpacher;michael_weilpacher;;;;;;;;;;;;
BB-0978;1563-06-22;;Wolffganngen Ginndlinger;wolfgang_gruendlinger;;;;;;;Erstmalig vorstellig am 25. Mai 1563 unter Wolffgang Gruendlinger.;;;;;"personen_id vereinheitlicht (vorher wolfgang_ginndlinger): ""Erstmalig vorstellig""-Datum verweist exakt auf BB-0973 (""Wolffgang Gruendlinger"", Ähnlichkeit 0.826) - dieselbe Person."
BB-0979;1563-07-09;;Thoman Eder;thomas_eder;Ringmacher;;Sonstiges Handwerk;Hannß Faden (Beutler).;hans_faden;Beutler;;;;;nein;"Zuordnung zu Wirtschaftssektor unsicher: Bedeutung/Zuordnung des Berufs ""Ringmacher"" nicht eindeutig klärbar."
BB-0980;1563-07-16;;Wolffen Stueller;wolf_stueller;;;;;;;;;;;;
BB-0981;1563-07-16;;Hannsen Stainsaillers;hans_stainsaillers;;;;;;;;;;;;
BB-0982;1563-08-06;;Wolffganng Stueller;wolf_stueller;;;;;;;Erstmalig vorstellig am 16. Juli 1563 unter Wolffen Stueller.;;;;;"personen_id vereinheitlicht (vorher wolfgang_stueller): ""Erstmalig vorstellig""-Datum verweist exakt auf BB-0980 (""Wolffen Stueller"", Ähnlichkeit 0.857) - dieselbe Person."
BB-0983;1563-09-07;;Valltin Hesell;valentin_hesell;Schneider;;Textil & Bekleidung;Gilg Plaß.;aegidius_plass;;;;;;ja;
BB-0984;1563-09-07;;Hannsen Grueber;hans_grueber;Hauer;;Landwirtschaft & Weinbau;;;;;;;;ja;
BB-0985;1563-12-10;;Caspar Geringer;kaspar_gerinnger;;;;;;;Erstmalig vorstellig am 22. Dezember 1555, 22. Dezember 1556 und am 18. Dezember;;;;;"personen_id vereinheitlicht (vorher kaspar_geringer): ""Erstmalig vorstellig""-Datum verweist exakt auf BB-0621 (""Caspar Gerinnger"", Ähnlichkeit 0.968) - dieselbe Person."
BB-0986;1563-12-17;;Ulrichen Sedlmair;ulrich_sedlmair;Schuster;;Leder & Pelz;Leonnhardt Epinzpeckh.;leonnhardt_epinzpeck;;;;;;ja;
BB-0987;1563-12-17;;Bartlme Süez;bartholomaeus_siess;;;;;;;Hat sein burgerrecht aufgesagt, unnd umb ainen abschidt gebetten. Fiat. | Erstmalig vorstellig am 20. Dezember 1561.;;;;;"personen_id vereinheitlicht (vorher bartholomaeus_sueez): ""Erstmalig vorstellig""-Datum verweist exakt auf BB-0920 (""Bartlmee Sieß"", Ähnlichkeit 0.8) - dieselbe Person."
BB-0988;1563-12-17;;Hannsen Behaimb;hans_behaimb;Nadler;;Metall & Waffen;;;;;;;;ja;
BB-0989;1563-12-18;;Augustin Wierdthofer;augustin_wierdthofer;;;;;;;;;;Hernach benente burger haben an heutt den 18. tag Decembris anno etc. 63. vor der erwollung den bürgeraidt gethan.;;
BB-0990;1563-12-18;;Benedict Weinperger;benedikt_weinperger;;;;;;;Erstmalig vorstellig am 5. Juni 1562.;;;;;
BB-0991;1563-12-18;;Mathias Khoch;matthias_koch;Apotheker;;Gesundheit;;;;;;;;ja;
BB-0992;1563-12-18;;Jacob Schreiner;jakob_schreiner;Sieber;;Sonstiges Handwerk;;;;;;;;ja;
BB-0993;1563-12-18;;Peter Eckh;peter_eckl;Zirkelschmied;;Metall & Waffen;Phillipp Waltkhircher (Sporer).;phillip_waltkhircher;Sporer;;;;;ja;
BB-0994;1563-12-18;;Michl Holzapfl;michael_holzapfl;Lebzelter;;Lebensmittelhandwerk;;;;;;;;ja;
BB-0995;1563-12-18;;Georg Wäckh;georg_waeck;Hauer;;Landwirtschaft & Weinbau;;;;;;;;ja;
BB-0996;1563-12-18;;Wollff Khäm;wolf_kaem;;;;;;;;;;;;
BB-0997;1563-12-18;;Hannß Voglpolz;hans_voglpolz;Goldschmied;;Metall & Waffen;;;;;;;;ja;
BB-0998;1563-12-18;;Hannß Grueber;hans_grueber;Hauer;;Landwirtschaft & Weinbau;;;;Erstmalig vorstellig am 7. September 1563.;;;;ja;
BB-0999;1563-12-18;;Ullrich Sedlmair;ulrich_sedlmair;Schuster;;Leder & Pelz;;;;Erstmalig vorstellig am 17. Dezember 1563.;;;;ja;
BB-1000;1563-12-18;;Sambson Pez;samson_pez;Tischler;;Holz, Bau & Stein;;;;;;;;ja;
BB-1001;1563-12-18;;Hannß Behaimb;hans_behaimb;Nadler;;Metall & Waffen;;;;Erstmalig vorstellig am 17. Dezember 1563.;;;;ja;
BB-1002;1563-12-18;;Sebastian Prunner;sebastian_brunner;Bäcker;;Lebensmittelhandwerk;;;;;;;;ja;
BB-1003;1563-12-18;;Joachim Gaunerstorffer;joachim_gaunerstorffer;;;;;;;Erstmalig vorstellig am 25. Mai 1563.;;;;;
BB-1004;1563-12-31;;Georg Rechling;georg_rechling;Bäcker;;Lebensmittelhandwerk;;;;Erstmalig vorstellig am 12. Februar 1563.;;;Hernach beschribne burger haben an heutt den letzten tag Decembris a. 63. den burger aidt gethan.;ja;
BB-1005;1563-12-31;;Thoman Grunauer;thomas_grunauer;Fleischhacker;;Lebensmittelhandwerk;;;;;;;;ja;
BB-1006;1563-12-31;;Peter Painstadl;peter_painstadl;Färber;;Textil & Bekleidung;;;;;;;;ja;
BB-1007;1563-12-31;;Mathias Weißhapl;matthaeus_weishaepl;;;;;;;Erstmalig vorstellig am 20. Dezember 1561 und am 10. November 1562.;;;;;"personen_id vereinheitlicht (vorher matthias_weisshapl): ""Erstmalig vorstellig""-Datum verweist exakt auf BB-0930 (""Matheuß Weishäpl"", Ähnlichkeit 0.875) - dieselbe Person."
BB-1008;1563-12-31;;Thoman Ringmacher;thomas_ringmacher;;;;Hannß Faden.;hans_faden;;;;;;;
BB-1009;1564-02-11;;Gregor Khrauckher;gregor_kraucker;;;;;;;;;;;;
BB-1010;1564-03-17;;Larennz Lanng;larennz_lanng;Weber;;Textil & Bekleidung;Michl Khlepämb.;michael_klepaemb;;;;;;ja;
BB-1011;1564-03-24;;Balthauser Talman;balthasar_talman;Schneider;;Textil & Bekleidung;;;;;;;;ja;
BB-1012;1564-05-12;;Hannsen Trefflingers;hans_trefflingers;;;;Ruedl Sperger, Ochslmair.;ruedl_sperger|ochslmair;;;;;;;
BB-1013;1564-06-16;;Thoman Feywaldt;thomas_feywaldt;;;;;;;;;;;;
BB-1014;1564-07-14;;Larennz Pockh;laurenz_beck;;;;;;;;;;;;
BB-1015;1564-07-18;;Sebastian Stainegger;sebastian_stainegger;Hutmacher;;Textil & Bekleidung;Jacob Anndre, Benedict Tandl.;jakob_anndre|benedikt_tandl;;;;;;ja;
BB-1016;1564-08-04;;Hanns Obermair;hans_obermair;Bürstenbinder;;Sonstiges Handwerk;Jacob Anndre.;jakob_anndre;;;;;;ja;
BB-1017;1564-08-11;;Jacob Beitlschiesz;jakob_beitlschiess;Sattler, Riemer, Kummetmacher;;Leder & Pelz;;;;;;;;ja;
BB-1018;1564-09-05;;Niclasen Tyrringers;niklas_tyrringers;Kramer;;Handel;;;;;;;;ja;
BB-1019;1564-09-15;;Leonnhardt Sauller;leonnhardt_seiler;Bäckerjunge;;Lebensmittelhandwerk;;;;;;;;ja;
BB-1020;1564-10-12;;Steffan Huetters;stephan_huetters;Maurer;;Holz, Bau & Stein;;;;;;;;ja;
BB-1021;1564-10-12;;Adamen Huetters sonn;adam;Lederer;;Leder & Pelz;;;;;;;;ja;
BB-1022;1564-11-21;;Leonhardt Sauller;leonnhardt_seiler;Bäcker;;Lebensmittelhandwerk;Georg Rorer (Hafner), Hannß Gruebpaur.;georg_rorer|hans_gruebpaur;Hafner|;Erstmalig vorstellig am 15. September 1564.;;;;ja;"personen_id vereinheitlicht (vorher leonhard_seiler): ""Erstmalig vorstellig""-Datum verweist exakt auf BB-1019 (""Leonnhardt Sauller"", Ähnlichkeit 0.971) - dieselbe Person."
BB-1023;1564-11-28;;Nicolaus Turinger;nicolaus_turinger;;;;Thoman Bollreiter.;thomas_bollreiter;;;;;;;
BB-1024;1564-12-01;;Hanns Sunleitner;hans_sunleitner;Bäcker;;Lebensmittelhandwerk;Leonnhardt Aichinger, Sigmunndt Schuester.;leonhard_aichinger|sigmunndt_schuester;;;;;;ja;
BB-1025;1564-12-05;;Thoman Weichslpaumb;thomas_weichselbaum;;;;Bärtlme Winckhler.;baertlme_winckler;;;;;;;
BB-1026;1564-12-15;;Merth Khagerer;martin_kagerer;Schneider;;Textil & Bekleidung;Hannß Mörsch (Schneider).;hans_moersch;Schneider;;;;;ja;
BB-1027;1564-12-27;;Thoman Mayr;thomas_mayr;;;;;;;;;; Hernachbenennte burger haben den 27. tag Decembris anno im 64isten vor erwöllung den aidt gethan.;;
BB-1028;1564-12-27;;Georg Geyr;georg_geyr;Turmer;;Sonstige Dienstleistungen;;;;;;;;ja;
BB-1029;1564-12-27;;Larennz Pockh;laurenz_beck;Schneider;;Textil & Bekleidung;;;;Erstmalig vorstellig am 14. Juli 1564.;;;;ja;
BB-1030;1564-12-27;;Jacob Peitlschieß;jakob_peitlschiess;Sattler, Riemer, Kummetmacher;;Leder & Pelz;;;;;;;;ja;
BB-1031;1564-12-27;;Thoman Weichslpaumb;thomas_weichselbaum;Teppichmacher;;Textil & Bekleidung;;;;Erstmalig vorstellig am 5. Dezember 1564.;;;;ja;
BB-1032;1564-12-27;;Daniel Reichardt;daniel_reichart;Plattner;;Metall & Waffen;;;;;;;;ja;
BB-1033;1565-01-26;;Marthin Reichl;martin_reichl;;;;;;;;;;;;
BB-1034;1565-01-30;;Blasien Ennzesperger;blasius_enzesperger;;;;;;;;;;;;
BB-1035;1565-02-09;;Melchior Gerber;melchior_gerber;Weißgerber;;Leder & Pelz;Hannß Gmundtner, Jacob Anndre.;hans_gmundtner|jakob_anndre;;;;;;ja;
BB-1036;1565-05-04;;Merthen Puechenstainer;martin_puechenstainer;Wirt;;Gastgewerbe & Getraenke;;;;;;;;ja;
BB-1037;1565-05-04;;Sebastian Tiblingers;sebastian_tiblingers;Zimmermann;;Holz, Bau & Stein;;;;;;;;ja;
BB-1038;1565-05-11;;Gall Retting;gall_retting;Seiler;;Transport & Wasserwesen;Jacob Peigel (Wagner).;jakob_peigel;Wagner;;;;;ja;
BB-1039;1565-06-08;;Wilhalbm Angerpeckh;wilhelm_angerpeck;;;;;;;;;;;;
BB-1040;1565-07-16;;Wolffen Haidenreich;wolf_haidenreich;;;;;;;;;;;;
BB-1041;1565-08-23;;Hainrich Stachl;heinrich_stachl;Büchsenschäfter;;Metall & Waffen;Hannß Marsch, Sigmundt Satler.;hans_marsch|sigmund_satler;;;;;;ja;
BB-1042;1565-09-07;;Georgen Schwerthfarb;georg_schwerthfarb;Nagelschmied;;Metall & Waffen;;;;;;;;ja;
BB-1043;1565-09-11;;Wolffgang Reichl;wolfgang_reichl;;;;;;;;;;;;
BB-1044;1565-11-17;;Wolffgang Katzperinnger;wolfgang_katzperinnger;;;;Georg Zobl (Bürger zu Stein), Michl Ralnchoßl (Bürger zu Stein).;georg_zobl|michael_ralnchossl;;;;;;;
BB-1045;1565-12-14;;Leopoldt Kostlach;leopold_kostlach;;;;;;;;;;;;
BB-1046;1565-12-18;;Magnus Scheipl;magnus_scheipl;Hauer;;Landwirtschaft & Weinbau;Michl Rogl.;michael_rogl;;;;;;ja;
BB-1047;1565-12-18;;Lorenz Lener;lorenz_lenner;Glaser;;Holz, Bau & Stein;Ottman Pfannenstill.;ottman_pfannenstill;;;;;;ja;
BB-1048;1565-12-19;;Sigmundt Prandtner;sigmund_prandtner;Lederer;;Leder & Pelz;;;;;;;Hernach benente burger haben vor erwöllung den aidt gethan.;ja;
BB-1049;1565-12-19;;Gall Rettinger;gall_rettinger;Lederer;;Leder & Pelz;;;;;;;;ja;
BB-1050;1565-12-19;;Valten Schreiber;valentin_schreiber;Radschmied;;Metall & Waffen;;;;;;;;ja;
BB-1051;1565-12-19;;Thoman Mulleutner;thomas_mulleutner;Hauer;;Landwirtschaft & Weinbau;;;;;;;;ja;
BB-1052;1565-12-19;;Gabriell Schickh;gabriel_schick;Hauer;;Landwirtschaft & Weinbau;;;;;;;;ja;
BB-1053;1565-12-19;;Merth Kagerer;martin_kagerer;Schneider;;Textil & Bekleidung;;;;Erstmalig vorstellig am 15. Dezember 1564.;;;;ja;
BB-1054;1565-12-19;;Walthaußer Thallman;balthasar_thallman;;;;;;;;;;;;
BB-1055;1565-12-19;;Leonhardt Sailler;leonnhardt_seiler;Bäcker;;Lebensmittelhandwerk;;;;Erstmalig vorstellig am 15. September 1564 und am 21. November 1564.;;;;ja;"personen_id vereinheitlicht (vorher leonhard_seiler): ""Erstmalig vorstellig""-Datum verweist exakt auf BB-1019 (""Leonnhardt Sauller"", Ähnlichkeit 0.914) - dieselbe Person."
BB-1056;1565-12-19;;Sebastian Toblinger;sebastian_tiblingers;Zimmermann;;Holz, Bau & Stein;;;;Erstmalig vorstellig am 4. Mai 1565.;;;;ja;"personen_id vereinheitlicht (vorher sebastian_toblinger): ""Erstmalig vorstellig""-Datum verweist exakt auf BB-1037 (""Sebastian Tiblingers"", Ähnlichkeit 0.923) - dieselbe Person."
BB-1057;1565-12-19;;Georg Straus;georg_straus;Bäcker;;Lebensmittelhandwerk;;;;;;;;ja;
BB-1058;1565-12-19;;Benedict Kaltnprunner;benedikt_kaltenprunner;;;;;;;;;;;;
BB-1059;1565-12-19;;Hanns Obermair;hans_obermair;Bürstenbinder;;Sonstiges Handwerk;;;;Erstmalig vorstellig am 4. August 1564.;;;;ja;
BB-1060;1565-12-19;;Andre Stachl;andreas_stachl;Büchsenschäfter;;Metall & Waffen;;;;;;;;ja;
BB-1061;1565-12-19;;Caspar Silberpaur;kaspar_silberpaur;Hauer;;Landwirtschaft & Weinbau;;;;;;;;ja;
BB-1062;1565-12-19;;Leopoldt Cosstlach;leopold_kostlach;;;;;;;Erstmalig vorstellig am 14. Dezember 1565.;;;;;"personen_id vereinheitlicht (vorher leopold_cosstlach): ""Erstmalig vorstellig""-Datum verweist exakt auf BB-1045 (""Leopoldt Kostlach"", Ähnlichkeit 0.914) - dieselbe Person."
BB-1063;1565-12-19;;Paull Eberwein;paul_eberwein;;;;;;;;;;;;
BB-1064;1565-12-19;;Sigmundt Scheiblmair;sigmund_scheiblmair;;;;;;;;;;;;
BB-1065;1565-12-19;;Georg Jager;georg_jager;Hauer;;Landwirtschaft & Weinbau;;;;;;;;ja;
BB-1066;1565-12-19;;Paul Reichl;paul_reichl;;;;;;;;;;;;
BB-1067;1565-12-19;;Melchior Gärber;melchior_gerber;Weißgerber;;Leder & Pelz;;;;Erstmalig vorstellig am 9. Februar 1565.;;;;ja;"personen_id vereinheitlicht (vorher melchior_gaerber): ""Erstmalig vorstellig""-Datum verweist exakt auf BB-1035 (""Melchior Gerber"", Ähnlichkeit 0.933) - dieselbe Person."
BB-1068;1565-12-19;;Hanns Herzog;hans_herzog;;;;;;;;;;;;
BB-1069;1565-12-19;;Mang Scheibl;mang_scheibl;Hauer;;Landwirtschaft & Weinbau;;;;Erstmalig vorstellig am 18. Dezember 1565.;;;;ja;
BB-1070;1565-12-19;;Lienhardt Wibmer;lienhardt_widmer;Wirt;;Gastgewerbe & Getraenke;;;;;;;;ja;
BB-1071;1565-12-19;;Hanns Englmair;hans_englmair;Fuhrmann;;Transport & Wasserwesen;;;;;;;;ja;
BB-1072;1565-12-19;;Merth Vischer;martin_fischer;Maler;;Kunst, Musik & Unterhaltung;;;;;;;;ja;
BB-1073;1565-12-19;;Merth Purchenstainer;martin_puechenstainer;Wirt;;Gastgewerbe & Getraenke;;;;Erstmalig vorstellig am 4. Mai. 1565.;;;;ja;
BB-1074;1565-12-19;;Christoff Prandthueber;christoph_pranthueber;Händler;;Handel;;;;;;;;ja;
BB-1075;1565-12-19;;Valthen Heußler;valentin_heussler;Schneider;;Textil & Bekleidung;;;;;;;;ja;
BB-1076;1565-12-19;;Paull Dannrer;paul_dannrer;Hauer;;Landwirtschaft & Weinbau;;;;;;;;ja;
BB-1077;1565-12-19;;Urban Prugl;urban_prugl;Hafner;;Holz, Bau & Stein;;;;;;;;ja;
BB-1078;1565-12-19;;Wolff Kazpendl;wolf_kazpendl;Klampferer;;Metall & Waffen;;;;;;;;ja;
BB-1079;1565-12-19;;Wastl Sternegger;wastl_sternegger;Hutmacher;;Textil & Bekleidung;;;;;;;;ja;
BB-1080;1566-02-08;;Colman Schauer;kolman_schauer;Riemer;;Leder & Pelz;Veith Rätsch, Thoman Oßwaldt.;veit_raetsch|thomas_oswaldt;;;;;;ja;
BB-1081;1566-02-15;;Georgen Schneider;georg_schneider;;;;Hanns Gmundtner (Bürger zu Krems), Jacob Rainpeckh (Bürger zu Krems).;hans_gmundtner|jakob_rainpeck;;;;;;;
BB-1082;1566-02-15;;Andreen Langns;andreas_langns;Goldschmied;;Metall & Waffen;;;;;;;;ja;
BB-1083;1566-02-22;;Wolffgang Anzenauers;wolfgang_anzenauers;Maurer;;Holz, Bau & Stein;;;;;;;;ja;
BB-1084;1566-03-15;;Caspar Karl;kaspar_karl;;;;Vater Anthoni Carl (Tischler), Michel Peuger (Tischler).;vater_anthoni_karl|michael_peuger;Tischler|Tischler;;;;;;
BB-1085;1566-03-22;;Jacob Annsperger;jakob_annsperger;Fleischhacker;;Lebensmittelhandwerk;;;;;;;;ja;
BB-1086;1566-03-29;;Georgen Khorman;georg_korman;Beutler;;Leder & Pelz;;;;;;;;ja;
BB-1087;1566-04-10;;Hannsen Gfeller;hans_gfeller;;;;;;;;;;;;
BB-1088;1566-04-19;;Georg Preuer;georg_breuer;Lederer;;Leder & Pelz;;;;;;;;ja;
BB-1089;1566-05-10;;Georg Schwerdtfurb;georg_schwerthfarb;Nagelschmied;;Metall & Waffen;Jacob Waldtkhircher (Sporer), Hanns Kuniß (Buchführer).;jakob_waldtkhircher|hans_kuniss;Sporer|Buchführer;Erstmalig vorstellig am 7. September 1565.;;;;ja;"personen_id vereinheitlicht (vorher georg_schwerdtfurb): ""Erstmalig vorstellig""-Datum verweist exakt auf BB-1042 (""Georgen Schwerthfarb"", Ähnlichkeit 0.842) - dieselbe Person."
BB-1090;1566-05-10;;Georg Korman;georg_korman;Beutler;;Leder & Pelz;Jacob Merz, Andre Reispach.;jakob_merz|andreas_reispach;;Erstmalig vorstellig am 29. März 1566.;;;;ja;
BB-1091;1566-05-10;;Leonhardt Mair;leonhard_mayr;Hofmeister;;Verwaltung, Recht & Bildung;;;;;;;;ja;
BB-1092;1566-05-17;;Walthasar Schaffenrath;balthasar_schaffenrath;Weißgerber;;Leder & Pelz;;;;;;;;ja;
BB-1093;1566-05-17;;Sebastian Wesstermair;sebastian_wesstermair;Gürtler;;Metall & Waffen;Adam Handl, Seyz Messerer.;adam_handl|seyz_messerer;;;;;;ja;
BB-1094;1566-05-28;;Hanns Harpls;hans_harpls;;;;;;;;;;;;
BB-1095;1566-06-28;;Pangraz Geyr;pangraz_geyr;Kampler;;Sonstiges Handwerk;;;;;;;;ja;
BB-1096;1566-07-05;;Wilhalbm Krosperger;wilhelm_krosperger;Fasszieher;;Holz, Bau & Stein;;;;;;;;ja;
BB-1097;1566-07-12;;Cristoffen Schnaidtenpordt;christoph_schnaidtenpordt;;;;;;;;;;;;
BB-1098;1566-07-12;;Ambrosy Pecherl;ambrosius_pecherl;;;;Colman Lisst.;kolman_lisst;;;;;;;
BB-1099;1566-08-30;;Georg Schaider;georg_schaider;;;;;;;;;;;;
BB-1100;1566-11-02;;Valthen Pülsen;valentin_puels;Bürstenbinder;;Sonstiges Handwerk;;;;;;;;ja;
BB-1101;1566-11-22;;Valthen Pulsz;valentin_puels;Bürstenbinder;;Sonstiges Handwerk;;;;Erstmalig vorstellig am 2. November 1566.;;;;ja;
BB-1102;1566-12-13;;Georg Part;georg_part;;;;;;;;;;;;
BB-1103;1566-12-19;;Sizt Vez;sixt_vez;Steinmetz;;Holz, Bau & Stein;;;;;;;;ja;
BB-1104;1566-12-19;;Hannsz Voglmair;hans_voglmair;;;;;;;;;;;;
BB-1105;1566-12-19;;Hanns Treffinger;hans_treffinger;Maurer;;Holz, Bau & Stein;;;;;;;;ja;
BB-1106;1566-12-20;;Magister Myses Neuman;moses_neumann;;;;;;;;;;Hernach benente personen haben vor der erwöllung den burger aidt then.;;
BB-1107;1566-12-20;;Colman Schauer;kolman_schauer;Riemer;;Leder & Pelz;;;;Erstmalig vorstellig am 8. Februar 1566.;;;;ja;
BB-1108;1566-12-20;;Caspar Carl;kaspar_karl;Tischler;;Holz, Bau & Stein;;;;Erstmalig vorstellig am 15. März 1566.;;;;ja;
BB-1109;1566-12-20;;Georg Hörman;georg_korman;Beutler;;Leder & Pelz;;;;Erstmalig vorstellig am 29. März 1566 und am 10. Mai 1566 unter Georgen Khorman.;;;;ja;"personen_id vereinheitlicht (vorher georg_herman): ""Erstmalig vorstellig""-Datum verweist exakt auf BB-1086 (""Georgen Khorman"", Ähnlichkeit 0.889) - dieselbe Person."
BB-1110;1566-12-20;;Sebastian Westermair;sebastian_wesstermair;Gürtler;;Metall & Waffen;;;;Erstmalig vorstellig am 17. Mai 1566.;;;;ja;"personen_id vereinheitlicht (vorher sebastian_westermair): ""Erstmalig vorstellig""-Datum verweist exakt auf BB-1093 (""Sebastian Wesstermair"", Ähnlichkeit 0.976) - dieselbe Person."
BB-1111;1566-12-20;;Pangraz Geyr;pangraz_geyr;Kammmacher;;Sonstiges Handwerk;;;;Erstmalig vorstellig am 28. Juni 1566.;;;;ja;
BB-1112;1566-12-20;;Wilhalbm Kersperger;wilhelm_krosperger;Fasszieher;;Holz, Bau & Stein;;;;Erstmalig vorstellig am 5. Juli 1566 unter Wilhalbm Krosperger.;;;;ja;"personen_id vereinheitlicht (vorher wilhelm_kersperger): ""Erstmalig vorstellig""-Datum verweist exakt auf BB-1096 (""Wilhalbm Krosperger"", Ähnlichkeit 0.947) - dieselbe Person."
BB-1113;1566-12-20;;Valthen Pülß;valentin_puels;Bürstenbinder;;Sonstiges Handwerk;;;;;;;;ja;
BB-1114;1566-12-20;;Hanns Sprinzl;hans_sprinzl;Fuhrmann;;Transport & Wasserwesen;;;;;;;;ja;
BB-1115;1566-12-20;;Thoman Kropf;thomas_kropff;Fuhrmann;;Transport & Wasserwesen;;;;;;;;ja;
BB-1116;1566-12-20;;Valthen Schwester;valentin_schwester;Riemer;;Leder & Pelz;;;;;;;;ja;
BB-1117;1566-12-20;;Bartlme Hochstedter;bartholomaeus_hochstedter;;;;;;;;;;;;
BB-1118;1566-12-20;;Balthasar Schaffenrath;balthasar_schaffenrath;Weißgerber;;Leder & Pelz;;;;;;;;ja;
BB-1119;1566-12-20;;Wilhalbm Angerpeckh;wilhelm_angerpeck;;;;;;;Erstmalig vorstellig am 8. Juni 1565.;;;;;
BB-1120;1566-12-20;;Blasy Enzesperger;blasius_enzesperger;;;;;;;;;;;;
BB-1121;1566-12-20;;Sebastian Zotl;sebastian_zotl;Schuster;;Leder & Pelz;;;;;;;;ja;
BB-1122;1566-12-20;;Sigmundt Kaninger;sigmund_kaninger;Hauer;;Landwirtschaft & Weinbau;;;;;;;;ja;
BB-1123;1566-12-20;;Michel Gartner;michael_gartner;Hauer;;Landwirtschaft & Weinbau;;;;;;;;ja;
BB-1124;1566-12-20;;Georg Hueter;georg_hueter;Lederer;;Leder & Pelz;;;;;;;;ja;
BB-1125;1566-12-20;;Christoff Vrsyn;christoph_vrsyn;;;;;;;;;;;;
BB-1126;1566-12-20;;Wolffgang Reichl;wolfgang_reichl;;;;;;;Erstmalig vorstellig am 11. September 1565.;;;;;
BB-1127;1566-12-20;;Wolff Denschern;wolf_denschern;Binder;;Holz, Bau & Stein;;;;;;;;ja;
BB-1128;1566-12-20;;Georg Ploischl;georg_ploischl;Schiffmann;;Transport & Wasserwesen;;;;;;;;ja;
BB-1129;1566-12-20;;Hanns Lebell;hans_lebell;;;;;;;;;;;;
BB-1130;1566-12-20;;Leopoldt Sittnhouer;leopold_sittnhouer;;;;;;;;;;;;
BB-1131;1567-01-10;;Hannsz Herrenleben;hans_herrenleben;Flaschner;;Metall & Waffen;;;;;;;;ja;
BB-1132;1567-01-10;;Thoman Mulreitter;thomas_mulreitter;;;;;;;;;;;;
BB-1133;1567-01-21;;Sigmunden Fidlers;sigmund_fidlers;Ferrer;;Metall & Waffen;;;;;;;;nein;"Zuordnung zu Wirtschaftssektor unsicher: Bedeutung/Zuordnung des Berufs ""Ferrer"" nicht eindeutig klärbar."
BB-1134;1567-02-28;;David Weber;david_weber;Nestler;;Leder & Pelz;Benedict Tandl, Georg Gmaeirath (Hutmacher).;benedikt_tandl|georg_gmaeirath;|Hutmacher;;;;;ja;
BB-1135;1567-03-07;;Wolff Tenscherz;wolf_tenscherz;Binder;;Holz, Bau & Stein;Hanns Sölner (Binder), Lorenz Kuscher (Binder).;hans_soelner|lorenz_kuscher;Binder|Binder;;;;;ja;
BB-1136;1567-03-21;;Michl Thomb;michael_thamb;Schneider;;Textil & Bekleidung;;;;;;;;ja;
BB-1137;1567-04-11;;Melchior Hainzlman;melchior_hainzlman;Sporer;;Metall & Waffen;Colman Lisst.;kolman_lisst;;;;;;ja;
BB-1138;1567-04-18;;Hannsz Gierl;hans_gierl;;;;;;;;;;;;
BB-1139;1567-04-18;;Leopoldt Hesl;leopold_hesl;Handschuhmacher, Schuster;;Leder & Pelz;Seiz Messerer, Wolff Haider (Schuster).;seiz_messerer|wolf_haider;|Schuster;;;;;ja;
BB-1140;1567-05-02;;Sebastian Nech;sebastian_nech;Sattler;;Leder & Pelz;;;;;;;;ja;
BB-1141;1567-05-09;;Merthen Friz;martin_friz;Wagner;;Holz, Bau & Stein;;;;;;;;ja;
BB-1142;1567-05-16;;Lienhardt Wisinger;lienhardt_wisinger;Bäcker;;Lebensmittelhandwerk;Dionisy Rierer, Georg Rechling.;dionisy_rierer|georg_rechling;;;;;;ja;
BB-1143;1567-05-30;;Christoffen Steinzer;christoff_steinzer;Messerschmied;;Metall & Waffen;;;;;;;;ja;
BB-1144;1567-06-03;;Merthen Friz;martin_friz;Wagner;;Holz, Bau & Stein;;;;Erstmalig vorstellig am 9. Mai 1567.;;;;ja;
BB-1145;1567-06-06;;Georg Schenauers;georg_schenauers;Kotzenmacher, Deckenmacher;;Textil & Bekleidung;;;;;;;;ja;
BB-1146;1567-06-20;;Petter Carl;peter_karl;Bildhauer, Tischler;;Kunst, Musik & Unterhaltung;;;;;;;;ja;
BB-1147;1567-06-20;;Georg Stopf;georg_stopf;Hutmacher;;Textil & Bekleidung;Hanns Aeweiller (Schlosser).;hans_aeweiller;Schlosser;;;;;ja;
BB-1148;1567-07-11;;Hannsz Weerthauff;hans_weerthauff;Bäckerjunge;;Lebensmittelhandwerk;;;;;;;;ja;
BB-1149;1567-07-11;;Wolffgang Mayr;wolfgang_mayr;Hauer;;Landwirtschaft & Weinbau;;;;;;;;ja;
BB-1150;1567-08-05;;Lorenz Schnaidter;lorenz_schnaidter;Sattler;;Leder & Pelz;Michel Pruckhner.;michael_pruckner;;;;;;ja;
BB-1151;1567-08-19;;Herman Gärtler;herman_gaertler;Hutmacher;;Textil & Bekleidung;Veit Lehner, Christoff Praittinger.;veit_lehner|christoph_praittinger;;;;;;ja;
BB-1152;1567-08-29;;Andre Andresz;andreas_andress;Schneider;;Textil & Bekleidung;Bartlme Winckhler, Wilghaser Tallman.;bartholomaeus_winckler|wilghaser_tallman;;;;;;ja;
BB-1153;1567-09-05;;Helias Hertnstain;elias_hertnstain;;;;Rätsch, Tanndl.;raetsch|tanndl;;;;;;;
BB-1154;1567-09-23;;Hannsz Reisnstain;hans_reisnstain;Drechsler;;Holz, Bau & Stein;Ottman Pfannenstill, Blasy Mulner.;ottman_pfannenstill|blasius_muellner;;;;;;ja;
BB-1155;1567-09-27;;Georg Hueber;georg_hueber;;;;;;;;;;;;
BB-1156;1567-10-17;;Ulrich Wagnsperger;ulrich_wagnsperger;;;;;;;;;;;;
BB-1157;1567-12-02;;Ulrich Prener;ulrich_breuer;Beutler;;Leder & Pelz;;;;;;;;ja;
BB-1158;1567-12-02;;Andre Ranzer;andreas_ranzer;Binder;;Holz, Bau & Stein;;;;;;;Hernach beschribne burger haben heunt den burger aidt geschworn gegen furgelegten brieffen.;ja;
BB-1159;1567-12-02;;Cristoff Steinzer;christoph_steinzer;Messerschmied;;Metall & Waffen;;;;;;;;ja;
BB-1160;1567-12-02;;Bartlme Leyrer;bartholomaeus_leyrer;Schlosser;;Metall & Waffen;;;;;;;;ja;
BB-1161;1567-12-02;;Ceith Hoffeiz;ceith_hoffeiz;Zinngießer;;Metall & Waffen;;;;;;;;ja;
BB-1162;1567-12-02;;Lorenz Schnaidter;lorenz_schnaidter;Sattler;;Leder & Pelz;;;;Erstmalig vorstellig am 5. August 1567.;;;;ja;
BB-1163;1567-12-02;;Petter Schwab;peter_schwab;Griffschmied;;Metall & Waffen;;;;;;;;ja;
BB-1164;1567-12-02;;Petter Römer;peter_roemer;;;;;;;;;;;;
BB-1165;1567-12-02;;Lienhardt Wisinger;lienhardt_wisinger;Bäcker;;Lebensmittelhandwerk;;;;Erstmalig vorstellig am 16. Mai 1567.;;;;ja;
BB-1166;1567-12-02;;Georg Parth;georg_parth;;;;;;;;;;;;
BB-1167;1567-12-02;;David Weber;david_weber;Nestler;;Leder & Pelz;;;;Erstmalig vorstellig am 28. Februar 1567.;;;;ja;
BB-1168;1567-12-02;;Lienhardt Riedlinger;lienhardt_ruedlinger;Hauer;;Landwirtschaft & Weinbau;;;;;;;;ja;
BB-1169;1567-12-02;;Gilg Artonan;aegidius_artonan;Hauer;;Landwirtschaft & Weinbau;;;;;;;;ja;
BB-1170;1567-12-02;;Steffan Grafenpeckh;stephan_grafenpeck;Hauer;;Landwirtschaft & Weinbau;;;;;;;;ja;
BB-1171;1567-12-02;;Benedict Hueber;benedikt_hueber;Hauer;;Landwirtschaft & Weinbau;;;;;;;;ja;
BB-1172;1567-12-02;;Wolff Mayr;wolf_mayr;Hauer;;Landwirtschaft & Weinbau;;;;;;;;ja;
BB-1173;1567-12-02;;Reichardt Kranz;reichardt_kranz;Kramer;;Handel;;;;;;;;ja;
BB-1174;1567-12-02;;Hannßen Raidl;hans_raidl;Müller;;Lebensmittelhandwerk;;;;;;;;ja;
BB-1175;1567-12-02;;Davidt Neideckher;david_neidecker;;;;;;;;;;;;
BB-1176;1567-12-02;;Thoman Hienermair;thomas_hienermair;Schleiffer;;Metall & Waffen;;;;;;;;ja;
BB-1177;1567-12-02;;Petter Carl;peter_karl;Tischler, Bildhauer;;Holz, Bau & Stein;;;;;;;;ja;
BB-1178;1567-12-02;;Andre Parger;andreas_perger;;;;;;;;;;;;
BB-1179;1567-12-02;;Joachim Kranperger;joachim_kranperger;;;;;;;;;;;;
BB-1180;1567-12-02;;Hannß Reißnstain;hans_reisnstain;Drechsler;;Holz, Bau & Stein;;;;Erstmalig vorstellig am 23. September 1567.;;;;ja;"personen_id vereinheitlicht (vorher hans_reissnstain): ""Erstmalig vorstellig""-Datum verweist exakt auf BB-1154 (""Hannsz Reisnstain"", Ähnlichkeit 0.97) - dieselbe Person."
BB-1181;1567-12-02;;Hannß Teurkhauff;hans_teurkhauff;Bäcker;;Lebensmittelhandwerk;;;;;;;;ja;
BB-1182;1567-12-02;;Herman Myedr;herman_myedr;Hutmacher;;Textil & Bekleidung;;;;;;;;ja;
BB-1183;1567-12-02;;Bärtl Trändtl;bartholomaeus_traendtl;;;;;;;;;;;;
BB-1184;1567-12-02;;Georg Stapf;georg_stopf;Hutmacher;;Textil & Bekleidung;;;;Erstmalig vorstellig am 20. Juni 1567.;;;;ja;"personen_id vereinheitlicht (vorher georg_stapf): ""Erstmalig vorstellig""-Datum verweist exakt auf BB-1147 (""Georg Stopf"", Ähnlichkeit 0.909) - dieselbe Person."
BB-1185;1567-12-02;;Georg Loibl;georg_loibl;Fleischhacker;;Lebensmittelhandwerk;;;;;;;;ja;
BB-1186;1567-12-02;;Ambrosy Helbm;ambrosius_helbm;;;;;;;;;;;;
BB-1187;1567-12-02;;Merth Khernstockh;martin_kernstock;;;;;;;;;;;;
BB-1188;1567-12-02;;Gebhardt Hauser;gebhard_hauser;;;;;;;;;;;;
BB-1189;1567-12-02;;Hanns Turmer;hans_tuermer;Binder;;Holz, Bau & Stein;;;;;;;;ja;
BB-1190;1567-12-02;;Mang Kennter;mang_kennter;Hauer;;Landwirtschaft & Weinbau;;;;;;;;ja;
BB-1191;1567-12-02;;Pettern Peidl;pettern_peidl;;;;;;;;;;;;
BB-1192;1567-12-02;;Christoffen Tauffkhircher;christoff_taufkircher;Schuster;;Leder & Pelz;;;;;;;;ja;
BB-1193;1567-12-12;;Pttern Ratgen;pttern_ratgen;Maurer;;Holz, Bau & Stein;;;;;;;;ja;
BB-1194;1567-12-19;;Rueprecht Starckh;ruprecht_stack;;;;;;;;;;;;
BB-1195;1567-12-24;;Melchior Hainzlman;melchior_hainzlman;Sporer;;Metall & Waffen;;;;Erstmalig vorstellig am 11. April 1567.;;;Heunt haben nachvolgunde burger zu Krembsz vor erwöllung der ratspersonen den aidt geschwon.;ja;
BB-1196;1567-12-24;;Andre Andres;andreas_andress;Schneider;;Textil & Bekleidung;;;;Erstmalig vorstellig am 29. August 1567.;;;;ja;"personen_id vereinheitlicht (vorher andreas_andres): ""Erstmalig vorstellig""-Datum verweist exakt auf BB-1152 (""Andre Andresz"", Ähnlichkeit 0.96) - dieselbe Person."
BB-1197;1567-12-24;;Elias Hertnstain;elias_hertnstain;Goldschmied;;Metall & Waffen;;;;Erstmalig vorstellig am 5. September 1567.;;;;ja;
BB-1198;1567-12-24;;Georg Richalbm;georg_richalbm;Kramer;;Handel;;;;;;;;ja;
BB-1199;1567-12-24;;Jacob Annsperger;jakob_annsperger;Fleischhacker;;Lebensmittelhandwerk;;;;Erstmalig vorstellig am 22. März 1566.;;;;ja;
BB-1200;1567-12-24;;Christoff Pernkhasst;christoph_pernkhasst;Goldschmied;;Metall & Waffen;;;;;;;;ja;
BB-1201;1567-12-24;;Ambrosy Pecherl;ambrosius_pecherl;Kotzenmacher;;Textil & Bekleidung;;;;Erstmalig vorstellig am 12. Juli 1566.;;;;ja;
BB-1202;1567-12-24;;Thoman Niderndorffer;thomas_niderndorffer;Hauer;;Landwirtschaft & Weinbau;;;;;;;;ja;
BB-1203;1567-12-24;;Hanns Kegl;hans_kegl;;;;;;;;;;;;
BB-1204;1567-12-24;;Georg Fuetterer;georg_fuetterer;;;;;;;;;;;;
BB-1205;1567-12-24;;Hanns Halbmair;hans_halbmair;Kramer;;Handel;;;;;;;;ja;
BB-1206;1567-12-24;;Petter Hiebaldt;peter_hiebaldt;;;;;;;;;;;;
BB-1207;1567-12-24;;Batlme Lackhner;batlme_lackner;Wagner;;Holz, Bau & Stein;;;;;;;;ja;
BB-1208;1567-12-24;;Leonhardt Mayr;leonhard_mayr;;;;;;;Erstmalig vorstellig am 10. Mai 1566.;;;;;
BB-1209;1567-12-24;;Georg Preuer;georg_breuer;Lederer;;Leder & Pelz;;;;Erstmalig vorstellig am 19. April 1566.;;;;ja;
BB-1210;1567-12-24;;Thoman Thumung;thomas_thumung;Hauer;;Landwirtschaft & Weinbau;;;;;;;;ja;
BB-1211;1567-12-24;;Hanns Hornleben;hans_hornleben;Flaschner;;Metall & Waffen;;;;;;;;ja;
BB-1212;1567-12-24;;Wenzl Pfann;wenzel_pfann;Schmied;;Metall & Waffen;;;;;;;;ja;
BB-1213;1567-12-24;;Andre Stainnger;andreas_staininger;Fuhrmann;;Transport & Wasserwesen;;;;;;;;ja;
BB-1214;1567-12-24;;Achazier Rauch;zacharias_rauch;Lederer;;Leder & Pelz;;;;;;;;ja;
BB-1215;1567-12-24;;Steffan Hanglmair;stephan_hanglmair;Hauer;;Landwirtschaft & Weinbau;;;;;;;;ja;
BB-1216;1568-01-02;;Wolff Perckhamer;wolf_puerckhamer;Tuchmacher;;Textil & Bekleidung;Steffan Garhaimer.;stephan_garhaimer;;;;;;ja;
BB-1217;1568-02-20;;Marx Kobaindl;markus_kobaindl;Hutmacher;;Textil & Bekleidung;Seiz Messerer, Georg Gmainrach (Hutmacher).;seiz_messerer|georg_gmainrach;|Hutmacher;;;;;ja;
BB-1218;1568-02-27;;Veit Reichl;veit_reichl;Badergeselle;;Gesundheit;;;;;;;;ja;
BB-1219;1568-03-15;;Steffan Krenauer;stephan_krenauer;Seiler;;Transport & Wasserwesen;;;;;;;;ja;
BB-1220;1568-03-23;;Hanns Jordan;hans_jordan;Färber;;Textil & Bekleidung;Ambrosy Zwetler.;ambrosius_zwetler;;;;;;ja;
BB-1221;1568-03-23;;Hanns Muelstetter;hans_muelstetter;;;;Wolff Kopferle (Schneider) (Bürger zu Krems), Walthauser Thallman (Schneider);wolf_kopferle|walthauser_talman;Schneider|Schneider;;;;;;
BB-1222;1568-05-08;;Steffan Khrenauer;stephan_krenauer;Seiler;;Transport & Wasserwesen;;;;Erstmalig vorstellig am 15. März 1568.;;;;ja;
BB-1223;1568-05-11;;Peter Rumpler;peter_rumpler;Barbier;;Gesundheit;;;;;;;;ja;
BB-1224;1568-06-22;;Thoman Liemain;thomas_liemain;;;;;;;;;;;;
BB-1225;1568-07-02;;Dionisy Grimer;dionisy_grimer;Zimmerknecht;;Holz, Bau & Stein;;;;;;;;ja;
BB-1226;1568-07-27;;Pauln Diendorffer;paul_diendorffer;;;;;;;;;;;;
BB-1227;1568-08-06;;Merth Khneissl;martin_kneissl;;;;;;;;;;;;
BB-1228;1568-08-09;;Christoffen Puechner;christoph_puechner;Schwarzfärber;;Textil & Bekleidung;;;;;;;;ja;
BB-1229;1568-08-12;;Petern Rumpler;peter_rumpler;Barbier;;Gesundheit;;;;Erstmalig vorstellig am 11. Mai 1568.;;;;ja;
BB-1230;1568-08-18;;Steffan Rarhofer;stephan_rarhofer;Schneider;;Textil & Bekleidung;;;;;;;;ja;
BB-1231;1568-08-20;;Wolfn Horandtn;wolf_horandtn;;;;;;;;;;;;
BB-1232;1568-08-20;;Melcharten Khneiszl;martin_kneissl;;;;;;;Erstmalig vorstellig am 6. August 1568 unter Merth Khneissl;;;;;
BB-1233;1568-08-27;;Wolffn Prandstetter;wolf_pranntstetter;;;;;;;;;;;;
BB-1234;1568-09-14;;Sigmund Abstetter;sigmund_abstetter;Schneider;;Textil & Bekleidung;;;;;;;;ja;
BB-1235;1568-09-20;;Thoman Diez;thomas_diez;Schneider;;Textil & Bekleidung;Walthauser Talman (Schneider), Wolff Khepferl (Schneider).;walthauser_talman|wolf_kopferle;Schneider|Schneider;;;;;ja;
BB-1236;1568-09-24;;Hannsz Weber;hans_weber;Schneider;;Textil & Bekleidung;Ambrosy Riß (Schmied), Sebastian Mannhofer (Schuster).;ambrosius_riss|sebastian_mannhofer;Schmied|Schuster;;;;;ja;
BB-1237;1568-09-25;;Veit Reichel;veit_reichl;Bader;;Gesundheit;Peter Rat (Bürger zu Krems), Georg Zindler (Riemer) (Bürger zu Krems).;peter_rat|georg_zindler;|Riemer;;;;;ja;
BB-1238;1568-11-05;;Hanns Khleblath;hans_kleblath;Schneider;;Textil & Bekleidung;;;;;;;;ja;
BB-1239;1568-11-05;;Mert Friesz;martin_friess;Wagner;;Holz, Bau & Stein;;;;Erstmalig vorstellig am 3. Juni 1567.;;;;ja;
BB-1240;1568-11-09;;Peter Widnerstorffer;peter_widnerstorffer;;;;;;;;;;;;
BB-1241;1568-11-12;;Wolffen Forster;wolf_vorster;;;;;;;;;;;;
BB-1242;1568-11-12;;Christoffen Puechner;christoph_puechner;;;;;;;Erstmalig vorstellig am 9. August 1568.;;;burgermaister, richter und rath beeder stet biß auf den aidt angelubdt. Darauf ime dann der begert abschiedt bewilligt.;;
BB-1243;1568-11-12;;Peter Widmerstorffer;peter_widnerstorffer;;;;;;;Erstmalig vorstellig am 9. November 1568.;;;;;"personen_id vereinheitlicht (vorher peter_widmerstorffer): ""Erstmalig vorstellig""-Datum verweist exakt auf BB-1240 (""Peter Widnerstorffer"", Ähnlichkeit 0.95) - dieselbe Person."
BB-1244;1568-12-03;;Jacob Haugain;jakob_haugain;;;;;;;Lediger gsell.;;;;;
BB-1245;1568-12-10;;Wolff Behamb;wolf_behaimb;;;;;;;Abschiedt und kundschafft brieff furbracht, so verlesen worden. Hat an heint dato;;;;;
BB-1246;1568-12-10;;Benedict Springer;benedikt_springer;Binder;;Holz, Bau & Stein;;;;;;;;ja;
BB-1247;1568-12-11;;Steffan Rarhofer;stephan_rarhofer;Schneider;;Textil & Bekleidung;Colman Lisst.;kolman_lisst;;Erstmalig vorstellig am 18. August 1568.;;;;ja;
BB-1248;1568-12-11;;Hannsz Thier;hans_thier;Zinngießer;;Metall & Waffen;Veit Ratsch.;veit_ratsch;;;;;;ja;
BB-1249;1568-12-11;;Hannsz Stainer;hans_stainer;;;;;;;;;;;;
BB-1250;1568-12-14;;Wolff Rettenbacher;wolf_rettenbacher;;;;Paul Wurmb, Erhardt Feringer.;paul_wurmb|erhard_feringer;;;;;;;
BB-1251;1568-12-17;;Wolff Christoffen;wolf_christoffen;Haubenmacher;ja;Textil & Bekleidung;;;;;;;Hernachbenente personen haben vor der erwöllung den burger aidt gethon.;ja;"Berufsbezeichnung ""Haubenmacher"" im Quellentext schwer leserlich bzw. Schreibweise/Lesart unsicher."
BB-1252;1568-12-17;;Mert Ortner;martin_ortner;;;;;;;;;;;;
BB-1253;1568-12-17;;Anndre Diendorffer;andreas_diendorffer;;;;;;;;;;;;
BB-1254;1568-12-17;;Sebastian Rath;sebastian_rath;;;;;;;;;;;;
BB-1255;1568-12-17;;Wolff Christoff;wolf_christoffen;Haubenmacher;ja;Textil & Bekleidung;;;;Erstmalig vorstellig am 17. Dezember 1568.;;;;ja;"Berufsbezeichnung ""Haubenmacher"" im Quellentext schwer leserlich bzw. Schreibweise/Lesart unsicher. | personen_id vereinheitlicht (vorher wolf_christoff): ""Erstmalig vorstellig""-Datum verweist exakt auf BB-1251 (""Wolff Christoffen"", Ähnlichkeit 0.938) - dieselbe Person."
BB-1256;1568-12-17;;Marx Popper;markus_popper;;;;;;;;;;;;
BB-1257;1568-12-17;;Walthauser Lederer;balthasar_lederer;Fischer;;Lebensmittelhandwerk;;;;;;;;ja;
BB-1258;1568-12-17;;Wolff Behamb;wolf_behaimb;Hauer;;Landwirtschaft & Weinbau;;;;Erstmalig vorstellig am 10. Dezember 1568.;;;;ja;
BB-1259;1568-12-17;;Anndre Stern;andreas_stern;;;;;;;;;;;;
BB-1260;1568-12-17;;Benedict Springer;benedikt_springer;Binder;;Holz, Bau & Stein;;;;Erstmalig vorstellig am 10. Dezember 1568.;;;;ja;
BB-1261;1568-12-17;;Bartlme Behamb;bartholomaeus_behaimb;Fleischhacker;;Lebensmittelhandwerk;;;;;;;;ja;
BB-1262;1568-12-17;;Adam Perger;adam_perger;Fischer;;Lebensmittelhandwerk;;;;;;;;ja;
BB-1263;1568-12-17;;Steffan Rarhofer;stephan_rarhofer;Schneider;;Textil & Bekleidung;;;;Erstmalig vorstellig am 18. August 1568.;;;;ja;
BB-1264;1568-12-17;;Philip Frodich;philip_frodich;Goldschmied;;Metall & Waffen;;;;;;;;ja;
BB-1265;1568-12-17;;Georg Flezer;georg_flezer;Hauer;;Landwirtschaft & Weinbau;;;;;;;;ja;
BB-1266;1568-12-17;;Veit Reichel;veit_reichl;Bader;;Gesundheit;;;;Erstmalig vorstellig am 25. Dezember 1568.;;;;ja;"Das Datum in ""Erstmalig vorstellig am..."" liegt nach dem Haupt-Registrierungsdatum. In der ursprünglichen Diplomarbeit stehen die Fußnoten mit diesen Angaben gesammelt HINTER der gesamten Personenliste einer Seite, nicht direkt bei der jeweiligen Person - bei der Digitalisierung ist die Fußnote-zu-Person-Zuordnung an dieser Stelle vermutlich verrutscht. Sollte gegen die Originalquelle (Fußnotennummern) neu abgeglichen werden."
BB-1267;1568-12-17;;Christoff Zwickher;christoph_zwicker;Bäcker;;Lebensmittelhandwerk;;;;;;;;ja;
BB-1268;1568-12-17;;Mathias Resch;matthias_resch;Doktor;;Gesundheit;;;;;;;;ja;
BB-1269;1568-12-17;;Peter Widmerstorffer;peter_widnerstorffer;;;;;;;Erstmalig vorstellig am 9. November 1568 und am 12. November 1568.;;;;;"personen_id vereinheitlicht (vorher peter_widmerstorffer): ""Erstmalig vorstellig""-Datum verweist exakt auf BB-1240 (""Peter Widnerstorffer"", Ähnlichkeit 0.95) - dieselbe Person."
BB-1270;1568-12-17;;Hanns Jordan;hans_jordan;Färber;;Textil & Bekleidung;;;;Erstmalig vorstellig am 23. März 1568.;;;;ja;
BB-1271;1568-12-17;;Wolff Förster;wolf_foerster;Lederer;;Leder & Pelz;;;;;;;;ja;
BB-1272;1568-12-17;;Hanns Weber;hans_weber;Schneider;;Textil & Bekleidung;;;;Erstmalig vorstellig am 24. September 1568.;;;;ja;
BB-1273;1568-12-17;;Thoman Part;thomas_part;;;;;;;;;;;;
BB-1274;1568-12-17;;Steffan Khrenauer;stephan_krenauer;Seiler;;Transport & Wasserwesen;;;;Erstmalig vorstellig am 8. Mai 1568.;;;;ja;
BB-1275;1568-12-17;;Peter Lanng;peter_lanng;Schuster;;Leder & Pelz;;;;;;;;ja;
BB-1276;1568-12-17;;Achazi Rauch;achazi_rauch;Lederer;;Leder & Pelz;;;;;;;;ja;
BB-1277;1568-12-17;;Wolff Palt;wolf_palt;;;;;;;;;;;;
BB-1278;1568-12-17;;Marx Erlmülner;markus_erlmuelner;;;;;;;;;;;;
BB-1279;1568-12-17;;Gilg Leitgeb;aegidius_leitgeb;;;;;;;;;;;;
BB-1280;1568-12-17;;Wolff Neumayr;wolf_neumair;;;;;;;;;;;;
BB-1281;1568-12-17;;Thoman Diez;thomas_diez;Schneider;;Textil & Bekleidung;;;;Erstmalig vorstellig am 20. September 1568.;;;;ja;
BB-1282;1568-12-17;;Georg Wiollandt;georg_wiollandt;;;;;;;;;;;;
BB-1283;1568-12-17;;Marx Lonoim;markus_lonoim;Hutmacher;;Textil & Bekleidung;;;;;;;;ja;
BB-1284;1568-12-17;;Wolff Rettenpacher;wolf_rettenbacher;Haubenschmidt;;Metall & Waffen;;;;Erstmalig vorstellig am 14. Dezember 1568.;;;;ja;"personen_id vereinheitlicht (vorher wolf_rettenpacher): ""Erstmalig vorstellig""-Datum verweist exakt auf BB-1250 (""Wolff Rettenbacher"", Ähnlichkeit 0.944) - dieselbe Person."
BB-1285;1568-12-17;;Christoff Anngerer;christoph_anngerer;Hauer;;Landwirtschaft & Weinbau;;;;;;;;ja;
BB-1286;1568-12-17;;Wolff Miendl;wolf_miendl;;;;;;;;;;;;
BB-1287;1568-12-17;;Leopoldten Jungkhman;leopold_jungkhman;;;;;;;;;;;;
BB-1288;1568-12-17;;Bernhardt Spizer;bernhard_spizer;Salzleger;;Handel;;;;;;;;ja;
BB-1289;1568-12-17;;Hannß Schachner;hans_schachner;Lebzelter;;Lebensmittelhandwerk;;;;;;;;ja;
BB-1290;1568-12-17;;Christoff Thauffkhircher;christoph_taufkhircher;Schuster;;Leder & Pelz;;;;;;;;ja;
BB-1291;1568-12-17;;Ulrich Preu;ulrich_preu;Beutler;;Leder & Pelz;;;;;;;;ja;
BB-1292;1568-12-17;;Hannß Purckhl;hans_purckl;;;;;;;;;;;;
BB-1293;1568-12-17;;Niclas Ferber;niklas_ferber;Schuster;;Leder & Pelz;;;;;;;;ja;
BB-1294;1568-12-17;;Christoff Purchner;christoph_puechner;Färber;;Textil & Bekleidung;;;;Erstmalig vorstellig am 9. August 1568.;;;;ja;
BB-1295;1568-12-17;;Caspar Natterer;kaspar_natterer;Hauer;;Landwirtschaft & Weinbau;;;;;;;;ja;
BB-1296;1568-12-17;;Sigmund Abstetter;sigmund_abstetter;Schneider;;Textil & Bekleidung;;;;Erstmalig vorstellig am 14. September 1568.;;;;ja;
BB-1297;1569-01-07;;Hannsz Voglgsang;hans_voglgsang;Bindergeselle;;Holz, Bau & Stein;;;;;;;;ja;
BB-1298;1569-02-25;;Lienhard Heiszpeckhen;lienhard_heisspeck;;;;;;;;;;;;
BB-1299;1569-05-09;;Wolff Prandsteter;wolf_prandsteter;;;;;;;;;;;;
BB-1300;1569-05-27;;Georg Oxlmair;georg_oxlmair;;;;Wilhalbm Pitterstorffer, Sebastian Rosch.;wilhalbm_pitterstorffer|sebastian_rosch;;;;;;;
BB-1301;1569-06-08;;Wolff Hofstetter;wolf_hoffstetter;;;;;;;;;;;;
BB-1302;1569-06-10;;Georg Wornndl;georg_wornndl;;;;;;;;;;;;
BB-1303;1569-06-17;;Eraszm Anwaiger;erasmus_anwaiger;Deckenmacher;;Textil & Bekleidung;;;;;;;;ja;
BB-1304;1569-07-15;;Anndre Prunner;andreas_brunner;;;;Wilhalbm Anngerpeckh (Bürger zu Krems).;wilhelm_angerpeck;;;;;;;
BB-1305;1569-07-19;;Hannsz Mosner;hans_mosner;Leineweber;;Textil & Bekleidung;Hannß Helbm.;hans_helbm;;;;;;ja;
BB-1306;1569-08-05;;Wilhalbm Smidhueber;wilhelm_smidhueber;;;;;;;;;;;;
BB-1307;1569-08-08;;Bärtlme Prieffer;bartholomaeus_prieffer;;;;Ulrich Wabmsperger (Bürger zu Stein).;ulrich_wabmsperger;;;;;;;
BB-1308;1569-08-26;;Hannsz Schneyr;hans_schneyr;;;;Benedict Preiß.;benedikt_preiss;;;;;;;
BB-1309;1569-12-22;;Thoman Schnotzinger;thomas_schnotzinger;;;;;;;;;;Hernachbenente burger haben den 22. Decembris anno im 69isten vor erwellung den aidt gethon.;;
BB-1310;1569-12-22;;Georg Ochslmair;georg_oxlmair;Tuchscherer;;Textil & Bekleidung;;;;Erstmalig vorstellig am 27. Mai 1569.;;;;ja;"personen_id vereinheitlicht (vorher georg_ochslmair): ""Erstmalig vorstellig""-Datum verweist exakt auf BB-1300 (""Georg Oxlmair"", Ähnlichkeit 0.857) - dieselbe Person."
BB-1311;1569-12-22;;Wilhalbm Schmidthueber;wilhelm_smidhueber;Zimmermann;;Holz, Bau & Stein;;;;Erstmalig vorstellig am 5. August 1569.;;;;ja;"personen_id vereinheitlicht (vorher wilhelm_schmidthueber): ""Erstmalig vorstellig""-Datum verweist exakt auf BB-1306 (""Wilhalbm Smidhueber"", Ähnlichkeit 0.927) - dieselbe Person."
BB-1312;1569-12-22;;Hanns Schneyer;hans_schneyr;Taschner;;Leder & Pelz;;;;Erstmalig vorstellig am 26. August 1569.;;;;ja;"personen_id vereinheitlicht (vorher hans_schneyer): ""Erstmalig vorstellig""-Datum verweist exakt auf BB-1308 (""Hannsz Schneyr"", Ähnlichkeit 0.929) - dieselbe Person."
BB-1313;1569-12-22;;Georg Vischer;georg_fischer;Kupferschmied;;Metall & Waffen;;;;;;;;ja;
BB-1314;1569-12-22;;Michl Damb;michael_damb;Schneider;;Textil & Bekleidung;;;;;;;;ja;
BB-1315;1569-12-22;;Sebastian Schertzer;sebastian_schertzer;;;;;;;;;;;;
BB-1316;1569-12-22;;Hanns Zirkhinger;hans_zirkhinger;Hauer;;Landwirtschaft & Weinbau;;;;;;;;ja;
BB-1317;1569-12-22;;Sigmundt Walch;sigmund_walch;Hauer;;Landwirtschaft & Weinbau;;;;;;;;ja;
BB-1318;1569-12-22;;Cristoff Hauer sonst Pger genannt;christoph_hauer;;;;;;;;;;;;
BB-1319;1569-12-22;;Cristoff Fragner;christoph_fragner;;;;;;;;;;;;
BB-1320;1569-12-22;;Merth Meyner;martin_meyner;Leitgeb;;Gastgewerbe & Getraenke;;;;;;;;ja;
BB-1321;1569-12-22;;Leonhart Heys;leonhard_heys;Bäcker;;Lebensmittelhandwerk;;;;;;;;ja;
BB-1322;1569-12-22;;Asmb Staininger;erasmus_staininger;Hauer;;Landwirtschaft & Weinbau;Ambrosi Winkhler.;ambrosi_winkhler;;;;;;ja;
BB-1323;1569-12-22;;Hanns Holzman;hans_holzman;;;;;;;;;;;;
BB-1324;1569-12-22;;Hanns Bambinsteur;hans_bambinsteur;;;;;;;;;;;;
BB-1325;1569-12-22;;Joseph Bab;joseph_bab;Sporer;;Metall & Waffen;;;;;;;;ja;
BB-1326;1569-12-22;;Georg Werndl;georg_werndl;;;;;;;;;;;;
BB-1327;1569-12-22;;Hanns Modl;hans_modl;Schmied;;Metall & Waffen;;;;;;;;ja;
BB-1328;1569-12-22;;Christoff Weiss;christoph_weiss;;;;;;;;;;;;
BB-1329;1569-12-22;;Bartlme Derll;bartholomaeus_derll;;;;;;;;;;;;
BB-1330;1569-12-22;;Cristoff Winckhler;christoph_winckler;;;;;;;;;;;;
BB-1331;1569-12-22;;Michl Ruedlsperger;michael_ruedlsperger;Bäcker;;Lebensmittelhandwerk;;;;;;;;ja;
BB-1332;1569-12-22;;Mathesz Herman;matthias_herman;Schlosser;;Metall & Waffen;;;;;;;;ja;
BB-1333;1569-12-22;;Valtin Bockh;valentin_bock;Sporer;;Metall & Waffen;;;;;;;;ja;
BB-1334;1569-12-22;;Peter Danckhler;peter_danckler;Schneider;;Textil & Bekleidung;;;;;;;;ja;
BB-1335;1569-12-22;;Gilg Sumer;aegidius_sumer;Hauer;;Landwirtschaft & Weinbau;;;;;;;;ja;
BB-1336;1569-12-22;;Abraham Kostlach;abraham_kostlach;Hauer;;Landwirtschaft & Weinbau;;;;;;;;ja;
BB-1337;1569-12-22;;Blasi Doll;blasius_doll;Hauer;;Landwirtschaft & Weinbau;;;;;;;;ja;
BB-1338;1569-12-22;;Balthauser Khretschmair;balthasar_kretschmair;Binder;;Holz, Bau & Stein;;;;;;;;ja;
BB-1339;1569-12-22;;Wolff Schmid;wolf_schmid;Hauer;;Landwirtschaft & Weinbau;;;;;;;;ja;
BB-1340;1569-12-22;;Mert Frueeisen;martin_frueeisen;Wagner;;Holz, Bau & Stein;;;;;;;;ja;
BB-1341;1569-12-22;;Peter Painstadl;peter_painstadl;Färber;;Textil & Bekleidung;;;;;;;;ja;
BB-1342;1569-12-22;;Erasmus Anweiger;erasmus_anwaiger;Deckenmacher;;Textil & Bekleidung;;;;Erstmalig vorstellig am 17. Juni 1569.;;;;ja;
BB-1343;1569-12-22;;Georg Droll;georg_doll;Hauer;;Landwirtschaft & Weinbau;;;;;;;;ja;
BB-1344;1569-12-22;;Hanns Eschebeckh;hans_eschebeck;;;;;;;;;;;;
BB-1345;1569-12-22;;Leopolt Schartner;leopold_schartner;Koch;;Lebensmittelhandwerk;;;;;;;;ja;
BB-1346;1569-12-22;;Christoff Khütt;christoph_kuett;Weißgerber;;Leder & Pelz;;;;;;;;ja;
BB-1347;1569-12-22;;Wolff Breuer;wolf_breuer;Kupferschmied;;Metall & Waffen;;;;;;;;ja;
BB-1348;1569-12-22;;Veidt Fuxeder;veit_fuxeder;Bäcker;;Lebensmittelhandwerk;;;;;;;;ja;
BB-1349;1569-12-22;;Wolff Ernreich;wolf_ernreich;;;;;;;;;;;;
BB-1350;1569-12-22;;Sebastian Maierhofer;sebastian_maierhofer;;;;;;;;;;;;
BB-1351;1569-12-22;;Michl Veigell;michael_veigell;;;;;;;;;;;;
BB-1352;1569-12-22;;Leonhart Reichamer;leonhard_reichamer;;;;;;;;;;;;
BB-1353;1569-12-22;;Abraham Puechamer;abraham_puechamer;;;;;;;;;;;;
BB-1354;1569-12-22;;Mathes Spaudl;matthaeus_spaudl;Hauer;;Landwirtschaft & Weinbau;;;;;;;;ja;
BB-1355;1569-12-22;;Jeronimus Willtberger;hieronimus_willtberger;;;;;;;;;;;;
BB-1356;1571-01-12;;Matheuß Khagerer;matthaeus_kagerer;;;;Ambrosin Riß, Paul Wurmb.;ambrosin_riss|paul_wurmb;;;;;;;
BB-1357;1571-01-12;;Caspar Oßwalt;kaspar_osswalt;Schlosser;;Metall & Waffen;;;;;;;;ja;
BB-1358;1571-02-08;;Fridrich Ostahueber;friedrich_ostahueber;Lederer;;Leder & Pelz;;;;;;;;ja;
BB-1359;1571-03-02;;Cristof Tallinger;christoph_tallinger;;;;;;;;;;;;
BB-1360;1571-03-10;;Caspar Sandrer;kaspar_sandrer;Nagelschmied;;Metall & Waffen;;;;;;;;ja;
BB-1361;1571-03-10;;Lorentzen Portenhauser;lorenz_portenhauser;Bäcker;;Lebensmittelhandwerk;;;;;;;;ja;
BB-1362;1571-03-30;;Thoman Gumpoltzhamer;thomas_gumpoltzhamer;;;;Thoman Oßwolt (Riemer) (Bürger zu Krems), Voltin Schwesinger (Riemer) (Bürger zu Krems).;thomas_osswolt|voltin_schwesinger;Riemer|Riemer;;;;;;
BB-1363;1571-04-20;;Hannßen Hirschlach;hannssen_hirschlach;Panzermacher;;Metall & Waffen;;;;;;;;ja;
BB-1364;1571-05-04;;Hanß Oberleutner;hans_oberleutner;Schuster;;Leder & Pelz;;;;;;;;ja;
BB-1365;1571-05-08;;Sigmundt Mötl;sigmund_moetl;Tuchscherer;;Textil & Bekleidung;;;;;;;;ja;
BB-1366;1571-05-11;;Hanß Ortner;hans_ortner;Maurer;;Holz, Bau & Stein;;;;;;;;ja;
BB-1367;1571-05-11;;Melchior Vnkhaut;melchior_vnkhaut;Kupferschmied;;Metall & Waffen;;;;;;;;ja;
BB-1368;1571-05-15;;Michael Eggl;michael_eggl;Zimmermann;;Holz, Bau & Stein;;;;;;;;ja;
BB-1369;1571-05-18;;Hannß Reutner;hans_reutner;;;;;;;;;;;;
BB-1370;1571-06-01;;Hannß Taxler;hans_taxler;Lebzelter;;Lebensmittelhandwerk;Sebastian Rösch, Cristoff Ernnsthoffer.;sebastian_roesch|christoph_ernnsthoffer;;;;;;ja;
BB-1371;1571-06-01;;Lorennz Portenhauser;lorenz_portenhauser;;;;Georg Rorer (Hafner), Khillin Achleutner.;georg_rorer|khillin_achleutner;Hafner|;;;;;;
BB-1372;1571-06-08;;Carl Rambich;carl_rambich;Schlosser;;Metall & Waffen;;;;;;;;ja;
BB-1373;1571-06-12;;Paul Sunger;paul_sunger;;;;Georgen Zeidler, Leopolten Tonner.;georg_zeidler|leopold_tonner;;;;;;;
BB-1374;1571-07-10;;Salomon Schmidl;salomon_schmidl;Drechsler;;Holz, Bau & Stein;Glasien Malner (Drechsler).;glasien_malner;Drechsler;;;;;ja;
BB-1375;1571-08-09;;Niclaß Melnapfl;niklas_melnapfl;Buchbinder;;Sonstiges Handwerk;;;;;;;;ja;
BB-1376;1571-08-28;;Hansen Rimbsers;hansen_rimbsers;Tischler;;Holz, Bau & Stein;;;;;;;;ja;
BB-1377;1571-09-11;;Lienhart Marquart;lienhart_marquart;;;;;;;;;;;;
BB-1378;1571-12-29;;Melchior Behams;melchior_behaimb;Nadler;;Metall & Waffen;;;;;;;Hernachbenente bürger haben den 29. December a(nno) 71isten vor erwellung den aidt gethon.;ja;
BB-1379;1571-12-29;;Paul Straubinger;paul_straubinger;Messerschmied;;Metall & Waffen;;;;;;;;ja;
BB-1380;1571-12-29;;Wolff Khiendll;wolf_kiendll;Goldschmied;;Metall & Waffen;;;;;;;;ja;
BB-1381;1571-12-29;;Sebastian Mairhauser;sebastian_mairhauser;Fleischhacker;;Lebensmittelhandwerk;;;;;;;;ja;
BB-1382;1571-12-29;;Leonhart Taxer;leonhard_taxer;Lebzelter;;Lebensmittelhandwerk;;;;;;;;ja;
BB-1383;1571-12-29;;Paull Peidel;paul_peidl;Steinmetz;;Holz, Bau & Stein;;;;;;;;ja;
BB-1384;1571-12-29;;Colman Gartner;kolman_gartner;Maurer;;Holz, Bau & Stein;;;;;;;;ja;
BB-1385;1571-12-29;;Mert Trol;martin_trol;Beutler;;Leder & Pelz;;;;;;;;ja;
BB-1386;1571-12-29;;Christoff Staininger;christoph_staininger;Torhüter;;Sonstige Dienstleistungen;;;;;;;;ja;
BB-1387;1571-12-29;;Daniel Mulner;daniel_muellner;Goldschmied;;Metall & Waffen;;;;;;;;ja;
BB-1388;1571-12-29;;Paul Sautäger;paul_sautaeger;Barbier;;Gesundheit;;;;;;;;ja;
BB-1389;1571-12-29;;Marx Iminger;markus_iminger;Tuchscherer;;Textil & Bekleidung;;;;;;;;ja;
BB-1390;1571-12-29;;Six Mair;six_mayr;Bäcker;;Lebensmittelhandwerk;;;;;;;;ja;
BB-1391;1571-12-29;;Zacheriasz Khreusz;zacharias_krauss;Bäcker;;Lebensmittelhandwerk;;;;;;;;ja;
BB-1392;1571-12-29;;Sigmundt Römmer;sigmund_roemer;Gastgeb;;Gastgewerbe & Getraenke;;;;;;;;ja;
BB-1393;1571-12-29;;Matheusz Herman;matthaeus_herman;Uhrmacher;;Metall & Waffen;;;;;;;;ja;
BB-1394;1571-12-29;;Wolff Khlain;wolf_klain;Beutler;;Leder & Pelz;;;;;;;;ja;
BB-1395;1571-12-29;;Christoff Talnackher;christoph_talnacker;Handschuhmacher;;Leder & Pelz;;;;;;;;ja;
BB-1396;1573-01-02;;Daniel Heniggusz;daniel_henigguss;Goldschmied;;Metall & Waffen;;;;;;;Hernach benente bürger haben den anndern January anno 73isten den aidt gethon. (Handschuhmacher);ja;
BB-1397;1573-01-02;;Georg Stossi;georg_stossi;Weißgerber;;Leder & Pelz;;;;;;;;ja;
BB-1398;1573-01-02;;Fridrich Osthueber;friedrich_ostahueber;Lederer;;Leder & Pelz;;;;Erstmalig vorstellig am 8. Februar 1571.;;;;ja;"personen_id vereinheitlicht (vorher friedrich_osthueber): ""Erstmalig vorstellig""-Datum verweist exakt auf BB-1358 (""Fridrich Ostahueber"", Ähnlichkeit 0.973) - dieselbe Person."
BB-1399;1573-01-02;;Anndre Ving;andreas_ving;Bader;;Gesundheit;;;;;;;;ja;
BB-1400;1573-01-02;;Hannsz Vischer;hans_fischer;Nagelschmied;;Metall & Waffen;;;;;;;;ja;
BB-1401;1573-01-02;;Hanns Leopoldt;hans_leopoldt;Goldschmied;;Metall & Waffen;;;;;;;;ja;
BB-1402;1573-01-02;;Sigmudnt Behaimb;sigmudnt_behaimb;Binder;;Holz, Bau & Stein;;;;;;;;ja;
BB-1403;1573-01-02;;Thoman Franzl;thomas_franzl;Kotzenmacher, Deckenmacher;;Textil & Bekleidung;;;;;;;;ja;
BB-1404;1573-01-02;;Gilg Schwantner;aegidius_schwantner;Bäcker;;Lebensmittelhandwerk;;;;;;;;ja;
BB-1405;1573-01-02;;Hannsz Kampel;hans_kampel;Brotsitzer;;Handel;;;;;;;;ja;
BB-1406;1573-01-02;;Sebastian Feldtsperger;sebastian_feldtsperger;;;;;;;;;;;;
BB-1407;1573-01-02;;Sebastian Hager;sebastian_hager;;;;;;;;;;;;
BB-1408;1573-01-02;;Sigmundt Augermair;sigmund_augermair;Hauer;;Landwirtschaft & Weinbau;;;;;;;;ja;
BB-1409;1573-01-02;;Matheusz Krembser;matthaeus_krembser;;;;;;;;;;;;
BB-1410;1573-01-02;;Hannsz Peitler;hans_peitler;Hauer;;Landwirtschaft & Weinbau;;;;;;;;ja;
BB-1411;1573-01-02;;Lienhartt Maurer;lienhartt_maurer;Ratsdiener;;Verwaltung, Recht & Bildung;;;;;;;;ja;
BB-1412;1573-01-02;;Khlement Neikhamb;klement_neikhamb;Zirkelschmied;;Metall & Waffen;;;;;;;;ja;
BB-1413;1573-01-02;;Caspar Sanderer;kaspar_sandrer;Nagelschmied;;Metall & Waffen;;;;Erstmalig vorstellig am 10. März 1571.;;;;ja;"personen_id vereinheitlicht (vorher kaspar_sanderer): ""Erstmalig vorstellig""-Datum verweist exakt auf BB-1360 (""Caspar Sandrer"", Ähnlichkeit 0.966) - dieselbe Person."
BB-1414;1573-01-02;;Lienhardt Marckhquart;lienhardt_marckquart;Uhrmacher;;Metall & Waffen;;;;;;;;ja;
BB-1415;1573-01-02;;Ulrich Maillandt;ulrich_maillandt;Goldschmied;;Metall & Waffen;;;;;;;;ja;
BB-1416;1573-01-02;;Jacob Schärtl;jakob_schaertl;Schneider;;Textil & Bekleidung;;;;;;;;ja;
BB-1417;1573-01-02;;Theronime Khlämpffl;theronime_klaempffl;Schlosser;;Metall & Waffen;;;;;;;;ja;
BB-1418;1573-01-02;;Georg Präntlmair;georg_praentlmair;Fleischhacker;;Lebensmittelhandwerk;;;;;;;;ja;
BB-1419;1573-01-02;;Matheusz Tenerl;matthaeus_tenerl;;;;;;;;;;;;
BB-1420;1573-01-02;;Georg Grueber;georg_grueber;Marktfahrer;ja;Handel;;;;;;;;nein;"Zuordnung zu Wirtschaftssektor unsicher: Bedeutung/Zuordnung des Berufs ""Marktfahrer"" nicht eindeutig klärbar."
BB-1421;1573-01-02;;Hannsz Messerer;hans_messerer;Bäcker;;Lebensmittelhandwerk;;;;;;;;ja;
BB-1422;1573-01-02;;Georg Veissinger;georg_veissinger;Hauer;;Landwirtschaft & Weinbau;;;;;;;;ja;
BB-1423;1573-01-02;;Wolff Grismair;wolf_grismair;;;;;;;;;;;;
BB-1424;1573-01-02;;Khillian Pierpäm;kilian_pierpaem;Hauer;;Landwirtschaft & Weinbau;;;;;;;;ja;
BB-1425;1573-01-02;;Eliasz Vesch;elias_vesch;;;;;;;;;;;;
BB-1426;1573-12-19;;Leopold Fobst;leopold_fobst;;;;;;;;;;Hernach benente bürger haben den neunzehenden tag Decembris a(nno) 73isten den aidt gethan.;;
BB-1427;1573-12-19;;Wolff Khren;wolf_kren;;;;;;;;;;;;
BB-1428;1573-12-19;;Adam Eiszler;adam_eissler;;;;;;;;;;;;
BB-1429;1573-12-19;;Sigmundt Prandtner;sigmund_prandtner;Fragner;;Handel;;;;;;;;ja;
BB-1430;1573-12-19;;Hansz Burckhardt;hans_burckhardt;Flaschner;;Metall & Waffen;;;;;;;;ja;
BB-1431;1573-12-19;;Albrecht Schneider;albrecht_schneider;Flaschner;;Metall & Waffen;;;;;;;;ja;
BB-1432;1573-12-19;;Andre Sulzer;andreas_sulzer;Seifensieder;;Sonstiges Handwerk;;;;;;;;ja;
BB-1433;1573-12-19;;Caspar Habesfeur;kaspar_habesfeur;Leitgeb;;Gastgewerbe & Getraenke;;;;;;;;ja;
BB-1434;1573-12-19;;Clement Knirznschildt;klement_knirznschildt;Gürtler;;Metall & Waffen;;;;;;;;ja;
BB-1435;1573-12-19;;Caspar Khleblat;kaspar_kleblath;Schneider;;Textil & Bekleidung;;;;;;;;ja;
BB-1436;1573-12-19;;Hannß Oxlmair;hans_oxlmair;;;;;;;;;;;;
BB-1437;1573-12-19;;Georg Khurz;georg_kurz;Panzermacher;;Metall & Waffen;;;;;;;;ja;
BB-1438;1573-12-19;;Hansz Maurer;hans_maurer;Maurer;;Holz, Bau & Stein;;;;;;;;ja;
BB-1439;1573-12-19;;Thoman Perger;thomas_perger;Kramer;;Handel;;;;;;;;ja;
BB-1440;1573-12-19;;Steffan Huetter;stephan_huetter;;;;;;;;;;;;
BB-1441;1573-12-19;;Hansz Schäffler;hans_schaeffler;Tuchscherer;;Textil & Bekleidung;;;;;;;;ja;
BB-1442;1573-12-19;;Matheusz Stainer;matheusz_stainer;Drechsler;;Holz, Bau & Stein;;;;;;;;ja;
BB-1443;1573-12-19;;Georg Khrumb;georg_krumb;Kürschner;;Leder & Pelz;;;;;;;;ja;
BB-1444;1573-12-19;;Christoff Resl;christoph_resl;Kürschner;;Leder & Pelz;;;;;;;;ja;
BB-1445;1573-12-19;;Michael Orttner;michael_ortner;;;;;;;;;;;;
BB-1446;1573-12-19;;Urban Bindter;urban_pindter;Binder;;Holz, Bau & Stein;;;;;;;;ja;
BB-1447;1573-12-19;;Hannsz Kämäner;hans_kaemaener;Maurer;;Holz, Bau & Stein;;;;;;;;ja;
BB-1448;1573-12-19;;Christoff Effele;christoph_effele;Büchsenmacher;;Metall & Waffen;;;;;;;;ja;
BB-1449;1573-12-19;;Marx Denschlach;markus_denschlach;Büchsenschäfter;;Metall & Waffen;;;;;;;;ja;
BB-1450;1573-12-19;;Hannsz Rattenberger;hans_rattenberger;Riemer;;Leder & Pelz;;;;;;;;ja;
BB-1451;1573-12-19;;Hannsz Bezl;hans_bezl;Schneider;;Textil & Bekleidung;;;;;;;;ja;
BB-1452;1573-12-19;;Andre Haineckher;andreas_hainecker;Beutler;;Leder & Pelz;;;;;;;;ja;
BB-1453;1573-12-19;;Christoff Maisch;christoph_maisch;Messner;;Kirche & Religion;;;;;;;;ja;
BB-1454;1573-12-19;;Hannsz Sulzberger;hans_sulzberger;Messerschmied;;Metall & Waffen;;;;;;;;ja;
BB-1455;1573-12-19;;Veith Dorffner;veit_dorffner;;;;;;;;;;;;
BB-1456;1573-12-19;;Lamprecht Stollberger;lamprecht_stollberger;Hauer;;Landwirtschaft & Weinbau;;;;;;;;ja;
BB-1457;1573-12-19;;Christoff Tallinger;christoph_tallinger;Fleischhacker;;Lebensmittelhandwerk;;;;;;;;ja;
BB-1458;1573-12-19;;Veith Planckh;veit_planck;;;;;;;;;;;;
BB-1459;1573-12-19;;Joachim Taller;joachim_taller;;;;;;;;;;;;
BB-1460;1573-12-19;;Mertt Vischer;martin_fischer;Maler;;Kunst, Musik & Unterhaltung;;;;;;;;ja;
BB-1461;1573-12-19;;Oswald Seman;oswald_seman;Hauer;;Landwirtschaft & Weinbau;;;;;;;;ja;
BB-1462;1573-12-19;;Hannsz Vogl;hans_vogl;Binder;;Holz, Bau & Stein;;;;;;;;ja;
BB-1463;1573-12-19;;Christoff Rein;christoph_rein;Kürschner;;Leder & Pelz;;;;;;;;ja;
BB-1464;1573-12-19;;Georg Märckhl;georg_maerckl;Gürtler;;Metall & Waffen;;;;;;;;ja;
BB-1465;1573-12-19;;Leonhardt Güszrigl;leonhard_guessrigl;Kupferschmied;;Metall & Waffen;;;;;;;;ja;
BB-1466;1573-12-19;;Walthan Herttenstain;walter_hertnstain;Kramer;;Handel;;;;;;;;ja;
BB-1467;1573-12-19;;Steffan Azmansdorff;stephan_azmansdorff;Hauer;;Landwirtschaft & Weinbau;;;;;;;;ja;
BB-1468;1573-12-19;;Andre Klem;andreas_klem;Hauerschmied;ja;Metall & Waffen;;;;;;;;ja;"Berufsbezeichnung ""Hauerschmied"" im Quellentext schwer leserlich bzw. Schreibweise/Lesart unsicher."
BB-1469;1573-12-19;;Georg Mayr;georg_mayr_bb1573;Wagner;;Holz, Bau & Stein;;;;;;;;ja;
BB-1470;1573-12-19;;Christoff Pachmair;christoph_pachmair;;;;;;;;;;;;
BB-1471;1573-12-19;;Pangraz Derffler;pangraz_derffler;;;;;;;;;;;;
BB-1472;1573-12-19;;Hannß Schlotterer;hans_schlotterer;Handschuhmacher;;Leder & Pelz;;;;;;;;ja;
BB-1473;1573-12-19;;Christoff Lenaß;christoph_lenass;Fasszieher;;Holz, Bau & Stein;;;;;;;;ja;
BB-1474;1573-12-19;;Hannß Fastler;hans_fastler;Salzleger;;Handel;;;;;;;;ja;
BB-1475;1573-12-19;;Marx Zessenmacher;markus_zessenmacher;Binder;;Holz, Bau & Stein;;;;;;;;ja;
BB-1476;1574-01-15;;Lorenz Schüz;lorenz_schuez;Schlosser;;Metall & Waffen;;;;;;;;ja;
BB-1477;1574-05-14;;Hansz Erbar;hans_erbar;Tischler;;Holz, Bau & Stein;;;;;;;;ja;
BB-1478;1574-05-14;;Mathias Troyer;matthias_troyer;;;;;;;;;;;;
BB-1479;1574-05-19;;Hannß Seidner;hans_seidner;Nestler;;Leder & Pelz;;;;;;;;ja;
BB-1480;1574-05-21;;Sigmundt Zipf;sigmund_zipf;;;;;;;;;;;;
BB-1481;1574-05-28;;Christoff Pruckhner;christoph_pruckner;Kupferschmied;;Metall & Waffen;;;;;;;;ja;
BB-1482;1574-05-28;;Mathias Troyer;matthias_troyer;;;;Balthasarn Krätschmair (Binder), Christoff Kütten (Weißgerber).;balthasarn_kraetschmair|christoph_kuetten;Binder|Weißgerber;Erstmalig vorstellig im Mai 1574.;;;;;
BB-1483;1574-06-02;;Christoff Kren;christoph_kren;;;;;;;;;;;;
BB-1484;1574-06-02;;Michael Mäbl;michael_maebl;;;;;;;;;;;;
BB-1485;1574-06-18;;Michael Ostermair;michael_ostermair;;;;Thoman Schuözinger, Christoffen Zwicker.;thomas_schuoezinger|christoff_zwicker;;;;;;;
BB-1486;1574-06-18;;Thoman Hoffstetter;thomas_hoffstetter;;;;;;;;;;;;
BB-1487;1574-07-02;;Paul Kraudt;paul_kraudt;Schneider;;Textil & Bekleidung;Ambrosim Risen, Mertten Kagerer.;ambrosim_risen|martin_kagerer;;;;;;ja;
BB-1488;1574-07-13;;Peter Gradtner;peter_gradtner;Goldschmied;;Metall & Waffen;;;;;;;;ja;
BB-1489;1574-07-16;;Michael Marths;michael_marths;Klampferer;;Metall & Waffen;Benedicten Dandl, Wolffen Kazpreiner.;benedikt_dandl|wolffen_kazpreiner;;;;;;ja;
BB-1490;1574-08-06;;Hanß Kaniter;hans_kaniter;Glaser;;Holz, Bau & Stein;Wilhalm Schmidthueber (Zimmermann).;wilhalm_schmidthueber;Zimmermann;;;;;ja;
BB-1491;1574-08-06;;Hanß Wibmpauer;hans_wibmpauer;Buchbinder;;Sonstiges Handwerk;Daviden Waisl, Blasy Müllner.;daviden_waisl|blasius_muellner;;;;;;ja;
BB-1492;1574-08-06;;Hanß Grabmaister;hans_grabmaister;Buchführer;;Handel;Mathiasen Spändl, Hannsen Oberleutner.;mathiasen_spaendl|hans_oberleutner;;;;;;nein;"Zuordnung zu Wirtschaftssektor unsicher: Bedeutung/Zuordnung des Berufs ""Buchführer"" nicht eindeutig klärbar."
BB-1493;1574-08-17;;Peter Ehrnbeckh;peter_ehrnbeck;;;;;;;;;;;;
BB-1494;1574-08-13;;Fridrich Schüestl;friedrich_schiestl;;;;;;;;;;;;
BB-1495;1574-08-13;;Hainrich Luitkhe;heinrich_luitkhe;Schlosser;;Metall & Waffen;Andreen Heckher (Schmied).;andreas_hecker;Schmied;;;;;ja;
BB-1496;1574-08-13;;Hansz Strauber;hans_strauber;Hutmacher;;Textil & Bekleidung;Hansen Oberleuttner.;hansen_oberleuttner;;;;;;ja;
BB-1497;1574-08-13;;Caspar Vepauer;kaspar_vepauer;Schuster;;Leder & Pelz;Mertten Kagerer, Wolffen Turner.;martin_kagerer|wolf_turner;;;;;;ja;
BB-1498;1574-08-13;;Steffan Fuchsz;stephan_fuchs;Drechsler;;Holz, Bau & Stein;Blasien Müllner.;blasien_muellner;;;;;;ja;
BB-1499;1574-08-13;;Leonhardt Windisch;leonhard_windisch;;;;;;;;;;;;
BB-1500;1574-08-30;;Vicenz Hoffpauer;vicenz_hoffpauer;Fuhrmann;;Transport & Wasserwesen;Steffen Alckhoffer.;steffen_alckhoffer;;;;;;ja;
BB-1501;1574-08-31;;Hanß Hoffer;hans_hoffer;Harnischpolierer;;Metall & Waffen;;;;;;;;ja;
BB-1502;1574-09-03;;Hansz Vischer;hans_fischer;Bäcker;;Lebensmittelhandwerk;Wolffen Turner, Benedicten Dandl.;wolffen_turner|benedikt_dandl;;;;;;ja;
BB-1503;1574-09-14;;Martin Feldtmülner;martin_feldtmuelner;Klampferer;;Metall & Waffen;Hansen Rimbser, Hansen Grabmaister (Buchbinder).;hansen_rimbser|hansen_grabmaister;|Buchbinder;;;;;ja;
BB-1504;1574-10-13;;Gabriel Tänckhler;gabriel_taenckler;Tuchscherer;;Textil & Bekleidung;Peter Tauckhler, Peter Painstadtl.;peter_tauckler|peter_painstadtl;;;;;;ja;
BB-1505;1574-10-15;;Andreas Haubt;andreas_haubt;;;;Hansen Behamben (Bürger zu Krems), Pauln Straubaiger (Bürger zu Krems).;hansen_behamben|paul_straubaiger;;;;;;;
BB-1506;1574-10-15;;Hanß Kluegeisen;hans_kluegeisen;;;;;;;;;;;;
BB-1507;1574-11-13;;Daniel Zedtliz;daniel_zedtliz;Hutmacher;;Textil & Bekleidung;Benedicten Dandl (Klampferer), Wolffen Kazprinniger (Klampferer).;benedikt_dandl|wolffen_kazprinniger;Klampferer|Klampferer;;;;;ja;
BB-1508;1574-11-23;;Christoff Räber;christoph_raeber;Ratsdiener;;Verwaltung, Recht & Bildung;;;;;;;;ja;
BB-1509;1574-12-18;;Hansz Vischer;hans_fischer;Bäcker;;Lebensmittelhandwerk;;;;Erstmalig vorstellig am 3. September 1574.;;;Hernach benante bür(ger) haben den 18. Decembris a(nno) 74isten vor der erwellung den burger aidt gethan.;ja;
BB-1510;1574-12-18;;Gregor Dölderl;gregor_doelderl;Bader;;Gesundheit;;;;;;;;ja;
BB-1511;1574-12-18;;Caspar Vepauer;kaspar_vepauer;Schuster;;Leder & Pelz;;;;Erstmalig vorstellig am 13. August 1574.;;;;ja;
BB-1512;1574-12-18;;Michael Mäbl;michael_maebl;;;;;;;Erstmalig vorstellig am 2. Juni 1574.;;;;;
BB-1513;1574-12-18;;Vicenz Hoffpauer;vicenz_hoffpauer;Fuhrmann;;Transport & Wasserwesen;;;;Erstmalig vorstellig am 30. August 1574.;;;;ja;
BB-1514;1574-12-18;;Hainrich Luithae;heinrich_luitkhe;Schlosser;;Metall & Waffen;;;;Erstmalig vorstellig am 13. August 1574 unter Hainrich Luitkhe.;;;;ja;"personen_id vereinheitlicht (vorher heinrich_luithae): ""Erstmalig vorstellig""-Datum verweist exakt auf BB-1495 (""Hainrich Luitkhe"", Ähnlichkeit 0.938) - dieselbe Person."
BB-1515;1574-12-18;;Caspar Köchl;kaspar_koechl;Seiler;;Transport & Wasserwesen;;;;;;;;ja;
BB-1516;1574-12-18;;Andreas Haubt;andreas_haubt;Kammmacher;;Sonstiges Handwerk;;;;Erstmalig vorstellig am 15. Oktobe 1574.;;;;ja;
BB-1517;1574-12-18;;Daniel Zedtliz;daniel_zedtliz;Hutmacher;;Textil & Bekleidung;;;;Erstmalig vorstellig am 13. November 1574.;;;;ja;
BB-1518;1574-12-18;;Gabriel Walttersperger;gabriel_walttersperger;Goldschmied;;Metall & Waffen;;;;;;;;ja;
BB-1519;1574-12-18;;Mathias Thryer;matthias_thryer;;;;;;;Erstmalig vorstellig im Mai 1574 und am 28. Mai 1574.;;;;;
BB-1520;1574-12-18;;Thoman Hoffstetter;thomas_hoffstetter;Schmied;;Metall & Waffen;;;;Erstmalig vorstellig am 18. Juni 1574.;;;;ja;
BB-1521;1574-12-18;;Mang Haß;mang_haas;Hauer;;Landwirtschaft & Weinbau;;;;;;;;ja;
BB-1522;1574-12-18;;Wolff Speckher;wolf_specker;Weber;;Textil & Bekleidung;;;;;;;;ja;
BB-1523;1574-12-18;;Hansz Kluegeisen;hans_kluegeisen;;;;;;;Erstmalig vorstellig am 15. Oktober 1574.;;;;;
BB-1524;1574-12-18;;Hansz Grabmaister;hans_grabmaister;Buchführer;;Handel;;;;Erstmalig vorstellig am 6. August 1574.;;;;nein;"Zuordnung zu Wirtschaftssektor unsicher: Bedeutung/Zuordnung des Berufs ""Buchführer"" nicht eindeutig klärbar."
BB-1525;1574-12-18;;Merth Feldtmüllner;martin_feldtmuelner;Klampferer;;Metall & Waffen;;;;Erstmalig vorstellig am 14. September 1574.;;;;ja;"personen_id vereinheitlicht (vorher martin_feldtmuellner): ""Erstmalig vorstellig""-Datum verweist exakt auf BB-1503 (""Martin Feldtmülner"", Ähnlichkeit 0.833) - dieselbe Person."
BB-1526;1574-12-18;;Wolff Pfäffinger;wolf_pfaeffinger;Goldschmied;;Metall & Waffen;;;;;;;;ja;
BB-1527;1574-12-18;;Sigmundt Hürnberger;sigmund_huernberger;Lederer;;Leder & Pelz;;;;;;;;ja;
BB-1528;1574-12-18;;Lorenz Schüz;lorenz_schuez;Schlosser;;Metall & Waffen;;;;Erstmalig vorstellig am 15. Januar 1574.;;;;ja;
BB-1529;1574-12-18;;Kilian Gredtlhueber;kilian_gredtlhueber;;;;;;;;;;;;
BB-1530;1574-12-18;;Hansz Seidner;hans_seidner;Nestler;;Leder & Pelz;;;;Erstmalig vorstellig am 19. Mai 1574.;;;;ja;
BB-1531;1574-12-18;;Hansz Wibmpauer;hans_wibmpauer;Buchbinder;;Sonstiges Handwerk;;;;Erstmalig vorstellig am 6. August 1574.;;;;ja;
BB-1532;1574-12-18;;Hansz Strauber;hans_strauber;Hutmacher;;Textil & Bekleidung;;;;Erstmalig vorstellig am 13. August 1574.;;;;ja;
BB-1533;1574-12-18;;Paul Mitterer;paul_mitterer;Weber;;Textil & Bekleidung;;;;;;;;ja;
BB-1534;1574-12-18;;Christoff Räber;christoph_raeber;Ratsdiener;;Verwaltung, Recht & Bildung;;;;Erstmalig vorstellig am 23. November 1574.;;;;ja;
BB-1535;1574-12-20;;Gabriel Tänckhler;gabriel_taenckler;Tuchscherer;;Textil & Bekleidung;;;;Erstmalig vorstellig am 13. Oktober 1574.;;;Hernachvolgunde burger haben den 20. Decembris a. 74isten nach der erwellung den burgeraidt gethan.;ja;
BB-1536;1574-12-20;;Hansz Hoffer;hans_hofer;Harnischpolierer;;Metall & Waffen;;;;;;;;ja;
BB-1537;1574-12-20;;Michael Orttner;michael_ortner;;;;;;;;;;;;
BB-1538;1574-12-20;;Hansz Kaniter;hans_kaniter;Glaser;;Holz, Bau & Stein;;;;Erstmalig vorstellig am 6. August 1574.;;;;ja;
BB-1539;1574-12-20;;Michael Ostermair;michael_ostermair;;;;;;;Erstmalig vorstellig am 18. Juni 1574.;;;;;
BB-1540;1574-12-20;;Peter Ehrnbeckh;peter_ehrnbeck;;;;;;;Erstmalig vorstellig am 17. August 1574.;;;;;
BB-1541;1574-12-20;;Hannsz Oberleuttner;hans_oberleuttner;;;;;;;;;;;;
BB-1542;1574-12-20;;Fridrich Schüestl;friedrich_schiestl;;;;;;;Erstmalig vorstellig am 13. August 1574.;;;;;
BB-1543;1575-02-11;;Georg Grueber;georg_grueber;Hutmacher;;Textil & Bekleidung;Maister Marxen Koweindl (Hutmacher), Wolffen Khazbreininger.;maister_marxen_koweindl|wolffen_kazbreininger;Hutmacher|;;;;;ja;
BB-1544;1575-05-06;;Hansz Schueler;hans_schueler;Schuster;;Leder & Pelz;Maister Georgen Kotten (Binder), Veitten Klain (Beutler).;georg_kotten|veit_klain;Binder|Beutler;;;;;ja;
BB-1545;1575-05-13;;Matheus Lindtner;matthaeus_lindtner;;;;Pettern Painstattl, Anndreas Andre.;pettern_painstattl|anndreas_andre;;;;;;;
BB-1546;1575-05-13;;Urban Hötscher;urban_hoetscher;;;;Thoman Oßwalt, Hannsen Stainsailler.;thomas_oswaldt|hans_stainsailler;;;;;;;
BB-1547;1575-06-28;;Rueprecht Obermülner;ruprecht_obermuelner;;;;;;;;;;;;
BB-1548;1575-07-15;;Wolff Strensdorffer;wolf_strensdorffer;Riemer;;Leder & Pelz;;;;;;;;ja;
BB-1549;1575-08-19;;Matheus Widman;matthaeus_widman;Gürtler;;Metall & Waffen;Pauln Sanfager, Clementen Weikhamb.;paul_sanfager|clementen_weikhamb;;;;;;ja;
BB-1550;1575-08-19;;Wolff Bottnnauer;wolf_bottnnauer;;;;Petern Painstattl.;petern_painstattl;;;;;;;
BB-1551;1575-08-23;;Urban Streng;urban_streng;;;;;;;;;;;;
BB-1552;1575-10-21;;Steffan Tuechscherer;stephan_tuechscherer;;;;Georgen Werndl, Matheusen Krembser.;georg_werndl|matheus_kremser;;;;;;;
BB-1553;1575-12-02;;Wolff Wiszmair;wolf_wissmair;Tuchmacher;;Textil & Bekleidung;Thoman Tättl, Wilhalbmen Graßberger.;thomas_taettl|wilhalbmen_grassberger;;;;;;ja;
BB-1554;1575-12-13;;Michael Kleefelt;michael_kleefelt;Kleinschmied;;Metall & Waffen;Wolffen Turner, Anndre Hoffer (Schlosser).;wolffen_turner|andreas_hofer;|Schlosser;Khlainfelt durchgestrichen.;;;;ja;
BB-1555;1575-12-13;;Hannsz Karl;hans_karl;Hauer;;Landwirtschaft & Weinbau;;;;;;;;ja;
BB-1556;1575-12-17;;Georg Grueber;georg_grueber;Hutmacher;;Textil & Bekleidung;;;;Erstmalig vorstellig am 11. Februar 1575.;;;Hernach benante burger haben an heut den 17. Decembris Anno 75isten den burger aidt gethon.;ja;
BB-1557;1575-12-17;;Hannsz Schueler;hans_schueler;Schuster;;Leder & Pelz;;;;Erstmalig vorstellig am 6. Mai 1575.;;;;ja;
BB-1558;1575-12-17;;Matheus Lindtner;matthaeus_lindtner;;;;;;;Erstmalig vorstellig am 13. Mai 1575.;;;;;
BB-1559;1575-12-17;;Urban Hötscher;urban_hoetscher;Bildhauer;;Kunst, Musik & Unterhaltung;;;;Erstmalig vorstellig am 13. Mai 1575.;;;;ja;
BB-1560;1575-12-17;;Rueprecht Obermülner;ruprecht_obermuelner;Zimmermann;;Holz, Bau & Stein;;;;Erstmalig vorstellig am 28. Juni 1575.;;;;ja;
BB-1561;1575-12-17;;Wolff Strensdorffer;wolf_strensdorffer;Riemer;;Leder & Pelz;;;;Erstmalig vorstellig am 15. Juli 1575.;;;;ja;
BB-1562;1575-12-17;;Matheus Widman;matthaeus_widman;Gürtler;;Metall & Waffen;;;;Erstmalig vorstellig am 19. August 1575.;;;;ja;
BB-1563;1575-12-17;;Wolff Bottenmauer;wolf_bottnnauer;Tuchmacher;;Textil & Bekleidung;;;;Erstmalig vorstellig am 19. August 1575.;;;;ja;"personen_id vereinheitlicht (vorher wolf_bottenmauer): ""Erstmalig vorstellig""-Datum verweist exakt auf BB-1550 (""Wolff Bottnnauer"", Ähnlichkeit 0.909) - dieselbe Person."
BB-1564;1575-12-17;;Urban Strenng;urban_streng;;;;;;;Erstmalig vorstellig am 23. August 1575.;;;;;
BB-1565;1575-12-17;;Steffan Davit Tuchscherer;stephan_tuechscherer;;;;;;;Erstmalig vorstellig am 21. Oktober 1575.;;;;;"personen_id vereinheitlicht (vorher stephan_david_tuchscherer): ""Erstmalig vorstellig""-Datum verweist exakt auf BB-1552 (""Steffan Tuechscherer"", Ähnlichkeit 0.844) - dieselbe Person."
BB-1566;1575-12-17;;Wolff Wiszmair;wolf_wissmair;Kotzenmacher;;Textil & Bekleidung;;;;Erstmalig vorstellig am 2. Dezember 1575.;;;;ja;
BB-1567;1575-12-17;;Michael Klainfelt;michael_kleefelt;Kleinschmied;;Metall & Waffen;;;;Erstmalig vorstellig am 13. Dezember 1575.;;;;ja;"personen_id vereinheitlicht (vorher michael_klainfelt): ""Erstmalig vorstellig""-Datum verweist exakt auf BB-1554 (""Michael Kleefelt"", Ähnlichkeit 0.848) - dieselbe Person."
BB-1568;1575-12-17;;Hansz Karl;hans_karl;Hauer;;Landwirtschaft & Weinbau;;;;Erstmalig vorstellig am 13. Dezember 1575.;;;;ja;
BB-1569;1575-12-17;;Christoff Prugkner;christoph_pruckner;Kupferschmied;;Metall & Waffen;;;;Erstmalig vorstellig am 28. Mai 1574.;;;;ja;"personen_id vereinheitlicht (vorher christoph_pruggner): ""Erstmalig vorstellig""-Datum verweist exakt auf BB-1481 (""Christoff Pruckhner"", Ähnlichkeit 0.919) - dieselbe Person."
BB-1570;1575-12-17;;Sebastian Mitterer;sebastian_mitterer;Schulmeister;;Verwaltung, Recht & Bildung;;;;;;;;ja;
BB-1571;1575-12-17;;Hannsz Scheller;hans_scheller;Zirkelschmied;;Metall & Waffen;;;;;;;;ja;
BB-1572;1575-12-17;;Barthlme Panzer;bartholomaeus_panzer;;;;;;;;;;;;
BB-1573;1575-12-17;;Georg Hödler;georg_hoedler;Lederer;;Leder & Pelz;;;;;;;;ja;
BB-1574;1575-12-17;;Paul Kraut;paul_kraudt;Schneider;;Textil & Bekleidung;;;;Erstmalig vorstellig am 2. Juli 1574.;;;;ja;"personen_id vereinheitlicht (vorher paul_kraut): ""Erstmalig vorstellig""-Datum verweist exakt auf BB-1487 (""Paul Kraudt"", Ähnlichkeit 0.952) - dieselbe Person."
BB-1575;1575-12-17;;Veit Lechner;veit_lechner;Spinnradmacher;;Holz, Bau & Stein;;;;;;;;nein;"Zuordnung zu Wirtschaftssektor unsicher: Bedeutung/Zuordnung des Berufs ""Spinnradmacher"" nicht eindeutig klärbar."
BB-1576;1575-12-17;;Felix Weixelbaum;felix_weixelbaum;Hauer;;Landwirtschaft & Weinbau;;;;;;;;ja;
BB-1577;1575-12-17;;Georg Kuchlbaur;georg_kuchlbaur;Hauer;;Landwirtschaft & Weinbau;;;;;;;;ja;
BB-1578;1575-12-17;;Hannsz Bärtler;hans_baertler;Zimmermann;;Holz, Bau & Stein;;;;;;;;ja;
BB-1579;1575-12-17;;Matheusz Denbach;matheusz_denbach;;;;;;;;;;;;
BB-1580;1575-12-17;;Hannsz Widman;hans_widman;Hafner;;Holz, Bau & Stein;;;;;;;;ja;
BB-1581;1576-02-03;;Urban Streng;urban_streng;;;;;;;Erstmalig vorstellig am 23. August 1575.;;;;;
BB-1582;1576-02-03;;Leonhardt Wolff;leonhard_wolff;;;;Hannsen Gierla.;hans_gierla;;;;;;;
BB-1583;1576-02-17;;Wolff Rizinger;wolf_rizinger;Zuckermacher;;Lebensmittelhandwerk;Hainrich Stachel (Büchsenschäfter), Hannsen Stain (Seiler).;heinrich_stachel|hans_stain;Büchsenschäfter|Seiler;;;;;ja;
BB-1584;1576-02-17;;Lorenz Till;lorenz_till;Sporer;ja;Metall & Waffen;Jacoben Bittelschirs (Sattler), Joseffen Raab (pforer?).;jacoben_bittelschirs|joseffen_raab;Sattler|pforer?;;;;;ja;"Berufsbezeichnung ""Sporer"" im Quellentext schwer leserlich bzw. Schreibweise/Lesart unsicher."
BB-1585;1576-02-17;;Hannsz Mayrhoffer;hans_mayrhoffer;Kummetmacher;;Leder & Pelz;Steffan Kreenauer (Seiler), Thoman Oßwalden.;stephan_kreenauer|thomas_osswalden;Seiler|;;;;;ja;
BB-1586;1576-03-13;;Bartlmee Neumair;bartholomaeus_neumair;Maurer;;Holz, Bau & Stein;Steffan Huttnars.;stephan_huttnars;;;;;;ja;
BB-1587;1576-04-03;;Hanns Khöller;hans_koller;;;;;;;;;;;;
BB-1588;1576-04-13;;Lorenz Lackner;lorenz_lackner;Fragner;;Handel;Leöpoldtten Schwingenschlegl, Wolffen Hiendl.;leoepoldtten_schwingenschlegl|wolffen_hiendl;;;;;;ja;
BB-1589;1576-05-14;;Bartlme Maurer;bartholomaeus_maurer;Riemer;;Leder & Pelz;Thoman Oßwaldtt, Jacoben Pauttlschüß.;thomas_osswaldtt|jacoben_pauttlschuess;;;;;;ja;
BB-1590;1576-06-08;;Hannsz Khönig;hans_koenig;Fleischhacker;;Lebensmittelhandwerk;Leopuldten Jungmans.;leopuldten_jungmans;;;;;;ja;
BB-1591;1576-06-08;;Sebastian Hochholzer;sebastian_hochholzer;;;;;;;;;;;;
BB-1592;1576-06-08;;Leonhart Wieser;leonhard_wieser;;;;;;;;;;;;
BB-1593;1576-06-22;;Steffan Furtner;stephan_furtner;Zimmermann;;Holz, Bau & Stein;Andre Andem (Schneider).;andreas_andem;Schneider;;;;;ja;
BB-1594;1576-06-27;;Andre Müllner;andreas_muellner;Goldschmied;;Metall & Waffen;Benedicten Bändl, Danieln Müllner.;benedikt_baendl|danieln_muellner;;;;;;ja;
BB-1595;1576-06-27;;Hannsz Preiszberger;hans_preiszberger;Tischler;;Holz, Bau & Stein;Wolffen Turmer, Casparn Carlz (Tischler).;wolffen_tuermer|casparn_carlz;|Tischler;;;;;ja;ID nachträglich korrigiert (war noch hans_preissberger, obwohl bereits als dieselbe Person wie BB-1621/BB-1639 identifiziert).
BB-1596;1576-07-13;;Michail Kemetler;michael_kemetler;Schneider;;Textil & Bekleidung;Mertten Kagerrer (Schneider) (Bürger zu Krems), Andreasen Andre (Schneider) (Bürger zu Krems).;martin_kagerrer|andreasen_andre;Schneider|Schneider;;;;;ja;
BB-1597;1576-07-13;;Alexinsz Schmidthueber;alexinsz_schmidthueber;Zimmermann;;Holz, Bau & Stein;;;;;;;;ja;
BB-1598;1576-07-13;;Mathiasz Nägl;matthias_nagl;Wagner;;Holz, Bau & Stein;;;;;;;;ja;
BB-1599;1576-09-14;;Christoff Scheffbeckh;christoph_scheffbeck;Wollmesser;;Handel;;;;;;;;ja;
BB-1600;1576-11-06;;Hannsz Schäbinger;hans_schaebinger;Hauer;;Landwirtschaft & Weinbau;;;;;;;;ja;
BB-1601;1576-11-09;;Hannsz Nägel;hans_naegel;;;;;;;;;;;;
BB-1602;1576-11-09;;Sigmundt Römer;sigmund_roemer;;;;;;;;;;;;
BB-1603;1576-12-07;;Leonradt Kirchner;leonhard_kirchner;Pottschmied;;Metall & Waffen;Wolffen Strennßdorffer.;wolffen_strennssdorffer;;;;;;ja;
BB-1604;1576-12-17;;Urban Streng;urban_streng;;;;;;;Erstmalig vorstellig am 23. August 1575 und am 3. Februar 1576.;;;Hernach benente bürger haben an heüt, an den 17. Decembrisz anno 76isten den bürger aydt gethon.;;
BB-1605;1576-12-17;;Leonhardt Wolff;leonhard_wolff;;;;;;;Erstmalig vorstellig am 3. Februar 1576.;;;;;
BB-1606;1576-12-17;;Wolff Rizinger;wolf_rizinger;Zuckermacher;;Lebensmittelhandwerk;;;;Erstmalig vorstellig am 17. Februar 1576.;;;;ja;
BB-1607;1576-12-17;;Lorennz Till;lorenz_till;Sporer;;Metall & Waffen;;;;Erstmalig vorstellig am 17. Februar 1576.;;;;ja;
BB-1608;1576-12-17;;Thoman Hessenauer;thomas_hessenauer;;;;;;;;;;;;
BB-1609;1576-12-17;;Hannsz Mairhoffer;hans_mayrhoffer;Kummetmacher;;Leder & Pelz;;;;Erstmalig vorstellig am 17. Februar 1576.;;;;ja;"personen_id vereinheitlicht (vorher hans_mairhoffer): ""Erstmalig vorstellig""-Datum verweist exakt auf BB-1585 (""Hannsz Mayrhoffer"", Ähnlichkeit 0.941) - dieselbe Person."
BB-1610;1576-12-17;;Niclasz Stadöder;niklas_stadoeder;;;;;;;;;;;;
BB-1611;1576-12-17;;Hannsz Khöller;hans_koller;;;;;;;Erstmalig vorstellig am 3. April 1576.;;;;;
BB-1612;1576-12-17;;Hannsz Wieder;hans_wieder;;;;;;;;;;;;
BB-1613;1576-12-17;;Bartlme Maurer;bartholomaeus_maurer;Riemer;;Leder & Pelz;;;;Erstmalig vorstellig am 14. Mai 1576.;;;;ja;
BB-1614;1576-12-17;;Foelix Weichslbaum;foelix_weichselbaum;;;;;;;;;;;;
BB-1615;1576-12-17;;Sebastian Hochholzer;sebastian_hochholzer;;;;;;;Erstmalig vorstellig am 8. Juni 1576.;;;;;
BB-1616;1576-12-17;;Veitt Lerchner;veit_lerchner;;;;;;;;;;;;
BB-1617;1576-12-17;;Steffan Furtner;stephan_furtner;Zimmermann;;Holz, Bau & Stein;;;;Erstmalig vorstellig am 22. Juni 1576.;;;;ja;
BB-1618;1576-12-17;;Christoff Sebastian Maurer;christoph_sebastian_maurer;;;;;;;;;;;;
BB-1619;1576-12-17;;Anndre Müllner;andreas_muellner;Goldschmied;;Metall & Waffen;;;;Erstmalig vorstellig am 27. Juni 1576.;;;;ja;
BB-1620;1576-12-17;;Mathiasz Römer;matthias_roemer;;;;;;;;;;;;
BB-1621;1576-12-17;;Hannsz Preiszberger;hans_preiszberger;Tischler;;Holz, Bau & Stein;;;;;;;;ja;
BB-1622;1576-12-17;;Michl Kemater;michael_kemetler;Schneider;;Textil & Bekleidung;;;;Erstmalig vorstellig am 13. Juli 1576 unter Michail Kemetler.;;;;ja;"personen_id vereinheitlicht (vorher michael_kemater): ""Erstmalig vorstellig""-Datum verweist exakt auf BB-1596 (""Michail Kemetler"", Ähnlichkeit 0.828) - dieselbe Person."
BB-1623;1576-12-17;;Christoff Wellner;christoph_wellner;;;;;;;;;;;;
BB-1624;1576-12-17;;Hannsz Brottkarb;hans_brottkarb;;;;;;;;;;;;
BB-1625;1576-12-17;;Alexins Schmidthueber;alexinsz_schmidthueber;Zimmermann;;Holz, Bau & Stein;;;;Erstmalig vorstellig am 13. Juli 1576.;;;;ja;"personen_id vereinheitlicht (vorher alexins_schmidthueber): ""Erstmalig vorstellig""-Datum verweist exakt auf BB-1597 (""Alexinsz Schmidthueber"", Ähnlichkeit 0.977) - dieselbe Person."
BB-1626;1576-12-17;;Mathias Nägl;matthias_nagl;Wagner;;Holz, Bau & Stein;;;;Erstmalig vorstellig am 13. Juli 1576.;;;;ja;
BB-1627;1576-12-17;;Hanns Schäbinger;hans_schaebinger;Hauer;;Landwirtschaft & Weinbau;;;;Erstmalig vorstellig am 6. November 1576.;;;;ja;
BB-1628;1576-12-17;;Hannsz Nägl;hans_naegel;;;;;;;Erstmalig vorstellig am 9. November 1576.;;;;;"personen_id vereinheitlicht (vorher hans_nagl): ""Erstmalig vorstellig""-Datum verweist exakt auf BB-1601 (""Hannsz Nägel"", Ähnlichkeit 0.957) - dieselbe Person."
BB-1629;1576-12-17;;Merttn Karll;martin_karl;;;;;;;;;;;;
BB-1630;1576-12-17;;Sigmundt Römer;sigmund_roemer;;;;;;;Erstmalig vorstellig am 9. November 1576.;;;;;
BB-1631;1576-12-17;;Sebastian Ratl;sebastian_ratl;;;;;;;;;;;;
BB-1632;1576-12-17;;Connratt Kirchner;connratt_kirchner;Pottschmied;;Metall & Waffen;;;;;;;;ja;
BB-1633;1576-12-17;;Leonhart Müllnerhauer;leonhard_muellnerhauer;;;;;;;;;;;;
BB-1634;1576-12-17;;Michael Gainz;michael_gainz;;;;;;;;;;;;
BB-1635;1576-12-17;;Bartlme Neumair;bartholomaeus_neumair;Maurer;;Holz, Bau & Stein;;;;Erstmalig vorstellig am 13. März 1576.;;;;ja;
BB-1636;1576-12-17;;Lorenz Lackhner;lorenz_lackner;Fragner;;Handel;;;;Erstmalig vorstellig am 13. April 1576.;;;;ja;
BB-1637;1576-12-17;;Hannsz Khönig;hans_koenig;Fleischhacker;;Lebensmittelhandwerk;;;;Erstmalig vorstellig am 8. Juni 1576.;;;;ja;
BB-1638;1576-12-17;;Leonhart Wieser;leonhard_wieser;;;;;;;Erstmalig vorstellig am 8. Juni 1576.;;;;;
BB-1639;1576-12-17;;Hannsz Preiszberger;hans_preiszberger;Tischler;;Holz, Bau & Stein;;;;Erstmalig vorstellig am 27. Juni 1576.;;;;ja;"ID vereinheitlicht (vorher hans_preissberger): Ursprüngliche Quelle nennt ""Hannsz Preiszberger (Tischler)"" durchgehend an drei Stellen 1576 mit identischem Beruf - dieselbe Person, Schreibvariante."
BB-1640;1576-12-17;;Mert Weinhul;martin_weinhul;;;;;;;;;;;;
BB-1641;1576-12-17;;Hannsz Danner;hans_dannrer;;;;;;;;;;;;
BB-1642;1577-02-15;;Christoff Hilger;christoph_hilger;Sattler, Kummetmacher;;Leder & Pelz;;;;;;;;ja;
BB-1643;1577-03-01;;Lucas Ruesz;lukas_ruess;Turmer;;Sonstige Dienstleistungen;;;;;;;;ja;
BB-1644;1577-03-22;;Adam Galliannder;adam_galliannder;Schneider;;Textil & Bekleidung;Abrahamen Ernnsten, Martin Neüber.;abrahamen_ernnsten|martin_neueber;;;;;;ja;
BB-1645;1577-03-22;;Christoff Thoman;christoph_thoman;;;;Thoman Schnözinger (Innerer Rat), Joachim Taller (Äußerer Rat).;thomas_schnoezinger|joachim_taller;Innerer Rat|Äußerer Rat;;;;;;
BB-1646;1577-03-29;;Christoff Hörluns;christoph_hoerluns;Taschner;;Leder & Pelz;Hannsen Obermair, Wilhalbm Schmidthueber.;hans_obermair|wilhalbm_schmidthueber;;;;;;ja;
BB-1647;1577-04-29;;Georg Hoffman;georg_hoffman;Schwarzfärber;;Textil & Bekleidung;;;;;;;;ja;
BB-1648;1577-04-29;;Joseph Lamparth;joseph_lamparth;;;;;;;;;;;;
BB-1649;1577-04-29;;Hannsz Ybbser;hans_ybbser;Wundarzt;;Gesundheit;Georgen Strauben (Stadtrichter).;georg_strauben;Stadtrichter;;;;;ja;
BB-1650;1577-04-29;;Erhart Pranckh;erhart_pranck;Bürstenbinder;;Sonstiges Handwerk;Paulsen Straubinger (Messerschmied), Benedicten Zandtl.;paul_straubinger|benedikt_zandtl;Messerschmied|;;;;;ja;
BB-1651;1577-04-26;;Hannsz Carl;hans_karl;Hauer;;Landwirtschaft & Weinbau;Veitten Lechner.;veit_lechner;;;;;;ja;
BB-1652;1577-05-07;;Sigmundt Perlmair;sigmund_perlmair;Schneider;;Textil & Bekleidung;Leonharten Wiser (Metsieder), Hannsen Schlotter (Handschuhmacher).;leonharten_wiser|hans_schlotter;Metsieder|Handschuhmacher;;;;;ja;
BB-1653;1577-05-10;;Adam Tenckh;adam_tenck;Gürtler;;Metall & Waffen;;;;;;;;ja;
BB-1654;1577-06-21;;Peter Spickhs;peter_spicks;Nestler;;Leder & Pelz;;;;;;;;ja;
BB-1655;1577-08-09;;Anndre Maschkho;andreas_maschkho;;;;;;;;;;;;
BB-1656;1577-08-16;;Georg Sepp;georg_sepp;Kammmacher;;Sonstiges Handwerk;;;;;;;;ja;
BB-1657;1577-08-27;;Leonharten Schmittingers;leonhard_schmittingers;Leineweber;;Textil & Bekleidung;;;;;;;;ja;
BB-1658;1577-08-30;;Peter Weber;peter_weber;Tischler;;Holz, Bau & Stein;;;;;;;;ja;
BB-1659;1577-09-06;;Georg Zoll;georg_zoll;Drechsler;;Holz, Bau & Stein;;;;;;;;ja;
BB-1660;1577-09-06;;Sixt Schmithauser;sixt_schmithauser;Kupferschmied;;Metall & Waffen;;;;;;;;ja;
BB-1661;1577-09-06;;Hannsz Tremel;hans_tremel;Schuster;;Leder & Pelz;;;;;;;;ja;
BB-1662;1577-09-10;;Simon Grabmer;simon_grabner;Bäcker;;Lebensmittelhandwerk;;;;;;;;ja;
BB-1663;1577-09-27;;Hannsz Eckhl;hans_eckl;Uhrmacher;;Metall & Waffen;Daniel Hening (Goldschmied), Steffan Danit (Tuchscherer).;daniel_hening|stephan_danit;Goldschmied|Tuchscherer;;;;;ja;
BB-1664;1577-11-08;;Paull Zimerhäckhl;paul_zimerhaeckl;;;;;;;Nachdem er sich alhier zu weillennt Petern Winderstorffer gelassen wittib ehelichen;;;;;
BB-1665;1577-12-10;;Bartlme Neumarkher;bartholomaeus_neumarkher;Bäcker;;Lebensmittelhandwerk;;;;;;;;ja;
BB-1666;1577-12-20;;Christoff Hilger;christoph_hilger;Sattler, Kummetmacher;;Leder & Pelz;;;;;;;Hernach benante bürger haben an heut den 20. Decembris anno 77den burger aidt gethan.;ja;
BB-1667;1577-12-20;;Lucasz Ruesz;lukas_ruess;Turmer;;Sonstige Dienstleistungen;;;;Erstmalig vorstellig am 1. März 1577.;;;;ja;
BB-1668;1577-12-20;;Adam Gallianner;adam_galliannder;Schneider;;Textil & Bekleidung;;;;Erstmalig vorstellig am 22. März 1577.;;;;ja;"personen_id vereinheitlicht (vorher adam_gallianner): ""Erstmalig vorstellig""-Datum verweist exakt auf BB-1644 (""Adam Galliannder"", Ähnlichkeit 0.968) - dieselbe Person."
BB-1669;1577-12-20;;Christoff Thoman;christoph_thoman;Kramer;;Handel;;;;Erstmalig vorstellig am 22. März 1577.;;;;ja;
BB-1670;1577-12-20;;Christoff Hörluns;christoph_hoerluns;Taschner;;Leder & Pelz;;;;Erstmalig vorstellig am 29. März 1577.;;;;ja;
BB-1671;1577-12-20;;Georg Hoffman;georg_hoffman;Schwarzfärber;;Textil & Bekleidung;;;;Erstmalig vorstellig am 29. April 1577.;;;;ja;
BB-1672;1577-12-20;;Joseph Lamparth;joseph_lamparth;;;;;;;Erstmalig vorstellig am 29. April 1577.;;;;;
BB-1673;1577-12-20;;Hannsz Ybbser;hans_ybbser;Wundarzt;;Gesundheit;;;;Erstmalig vorstellig am 29. April 1577.;;;;ja;
BB-1674;1577-12-20;;Erhart Pranckh;erhart_pranck;Bürstenbinder;;Sonstiges Handwerk;;;;Erstmalig vorstellig am 29. April 1577.;;;;ja;
BB-1675;1577-12-20;;Hannsz Carl;hans_karl_hauer_1577;Hauer;;Landwirtschaft & Weinbau;;;;Erstmalig vorstellig am 26. Apil 1577.;;;;ja;"Ursprüngliche Quelle (Diplomarbeit Hellerschmid) zeigt zwei getrennte Listeneinträge ""Hannsz Carl"" 1577 mit unterschiedlichem Beruf (Hauer bzw. Tischler) - vermutlich zwei verschiedene Personen gleichen Namens. personen_id entsprechend aufgesplittet."
BB-1676;1577-12-20;;Peter Spickhs;peter_spicks;Nestler;;Leder & Pelz;;;;Erstmalig vorstellig am 21. Juni 1577.;;;;ja;
BB-1677;1577-12-20;;Adam Tennckh;adam_tenck;Gürtler;;Metall & Waffen;;;;Erstmalig vorstellig am 10. Mai 1577.;;;;ja;"personen_id vereinheitlicht (vorher adam_tennck): ""Erstmalig vorstellig""-Datum verweist exakt auf BB-1653 (""Adam Tenckh"", Ähnlichkeit 0.957) - dieselbe Person."
BB-1678;1577-12-20;;Anndreas Maschco;andreas_maschkho;;;;;;;Erstmalig vorstellig am 9. August 1577.;;;;;"personen_id vereinheitlicht (vorher andreas_maschco): ""Erstmalig vorstellig""-Datum verweist exakt auf BB-1655 (""Anndre Maschkho"", Ähnlichkeit 0.839) - dieselbe Person."
BB-1679;1577-12-20;;Georg Seep;georg_sepp;Kammmacher;;Sonstiges Handwerk;;;;Erstmalig vorstellig am 16. August 1577.;;;;ja;"personen_id vereinheitlicht (vorher georg_seep): ""Erstmalig vorstellig""-Datum verweist exakt auf BB-1656 (""Georg Sepp"", Ähnlichkeit 0.9) - dieselbe Person."
BB-1680;1577-12-20;;Georg Zoll;georg_zoll;Drechsler;;Holz, Bau & Stein;;;;Erstmalig vorstellig am 6. September 1577.;;;;ja;
BB-1681;1577-12-20;;Sixt Schmithauser;sixt_schmithauser;Kupferschmied;;Metall & Waffen;;;;Erstmalig vorstellig am 6. September 1577.;;;;ja;
BB-1682;1577-12-20;;Hannsz Treml;hans_tremel;Schuster;;Leder & Pelz;;;;Erstmalig vorstellig am 6. September 1577.;;;;ja;"personen_id vereinheitlicht (vorher hans_treml): ""Erstmalig vorstellig""-Datum verweist exakt auf BB-1661 (""Hannsz Tremel"", Ähnlichkeit 0.96) - dieselbe Person."
BB-1683;1577-12-20;;Simon Bramer;simon_grabner;Bäcker;;Lebensmittelhandwerk;;;;Erstmalig vorstellig am 10. September 1577.;;;;ja;"personen_id vereinheitlicht (vorher simon_bramer): ""Erstmalig vorstellig""-Datum verweist exakt auf BB-1662 (""Simon Grabmer"", Ähnlichkeit 0.88) - dieselbe Person."
BB-1684;1577-12-20;;Hannsz Eckhl;hans_eckl;Uhrmacher;;Metall & Waffen;;;;Erstmalig vorstellig am 27. September 1577.;;;;ja;
BB-1685;1577-12-20;;Paull Zimerhackhl;paul_zimerhaeckl;;;;;;;Erstmalig vorstellig am 8. November 1577.;;;;;"personen_id vereinheitlicht (vorher paul_zimerhackl): ""Erstmalig vorstellig""-Datum verweist exakt auf BB-1664 (""Paull Zimerhäckhl"", Ähnlichkeit 1.0) - dieselbe Person."
BB-1686;1577-12-20;;Sebastian Segn;sebastian_segn;;;;;;;;;;;;
BB-1687;1577-12-20;;Hannsz Walner;hans_walner;;;;;;;;;;;;
BB-1688;1577-12-20;;Melhior Düllwagner;melchior_duellwagner;;;;;;;;;;;;
BB-1689;1577-12-20;;Wolff Perger;wolf_perger;Fischer;;Lebensmittelhandwerk;;;;;;;;ja;
BB-1690;1577-12-20;;Dionisy Teüfl;dionysius_teuefl;;;;;;;;;;;;
BB-1691;1577-12-20;;Caspar Oxlmair;kaspar_oxlmair;;;;;;;;;;;;
BB-1692;1577-12-20;;Peter Khröll;peter_kroell;Hauer;;Landwirtschaft & Weinbau;;;;;;;;ja;
BB-1693;1577-12-20;;Bartlme Furtner;bartholomaeus_furtner;Fischer;;Lebensmittelhandwerk;;;;;;;;ja;
BB-1694;1577-12-20;;Gregor Khischinger;gregor_kirschinger;Binder;;Holz, Bau & Stein;;;;;;;;ja;
BB-1695;1577-12-20;;Hannsz Carl;hans_karl_tischler_1577;Tischler;;Holz, Bau & Stein;;;;;;;;ja;"Ursprüngliche Quelle (Diplomarbeit Hellerschmid) zeigt zwei getrennte Listeneinträge ""Hannsz Carl"" 1577 mit unterschiedlichem Beruf (Hauer bzw. Tischler) - vermutlich zwei verschiedene Personen gleichen Namens. personen_id entsprechend aufgesplittet."
BB-1696;1577-12-20;;Hannsz Rath;hans_rath;Hauer;;Landwirtschaft & Weinbau;;;;;;;;ja;
BB-1697;1577-12-20;;Leonhart Widnbockh;leonhard_widnbock;Hafner;;Holz, Bau & Stein;;;;;;;;ja;
BB-1698;1577-12-20;;Christoff Holzer;christoph_holzer;;;;;;;;;;;;
BB-1699;1577-12-20;;Georg Schwarzböckh;georg_schwarzboeck;;;;;;;;;;;;
BB-1700;1577-12-20;;Hannsz Grebmer;hans_grabner;;;;;;;;;;;;
BB-1701;1577-12-20;;Anndre Seisseneckher;andreas_seissenecker;Messerschmied;;Metall & Waffen;;;;;;;;ja;
BB-1702;1577-12-20;;Bangraz Littich;bangraz_littich;Seiler;;Transport & Wasserwesen;;;;;;;;ja;
BB-1703;1577-12-20;;Dionisy Aichbuchler;dionisy_aichbuchler;Hauer;;Landwirtschaft & Weinbau;;;;;;;;ja;
BB-1704;1577-12-20;;Sigmunndt Perlmair;sigmund_perlmair;Schneider;;Textil & Bekleidung;;;;Erstmalig vorstellig am 7. Mai 1577.;;;;ja;
BB-1705;1577-12-20;;Petter Weber;peter_weber;Tischler;;Holz, Bau & Stein;;;;;;;;ja;
BB-1706;1577-12-20;;Bartlme Neunmarckher;bartholomaeus_neunmarcker;;;;;;;;;;;;
BB-1707;1577-12-20;;Larenz Khnap;larenz_knap;;;;;;;;;;;;
BB-1708;1577-12-20;;Christoff Schwab;christoph_schwab;Schiffmann;;Transport & Wasserwesen;;;;;;;;ja;
BB-1709;1577-12-20;;Albertus Wilenberger;albertus_wilenberger;Klampferer;;Metall & Waffen;Mathes Pizer.;matthaeus_pizer;;;;;;ja;
BB-1710;1577-12-20;;Hannsz Angerer;hans_anngerer;;;;;;;;;;;;
BB-1711;1577-12-20;;Sigmundt Tenscherz;sigmund_tenscherz;;;;;;;;;;;;
BB-1712;1577-12-20;;Leonhart Schmidinger;leonhard_schmittingers;Leineweber;;Textil & Bekleidung;;;;Erstmalig vorstellig am 27. August 1577.;;;;ja;"personen_id vereinheitlicht (vorher leonhard_schmidinger): ""Erstmalig vorstellig""-Datum verweist exakt auf BB-1657 (""Leonharten Schmittingers"", Ähnlichkeit 0.864) - dieselbe Person."
BB-1713;1577-12-20;;Anndre Taschner;andreas_taschner;Schiffmann;;Transport & Wasserwesen;;;;;;;;ja;
BB-1714;1577-12-20;;Paul Mayr;paul_mayr;;;;;;;;;;;;
BB-1715;1577-12-20;;Ambrosy Kholhart;ambrosius_kolhart;Schneider;;Textil & Bekleidung;Niclasz Welling.;niclasz_welling;;;;;;ja;
BB-1716;1577-12-20;;Leonhart Schiestl;leonhard_schiestl;Hauer;;Landwirtschaft & Weinbau;;;;;;;;ja;
BB-1717;1577-12-20;;Leonhart Auer;leonhard_auer;Büchsenschäfter;;Metall & Waffen;Steffan Mair.;stephan_mayr;;;;;;ja;
BB-1718;1578-01-24;;Georg Sengenwolff oder Freyseysen;georg_sengenwolff;;;;;;;;;;;;
BB-1719;1578-02-21;;Hannß Gräbmer;hans_grabner;Hufschmied;;Metall & Waffen;Wolffen Thurner, Michel Peuger.;wolffen_thurner|michael_peuger;;;;;;ja;
BB-1720;1578-03-24;;Michel Reimbzweig;michael_reimbzweig;Fleischhacker;;Lebensmittelhandwerk;Christoffen Küttn (Weißgerber) (Bürger zu Krems), Georgen Stossr (Weißgerber) (Bürger zu Krems).;christof_kuettn|georg_stosser;Weißgerber|Weißgerber;;;;;ja;
BB-1721;1578-04-22;;Abrahamb Holdnberger;abraham_holdnberger;;;;Hannsen Bezolt (Schneider) (Bürger zu Stein), Christoffen Nachtrueb (Schlosser) (Bürger zu Krems).;hans_bezolt|christoff_nachtrueb;Schneider|Schlosser;;;;;;
BB-1722;1578-05-30;;Matheß Tännckhler;mathess_taenckler;;;;Moses Neuman (Bürger zu Krems), Hannsen Jäger (Bürger zu Krems).;moses_neumann|hans_jaeger;;;;;;;
BB-1723;1578-05-30;;Michel Dusär;michael_dusaer;;;;Wilhalmen Pitterstoffers (Innerer Rat) (Bürger zu Krems).;wilhalmen_pitterstoffers;Innerer Rat;;;;;;
BB-1724;1578-07-06;;Vallentinus Clapper;valentin_clapper;;;;Christoffen Kütt (Weißgerber) (Bürger zu Krems), Georgen Stasse (Weißgerber) (Bürger zu Krems).;christof_kuett|georg_stasse;Weißgerber|Weißgerber;;;;;;
BB-1725;1578-07-11;;Georg Lunnghofer;georg_lunnghofer;Harnischpolierer;;Metall & Waffen;Erhardten Feringer, Pauln Straubinger.;erhardten_feringer|paul_straubinger;;;;;;ja;
BB-1726;1578-06-06;;Hannsz Rümisch;hans_ruemisch;;;;Steffan Kreenaur (Seiler) (Bürger zu Krems).;stephan_kreenaur;Seiler;;;;;;
BB-1727;1578-08-01;;Dionisy Schisssling;dionisy_schisssling;Tuchmacher;;Textil & Bekleidung;Hannsen Amans (Bürger zu Krems), Petern Painstadls (Bürger zu Krems).;hans_amans|petern_painstadls;;;;;;ja;
BB-1728;1578-08-05;;Conradt Lenner;konrad_lenner;Glaser;;Holz, Bau & Stein;;;;;;;;ja;
BB-1729;1578-08-05;;Marx Perckhman;markus_perckman;;;;Hannsen Kütten, Wolffen Klainpeutler.;hans_kuetten|wolffen_klainpeutler;;;;;;;
BB-1730;1578-11-14;;Marx Schreyner;markus_schreyner;Drechsler;;Holz, Bau & Stein;;;;;;;;ja;
BB-1731;1578-11-14;;Johann Haustein;johann_haustein;;;;;;;;;;;;
BB-1732;1578-11-14;;Christoff Ypser;christoph_ypser;;;;;;;;;;;;
BB-1733;1578-12-05;;Hannß Schlamp;hans_schlamp;Hauer;;Landwirtschaft & Weinbau;;;;;;;;ja;
BB-1734;1578-12-09;;Thoman Praun;thomas_braun;;;;;;;;;;;;
BB-1735;1578-12-12;;Michäel Rösler;michaeel_roesler;Hutmacher;;Textil & Bekleidung;;;;;;;;ja;
BB-1736;1578-12-12;;Michäel Waiblinger;michael_waiblinger;Binder;;Holz, Bau & Stein;;;;;;;;ja;
BB-1737;1578-12-19;;Hannß Gräbmer;hans_grabner;Hufschmied;;Metall & Waffen;;;;Erstmalig vorstellig am 21. Februar 1578.;;;Hernachbenannte tails hieüor geschribne angenümene bürger haben an heüt den 19. Decembris anno 78. den gewonlichen burgeraydt nach alttem gebrauch ordenlich gelaistet.;ja;
BB-1738;1578-12-19;;Abrahamb Haldnberger;abraham_holdnberger;Nadler;;Metall & Waffen;;;;Erstmalig vorstellig am 22. April 1578.;;;;ja;"personen_id vereinheitlicht (vorher abraham_haldnberger): ""Erstmalig vorstellig""-Datum verweist exakt auf BB-1721 (""Abrahamb Holdnberger"", Ähnlichkeit 0.95) - dieselbe Person."
BB-1739;1578-12-19;;Matheß Tannckhler;mathess_taenckler;;;;;;;Erstmalig vorstellig am 30. Mai 1578.;;;;;"personen_id vereinheitlicht (vorher matthias_tannckler): ""Erstmalig vorstellig""-Datum verweist exakt auf BB-1722 (""Matheß Tännckhler"", Ähnlichkeit 1.0) - dieselbe Person."
BB-1740;1578-12-19;;Michel Dusär;michael_dusaer;Maler;;Kunst, Musik & Unterhaltung;;;;Erstmalig vorstellig am 30. Mai 1578.;;;;ja;
BB-1741;1578-12-19;;Valentinus Clapper;valentin_clapper;Fleischhacker;;Lebensmittelhandwerk;;;;Erstmalig vorstellig am 6. Juli 1578.;;;;ja;"personen_id vereinheitlicht (vorher valentinus_clapper): ""Erstmalig vorstellig""-Datum verweist exakt auf BB-1724 (""Vallentinus Clapper"", Ähnlichkeit 0.973) - dieselbe Person."
BB-1742;1578-12-19;;Georg Lunghofer;georg_lunnghofer;Harnischpolierer;;Metall & Waffen;;;;Erstmalig vorstellig am 11. Juli 1578.;;;;ja;"personen_id vereinheitlicht (vorher georg_lunghofer): ""Erstmalig vorstellig""-Datum verweist exakt auf BB-1725 (""Georg Lunnghofer"", Ähnlichkeit 0.968) - dieselbe Person."
BB-1743;1578-12-19;;Dionisy Schissling;dionisy_schisssling;Tuchmacher;;Textil & Bekleidung;;;;Erstmalig vorstellig am 1. August 1578.;;;;ja;"personen_id vereinheitlicht (vorher dionisy_schissling): ""Erstmalig vorstellig""-Datum verweist exakt auf BB-1727 (""Dionisy Schisssling"", Ähnlichkeit 0.973) - dieselbe Person."
BB-1744;1578-12-19;;Colman Ölhardt;kolman_oelhardt;Fischer;;Lebensmittelhandwerk;;;;;;;;ja;
BB-1745;1578-12-19;;Marx Schreyner;markus_schreyner;Drechsler;;Holz, Bau & Stein;;;;Erstmalig vorstellig am 14. November 1578.;;;;ja;
BB-1746;1578-12-19;;Hannß Rünnisch;hans_ruemisch;Sieber;;Sonstiges Handwerk;;;;Erstmalig vorstellig am 6. Juni 1578.;;;;ja;"personen_id vereinheitlicht (vorher hans_ruennisch): ""Erstmalig vorstellig""-Datum verweist exakt auf BB-1726 (""Hannsz Rümisch"", Ähnlichkeit 0.857) - dieselbe Person."
BB-1747;1578-12-19;;Johann Haustain;johann_haustein;;;;;;;Erstmalig vorstellig am 14. November 1578.;;;;;"personen_id vereinheitlicht (vorher johann_haustain): ""Erstmalig vorstellig""-Datum verweist exakt auf BB-1731 (""Johann Haustein"", Ähnlichkeit 0.933) - dieselbe Person."
BB-1748;1578-12-19;;Christoff Ypser;christoph_ypser;;;;;;;Erstmalig vorstellig am 14. November 1578.;;;;;
BB-1749;1578-12-19;;Hannß Schlampp;hans_schlamp;;;;;;;Erstmalig vorstellig am 5. Dezember 1578.;;;;;"personen_id vereinheitlicht (vorher hans_schlampp): ""Erstmalig vorstellig""-Datum verweist exakt auf BB-1733 (""Hannß Schlamp"", Ähnlichkeit 0.963) - dieselbe Person."
BB-1750;1578-12-19;;Thoman Praun;thomas_braun;;;;;;;Erstmalig vorstellig am 9. Dezember 1578.;;;;;
BB-1751;1578-12-19;;Michäel Rösler;michael_roesler;Hutmacher;;Textil & Bekleidung;;;;;;;;ja;
BB-1752;1578-12-19;;Lambrecht Geidacher;lambrecht_geidacher;;;;;;;;;;;;
BB-1753;1578-12-19;;Hannß Kosla;hans_kosla;;;;;;;;;;;;
BB-1754;1578-12-19;;Hannß Dölderl;hans_doelderl;;;;;;;;;;;;
BB-1755;1578-12-19;;Bernhardt Rechbaum;bernhard_rechbaum;Bildhauer;;Kunst, Musik & Unterhaltung;;;;;;;;ja;
BB-1756;1578-12-19;;Paul Köchel;paul_kochel;;;;;;;;;;;;
BB-1757;1578-12-19;;Michel Weiblinger;michael_waiblinger;;;;;;;;;;;;
BB-1758;1578-12-19;;Hannß Proier;hans_proier;;;;;;;;;;;;
BB-1759;1578-12-19;;Hannß Ruedlinger;hans_ruedlinger;;;;;;;;;;;;
BB-1760;1578-12-19;;Wolff Pittersperger;wolf_pittersperger;;;;;;;;;;;;
BB-1761;1578-12-19;;Wolff Kalb;wolf_kalb;Hafner;;Holz, Bau & Stein;;;;;;;;ja;
BB-1762;1578-12-19;;Andree König;andreas_koenig;Hauer;;Landwirtschaft & Weinbau;;;;;;;;ja;
BB-1763;1578-12-19;;Conrad Lenner;konrad_lenner;Glaser;;Holz, Bau & Stein;;;;Erstmalig vorstellig am 5. August 1578.;;;;ja;
BB-1764;1578-12-19;;Wolff Puechhaurer;wolf_puechhaurer;;;;;;;;;;;;
BB-1765;1578-12-19;;Abrahamb Puechhaurer;abraham_puechhaurer;;;;;;;;;;;;
BB-1766;1578-12-19;;Michel Reimbzweig;michael_reimbzweig;;;;;;;;;;;;
BB-1767;1578-12-19;;Michel Henrich;michael_henrich;;;;;;;;;;;;
BB-1768;1578-12-19;;Jacob Flänntscher;jakob_flaenntscher;;;;;;;;;;;;
BB-1769;1578-12-19;;Mert Krueg;martin_krueg;;;;;;;;;;;;
BB-1770;1578-12-19;;Matheß Mülner;matthias_muellner;;;;;;;;;;;;
BB-1771;1578-12-19;;Christoff Nachtrueb;christoph_nachtrueb;;;;;;;;;;;;
BB-1772;1579-06-05;;Abrahamb Jän;abraham_jaen;Goldschmied;;Metall & Waffen;;;;;;;;ja;
BB-1773;1579-06-05;;Hannß Wilhalm;hans_wilhalm;Maurer;;Holz, Bau & Stein;;;;;;;;ja;
BB-1774;1579-06-12;;Wilhalm Preiß;wilhelm_preiss;Barbier;;Gesundheit;Benedicten Danl, Steffan David (Tuchscherer).;benedikt_danl|stephan_david;|Tuchscherer;;;;;ja;
BB-1775;1579-06-12;;Wolff Carl;wolf_karl;;;;;;;;;;;;
BB-1776;1579-06-12;;Hannß Grabmer;hans_grabner;;;;;;;;;;;;
BB-1777;1579-06-12;;Sigmundt Grueber;sigmund_grueber;;;;;;;;;;;;
BB-1778;1579-07-31;;Hannß Christoff Pockhinger;hans_christoff_pockinger;;;;;;;;;;;;
BB-1779;1579-07-31;;Hannß Dürnhofer;hans_duernhofer;Leinwander;;Handel;;;;;;;;ja;
BB-1780;1579-08-14;;Peter Potnnaur;peter_potnnaur;Tuchmacher;;Textil & Bekleidung;Wilhalm Widnbeckh (Hafner), Georg Hofman (Schwarzfärber).;wilhalm_widnbeck|georg_hofman;Hafner|Schwarzfärber;;;;;ja;
BB-1781;1579-08-28;;Sebastian Schwingshärl;sebastian_schwingshaerl;Nadler;;Metall & Waffen;Melchior Behamb (Nadler), Hannß Obermair (Bürstenbinder).;melchior_behaimb|hans_obermair;Nadler|Bürstenbinder;;;;;ja;
BB-1782;1579-08-28;;Georg Ödl;georg_oedl;;;;Andree Seissenckher (Messerschmied), Larenz Tüll (Sporer).;andreas_seissencker|larenz_tuell;Messerschmied|Sporer;;;;;;
BB-1783;1579-10-06;;Sigmundt Dietrich;sigmund_dietrich;Leineweber;;Textil & Bekleidung;;;;;;;;ja;
BB-1784;1579-10-16;;Lucas Giesser;lukas_giesser;Kramer;;Handel;;;;;;;;ja;
BB-1785;1579-12-19;;Hannß Wilhalm;hans_wilhalm;Maurer;;Holz, Bau & Stein;;;;Erstmalig vorstellig am 5. Juni 1579.;;;Hernach benannte Bürger, so hieüor das glüb gethon, haben an heüt den 19. Decembris anno 79te den burger aydt gelaistet.;ja;
BB-1786;1579-12-19;;Wilhalm Preiß;wilhelm_preiss;Barbier;;Gesundheit;;;;Erstmalig vorstellig am 12. Juni 1579.;;;;ja;
BB-1787;1579-12-19;;Hannß Grabmer;hans_grabner;Bäcker;;Lebensmittelhandwerk;;;;;;;;ja;
BB-1788;1579-12-19;;Sigmundt Grueber;sigmund_grueber;;;;;;;Erstmalig vorstellig am 12. Juni 1579.;;;;;
BB-1789;1579-12-19;;Hannß Dürnhofer;hans_duernhofer;Leineweber;;Textil & Bekleidung;;;;Erstmalig vorstellig am 31. Juli 1579.;;;;ja;
BB-1790;1579-12-19;;Peter Podnnaur;peter_potnnaur;Tuchmacher;;Textil & Bekleidung;;;;Erstmalig vorstellig am 14. August 1579.;;;;ja;"personen_id vereinheitlicht (vorher peter_podnnaur): ""Erstmalig vorstellig""-Datum verweist exakt auf BB-1780 (""Peter Potnnaur"", Ähnlichkeit 0.929) - dieselbe Person."
BB-1791;1579-12-19;;Sebastian Schwingshärl;sebastian_schwingshaerl;Nadler;;Metall & Waffen;;;;Erstmalig vorstellig am 28. August 1579.;;;;ja;
BB-1792;1579-12-19;;Georg Ödl;georg_oedl;;;;;;;Erstmalig vorstellig am 28. August 1579.;;;;;
BB-1793;1579-12-19;;Sigmundt Dietrich;sigmund_dietrich;Leineweber;;Textil & Bekleidung;;;;Erstmalig vorstellig am 6. Oktober 1579.;;;;ja;
BB-1794;1579-12-19;;Lucas Giesser;lukas_giesser;Kramer;;Handel;;;;Erstmalig vorstellig am 16. Oktober 1579.;;;;ja;
BB-1795;1579-12-19;;Hannß Waldtvogl;hans_waldtvogl;Büchsenmacher;;Metall & Waffen;;;;;;;;ja;
BB-1796;1579-12-19;;Veit Hörzog;veit_herzog;;;;;;;;;;;;
BB-1797;1579-12-19;;Wolff Rätsch;wolf_raetsch;Zinngießer;;Metall & Waffen;;;;;;;;ja;
BB-1798;1579-12-19;;Steffan Grueber;stephan_grueber;Hauer;;Landwirtschaft & Weinbau;;;;;;;;ja;
BB-1799;1579-12-19;;Jacob Spieß;jakob_spiess;Hauer;;Landwirtschaft & Weinbau;;;;;;;;ja;
BB-1800;1579-12-19;;Ulrich Fiernkhrannz;ulrich_fiernkhrannz;Hauer;;Landwirtschaft & Weinbau;;;;;;;;ja;
BB-1801;1579-12-19;;Juliuß Cappler;julius_cappler;;;;;;;;;;;;
BB-1802;1579-12-19;;Wolff Puechamer;wolf_puechamer;;;;;;;;;;;;
BB-1803;1579-12-19;;Georg Mugl;georg_mugl;;;;;;;;;;;;
BB-1804;1579-12-19;;Asm Lipp;asm_lipp;Hauer;;Landwirtschaft & Weinbau;;;;;;;;ja;
BB-1805;1579-12-19;;Erhardt Pfeiffer;erhard_pfeiffer;Fuhrmann;;Transport & Wasserwesen;;;;;;;;ja;
BB-1806;1579-12-19;;Georg Griffner;georg_griffner;Schneider;;Textil & Bekleidung;;;;;;;;ja;
BB-1807;1579-12-19;;David Ardinger;david_ardinger;Schneider;;Textil & Bekleidung;;;;;;;;ja;
BB-1808;1579-12-19;;Hannß Haur;hans_haur;Fuhrmann;;Transport & Wasserwesen;;;;;;;;ja;
BB-1809;1579-12-19;;Abrahamb Jän;abraham_jaen;Goldschmied;;Metall & Waffen;;;;Erstmalig vorstellig am 5. Juni 1579.;;;;ja;
BB-1810;1579-12-19;;Wolff Carl;wolf_karl;;;;;;;Erstmalig vorstellig am 12. Juni 1579.;;;;;
BB-1811;1579-12-19;;Hannß Christoff Pockhinger;hans_christoff_pockinger;;;;;;;Erstmalig vorstellig am 31. Juli 1579.;;;;;
BB-1812;1579-12-19;;Sebastian Salztrager;sebastian_salztrager;;;;;;;;;;;;
BB-1813;1579-12-19;;Hannß Göz;hans_goez;Sattler;;Leder & Pelz;;;;;;;;ja;
BB-1814;1579-12-19;;Reichart Ligimlanndt;reichart_ligimlanndt;Drechsler;;Holz, Bau & Stein;;;;;;;;ja;
BB-1815;1579-12-19;;Matheß Schachner;mathess_schachner;Bader;;Gesundheit;;;;;;;;ja;
BB-1816;1579-12-19;;Peter Krueg;peter_krueg;Maler;;Kunst, Musik & Unterhaltung;;;;;;;;ja;
BB-1817;1579-12-19;;Abrahamb Winnckhler;abraham_winckler;Goldschmied;;Metall & Waffen;;;;;;;;ja;
BB-1818;1579-12-19;;Wolff Strasser;wolf_strasser;Gastgeb;;Gastgewerbe & Getraenke;;;;;;;;ja;
BB-1819;1579-12-19;;Wolff Heyfelder;wolf_heyfelder;;;;;;;;;;;;
BB-1820;1579-12-19;;Dionisy Stainmez;dionysius_stainmez;Schneider;;Textil & Bekleidung;;;;;;;;ja;
BB-1821;1580-12-17;;Leonhardt Eysteter;leonhard_eysteter;Maurer;;Holz, Bau & Stein;;;;;;;Hernachgeschribne personen seind in disem ain tausent fünffhündert achtzigisten jare nach aüsweisüng des rath prothocols zu burgern aufgenumen und nach gethonem glüb haben sy an heut den sibenzehenten Decembris obbemelts jars den gewönlichen burgeraydt gelaist, unnd seind hiemit zu burgern eingeschriben worden.;ja;
BB-1822;1580-12-17;;Leonhardt Stumpsbeckh;leonhard_stumpsbeck;Schleiffer;;Metall & Waffen;;;;;;;;ja;
BB-1823;1580-12-17;;Niclaß Herbst;niklas_herbst;Hutstepper;;Textil & Bekleidung;;;;;;;;ja;
BB-1824;1580-12-17;;Hannß Reissenzaun;hans_reissenzaun;;;;;;;;;;;;
BB-1825;1580-12-17;;Bernhardt Bockhsperger;bernhardt_bocksperger;Fischer;;Lebensmittelhandwerk;;;;;;;;ja;
BB-1826;1580-12-17;;Sigmundt Frosch;sigmund_frosch;Fischer;;Lebensmittelhandwerk;;;;;;;;ja;
BB-1827;1580-12-17;;Hannß Kalhart;hans_kolhart;Weißgerber;;Leder & Pelz;;;;;;;;ja;
BB-1828;1580-12-17;;Hainrich Piching;heinrich_piching;Apotheker;;Gesundheit;;;;;;;;ja;
BB-1829;1580-12-17;;Veit Rumel;veit_rumel;Lebzelter;;Lebensmittelhandwerk;;;;;;;;ja;
BB-1830;1580-12-17;;Paul Fischer;paul_fischer;Leitgeb;;Gastgewerbe & Getraenke;;;;;;;;ja;
BB-1831;1580-12-17;;Georg Gänhör;georg_gaenhoer;Maurer;;Holz, Bau & Stein;;;;;;;;ja;
BB-1832;1580-12-17;;Larenz Kurzndorffer;lorenz_kurzndorffer;Tischler;;Holz, Bau & Stein;;;;;;;;ja;
BB-1833;1580-12-17;;Hannß Bidmer;hans_bidmer;Fischer;;Lebensmittelhandwerk;;;;;;;;ja;
BB-1834;1580-12-17;;Rupprecht Reitter;ruprecht_reitter;Geiger;;Kunst, Musik & Unterhaltung;;;;;;;;ja;
BB-1835;1580-12-17;;Bartlmee Sebolt;bartholomaeus_sibolt;Sporer;;Metall & Waffen;;;;;;;;ja;
BB-1836;1580-12-17;;Walthauser Lülger;walthauser_luelger;Schneider;;Textil & Bekleidung;;;;;;;;ja;
BB-1837;1580-12-17;;Christoph Frannckh;christoph_frannck;Schuster;;Leder & Pelz;;;;;;;;ja;
BB-1838;1580-12-17;;Georg Behaimb;georg_behaim;Maler;;Kunst, Musik & Unterhaltung;;;;;;;;ja;
BB-1839;1580-12-17;;Paul Riflmacher;paul_riflmacher;Fuhrmann;;Transport & Wasserwesen;;;;;;;;ja;
BB-1840;1580-12-17;;Stephan Allexperger;stephan_allexperger;Fuhrmann;;Transport & Wasserwesen;;;;;;;;ja;
BB-1841;1580-12-17;;Hannß Prosch;hans_prosch;Fuhrmann;;Transport & Wasserwesen;;;;;;;;ja;
BB-1842;1580-12-17;;Georg Gäniz;georg_gaeniz;Fuhrmann;;Transport & Wasserwesen;;;;;;;;ja;
BB-1843;1580-12-17;;Jacob Rennz;jakob_rennz;Schmied;;Metall & Waffen;;;;;;;;ja;
BB-1844;1580-12-17;;Veit Schmidthueber;veit_schmidthueber;Binder, Drechsler, Schuster;;Holz, Bau & Stein;;;;;;;;ja;
BB-1845;1580-12-17;;Georg (Sihel?);georg_sichel;Schmied;;Metall & Waffen;;;;;;;;ja;
BB-1846;1580-12-17;;Walthauser Messerer;walthauser_messerer;Schuster;;Leder & Pelz;;;;;;;;ja;
BB-1847;1581-01-18;;Hörman Perger;hoerman_perger;;;;Hannsen Gezen (Sattler), Wolffen Sigl (Schmied).;hans_gezen|wolffen_sigl;Sattler|Schmied;;;;;;
BB-1848;1581-01-27;;Georg Bremb;georg_bremb;Fleischhacker;;Lebensmittelhandwerk;Achazi Rauscher, Wolf Walchen.;achazi_rauscher|wolf_walchen;;;;;;ja;
BB-1849;1581-01-27;;Jacob Reitmair;jakob_reitmair;;;;Niclasen Melnapf, Wolffen Pueckhamer.;niclasen_melnapf|wolfgang_puchhammer;;;;;;;
BB-1850;1581-02-25;;Christoff Schmuckhner;christoph_schmuckner;;;;Abraham Ernnsten, Reicharten Khranzen.;abraham_ernnsten|reicharten_kranzen;;;;;;;
BB-1851;1581-02-25;;Hannsz Staingastinger;hans_staingastinger;;;;Hannß Grabmer, Wolf Puechhamer.;hans_grabner|wolf_puechhamer;;;;;;;
BB-1852;1581-04-14;;Wolff Wibmer;wolf_widmer;;;;;;;;;;;;
BB-1853;1581-04-14;;Bernhart Rechpaumb;bernhard_rechbaum;;;;;;;;;;;;
BB-1854;1581-04-21;;Hannsz Passeckher;hans_passecker;Tuchscherer;;Textil & Bekleidung;Christoffen Bermaur, Steffan Davit (Tuchscherer).;christoff_bermaur|stephan_davit;|Tuchscherer;;;;;ja;
BB-1855;1581-06-02;;Wolff Fetaller;wolf_fetaller;Fuhrmann;;Transport & Wasserwesen;Gilig Spenngennagl, Wolffen Rätschen.;gilig_spenngennagl|wolf_raetschen;;;;;;ja;
BB-1856;1581-05-20;;Hannsz Hauszman;hans_haussman;;;;Wolffen Punchhamer, Veitten Schreiber.;wolfgang_puchhammer|veith_schreiber;;;;;;;
BB-1857;1581-06-30;;Jacob Fackh;jakob_fack;Maurer;;Holz, Bau & Stein;;;;;;;;ja;
BB-1858;1581-07-07;;Veitten Pinters;veit_pinters;;;;Thoman Schnözinger (Innerer Rat).;thomas_schnoezinger;Innerer Rat;;;;;;
BB-1859;1581-07-07;;Hannsz Zistler;hans_zistler;;;;;;;;;;;;
BB-1860;1581-08-08;;Phillip Schwarzmair;phillip_schwarzmair;;;;;;;;;;;;
BB-1861;1581-08-08;;Thoman Sininger;thomas_sininger;;;;;;;;;;;;
BB-1862;1581-11-15;;Matheusz Zwickhl;matthaeus_zwickl;;;;;;;;;;;;
BB-1863;1581-12-22;;Hannsz Mulner;hans_muellner;;;;;;;;;;;;
BB-1864;1581-12-22;;Hainrich Blosius;heinrich_blosius;Doktor;;Gesundheit;;;;;;;;ja;
BB-1865;1581-12-22;;Steffan Hasz;stephan_haas;;;;;;;;;;;;
BB-1866;1581-12-22;;Hannsz Vogl;hans_vogl;;;;;;;;;;;;
BB-1867;1581-12-22;;Michael Wolz;michael_wolz;;;;;;;;;;;;
BB-1868;1581-12-29;;Valttin Ölhart;valttin_oelhardt;;;;;;;;;;;;
BB-1869;1581-12-21;;Hörman Perger;hoerman_perger;;;;;;;Erstmalig vorstellig am 18. Januar 1581.;;;Hernach benante so hieuor das glüb gethan haben an heut den 21. December anno 81. den burger aidt gelaistet.;;
BB-1870;1581-12-21;;Georg Bremb;georg_bremb;Fleischhacker;;Lebensmittelhandwerk;;;;Erstmalig vorstellig am 27. Januar 1581.;;;;ja;
BB-1871;1581-12-21;;Jacob Reutman;jakob_reitmair;;;;;;;Erstmalig vorstellig am 27. Januar 1581 unter Jacob Reitmair.;;;;;"personen_id vereinheitlicht (vorher jakob_reutman): ""Erstmalig vorstellig""-Datum verweist exakt auf BB-1849 (""Jacob Reitmair"", Ähnlichkeit 0.815) - dieselbe Person."
BB-1872;1581-12-21;;Christoff Schmuckhner;christoph_schmuckner;;;;;;;Erstmalig vorstellig am 25. Februar 1581.;;;;;
BB-1873;1581-12-21;;Hannsz Staingastinger;hans_staingastinger;;;;;;;Erstmalig vorstellig am 25. Februar 1581.;;;;;
BB-1874;1581-12-21;;Wolff Wibmer;wolf_widmer;;;;;;;Erstmalig vorstellig am 14. April 1581.;;;;;
BB-1875;1581-12-21;;Hannsz Plassecker;hans_passecker;;;;;;;Erstmalig vorstellig am 21. April 1581.;;;;;"personen_id vereinheitlicht (vorher hans_plassecker): ""Erstmalig vorstellig""-Datum verweist exakt auf BB-1854 (""Hannsz Passeckher"", Ähnlichkeit 0.941) - dieselbe Person."
BB-1876;1581-12-21;;Wolff Fetaller;wolf_fetaller;Fuhrmann;;Transport & Wasserwesen;;;;Erstmalig vorstellig am 2. Juni 1581.;;;;ja;
BB-1877;1581-12-21;;Hannsz Hauszman;hans_haussman;;;;;;;Erstmalig vorstellig am 20. Mai 1581.;;;;;
BB-1878;1581-12-21;;Jacob Fackh;jakob_fack;Maurer;;Holz, Bau & Stein;;;;Erstmalig vorstellig am 30. Juni 1581.;;;;ja;
BB-1879;1581-12-21;;Veitt Pinter;veit_pinters;;;;;;;Erstmalig vorstellig am 7. Juli 1581.;;;;;"personen_id vereinheitlicht (vorher veit_pindter): ""Erstmalig vorstellig""-Datum verweist exakt auf BB-1858 (""Veitten Pinters"", Ähnlichkeit 0.889) - dieselbe Person."
BB-1880;1581-12-21;;Hannsz Zistler;hans_zistler;;;;;;;Erstmalig vorstellig am 7. Juli 1581.;;;;;
BB-1881;1581-12-21;;Phillip Schwarzmair;phillip_schwarzmair;;;;;;;Erstmalig vorstellig am 8. August 1581.;;;;;
BB-1882;1581-12-21;;Thoman Sininger;thomas_sininger;;;;;;;Erstmalig vorstellig am 8. August 1581.;;;;;
BB-1883;1581-12-21;;Matheusz Zwickhl;matthaeus_zwickl;;;;;;;Erstmalig vorstellig am 15. November 1581.;;;;;
BB-1884;1581-12-21;;Hannsz Mülner;hans_muellner;;;;;;;Erstmalig vorstellig am 22. Dezember 1581.;;;;;"Das Datum in ""Erstmalig vorstellig am..."" liegt nach dem Haupt-Registrierungsdatum. In der ursprünglichen Diplomarbeit stehen die Fußnoten mit diesen Angaben gesammelt HINTER der gesamten Personenliste einer Seite, nicht direkt bei der jeweiligen Person - bei der Digitalisierung ist die Fußnote-zu-Person-Zuordnung an dieser Stelle vermutlich verrutscht. Sollte gegen die Originalquelle (Fußnotennummern) neu abgeglichen werden."
BB-1885;1581-12-21;;Hairich Blosius;heinrich_blosius;Doktor;;Gesundheit;;;;Erstmalig vorstellig am 22. Dezember 1581.;;;;nein;"Das Datum in ""Erstmalig vorstellig am..."" liegt nach dem Haupt-Registrierungsdatum. In der ursprünglichen Diplomarbeit stehen die Fußnoten mit diesen Angaben gesammelt HINTER der gesamten Personenliste einer Seite, nicht direkt bei der jeweiligen Person - bei der Digitalisierung ist die Fußnote-zu-Person-Zuordnung an dieser Stelle vermutlich verrutscht. Sollte gegen die Originalquelle (Fußnotennummern) neu abgeglichen werden. | personen_id vereinheitlicht (vorher hairich_blosius): ""Erstmalig vorstellig""-Datum verweist exakt auf BB-1864 (""Hainrich Blosius"", Ähnlichkeit 0.968) - dieselbe Person. | zuordnung_sicher=nein: Die zugrundeliegende personen_id-Zusammenführung basiert auf einem ""Erstmalig vorstellig""-Datum, das selbst bereits als vermutlich fehlzugeordnete Fußnote markiert ist (siehe vorherige Anmerkung) - methodisch unsauber, nicht rückgängig gemacht, aber nicht als gesichert markiert."
BB-1886;1581-12-21;;Steffan Hasz;stephan_haas;;;;;;;Erstmalig vorstellig am 22. Dezember 1581.;;;;;"Das Datum in ""Erstmalig vorstellig am..."" liegt nach dem Haupt-Registrierungsdatum. In der ursprünglichen Diplomarbeit stehen die Fußnoten mit diesen Angaben gesammelt HINTER der gesamten Personenliste einer Seite, nicht direkt bei der jeweiligen Person - bei der Digitalisierung ist die Fußnote-zu-Person-Zuordnung an dieser Stelle vermutlich verrutscht. Sollte gegen die Originalquelle (Fußnotennummern) neu abgeglichen werden."
BB-1887;1581-12-21;;Hannsz Vogl;hans_vogl;;;;;;;Erstmalig vorstellig am 22. Dezember 1581.;;;;;"Das Datum in ""Erstmalig vorstellig am..."" liegt nach dem Haupt-Registrierungsdatum. In der ursprünglichen Diplomarbeit stehen die Fußnoten mit diesen Angaben gesammelt HINTER der gesamten Personenliste einer Seite, nicht direkt bei der jeweiligen Person - bei der Digitalisierung ist die Fußnote-zu-Person-Zuordnung an dieser Stelle vermutlich verrutscht. Sollte gegen die Originalquelle (Fußnotennummern) neu abgeglichen werden."
BB-1888;1581-12-21;;Michael Wolz;michael_wolz;;;;;;;Erstmalig vorstellig am 22. Dezember 1581.;;;;;"Das Datum in ""Erstmalig vorstellig am..."" liegt nach dem Haupt-Registrierungsdatum. In der ursprünglichen Diplomarbeit stehen die Fußnoten mit diesen Angaben gesammelt HINTER der gesamten Personenliste einer Seite, nicht direkt bei der jeweiligen Person - bei der Digitalisierung ist die Fußnote-zu-Person-Zuordnung an dieser Stelle vermutlich verrutscht. Sollte gegen die Originalquelle (Fußnotennummern) neu abgeglichen werden."
BB-1889;1581-12-21;;Valtin Öllhart;valttin_oelhardt;;;;;;;Erstmalig vorstellig am 29. Dezember 1581.;;;;nein;"Das Datum in ""Erstmalig vorstellig am..."" liegt nach dem Haupt-Registrierungsdatum. In der ursprünglichen Diplomarbeit stehen die Fußnoten mit diesen Angaben gesammelt HINTER der gesamten Personenliste einer Seite, nicht direkt bei der jeweiligen Person - bei der Digitalisierung ist die Fußnote-zu-Person-Zuordnung an dieser Stelle vermutlich verrutscht. Sollte gegen die Originalquelle (Fußnotennummern) neu abgeglichen werden. | personen_id vereinheitlicht (vorher valentin_oellhart): ""Erstmalig vorstellig""-Datum verweist exakt auf BB-1868 (""Valttin Ölhart"", Ähnlichkeit 0.929) - dieselbe Person. | zuordnung_sicher=nein: Die zugrundeliegende personen_id-Zusammenführung basiert auf einem ""Erstmalig vorstellig""-Datum, das selbst bereits als vermutlich fehlzugeordnete Fußnote markiert ist (siehe vorherige Anmerkung) - methodisch unsauber, nicht rückgängig gemacht, aber nicht als gesichert markiert."
BB-1890;1581-12-21;;Gabriel Rhunius;gabriel_rhunius;;;;;;;;;;;;
BB-1891;1581-12-21;;Christoff Puechner;christoph_puechner;Färber;;Textil & Bekleidung;;;;;;;;ja;
BB-1892;1581-12-21;;Peter Wider;peter_wider;;;;;;;;;;;;
BB-1893;1581-12-21;;Jeremiasz Aichorn;jeremias_aichorn;;;;;;;;;;;;
BB-1894;1581-12-21;;Marx Jägersperger;markus_jaegersperger;;;;;;;;;;;;
BB-1895;1581-12-21;;Wolff Prandt;wolf_prandt;Schuster;;Leder & Pelz;;;;;;;;ja;
BB-1896;1581-12-21;;Veitt Zeiller;veit_zeiller;;;;;;;;;;;;
BB-1897;1581-12-21;;Nathanael Liebhart;nathanael_liebhart;;;;;;;;;;;;
BB-1898;1581-12-21;;Adam Tenckh;adam_tenck;Hafner;;Holz, Bau & Stein;;;;;;;;ja;
BB-1899;1581-12-21;;Mertt Scheiblmair;martin_scheiblmair;;;;;;;;;;;;
BB-1900;1581-12-21;;Niclas Spitlmülner;niklas_spitlmuelner;;;;;;;;;;;;
BB-1901;1581-12-21;;Mertt Harbacher;martin_harbacher;;;;;;;;;;;;
BB-1902;1581-12-21;;Leonhar Mülner;leonhard_muellner;;;;;;;;;;;;
BB-1903;1581-12-21;;Sebastian Ferstl;sebastian_ferstl;;;;;;;;;;;;
BB-1904;1581-12-21;;Hannsz Beyr;hans_bayr;;;;;;;;;;;;
BB-1905;1581-12-21;;Eliasz Schmausser;elias_schmausser;;;;;;;;;;;;
BB-1906;1581-12-21;;Hannsz Bessel;hans_bessel;;;;;;;;;;;;
BB-1907;1581-12-21;;Wolffgang Sallich;wolfgang_sallich;;;;;;;;;;;;
BB-1908;1582-02-09;;Hanns Wagner;hans_wagner;Messerschmied;;Metall & Waffen;Benedict Dantl, Christoff Reimb.;benedikt_dantl|christoph_reimb;;;;;;ja;
BB-1909;1582-05-18;;Martin Vischer;martin_fischer;;;;;;;;;;;;
BB-1910;1582-07-13;;Balthasar Schobinger;balthasar_schobinger;;;;Georgus Reichlin, Matheus Schmidtpaur, Matheus Lindtner.;georgus_reichlin|matthaeus_schmidtpaur|matthaeus_lindtner;;;;;;;
BB-1911;1582-08-10;;Georg Rueff;georg_rueff;;;;Hanns Eckhl, Lorenz Düll.;hans_eckl|lorenz_duell;;;;;;;
BB-1912;1582-08-14;;Michel Gerla;michael_gerla;;;;Georg Kelner, Hanns Obermair.;georg_kelner|hans_obermair;;;;;;;
BB-1913;1582-09-14;;Sebastian Mülbach;sebastian_muelbach;;;;Caspar Carl, Steffan David.;kaspar_karl|stephan_david;;;;;;;
BB-1914;1582-11-09;;Wenzl Phillip;wenzel_phillip;Weißgerber;;Leder & Pelz;;;;;;;;ja;
BB-1915;1582-11-16;;Lorenz Hiertl;lorenz_hiertl;Hauer;;Landwirtschaft & Weinbau;;;;;;;;ja;
BB-1916;1582-01-30;;Urban Frauhofer;urban_frauhofer;;;;Steffan Mayr, Michel Wager.;stephan_mayr|michael_wager;;;;;;;
BB-1917;1582-03-16;;Hanns Ybbser;hans_ybbser;;;;Michael Peuger, Steffan Rachofer.;michael_peuger|stephan_rachofer;;;;;;;
BB-1918;1582-04-03;;Wolff Feringer;wolf_feringer;Schlosser;;Metall & Waffen;;;;;;;;ja;
BB-1919;1582-09-14;;Melchior Salzhueber;melchior_salzhueber;Schuster;;Leder & Pelz;Hanns Schlatterer, Veith Schreiber.;hans_schlotterer|veit_schreiber;;;;;;ja;
BB-1920;1582-12-07;;Hanns Angerlechner;hans_angerlechner;Schmied;;Metall & Waffen;;;;;;;;ja;
BB-1921;1582-12-14;;Marthin Vischer;martin_fischer;;;;;;;Erstmalig vorstellig am 18. Mai 1582.;;;Hernachbenannte so heudt das glüb gethan haben, an heut den vierzehenden Decembris anno etc.im zwayunndachtzigisten, den burger aidt gelaistet.;;
BB-1922;1582-12-14;;Wolff Pruckhner;wolf_pruckner;;;;;;;;;;;;
BB-1923;1582-12-14;;Matheus Schmidtpaur;matthaeus_schmidtpaur;;;;;;;;;;;;
BB-1924;1582-12-14;;Michel Gerla;michael_gerla;;;;;;;Erstmalig vorstellig am 14. August 1582.;;;;;
BB-1925;1582-12-14;;Hanns Turschperger;hans_turschperger;Maurer;;Holz, Bau & Stein;;;;;;;;ja;
BB-1926;1582-12-14;;Sebastian Mülbach;sebastian_muelbach;;;;;;;Erstmalig vorstellig am 14. September 1582.;;;;;
BB-1927;1582-12-14;;Lorenz Hiertl;lorenz_hiertl;Hauer;;Landwirtschaft & Weinbau;;;;Erstmalig vorstellig am 16. November 1582.;;;;ja;
BB-1928;1582-12-14;;Zacharias Schuz;zacharias_schutz;Zinngießer;;Metall & Waffen;;;;;;;;ja;
BB-1929;1582-12-14;;Georgus Reichlin;georg_reichlin;;;;;;;;;;;;
BB-1930;1582-12-14;;Balthasar Schobinger;balthasar_schobinger;;;;;;;;;;;;
BB-1931;1582-12-14;;Georg Ruef;georg_rueff;;;;;;;Erstmalig vorstellig am 10. August 1582.;;;;;"personen_id vereinheitlicht (vorher georg_ruef): ""Erstmalig vorstellig""-Datum verweist exakt auf BB-1911 (""Georg Rueff"", Ähnlichkeit 0.952) - dieselbe Person."
BB-1932;1582-12-14;;Wenzl Phillip;wenzel_phillip;Weißgerber;;Leder & Pelz;;;;Erstmalig vorstellig am 9. November 1582.;;;;ja;"personen_id vereinheitlicht (vorher wenzl_phillip): ""Erstmalig vorstellig""-Datum verweist exakt auf BB-1914 (""Wenzl Phillip"", Ähnlichkeit 1.0) - dieselbe Person."
BB-1933;1582-12-14;;Caspar Scheirl;kaspar_scheirl;;;;;;;;;;;;
BB-1934;1582-12-14;;Paull Leittner;paul_leittner;;;;;;;;;;;;
BB-1935;1582-12-14;;Hanns Wagner;hans_wagner;Messerschmied;;Metall & Waffen;;;;Erstmalig vorstellig am 9. Februar 1582.;;;;ja;
BB-1936;1582-12-14;;Georg Obermayr;georg_obermair;;;;;;;;;;;;
BB-1937;1582-12-14;;Hanns Plaseckher;hans_plasecker;Teppichmacher;;Textil & Bekleidung;;;;;;;;ja;
BB-1938;1582-12-14;;Georg Kelner;georg_kelner;;;;;;;;;;;;
BB-1939;1582-12-14;;Matheus Häckel;matthaeus_haeckel;Büchsenmacher;;Metall & Waffen;;;;;;;;ja;
BB-1940;1582-12-14;;Georg Ziegler;georg_ziegler;;;;;;;;;;;;
BB-1941;1582-12-14;;Jacob Mayr Wellischer;jakob_mayr_wellischer;Maurer;;Holz, Bau & Stein;;;;;;;;ja;
BB-1942;1582-12-14;;Ulrich Khogler;ulrich_kogler;;;;;;;;;;;;
BB-1943;1582-12-14;;Wolff Hopfner;wolf_hopfner;Fleischhacker;;Lebensmittelhandwerk;;;;;;;;ja;
BB-1944;1582-12-14;;Paull Puechner;paul_puechner;Bäcker;;Lebensmittelhandwerk;;;;;;;;ja;
BB-1945;1582-12-14;;Wolff Spandl;wolf_spaudl;Hauer;;Landwirtschaft & Weinbau;;;;;;;;ja;
BB-1946;1582-12-14;;Jacob Merz;jakob_merz;Hafner;;Holz, Bau & Stein;;;;;;;;ja;
BB-1947;1582-12-14;;Anndre Schrekh;andreas_schrekh;Fuhrmann;;Transport & Wasserwesen;;;;;;;;ja;
BB-1948;1582-12-14;;Urban Frauhofer;urban_frauhofer;;;;;;;Erstmalig vorstellig am 30. Januar 1582.;;;;;
BB-1949;1582-12-14;;Wolff Feringer;wolf_feringer;Schlosser;;Metall & Waffen;;;;Erstmalig vorstellig am 3. April 1582.;;;;ja;
BB-1950;1582-12-14;;Melchior Salzhueber;melchior_salzhueber;Schuster;;Leder & Pelz;;;;Erstmalig vorstellig am 14. September 1582.;;;;ja;
BB-1951;1582-12-14;;Hanns Angerlechner;hans_angerlechner;Schmied;;Metall & Waffen;;;;Erstmalig vorstellig am 7. Dezember 1582.;;;;ja;
BB-1952;1582-12-14;;Wolff Schrettl;wolf_schrettl;;;;;;;;;;;;
BB-1953;1582-12-14;;Hanns Pfeferl;hans_pfeferl;;;;;;;;;;;;
BB-1954;1583-03-22;;Wolff Wildtperger;wolf_wildtperger;Schneider;;Textil & Bekleidung;Hannß Weber (Schneider), Steffan David (Scherer).;hans_weber|stephan_david;Schneider|Scherer;;;;;ja;
BB-1955;1583-03-22;;Valtin Lakner;valentin_lakner;Schneider;;Textil & Bekleidung;Merth Kagerer (Schneider), Steffan Rarhoffer (Schneider).;martin_kagerer|stephan_rarhoffer;Schneider|Schneider;;;;;ja;
BB-1956;1583-04-26;;Wolff Vischgatter;wolf_vischgatter;Goldschmied;;Metall & Waffen;Hannß Kugl, Benedict Tandl (Klampferer).;hans_kugl|benedikt_tandl;|Klampferer;;;;;ja;
BB-1957;1583-04-26;;Mert Seidnschwanz;martin_seidnschwanz;Weber;;Textil & Bekleidung;Merten Pfneißl (Weber), Hansen Dürnhoffer (Weber).;martin_pfneissl|hansen_duernhoffer;Weber|Weber;;;;;ja;
BB-1958;1583-04-26;;Jacob Witteich;jakob_witteich;Binder;;Holz, Bau & Stein;Melchior Tüll (Wagner), Marchen Vischers (Binder).;melchior_tuell|marchen_vischers;Wagner|Binder;;;;;ja;
BB-1959;1583-06-14;;Hans Dümbler;hans_duembler;Fleischhacker;;Lebensmittelhandwerk;Gilgeu Gschwandner, Cristoff Kostla.;gilgeu_gschwandner|christoph_kostla;;;;;;ja;
BB-1960;1583-07-09;;Michl Fleischman;michael_fleischman;Büchsenmacher;;Metall & Waffen;Steffan Mair.;stephan_mayr;;;;;;ja;
BB-1961;1583-11-01;;Mathes Heinz;matthaeus_heinz;Apotheker;;Gesundheit;;;;;;;;ja;
BB-1962;1583-09-20;;Hans Adam Franz;hans_adam_franz;Messerschmied;;Metall & Waffen;Benedict Tandl (Klampferer), Hans Ekl.;benedikt_tandl|hans_ekl;Klampferer|;;;;;ja;
BB-1963;1583-09-20;;Colman Orttner;kolman_ortner;Leineweber;;Textil & Bekleidung;Hans Dürnhofer (Leineweber), Simon Dietrich.;hans_duernhofer|simon_dietrich;Leineweber|;;;;;ja;
BB-1964;1583-12-03;;Hans Mair;hans_mayr;Sattler;;Leder & Pelz;Wolff Sigl (Schmied), Hanß Rattenperger (Riemer).;wolf_sigl|hans_rattenperger;Schmied|Riemer;;;;;ja;
BB-1965;1583-12-23;;Leonhard Scheiffel;leonhard_scheiffel;;;;;;;;;;;;
BB-1966;1583-12-30;;Gregor Scholz;gregor_scholz;Apotheker;;Gesundheit;;;;;;;Hernach benante so hieüor das glüb gethan haben den dreissigisten Decembris anno im dreiundachzigisten den bürger aid gelaistet.;ja;
BB-1967;1583-12-30;;Gabriel Furtner;gabriel_furtner;Fischer;;Lebensmittelhandwerk;;;;;;;;ja;
BB-1968;1583-12-30;;Valtin Lakner;valentin_lakner;Schneider;;Textil & Bekleidung;;;;Erstmalig vorstellig am 22. März 1583.;;;;ja;
BB-1969;1583-12-30;;Javob Pittich;jakob_witteich;Binder;;Holz, Bau & Stein;;;;Erstmalig vorstellig am 26. April 1583.;;;;ja;"personen_id vereinheitlicht (vorher jakob_pittich): ""Erstmalig vorstellig""-Datum verweist exakt auf BB-1958 (""Jacob Witteich"", Ähnlichkeit 0.815) - dieselbe Person."
BB-1970;1583-12-30;;Colman Orttner;kolman_ortner;Leineweber;;Textil & Bekleidung;;;;Erstmalig vorstellig am 20. September 1583.;;;;ja;
BB-1971;1583-12-30;;Georg Sprssl;georg_sprssl;Weißgerber;;Leder & Pelz;;;;;;;;ja;
BB-1972;1583-12-30;;Wolff Hüll;wolf_huell;Taglöhner;;Sonstige Dienstleistungen;;;;;;;;ja;
BB-1973;1583-12-30;;Herman Ulrich;herman_ulrich;Kupferschmied;;Metall & Waffen;;;;;;;;ja;
BB-1974;1583-12-30;;Matheus Heytheur;matthaeus_heytheur;Schneider;;Textil & Bekleidung;;;;;;;;ja;
BB-1975;1583-12-30;;Caspar Pfarkircher;kaspar_pfarkircher;Stadtkoch;;Lebensmittelhandwerk;;;;;;;;ja;
BB-1976;1583-12-30;;Gall Schneider;gall_schneider;Färber;;Textil & Bekleidung;;;;;;;;ja;
BB-1977;1583-12-30;;Sixt Stadlperger;sixt_stadlperger;Schneider;;Textil & Bekleidung;;;;;;;;ja;
BB-1978;1583-12-30;;Johan Menckh;johan_menck;;;;;;;;;;;;
BB-1979;1583-12-30;;Hans Hartneier;hans_hartneier;;;;;;;;;;;;
BB-1980;1583-12-30;;Hans Sedlmair;hans_sedlmair;Koch;;Lebensmittelhandwerk;;;;;;;;ja;
BB-1981;1583-12-30;;Hans Wolff Schlegl;hans_wolff_schlegl;Hauer;;Landwirtschaft & Weinbau;;;;;;;;ja;
BB-1982;1583-12-30;;Hans Pettinger;hans_pettinger;Hauer;;Landwirtschaft & Weinbau;;;;;;;;ja;
BB-1983;1583-12-30;;Leonhart Seehueber;leonhard_seehueber;Hauer;;Landwirtschaft & Weinbau;;;;;;;;ja;
BB-1984;1583-12-30;;Hans Adam Franz;hans_adam_franz;Messerschmied;;Metall & Waffen;;;;Erstmalig vorstellig am 20. September 1583.;;;;ja;
BB-1985;1583-12-30;;Wolff Wildperger;wolf_wildtperger;Schneider;;Textil & Bekleidung;;;;Erstmalig vorstellig am 22. März 1583.;;;;ja;"personen_id vereinheitlicht (vorher wolf_wildperger): ""Erstmalig vorstellig""-Datum verweist exakt auf BB-1954 (""Wolff Wildtperger"", Ähnlichkeit 0.97) - dieselbe Person."
BB-1986;1583-12-30;;Wolff Pischgater;wolf_pischgater;Goldschmied;;Metall & Waffen;;;;;;;;ja;
BB-1987;1583-12-30;;Wolff Seidenschwanz;wolf_seidnschwanz;Leineweber;;Textil & Bekleidung;;;;;;;;ja;
BB-1988;1583-12-30;;Hans Tümbler;hans_duembler;Fleischhacker;;Lebensmittelhandwerk;;;;Erstmalig vorstellig am 14. Juni 1583.;;;;ja;"personen_id vereinheitlicht (vorher hans_tuembler): ""Erstmalig vorstellig""-Datum verweist exakt auf BB-1959 (""Hans Dümbler"", Ähnlichkeit 0.917) - dieselbe Person."
BB-1989;1583-12-30;;Leopold Ferman;leopold_ferman;Tuchscherer;;Textil & Bekleidung;;;;;;;;ja;
BB-1990;1583-12-30;;Hans Mair;hans_mayr;Sattler;;Leder & Pelz;;;;Erstmalig vorstellig am 3. Dezember 1583.;;;;ja;
BB-1991;1583-12-30;;Leonhad Scheiffel;leonhard_scheiffel;;;;;;;Erstmalig vorstellig am 23. Dezember 1583.;;;;;"personen_id vereinheitlicht (vorher leonhad_scheiffel): ""Erstmalig vorstellig""-Datum verweist exakt auf BB-1965 (""Leonhard Scheiffel"", Ähnlichkeit 0.971) - dieselbe Person."
BB-1992;1583-12-30;;Leonhard Zebentmair;leonhard_zebentmair;;;;;;;;;;;;
BB-1993;1583-12-30;;Michl Fleischman;michael_fleischman;Büchsenmacher;;Metall & Waffen;;;;;;;;ja;
BB-1994;1584-03-15;;Michl Rath;michael_rath;Tischler;;Holz, Bau & Stein;;;;;;;;ja;
BB-1995;1584-06-05;;Christoff Perger;christoph_perger;Maurer;;Holz, Bau & Stein;Leonhard Hochdarer, Christoff Puechner (Schwarzfärber).;leonhard_hochdarer|christoph_puechner;|Schwarzfärber;;;;;ja;
BB-1996;1584-07-19;;Georg Perkman;georg_perkman;Tuchmacher;;Textil & Bekleidung;M. Moses Neumai, Gabriel Luniß.;m_moses_neumai|gabriel_luniss;;;;;;ja;
BB-1997;1584-07-07;;David Ladus;david_ladus;Pulvermacher;;Metall & Waffen;;;;;;;;ja;
BB-1998;1584-12-14;;Christoff Pühler;christoph_puehler;;;;;;;;;;;;
BB-1999;1584-06-26;;Michl Huetstokh;michael_huetstokh;;;;;;;;;;;;
BB-2000;1584-07-07;;Ambrosi Stainvogl;ambrosi_stainvogl;;;;;;;;;;;;
BB-2001;1584-12-28;;Mathes Eisler;matthaeus_eisler;;;;;;;;;;Hernach benante so hieüer das glüb gethan haben den achtundzwainzigisten Decembris des vierundachzigisten jars den burger aid gelaistet.;;
BB-2002;1584-12-28;;Christoff Püchler;christoph_puehler;;;;;;;Erstmalig vorstellig am 14. Dezember 1584.;;;;;"personen_id vereinheitlicht (vorher christoph_puechler): ""Erstmalig vorstellig""-Datum verweist exakt auf BB-1998 (""Christoff Pühler"", Ähnlichkeit 0.97) - dieselbe Person."
BB-2003;1584-12-28;;Hans Painb;hans_painb;Metsieder;;Gastgewerbe & Getraenke;;;;;;;;ja;
BB-2004;1584-12-28;;Andre Mäsco;andreas_maesco;;;;;;;;;;;;
BB-2005;1584-12-28;;Michl Rättenperger;michael_rattenberger;;;;;;;;;;;;
BB-2006;1584-12-28;;Leopold Sällinger;leopold_saellinger;;;;;;;;;;;;
BB-2007;1584-12-28;;Hans Peierl;hans_peierl;Büchsenmacher;;Metall & Waffen;;;;;;;;ja;
BB-2008;1584-12-28;;Christoff Perger;christoph_perger;Maurer;;Holz, Bau & Stein;;;;Erstmalig vorstellig am 5. Juni 1584.;;;;ja;
BB-2009;1584-12-28;;Michl Rath;michael_rath;Tischler;;Holz, Bau & Stein;;;;Erstmalig vorstellig am 15. März 1584.;;;;ja;
BB-2010;1584-12-28;;Hans Pfeterle;hans_pfeterle;Sporer;;Metall & Waffen;;;;;;;;ja;
BB-2011;1584-12-28;;Georg Edmülner;georg_edmuelner;;;;;;;;;;;;
BB-2012;1584-12-28;;Niclas Rauch;niklas_rauch;Bäcker;;Lebensmittelhandwerk;;;;;;;;ja;
BB-2013;1584-12-28;;Georg Perkman;georg_perkman;Tuchmacher;;Textil & Bekleidung;;;;Erstmalig vorstellig am 19. Juli 1584.;;;;ja;
BB-2014;1584-12-28;;Veit Raab;veit_raab;;;;;;;;;;;;
BB-2015;1584-12-28;;Sebastian Hochzinger;sebastian_hochzinger;Turmer;ja;Sonstige Dienstleistungen;;;;;;;;ja;"Berufsbezeichnung ""Turmer"" im Quellentext schwer leserlich bzw. Schreibweise/Lesart unsicher."
BB-2016;1584-12-28;;Merth Arbaiter;martin_arbaiter;Fischer;;Lebensmittelhandwerk;;;;;;;;ja;
BB-2017;1584-12-28;;David Latus;david_ladus;Pulvermacher;;Metall & Waffen;;;;Erstmalig vorstellig am 7. Juli 1584.;;;;ja;"personen_id vereinheitlicht (vorher david_latus): ""Erstmalig vorstellig""-Datum verweist exakt auf BB-1997 (""David Ladus"", Ähnlichkeit 0.909) - dieselbe Person."
BB-2018;1584-12-28;;Steffan Aumair;stephan_aumair;Lederer;;Leder & Pelz;;;;;;;;ja;
BB-2019;1584-12-28;;Vallentin Heldt;vallentin_heldt;Kürschner;;Leder & Pelz;;;;;;;;ja;
BB-2020;1584-12-28;;Christoff Kuchlpauer;christoph_kuchlpauer;;;;;;;;;;;;
BB-2021;1584-12-28;;Paul Holnhueber;paul_holnhueber;;;;;;;;;;;;
BB-2022;1584-12-28;;Wolff Lebner;wolf_lebner;Hauer;;Landwirtschaft & Weinbau;;;;;;;;ja;
BB-2023;1584-12-28;;Gilg Walch;aegidius_walch;Hauer;;Landwirtschaft & Weinbau;;;;;;;;ja;
BB-2024;1584-12-28;;Geörg Resch;georg_resch;;;;;;;;;;;;
BB-2025;1584-12-28;;Abraham Franckh;abraham_frannck;;;;;;;;;;;;
BB-2026;1584-12-28;;Sigmund Schmälzl;sigmund_schmaelzl;;;;;;;;;;;;
BB-2027;1584-12-28;;Marx;markus;Steinbrecher;;Holz, Bau & Stein;;;;Platz freigelassen für eine Nachtragung des Familiennames, welche jedoch nicht erfolgte.;;;;ja;
BB-2028;1584-12-28;;Eheman;eheman;Kramer;;Handel;;;;Platz freigelassen für eine Nachtragung des Familiennames, welche jedoch nicht erfolgte.;;;;ja;
BB-2029;1584-12-28;;Georg Obermair;georg_obermair;;;;;;;;;;;;
BB-2030;1584-12-28;;Hendrich Pekh;hendrich_beck;;;;;;;;;;;;
BB-2031;1584-12-28;;Steffan Lukner;stephan_lukner;Mehlmesser;;Handel;;;;;;;;ja;
BB-2032;1584-12-28;;Michl Huetstockh;michael_huetstokh;;;;;;;Erstmalig vorstellig am 26. Juni 1584.;;;;;"personen_id vereinheitlicht (vorher michael_huetstock): ""Erstmalig vorstellig""-Datum verweist exakt auf BB-1999 (""Michl Huetstokh"", Ähnlichkeit 0.968) - dieselbe Person."
BB-2033;1584-12-28;;Ambrosi Stainvogl;ambrosi_stainvogl;;;;;;;Erstmalig vorstellig am 7. Juli 1584.;;;;;
BB-2034;1585;ja;Niclauß Puz;niclauss_puz;Gürtler;;Metall & Waffen;;;;;;;Vertzaichnüs dr so aüff das fünffundachzigiste jar zu burgern aufenomen und das glüb bisz auff den aidt gelaistet haben.;ja;
BB-2035;1585;ja;Wolff Hartman;wolf_hartman;Gürtler;;Metall & Waffen;;;;;;;Nur Jahresangabe im Bürgerbuch verzeichnet, kein exaktes Tages-/Monatsdatum.;ja;
BB-2036;1585;ja;Hanns Kobendl;hans_kobendl;Bäcker;;Lebensmittelhandwerk;;;;;;;Nur Jahresangabe im Bürgerbuch verzeichnet, kein exaktes Tages-/Monatsdatum.;ja;
BB-2037;1585;ja;Martin Khostler;martin_kostler;Koch;;Lebensmittelhandwerk;;;;;;;Nur Jahresangabe im Bürgerbuch verzeichnet, kein exaktes Tages-/Monatsdatum.;ja;
BB-2038;1585;ja;Leopoldt Gapler;leopold_gapler;;;;;;;;;;Nur Jahresangabe im Bürgerbuch verzeichnet, kein exaktes Tages-/Monatsdatum.;;
BB-2039;1585;ja;Matheus Ninderthaimb;matthaeus_ninderthaimb;;;;;;;;;;Nur Jahresangabe im Bürgerbuch verzeichnet, kein exaktes Tages-/Monatsdatum.;;
BB-2040;1585;ja;Georg Nehainer;georg_nehainer;;;;;;;;;;Nur Jahresangabe im Bürgerbuch verzeichnet, kein exaktes Tages-/Monatsdatum.;;
BB-2041;1585;ja;Hanns Eberhart;hans_eberhart;Pflasterer;;Holz, Bau & Stein;;;;;;;Nur Jahresangabe im Bürgerbuch verzeichnet, kein exaktes Tages-/Monatsdatum.;ja;
BB-2042;1585;ja;Hanns Althamer;hans_althamer;Zimmermann;;Holz, Bau & Stein;;;;;;;Nur Jahresangabe im Bürgerbuch verzeichnet, kein exaktes Tages-/Monatsdatum.;ja;
BB-2043;1585;ja;Hanns Mayer;hans_mayr;;;;;;;;;;Nur Jahresangabe im Bürgerbuch verzeichnet, kein exaktes Tages-/Monatsdatum.;;
BB-2044;1585;ja;Steffan Ernreyter;stephan_ernreyter;;;;;;;;;;Nur Jahresangabe im Bürgerbuch verzeichnet, kein exaktes Tages-/Monatsdatum.;;
BB-2045;1585;ja;Hanns Haider;hans_haider;Bäcker;;Lebensmittelhandwerk;;;;;;;Nur Jahresangabe im Bürgerbuch verzeichnet, kein exaktes Tages-/Monatsdatum.;ja;
BB-2046;1585;ja;Cristoff Kuchl;christoph_koechl;Bauer;;Landwirtschaft & Weinbau;;;;;;;Nur Jahresangabe im Bürgerbuch verzeichnet, kein exaktes Tages-/Monatsdatum.;ja;
BB-2047;1585;ja;Wolff Ragez;wolf_ragez;Maurer;;Holz, Bau & Stein;;;;;;;Nur Jahresangabe im Bürgerbuch verzeichnet, kein exaktes Tages-/Monatsdatum.;ja;
BB-2048;1585;ja;Metheus Öchslmair;metthaeus_oechslmair;;;;;;;;;;Nur Jahresangabe im Bürgerbuch verzeichnet, kein exaktes Tages-/Monatsdatum.;;
BB-2049;1585;ja;Ehaman Mitterer;ehaman_mitterer;;;;;;;;;;Nur Jahresangabe im Bürgerbuch verzeichnet, kein exaktes Tages-/Monatsdatum.;;
BB-2050;1586;ja;Matheus Eissler;matthaeus_eissler;;;;;;;;;;Burger den aydt gethon.;;
BB-2051;1586;ja;Sebalt Mayr;sebalt_mayr;;;;;;;;;;Nur Jahresangabe im Bürgerbuch verzeichnet, kein exaktes Tages-/Monatsdatum.;;
BB-2052;1586;ja;Georg Fellnpaumb;georg_fellnbaum;;;;;;;;;;Nur Jahresangabe im Bürgerbuch verzeichnet, kein exaktes Tages-/Monatsdatum.;;
BB-2053;1586;ja;Georg Richter;georg_richter;;;;;;;;;;Nur Jahresangabe im Bürgerbuch verzeichnet, kein exaktes Tages-/Monatsdatum.;;
BB-2054;1586;ja;Wolff Grueber;wolf_grueber;;;;;;;;;;Nur Jahresangabe im Bürgerbuch verzeichnet, kein exaktes Tages-/Monatsdatum.;;
BB-2055;1586;ja;Leonhart Schreiber;leonhard_schreiber;;;;;;;;;;Nur Jahresangabe im Bürgerbuch verzeichnet, kein exaktes Tages-/Monatsdatum.;;
BB-2056;1586;ja;Caspar Heckher;kaspar_hecker;;;;;;;;;;Nur Jahresangabe im Bürgerbuch verzeichnet, kein exaktes Tages-/Monatsdatum.;;
BB-2057;1586;ja;Wolff Zweybinger;wolf_zweybinger;Maurer;;Holz, Bau & Stein;;;;;;;Nur Jahresangabe im Bürgerbuch verzeichnet, kein exaktes Tages-/Monatsdatum.;ja;
BB-2058;1586;ja;Cristoff Zeginger;christoph_zeginger;;;;;;;;;;Nur Jahresangabe im Bürgerbuch verzeichnet, kein exaktes Tages-/Monatsdatum.;;
BB-2059;1586;ja;Caspar Khisling;kaspar_kisling;;;;;;;;;;Nur Jahresangabe im Bürgerbuch verzeichnet, kein exaktes Tages-/Monatsdatum.;;
BB-2060;1586;ja;Hanns Kürch;hans_kuerch;Sattler;;Leder & Pelz;;;;;;;Nur Jahresangabe im Bürgerbuch verzeichnet, kein exaktes Tages-/Monatsdatum.;ja;
BB-2061;1586;ja;Wolf Nadtnperger;wolf_nadtnperger;;;;;;;;;;Nur Jahresangabe im Bürgerbuch verzeichnet, kein exaktes Tages-/Monatsdatum.;;
BB-2062;1586;ja;Matheus Hölzl;matthaeus_hoelzl;Maler;;Kunst, Musik & Unterhaltung;;;;;;;Nur Jahresangabe im Bürgerbuch verzeichnet, kein exaktes Tages-/Monatsdatum.;ja;
BB-2063;1587-07-10;;Volman Pehhackher;volman_pehhacker;;;;Wolf Turner, Conradt Lechner (Glaser).;wolf_turner|conradt_lechner;|Glaser;;;;;;
BB-2064;1587-08-21;;Mertt Ziegler;martin_ziegler;Sattler, Kummetmacher;;Leder & Pelz;;;;;;;;ja;
BB-2065;1587-12-11;;Mert Behamb;martin_behaim;Nadler;;Metall & Waffen;Hannß Örkhl (Uhrmacher), Hannß Obermair (Bürstenbinder).;hans_oerkhl|hans_obermair;Uhrmacher|Bürstenbinder;;;;;ja;
BB-2066;1587-12-18;;Leonhart Elser;leonhard_elser;Bäcker;;Lebensmittelhandwerk;;;;;;;Hernach benante, so hieuor das glüb gethan, haben den achzehenden Decembris des siben unnd achzigisten jarsz den burger aydt gelisst.;ja;
BB-2067;1587-12-18;;Vetz Haimerl;veit_haimerl;Fuhrmann;;Transport & Wasserwesen;;;;;;;;ja;
BB-2068;1587-12-18;;Martin Ziegler;martin_ziegler;Sattler;;Leder & Pelz;;;;;;;;ja;
BB-2069;1587-12-18;;Geörg Neubaur;georg_neubaur;Fleischhacker;;Lebensmittelhandwerk;;;;;;;;ja;
BB-2070;1587-12-18;;Egidi Stainreutere;aegidius_stainreutere;Lebzelter;;Lebensmittelhandwerk;;;;;;;;ja;
BB-2071;1587-12-18;;Martin Peham;martin_peham;Nadler;;Metall & Waffen;;;;;;;;ja;
BB-2072;1587-12-18;;Geörg Lengenfelder;georg_lengenfelder;;;;;;;;;;;;
BB-2073;1587-12-18;;Geörg Puertberger;georg_puertberger;Glashändler;;Handel;;;;;;;;ja;
BB-2074;1587-12-18;;Waltheuser Müllner;waltheuser_muellner;Drechsler;;Holz, Bau & Stein;;;;;;;;ja;
BB-2075;1587-12-18;;Jeremieasz Heyckkhe;jeremieasz_heicke;Schneider;;Textil & Bekleidung;;;;;;;;ja;
BB-2076;1587-12-18;;Alexander Seyrer;alexander_steyrer;;;;;;;;;;;;
BB-2077;1587-12-18;;Christoff Gegenpaur;christoph_gegenpaur;Lederer;;Leder & Pelz;;;;;;;;ja;
BB-2078;1587-12-18;;Hannsz Döölerl;hans_doeoelerl;Bader;;Gesundheit;;;;;;;;ja;
BB-2079;1587-12-18;;Paull Lauber;paul_lauber;Bäcker;;Lebensmittelhandwerk;;;;;;;;ja;
BB-2080;1587-12-18;;Abrahamb Seidtner;abraham_seidner;;;;;;;;;;;;
BB-2081;1587-12-18;;Wolff Radtmänndt;wolf_radtmaenndt;Binder;;Holz, Bau & Stein;;;;nit da gewest.;;;;ja;
BB-2082;1587-12-18;;Eliasz Röcks;elias_roecks;Barbier;;Gesundheit;;;;nit da gewest.;;;;ja;
BB-2083;1587-12-18;;Christoff Schmölzl;christoph_schmaelzl;;;;;;;;;;;;
BB-2084;1587-12-18;;Geörg Zinckhen Pöckh Pinoer;georg_zinckenpoeck;;;;;;;;;;;;
BB-2085;1587-12-18;;Michel Höpper;michael_hoepper;Flecksieder;;Lebensmittelhandwerk;;;;;;;;ja;
BB-2086;1587-12-18;;Petter Zheysysser;peter_zheysysser;Fasszieher;;Holz, Bau & Stein;;;;;;;;ja;
BB-2087;1588-02-12;;Andre Heuperger;andreas_heuperger;Gürtler;;Metall & Waffen;Benedict Tandl (Klampferer), Nathaniel Liebhart (Zinngießer).;benedikt_tandl|nathaniel_liebhart;Klampferer|Zinngießer;;;;;ja;
BB-2088;1588-03-24;;Benedict Sturmb;benedikt_sturm;Schneider;;Textil & Bekleidung;Mert Kagerer (Schneider) (Bürger zu Krems), Wolf Wullenxerger (Schneider) (Bürger zu Krems).;martin_kagerer|wolf_wullenxerger;Schneider|Schneider;;;;;ja;
BB-2089;1588-02-16;;Georgen Stockher;georg_stocker;Hauer;;Landwirtschaft & Weinbau;;;;;;;;ja;
BB-2090;1588-03-20;;Leopoldt Holzinger;leopold_holzinger;Hauer;;Landwirtschaft & Weinbau;;;;;;;;ja;
BB-2091;1588-09-02;;Christoffen Reitter;christoff_reitter;Hufschmied;;Metall & Waffen;Caspar Höekher (Hufschmied), Valtin Pinter (Hufschmied).;kaspar_hoeekher|valentin_pindter;Hufschmied|Hufschmied;;;;;ja;
BB-2092;1588-09-02;;Christoff Stortinger;christoph_stortinger;Zimmermann;;Holz, Bau & Stein;;;;;;;;ja;
BB-2093;1588-09-13;;Geörg Sigmundt;georg_sigmundt;Fischer;;Lebensmittelhandwerk;Hanns Noglgesanng (Binder), Hanns Drer (Hufschmied).;hans_noglgesanng|hans_drer;Binder|Hufschmied;;;;;ja;
BB-2094;1588-09-16;;Sebastian Murnauer;sebastian_murnauer;Hauer;;Landwirtschaft & Weinbau;;;;;;;;ja;
BB-2095;1588-09-27;;Lucas Khrausz;lucas_krauss;Leineweber;;Textil & Bekleidung;Hanns Türnhofer (Weber), Georg Grembs (Fleischhacker).;hans_tuernhofer|georg_grembs;Weber|Fleischhacker;;;;;ja;
BB-2096;1588-09-30;;Adam Taun;adam_taun;;;;;;;;;;;;
BB-2097;1588-10-11;;Wolf Kirchmair;wolf_kirchmair;;;;Lienhartn Snehueber (Hauer) (Bürger zu Krems), Hannsen Noglamir (Hauer) (Bürger zu Krems).;lienhartn_snehueber|hans_noglamir;Hauer|Hauer;;;;;;
BB-2098;1588-10-14;;Hannsz Lasenerl;hans_lasenerl;Drechsler;;Holz, Bau & Stein;;;;;;;;ja;
BB-2099;1588-12-02;;Michaeln Prinz;michaeln_prinz;;;;Merth Kagerer (Schmied), Caspar Liebpaur (Schuster).;martin_kagerer|kaspar_liebpaur;Schmied|Schuster;;;;;;
BB-2100;1588-12-02;;Hannsz Täber;hans_taeber;;;;;;;;;;;;
BB-2101;1588-12-16;;Hannsz Weisz;hans_weiss;;;;Matheus Lindtner (Tuchmacher), Hanns Peierl (Hufschmied).;matthaeus_lindtner|hans_peierl;Tuchmacher|Hufschmied;;;;Hernach benante so hieüer das glüb gethan, haben den sechzehenten Decembris des achtunndachzigisten jare den bürger aydt gelaisst.;;
BB-2102;1588-12-16;;Valtin Khaindl;valentin_kaindl;Wagner;;Holz, Bau & Stein;;;;;;;;ja;
BB-2103;1588-12-16;;Andre Heyperger;andreas_heuperger;Gürtler;;Metall & Waffen;;;;Erstmalig vorstellig am 12. Februar 1588.;;;;ja;"personen_id vereinheitlicht (vorher andreas_heyperger): ""Erstmalig vorstellig""-Datum verweist exakt auf BB-2087 (""Andre Heuperger"", Ähnlichkeit 0.933) - dieselbe Person."
BB-2104;1588-12-16;;Felix Stuermb;felix_sturmb;Schneider;;Textil & Bekleidung;;;;;;;;ja;
BB-2105;1588-12-16;;Leonhart Stauber;leonhard_steuber;Zimmermann;;Holz, Bau & Stein;;;;;;;;ja;
BB-2106;1588-12-16;;Geörg Goldtnagl;georg_goldtnagl;;;;;;;;;;;;
BB-2107;1588-12-16;;Augustin Reickhart;augustin_reichart;;;;;;;;;;;;
BB-2108;1588-12-16;;Eraszmus Hofer;eraszmus_hofer;;;;;;;;;;;;
BB-2109;1588-12-16;;Wolff Widman;wolf_widman;Hutstepper;;Textil & Bekleidung;;;;;;;;ja;
BB-2110;1588-12-16;;Martin Carl;martin_karl;Tischler;;Holz, Bau & Stein;;;;;;;;ja;
BB-2111;1588-12-16;;Hannsz Hasenerl;hans_hasenerl;Drechsler;;Holz, Bau & Stein;;;;;;;;ja;
BB-2112;1588-12-16;;Hannsz Seywolt;hans_seywolt;Klingenschmied;;Metall & Waffen;;;;;;;;ja;
BB-2113;1588-12-16;;Leonhardt Hiern;leonhard_hiern;Schleiffer;;Metall & Waffen;;;;;;;;ja;
BB-2114;1588-12-16;;Christoph Franckh;christoph_frannck;Kürschner;;Leder & Pelz;;;;;;;;ja;
BB-2115;1588-12-16;;Elias Phillip;elias_phillip;;;;;;;;;;;;
BB-2116;1588-12-16;;Christoph Scharfflinger;christoph_scharfflinger;Zimmermann;;Holz, Bau & Stein;;;;;;;;ja;
BB-2117;1588-12-16;;Sebastian Murnauer;sebastian_murnauer;Hauer;;Landwirtschaft & Weinbau;;;;Erstmalig vorstellig am 16. September 1588.;;;;ja;
BB-2118;1588-12-16;;Lucas Khrausz;lucas_krauss;Leineweber;;Textil & Bekleidung;;;;Erstmalig vorstellig am 27. September 1588.;;;;ja;
BB-2119;1588-12-16;;Michäel Prinz;michaeel_prinz;Schuster;;Leder & Pelz;;;;;;;;ja;
BB-2120;1588-12-16;;Hannsz Tamb;hans_thamb;Mehlmesser;;Handel;;;;;;;;ja;
BB-2121;1588-12-16;;Wolff Kirchmair;wolf_kirchmair;Hauer;;Landwirtschaft & Weinbau;;;;Erstmalig vorstellig am 11. Oktober 1588.;;;;ja;
BB-2122;1588-12-16;;Geörg Ostner;georg_ostner;Seiler;;Transport & Wasserwesen;;;;;;;;ja;
BB-2123;1588-12-16;;Wolf Radtmantl;wolf_radtmaenndt;Binder;;Holz, Bau & Stein;;;;Erstmalig vorstellig am 18. Dezember 1587.;;;;ja;"personen_id vereinheitlicht (vorher wolf_radtmantl): ""Erstmalig vorstellig""-Datum verweist exakt auf BB-2081 (""Wolff Radtmänndt"", Ähnlichkeit 0.867) - dieselbe Person."
BB-2124;1588-12-16;;Geörg Stockhinger;georg_stocker;Hauer;;Landwirtschaft & Weinbau;;;;Erstmalig vorstellig am 16. Februar 1588.;;;;ja;"personen_id vereinheitlicht (vorher georg_stockinger): ""Erstmalig vorstellig""-Datum verweist exakt auf BB-2089 (""Georgen Stockher"", Ähnlichkeit 0.848) - dieselbe Person."
BB-2125;1588-12-16;;Christoph Reitter;christoff_reitter;Hufschmied;;Metall & Waffen;;;;Erstmalig vorstellig am 2. September 1588.;;;;ja;"personen_id vereinheitlicht (vorher christoph_reitter): ""Erstmalig vorstellig""-Datum verweist exakt auf BB-2091 (""Christoffen Reitter"", Ähnlichkeit 0.833) - dieselbe Person."
BB-2126;1588-12-16;;Wolff Penckhenhauser;wolf_penckenhauser;;;;;;;;;;;;
BB-2127;1588-12-16;;Adam Thamb;adam_thamb;;;;;;;;;;;;
BB-2128;1588-12-16;;Sebastian Peckh;sebastian_beck;Sattler;;Leder & Pelz;;;;;;;;ja;
BB-2129;1588-12-16;;Marcissus Reischl;marcissus_reichl;Hauer;;Landwirtschaft & Weinbau;;;;;;;;ja;
BB-2130;1589-03-10;;Urban Oswalt;urban_oswald;Riemer;;Leder & Pelz;;;;;;;;ja;
BB-2131;1589-03-10;;Peter Pauer;peter_bauer;;;;;;;;;;;;
BB-2132;1589-03-17;;Geörg Steger;georg_steger;Riemer;;Leder & Pelz;Thoman Oswalt (Riemer), Melchiors Tilln (Wagner).;thomas_oswaldt|melchiors_tilln;Riemer|Wagner;;;;;ja;
BB-2133;1589-04-21;;Hannß Paierl;hans_paierl;Binder;;Holz, Bau & Stein;Veit Schmidthueber (pinder), Michael Wäblinger (pinder).;veit_schmidthueber|michael_waeblinger;Binder|Binder;;;;;ja;
BB-2134;1589-04-21;;Jacob Schreiner;jakob_schreiner;Sieber;;Sonstiges Handwerk;Mert Khagerer, Hanns Obermair (Bürstenbinder).;martin_kagerer|hans_obermair;|Bürstenbinder;;;;;ja;
BB-2135;1589-04-21;;Jacob Khainz;jakob_kainz;Kummetmacher;;Leder & Pelz;Hannß Peierl (Hufschmied), Hannß Peierl (Büchsenmacher).;hans_peierl|hans_peierl;Hufschmied|Büchsenmacher;;;;;ja;
BB-2136;1589-04-21;;Michael Walfseder;michael_walfseder;Kummetmacher;;Leder & Pelz;Thoman Oßwaldt (Riemer), Melchior (Thüll?) (Wagner).;thomas_oswaldt|melchior_duell;Riemer|Wagner;;;;;ja;
BB-2137;1589-04-21;;Hannß Muer;hans_muer;Bäcker;;Lebensmittelhandwerk;;;;;;;;ja;
BB-2138;1589-05-26;;Wolf Nesterer;wolf_nesterer;;;;Merth Khagerer (Schmied), Andreas Andre (Schmied).;martin_kagerer|andreas_andre;Schmied|Schmied;;;;;;
BB-2139;1589-05-26;;Melchort Khlesannfft;melchior_klesannfft;Schneider;;Textil & Bekleidung;Khagerer, Andre.;andreas_khagerer;;;;;;ja;
BB-2140;1589-05-30;;Hannß Jacob Haß;hans_jacob_haas;;;;;;;;;;;;
BB-2141;1589-08-11;;Mert Fraunhoffer;martin_fraunhoffer;Messerschmied;;Metall & Waffen;Walf Khlain, Phillip Gareiß (Schlosser).;walf_klain|phillip_gareiss;|Schlosser;;;;;ja;
BB-2142;1589-08-11;;Leopoldt Erndorffer;leopold_erndorffer;Messerschmied;;Metall & Waffen;;;;;;;;ja;
BB-2143;1589-11-26;;Walf Greitner;wolf_greitner;Schmied;;Metall & Waffen;Merth Khagerer (Schmied), Six Stadberger (Schmied).;martin_kagerer|sixt_stadberger;Schmied|Schmied;;;;;ja;
BB-2144;1589-11-17;;Fridreich Weinreich;friedrich_weinreich;Hosenstricker;;Textil & Bekleidung;Khilian Pierpaumb, Thoman Mittner.;kilian_bierbaum|thomas_mittner;;;;;Volgen hernach die burger so vor erwellung der raths personen den aidt gelaist.;ja;
BB-2145;1589-11-17;;Colman Pehackher;kolman_pehhacker;Feilschmied;;Metall & Waffen;;;;;;;;ja;
BB-2146;1589-11-17;;Geörg Khöpel;georg_koepel;Nagelschmied;;Metall & Waffen;;;;;;;;ja;
BB-2147;1589-11-17;;Michael Mauckhart;michael_mauckhart;Wollschläger;;Textil & Bekleidung;;;;;;;;nein;"Zuordnung zu Wirtschaftssektor unsicher: Bedeutung/Zuordnung des Berufs ""Wollschläger"" nicht eindeutig klärbar."
BB-2148;1589-11-17;;Walf Sunner;walf_sunner;;;;;;;;;;;;
BB-2149;1589-11-17;;Martin Fraunhoffer;martin_fraunhoffer;Messerschmied;;Metall & Waffen;;;;Erstmalig vorstellig am 11. August 1589.;;;;ja;
BB-2150;1589-11-17;;Urban Oßwaldt;urban_oswald;Riemer;;Leder & Pelz;;;;Erstmalig vorstellig am 10. März 1589.;;;;ja;
BB-2151;1589-11-17;;Peter Paur;peter_bauer;;;;;;;Erstmalig vorstellig am 10. März 1589.;;;;;
BB-2152;1589-11-17;;Geörg Steger;georg_steger;Riemer;;Leder & Pelz;;;;Erstmalig vorstellig am 17. März 1589.;;;;ja;
BB-2153;1589-11-17;;Christoff Holzer;christoph_holzer;;;;;;;;;;;;
BB-2154;1589-11-17;;Georg Witter;georg_witter;Handschuhmacher;;Leder & Pelz;;;;;;;;ja;
BB-2155;1589-11-17;;Hannß Muer;hans_muer;Bäcker;;Lebensmittelhandwerk;;;;Erstmalig vorstellig am 21. April 1589.;;;;ja;
BB-2156;1589-11-17;;Hannß Peyerl;hans_paierl;Binder;;Holz, Bau & Stein;;;;Erstmalig vorstellig am 21. April 1589.;;;;ja;"personen_id vereinheitlicht (vorher hans_peyerl): ""Erstmalig vorstellig""-Datum verweist exakt auf BB-2133 (""Hannß Paierl"", Ähnlichkeit 0.833) - dieselbe Person."
BB-2157;1589-11-17;;Jabob Khuenz;jabob_kuenz;Kummetmacher;;Leder & Pelz;;;;Erstmalig vorstellig am 21. April 1589.;;;;ja;
BB-2158;1589-11-17;;Michael Walfeder;michael_walfseder;Kummetmacher;;Leder & Pelz;;;;Erstmalig vorstellig am 21. April 1589.;;;;ja;"personen_id vereinheitlicht (vorher michael_walfeder): ""Erstmalig vorstellig""-Datum verweist exakt auf BB-2136 (""Michael Walfseder"", Ähnlichkeit 0.97) - dieselbe Person."
BB-2159;1589-11-17;;Jacob Schreiner;jakob_schreiner;Sieber;;Sonstiges Handwerk;;;;Erstmalig vorstellig am 21. April 1589.;;;;ja;
BB-2160;1589-11-17;;Hannß Jacob Haß;hans_jacob_haas;Barbier;ja;Gesundheit;;;;Erstmalig vorstellig am 30. Mai 1589.;;;;ja;"Berufsbezeichnung ""Barbier"" im Quellentext schwer leserlich bzw. Schreibweise/Lesart unsicher."
BB-2161;1589-11-17;;Wolf Ettemberger;wolf_ettemberger;;;;;;;;;;;;
BB-2162;1589-11-17;;Wolf Nestraer;wolf_nesterer;Geiger;;Kunst, Musik & Unterhaltung;;;;Erstmalig vorstellig am 26. Mai 1589.;;;;ja;"personen_id vereinheitlicht (vorher wolf_nestraer): ""Erstmalig vorstellig""-Datum verweist exakt auf BB-2138 (""Wolf Nesterer"", Ähnlichkeit 0.846) - dieselbe Person."
BB-2163;1589-11-17;;Wolf Khreüttner;wolf_kreuettner;Schmied;;Metall & Waffen;;;;;;;;ja;
BB-2164;1589-11-17;;Bartholome Reinperger;bartholomaeus_reinperger;;;;;;;;;;;;
BB-2165;1589-11-17;;Blasy Reissner;blasius_reissner;;;;;;;;;;;;
BB-2166;1589-11-17;;Hannß Offmüllner;hans_offmuellner;;;;;;;;;;;;
BB-2167;1589-11-17;;Georg Wayr;georg_wayr;;;;;;;;;;;;
BB-2168;1589-11-17;;Gregor Minichreitter;gregor_minichreitter;;;;;;;;;;;;
BB-2169;1589-11-17;;Bernhart Aupeckh;bernhart_aupeck;;;;;;;;;;;;
BB-2170;1589-11-17;;Georg Hoffman;georg_hoffman;Schmied;;Metall & Waffen;;;;;;;;ja;
BB-2171;1589-11-17;;Hannß Nagl;hans_nagl;Hufschmied;;Metall & Waffen;;;;;;;;ja;
BB-2172;1589-11-17;;Wolf Häfenperger;wolf_haefenperger;;;;;;;;;;;;
BB-2173;1589-11-17;;Sebastian Pfoffinger;sebastian_pfaeffinger;Kerzenmacher;;Sonstiges Handwerk;;;;;;;;ja;
BB-2174;1589-11-17;;Oßwaldt Peunttner;oswald_peunttner;Binder;;Holz, Bau & Stein;;;;;;;;ja;
BB-2175;1589-11-17;;Jabst Höllthaller;jabst_hoellthaller;;;;;;;;;;;;
BB-2176;1589-11-17;;Lorenz Schneider;lorenz_schneider;Binder;;Holz, Bau & Stein;;;;;;;;ja;
BB-2177;1589-11-17;;Geörg Wibmer;georg_widmer;Hauer;;Landwirtschaft & Weinbau;;;;;;;;ja;
BB-2178;1589-11-17;;Eliaß Schläbi;elias_schlaebi;Barbier;;Gesundheit;;;;;;;;ja;
BB-2179;1589-11-17;;Maximilian Wolling;maximilian_wolling;;;;;;;;;;;;
BB-2180;1589-11-17;;Wolff Khaiser;wolf_kaiser;;;;;;;;;;;;
BB-2181;1589-11-17;;Steffan Helbm;stephan_helbm;;;;;;;;;;;;
BB-2182;1589-11-17;;Sigmundt Gruner;sigmund_gruner;Schmied;;Metall & Waffen;;;;;;;;ja;
BB-2183;1589-11-17;;Andre Härtl;andreas_haertl;Bader;;Gesundheit;;;;;;;;ja;
BB-2184;1589-11-17;;Adam Schmälzer;adam_schmaelzer;Tuchscherer;;Textil & Bekleidung;;;;Erstmalig vorstellig am 17. November 1589.;;;;ja;
BB-2185;1589-11-17;;Friderich Weinreich;friderich_weinreich;;;;;;;Erstmalig vorstellig am 26. Mai 1589.;;;;;
BB-2186;1589-11-17;;Melchior Khlesafft;melchior_klesafft;Schneider;;Textil & Bekleidung;;;;;;;;ja;
BB-2187;1589-11-17;;Leopoldt Arndorffer;leopold_erndorffer;Messerschmied;;Metall & Waffen;;;;Erstmalig vorstellig am 11. August 1589 unter Leopoldt Erndorffer.;;;;ja;"personen_id vereinheitlicht (vorher leopold_arndorffer): ""Erstmalig vorstellig""-Datum verweist exakt auf BB-2142 (""Leopoldt Erndorffer"", Ähnlichkeit 0.947) - dieselbe Person."
BB-2188;1589-11-17;;Hannß Khlingenpruner;hans_klingenpruner;;;;;;;;;;;;
BB-2189;1589-11-17;;Hannß Blazenperger;hans_blazenperger;Hauer;;Landwirtschaft & Weinbau;;;;;;;;ja;
BB-2190;1592-12-18;;Peter Nepl;peter_nepl;;;;;;;;;;Verzaichnüs der jenigen, so hieruor das glib geton haben den achzehenden decembris, dits 92isten jars den Bürgerlichen aid gelaist.;;
BB-2191;1592-12-18;;Hannß Eder;hans_eder;;;;;;;;;;;;
BB-2192;1592-12-18;;Hannß Scherbm;hans_scherbm;;;;;;;;;;;;
BB-2193;1592-12-18;;Veit Edlinger;veit_edlinger;;;;;;;;;;;;
BB-2194;1592-12-18;;Morth Schoder;morth_schoder;;;;;;;;;;;;
BB-2195;1592-12-18;;Michel Fäger;michael_faeger;Bäcker;;Lebensmittelhandwerk;;;;;;;;ja;
BB-2196;1592-12-18;;Thoman Moser;thomas_moser;;;;;;;;;;;;
BB-2197;1592-12-18;;Andere Morz;andreas_morz;;;;;;;;;;;;
BB-2198;1592-12-18;;Hannß Knor;hans_knoll;;;;;;;;;;;;
BB-2199;1592-12-18;;Anndere Behamb;anndere_behaimb;;;;;;;;;;;;
BB-2200;1592-12-18;;Caspar Plannckher;kaspar_planncker;;;;;;;;;;;;
BB-2201;1592-12-18;;Jacob Wismair;jakob_wiszmair;;;;;;;;;;;;
BB-2202;1592-12-18;;Leonhart Leütner;leonhard_leuetner;Lebzelter;;Lebensmittelhandwerk;;;;;;;;ja;
BB-2203;1592-12-18;;Christoff Pindter;christoph_pindter;Schulmeister;;Verwaltung, Recht & Bildung;;;;;;;;ja;
BB-2204;1592-12-18;;Wolf Aichinger;wolf_aichinger;;;;;;;;;;;;
BB-2205;1592-12-18;;Erhart Schleingenror;erhart_schleingenror;;;;;;;;;;;;
BB-2206;1592-12-18;;Benedict Yeringer;benedikt_yeringer;;;;;;;;;;;;
BB-2207;1592-12-18;;Christoff Prauberger;christoph_prauberger;;;;;;;;;;;;
BB-2208;1592-12-18;;Andre Wasley;andreas_wasley;;;;;;;;;;;;
BB-2209;1592-12-18;;Christoff Zörrer;christoph_zoerrer;;;;;;;;;;;;
BB-2210;1592-12-18;;Alexander Hofer;alexander_hofer;Lederer;;Leder & Pelz;;;;;;;;ja;
BB-2211;1592-12-18;;Benedict Urban;benedikt_urban;;;;;;;;;;;;
BB-2212;1592-12-18;;Sebastian Baur;sebastian_bauer;;;;;;;(In_____? ev.: Inmann oder Inwohner) im lilienfelderhof.;;;;;
BB-2213;1592-12-18;;Gabriel Schaursperger;gabriel_schaursperger;;;;;;;;;;;;
BB-2214;1592-12-18;;Wolf Vischer;wolf_fischer;;;;;;;;;;;;
BB-2215;1592-12-18;;Leonhart Bail;leonhard_bail;;;;;;;;;;;;
BB-2216;1592-12-18;;Matheuß Wapler;matthias_wapler;;;;;;;;;;;;
BB-2217;1592-12-18;;Sigmundt Schwerdt;sigmund_schwerdt;;;;;;;;;;;;
BB-2218;1592-12-18;;Matheuß Soltenreich;matthias_soltenreich;;;;;;;;;;;;
BB-2219;1592-12-18;;Caspar Streibl;kaspar_streibl;;;;;;;;;;;;
BB-2220;1592-12-18;;Matheuß Till;matthias_till;Taschner;;Leder & Pelz;;;;;;;;ja;
BB-2221;1592-12-18;;Paul Prewer;paul_breuer;;;;;;;;;;;;
BB-2222;1592-12-18;;Andere Rechperger;andreas_rechperger;;;;;;;;;;;;
BB-2223;1592-12-18;;Paul Hofer;paul_hofer;;;;;;;;;;;;
BB-2224;1592-12-18;;Marx Bupf;markus_bupf;;;;;;;;;;;;
BB-2225;1592-12-18;;Paul Fäger;paul_faeger;Bäcker;;Lebensmittelhandwerk;;;;;;;;ja;
BB-2226;1592-12-18;;Georg Weiser;georg_weiser;;;;;;;;;;;;
BB-2227;1592-12-18;;Davit Hopfengraber;david_hopfengraber;;;;;;;;;;;;
BB-2228;1592-12-18;;Jacob Müllner;jakob_muellner_bb1592;;;;;;;;;;;;
BB-2229;1592-12-18;;Christoff Canseer;christoph_canseer;;;;;;;;;;;;
BB-2230;1592-12-18;;Hannß Schikhenmüllner;hans_schikhenmuellner;;;;;;;;;;;;
BB-2231;1592-12-18;;Erasmuß Yuechman;erasmuss_yuechman;;;;;;;;;;;;
BB-2232;1592-12-18;;Matheuß Feringer;matheuss_feringer;;;;;;;;;;;;
BB-2233;1592-12-18;;Paul Perger;paul_perger;;;;;;;;;;;;
BB-2234;1592-12-18;;Phillip Hilleprandt;phillip_hilleprandt;;;;;;;;;;;;
BB-2235;1592-12-18;;Matheuß Hinderlanger;matheuss_hinderlanger;;;;;;;;;;;;
BB-2236;1592-12-18;;Christoff Staindl;christoph_staindl;;;;;;;;;;;;
BB-2237;1592-12-18;;Christofforurs Rauch;christofforurs_rauch;;;;;;;;;;;;
BB-2238;1592-12-18;;Davit Klopffer;davit_klopffer;;;;;;;;;;;;
BB-2239;1595-12-22;;Christoff Salzleittner;christoph_salzleittner;Abmesser;;Handel;;;;;;;Verzaichnuz der bürger so dises ganze 95iste jar das burgerrecht bey beeden stetten empfangen, und anheüt den 22isten Decembris vor der gebreichigen wahl das juramendt gelaist.;nein;"Zuordnung zu Wirtschaftssektor unsicher: Bedeutung/Zuordnung des Berufs ""Abmesser"" nicht eindeutig klärbar."
BB-2240;1595-12-22;;Christoff Schiszling;christoph_schissling;Tuchmacher;;Textil & Bekleidung;;;;;;;;ja;
BB-2241;1595-12-22;;Hainrich Wager;heinrich_wager;Bäcker;;Lebensmittelhandwerk;;;;;;;;ja;
BB-2242;1595-12-22;;Adam Khlett;adam_klett;Schneider;;Textil & Bekleidung;;;;;;;;ja;
BB-2243;1595-12-22;;Jacob Spieß;jakob_spiess;Hauer;;Landwirtschaft & Weinbau;;;;;;;;ja;
BB-2244;1595-12-22;;Leinhart Heißler beim gulden Lämpl;leonhard_heissler;;;;;;;;;;;;
BB-2245;1595-12-22;;Mertt Steeg;martin_steeg;Weber;;Textil & Bekleidung;;;;;;;;ja;
BB-2246;1595-12-22;;Mertt Vischer;martin_fischer;Maurer;;Holz, Bau & Stein;;;;;;;;ja;
BB-2247;1595-12-22;;Hannsz Sedlmair;hans_sedlmair;Hafner;;Holz, Bau & Stein;;;;;;;;ja;
BB-2248;1595-12-22;;Thobiaß Franz;thobiass_franz;Weber;;Textil & Bekleidung;;;;;;;;ja;
BB-2249;1595-12-22;;Anthoni Heyß;anthoni_heys;Gürtler;;Metall & Waffen;;;;;;;;ja;
BB-2250;1595-12-22;;Geörg Khettner;georg_kuttner;;;;;;;;;;;;
BB-2251;1595-12-22;;Hannß Heitl;hans_heitl;Fleischhacker;;Lebensmittelhandwerk;;;;;;;;ja;
BB-2252;1595-12-22;;Christoff Hechstetter;christoph_hechstetter;;;;;;;;;;;;
BB-2253;1595-12-22;;Augustin Rauch;augustin_rauch;Lederer;;Leder & Pelz;;;;;;;;ja;
BB-2254;1595-12-22;;Hannß Groß;hans_gross;Hutmacher;;Textil & Bekleidung;;;;;;;;ja;
BB-2255;1595-12-22;;Jacob Joniuß;jakob_joniuss;Maurer;;Holz, Bau & Stein;;;;;;;;ja;
BB-2256;1595-12-22;;Michael Hunger;michael_hunger;;;;;;;;;;;;
BB-2257;1595-12-22;;Andree Haßlinger;andreas_hasslinger;Schmied;;Metall & Waffen;;;;;;;;ja;
BB-2258;1595-12-22;;Fridrich Weinreich;friderich_weinreich;Hosenstricker;;Textil & Bekleidung;;;;Erstmalig vorstellig am 17. November 1589.;;;;ja;"personen_id vereinheitlicht (vorher friedrich_weinreich): ""Erstmalig vorstellig""-Datum verweist exakt auf BB-2185 (""Friderich Weinreich"", Ähnlichkeit 0.973) - dieselbe Person."
BB-2259;1595-12-22;;Hannß Graw;hans_graf;Wagner;;Holz, Bau & Stein;;;;;;;;ja;
BB-2260;1595-12-22;;Christoff Prözner;christoph_proezner;Nestler;;Leder & Pelz;;;;;;;;ja;
BB-2261;1595-12-22;;Geörg Paungartner;georg_paungartner;;;;;;;;;;;;
BB-2262;1595-12-22;;Mertt Veldtmülner;martin_veldtmuelner;Klampferer;;Metall & Waffen;;;;;;;;ja;
BB-2263;1595-12-22;;Hannß Fux;hans_fux;Maurer;;Holz, Bau & Stein;;;;;;;;ja;
BB-2264;1595-12-22;;Paul Staindlmair;paul_staindlmair;;;;;;;;;;;;
BB-2265;1596-12-06;;Hanß Khnol;hans_knoll;Kupferschmied;;Metall & Waffen;;;;;;;Verzaichnüsz der bürger, so diseß ganze 96iste jar daß burgerrecht bey beeden stetten empfangen und an heut den 6. Decembriß vor der gebreichigen wahl daß juramendt gelaist.;ja;
BB-2266;1596-12-06;;Wolff Aigner;wolf_aigner;Gürtler;;Metall & Waffen;;;;;;;;ja;
BB-2267;1596-12-06;;Steffan Puxpämb;stephan_puxpaemb;Schiffmann;;Transport & Wasserwesen;;;;;;;;ja;
BB-2268;1596-12-06;;Hannß Schmit;hans_schmit;Radschmied;;Metall & Waffen;;;;;;;;ja;
BB-2269;1596-12-06;;Christoff Mäckhl;christoph_maerckl;Binder;;Holz, Bau & Stein;;;;;;;;ja;
BB-2270;1596-12-06;;Matheß Franckhstainer;matthias_franckstainer;Gürtler;;Metall & Waffen;;;;;;;;ja;
BB-2271;1596-12-06;;Wenzl Neustetter;wenzl_neustetter;Handschuhmacher;;Leder & Pelz;;;;;;;;ja;
BB-2272;1596-12-06;;Thoman Ebenpaur;thomas_ebenpaur;Weber;;Textil & Bekleidung;;;;;;;;ja;
BB-2273;1596-12-06;;Balthasar Hierschenpaur;balthasar_hierschenpaur;Prokurator;;Verwaltung, Recht & Bildung;;;;;;;;ja;
BB-2274;1596-12-06;;Michel Khopmäger;michael_kopmaeger;Kürschner;;Leder & Pelz;;;;;;;;ja;
BB-2275;1596-12-06;;Wolff Rolman;wolf_rolman;Bäcker;;Lebensmittelhandwerk;;;;;;;;ja;
BB-2276;1596-12-06;;Marx Schmidt;markus_schmidt;;;;;;;;;;;;
BB-2277;1596-12-06;;Wolf Khierperger;wolf_kierperger;Hauer;;Landwirtschaft & Weinbau;;;;;;;;ja;
BB-2278;1596-12-06;;Gabriel Neuquam;gabriel_neuquam;Gschmeidler;;Metall & Waffen;;;;;;;;ja;
BB-2279;1596-12-06;;Danat Fresser;danat_fresser;Kürschner;;Leder & Pelz;;;;;;;;ja;
BB-2280;1596-12-06;;Wolff Faistenaurer;wolf_faistenaurer;;;;;;;;;;;;
BB-2281;1596-12-10;;Gerg Linbnauer;georg_linbnauer;Stadtkoch;;Lebensmittelhandwerk;;;;;;;;ja;
BB-2282;1596-12-10;;Ferdinandt Teubl;ferdinand_teubl;Hutstepper;;Textil & Bekleidung;;;;;;;;ja;
BB-2283;1596-12-10;;Abraham Khopeinl;abraham_kopeinl;Händler;;Handel;;;;;;;;ja;
BB-2284;1596-12-10;;Hanß Voit;hans_voit;Feilschmied;;Metall & Waffen;;;;;;;;ja;
BB-2285;1596-12-10;;Hannß Tinckhl;hans_tinckl;Leinwander;;Handel;;;;;;;;ja;
BB-2286;1596-12-10;;Michal Steininger;michael_staininger;Kramer;;Handel;;;;;;;;ja;
BB-2287;1596-12-10;;Jabob Grueber;jabob_grueber;Hauer;;Landwirtschaft & Weinbau;;;;;;;;ja;
BB-2288;1596-12-10;;Wolf Khierchperger;wolf_kirchperger;Hauer;;Landwirtschaft & Weinbau;;;;Erstmalig vorstellig am 6. Dezember 1589 unter Wolf Khierperger.;;;;ja;
BB-2289;1596-12-10;;Hannß Rerich;hans_rerich;Goldschmied;;Metall & Waffen;;;;;;;;ja;
BB-2290;1596-12-10;;Andre Schopf;andreas_schopf;Gastgeb;;Gastgewerbe & Getraenke;;;;;;;;ja;
BB-2291;1596-12-10;;Matheß Schmidt;matthias_schmidt;Bürstenbinder;;Sonstiges Handwerk;;;;;;;;ja;
BB-2292;1596-12-10;;Georg Khrauß;georg_krauss;Weißgerber;;Leder & Pelz;;;;;;;;ja;
BB-2293;1596-12-10;;Gregor Ganauß;gregor_ganauss;Lederer;;Leder & Pelz;;;;;;;;ja;
BB-2294;1596-12-10;;Conradt Diringer;conradt_diringer;Gürtler;;Metall & Waffen;;;;;;;;ja;
BB-2295;1596-12-20;;Franeisouß Franz;franeisouss_franz;Eisenhändler;;Handel;;;;;;;;ja;
BB-2296;1596-12-20;;Thobiaß Röpf;tobias_roepf;;;;;;;;;;;;
BB-2297;1596-12-20;;David Aigner;david_aigner;Zimmermann;;Holz, Bau & Stein;;;;;;;;ja;
BB-2298;1596-12-20;;Gerg Lauchner;georg_lauchner;Steinmetz;;Holz, Bau & Stein;;;;;;;;ja;
BB-2299;1596-12-20;;Wolf Landtsfürst;wolf_landtsfuerst;Kerzenmacher;;Sonstiges Handwerk;;;;;;;;ja;
BB-2300;1596-12-20;;Albert Andree Mueezl;albert_andree_mueezl;Gastgeb;;Gastgewerbe & Getraenke;;;;;;;;ja;
BB-2301;1596-12-06;;Gerg Eberl;georg_eberl;Hauer;;Landwirtschaft & Weinbau;;;;;;;;ja;
BB-2302;1596-12-06;;Jacob Eder;jakob_eder;Branntweinhändler;;Gastgewerbe & Getraenke;;;;;;;;ja;
BB-2303;1596-12-06;;Philiph Höpfengraber;philip_hopfengraber;Gastgeb;;Gastgewerbe & Getraenke;;;;;;;;ja;
BB-2304;1596-12-06;;Balthasar Eglsperger;balthasar_eglsperger;Hauer;;Landwirtschaft & Weinbau;;;;;;;;ja;
BB-2305;1596-12-06;;Balthasar Inderist;balthasar_inderist;Schmied;;Metall & Waffen;;;;;;;;ja;
BB-2306;1596-12-06;;Jacob Primuß;jakob_primuss;Gastgeb;;Gastgewerbe & Getraenke;;;;;;;;ja;
BB-2307;1596-12-06;;Thoman Moser;thomas_moser;Bäcker;;Lebensmittelhandwerk;;;;;;;;ja;
BB-2308;1596-12-06;;Lienhardt Wiser;lienhardt_wiser;Metsieder;;Gastgewerbe & Getraenke;;;;;;;;ja;
BB-2309;1596-12-06;;Davit Peuckher;david_peucker;Bäcker;;Lebensmittelhandwerk;;;;;;;;ja;
BB-2310;1596-12-06;;Andree Schwänzl;andreas_schwaenzl;Hauer;;Landwirtschaft & Weinbau;;;;;;;;ja;
BB-2311;1596-12-10;;Hanß Redtl;hans_redtl;Hauer;;Landwirtschaft & Weinbau;;;;;;;;ja;
BB-2312;1596-12-10;;Hannß Turnner;hans_turnner;Hutmacher;;Textil & Bekleidung;;;;;;;;ja;
BB-2313;1596-12-10;;Christoff Werzl;christoph_werzl;Fragner;;Handel;;;;;;;;ja;
BB-2314;1597-12-19;;Erhardt Stopffer;erhard_stopffer;;;;;;;;;;Verzaichnüß der jüngen burger so disesz ganze 97iste jars, dasz burgerrecht bey beeden stetten Khrembsz und Stain empfangen und an heut den 19ten Decembrisz vor den gebreuchigen mahl dasz juramendt gelaist.;;
BB-2315;1597-12-19;;Wolff Moszhamer;wolf_mosshamer;;;;;;;;;;;;
BB-2316;1597-12-19;;Sebastian Onttner;sebastian_ortner;;;;;;;;;;;;
BB-2317;1597-12-19;;Geörg Wider;georg_wider;;;;;;;;;;;;
BB-2318;1597-12-19;;Lienhardt Bischoff;lienhardt_bischof;;;;;;;;;;;;
BB-2319;1597-12-19;;Sebastian Müllner;sebastian_muellner;Leinwander;;Handel;;;;;;;;ja;
BB-2320;1597-12-19;;Hannsz Pechtl;hans_prechtl;Bürstenbinder;;Sonstiges Handwerk;;;;;;;;ja;
BB-2321;1597-12-19;;Michal Pürchenegckher;michal_puerchenegger;Bäcker;;Lebensmittelhandwerk;;;;;;;;ja;
BB-2322;1597-12-19;;Thoman Mayr;thomas_mayr;;;;;;;;;;;;
BB-2323;1597-12-19;;Steffan Mayrhoffer;stephan_mayrhoffer;Hauer;;Landwirtschaft & Weinbau;;;;;;;;ja;
BB-2324;1597-12-19;;Georg Haunnerstainer;georg_haunnerstainer;Kummetmacher;;Leder & Pelz;;;;;;;;ja;
BB-2325;1597-12-19;;Lorentz Höschler;lorenz_hoeschler;Tischler;;Holz, Bau & Stein;;;;;;;;ja;
BB-2326;1597-12-19;;Hansz Voisinger;hans_voisinger;Goldschmied;;Metall & Waffen;;;;;;;;ja;
BB-2327;1597-12-19;;Leonhardt Hueber;leonhard_hueber;;;;;;;;;;;;
BB-2328;1597-12-19;;Merth Illinger;martin_illinger;Beutler;;Leder & Pelz;;;;;;;;ja;
BB-2329;1597-12-19;;Hansz Khueperger;hans_kueperger;Schlosser;;Metall & Waffen;;;;;;;;ja;
BB-2330;1597-12-19;;Hansz Grueber;hans_grueber;;;;;;;;;;;;
BB-2331;1597-12-19;;Hansz Herlot;hans_herlot;Glaser;;Holz, Bau & Stein;;;;;;;;ja;
BB-2332;1597-12-19;;Bärtlmee Dränl;baertlmee_draenl;;;;;;;;;;;;
BB-2333;1597-12-19;;Ulrich Khogler;ulrich_kogler;Zimmermann;;Holz, Bau & Stein;;;;;;;;ja;
BB-2334;1597-12-19;;Bartholome Traisl;bartholome_traisl;Müller;;Lebensmittelhandwerk;;;;;;;;ja;
BB-2335;1600-12-18;;Merth Gruebmüllner;martin_gruebmuellner;;;;;;;;;;Verzaichnüs der jüngen bürger, so disz ganze 1600 jar das bürgerrecht bei beeden stetten Khrembs unnd Stain empfangen und an heut dato den 18. Decembris vor der gebreuchigen waal das jurament gelaist.;;
BB-2336;1600-12-18;;Wolff Preuer;wolf_breuer;;;;;;;;;;;;
BB-2337;1600-12-18;;Christoff Hager;christoph_hager;;;;;;;;;;;;
BB-2338;1600-12-18;;Sebastian Rosenhamber;sebastian_rosenhamber;;;;;;;;;;;;
BB-2339;1600-12-18;;Caspar Mailandt;kaspar_maillandt;;;;;;;;;;;;
BB-2340;1600-12-18;;Isaac Ernnst;isaac_ernnst;;;;;;;;;;;;
BB-2341;1600-12-18;;Thieboll Mülner;thieboll_muellner;;;;;;;;;;;;
BB-2342;1600-12-18;;Sigmundt Mülner;sigmund_muellner;;;;;;;;;;;;
BB-2343;1600-12-18;;Thobias Tieboldt;thobias_tieboldt;;;;;;;;;;;;
BB-2344;1600-12-18;;Christoff Gessl;christoph_gossl;;;;;;;;;;;;
BB-2345;1600-12-18;;Geörg Werner;georg_werner;;;;;;;;;;;;
BB-2346;1600-12-18;;Leopolt Zwickher;leopolt_zwicker;;;;;;;;;;;;
BB-2347;1600-12-18;;Sigmund Holnberger;sigmund_holnberger;;;;;;;;;;;;
BB-2348;1600-12-18;;Sebastian Matheisz;sebastian_matheiss;;;;;;;;;;;;
BB-2349;1600-12-18;;Leonhardt Schwaiger;leonhard_schwaiger;;;;;;;;;;;nein;Am 18. Dezember 1600 wurde der Name Leonhardt Schwaiger zweimal ins Bürgerbuch eingetragen. Es wird dennoch davon ausgegangen, dass es sich um die selbe Person handelt.
BB-2350;1600-12-18;;Andreas Edmair;andreas_edmair;;;;;;;;;;;;
BB-2351;1600-12-18;;Leonhardt Wildt;leonhard_wildt;;;;;;;;;;;;
BB-2352;1600-12-18;;Caspar Schwingenschlegl;kaspar_schwingenschlegl;;;;;;;;;;;;
BB-2353;1600-12-18;;Leonhardt Schwaiger;leonhard_schwaiger;;;;;;;;;;;nein;Am 18. Dezember 1600 wurde der Name Leonhardt Schwaiger zweimal ins Bürgerbuch eingetragen. Es wird dennoch davon ausgegangen, dass es sich um die selbe Person handelt.
BB-2354;1600-12-18;;Bartl Obiser;bartholomaeus_obiser;;;;;;;;;;;;
BB-2355;1600-12-18;;Andreas Zinerauer;andreas_zinerauer;;;;;;;;;;;;
BB-2356;1600-12-18;;Caspar Bemelech;kaspar_bemelech;;;;;;;;;;;;
BB-2357;1600-12-18;;Michael Eder;michael_eder;;;;;;;;;;;;
BB-2358;1600-12-18;;Abrahamb Berwalter;abraham_berwalter;;;;;;;;;;;;
BB-2359;1600-12-18;;Hannß Schwärzl;hans_schwaertzl;;;;;;;;;;;;
BB-2360;1600-12-18;;Georg Hinderperger;georg_hinderperger;;;;;;;;;;;;
BB-2361;1600-12-18;;Michael Mülner;michael_muellner;;;;;;;;;;;;
BB-2362;1601-12-17;;Esaias Brunner;esaias_brunner;Handschuhmacher;;Leder & Pelz;;;;;;;Verzaichnus der jungen buger, so dis gantze 1601 jars das burgerrecht bey beeden stetten Khrembs und Stain empfangen und an heut datto den 17. Decembris vor der gebreuchigen wahl das jurament glaist.;ja;
BB-2363;1601-12-17;;Lorentz Bräuenpöckh;lorenz_braeuenpoeck;Hauer;;Landwirtschaft & Weinbau;;;;;;;;ja;
BB-2364;1601-12-17;;Jacob Eplmair;jakob_eplmair;Tuchscherer;;Textil & Bekleidung;;;;;;;;ja;
BB-2365;1601-12-17;;Andre Faisster;andreas_faisster;Leineweber;;Textil & Bekleidung;;;;;;;;ja;
BB-2366;1601-12-17;;Mathes Bräuenpeckh;matthaeus_braeuenpoeck;Hauer;;Landwirtschaft & Weinbau;;;;;;;;ja;
BB-2367;1601-12-17;;Geörg Eder;georg_eder;Zimmermann;;Holz, Bau & Stein;;;;;;;;ja;
BB-2368;1601-12-17;;Hans Wockh;hans_waeck;Hutstepper;;Textil & Bekleidung;;;;;;;;ja;
BB-2369;1601-12-17;;Hans Schirmer;hans_schirmer;Gschmeidler;;Metall & Waffen;;;;;;;;ja;
BB-2370;1601-12-17;;Balthaser Dieffenpöcher;balthasar_dieffenpoecher;Passamentwürcher;ja;Textil & Bekleidung;;;;;;;;ja;"Berufsbezeichnung ""Passamentwürcher"" im Quellentext schwer leserlich bzw. Schreibweise/Lesart unsicher."
BB-2371;1601-12-17;;Hans Zirman;hans_zirman;Huetter;;Textil & Bekleidung;;;;;;;Verzaichnus der jungen buger, so dis gantze 1601 jars das burgerrecht bey beeden stetten Khrembs und Stain empfangen und an heut datto den 17. Decembris vor der gebreuchigen wahl das jurament glaist.;ja;
BB-2372;1601-12-17;;Andre Theurkhauff;andreas_teurkhauff;Bäcker;;Lebensmittelhandwerk;;;;;;;;ja;
BB-2373;1601-12-17;;Mathes Hadlinger;matthaeus_hadlinger;Schiffmann;;Transport & Wasserwesen;;;;;;;;ja;
BB-2374;1601-12-17;;Mört Pauträer;moert_pautraeer;Brotsitzer;;Handel;;;;;;;;ja;
BB-2375;1601-12-17;;Abrahamb Pfaffinger;abraham_pfaeffinger;Bader;;Gesundheit;;;;;;;;ja;
BB-2376;1601-12-17;;Michael Haas;michael_haas;Passamentwürcher;;Textil & Bekleidung;;;;;;;;ja;
BB-2377;1601-12-17;;Michael Aichperger;michael_aichperger;Hauer;;Landwirtschaft & Weinbau;;;;;;;;ja;
BB-2378;1602-12-30;;Zacharias Wenigl;zacharias_wenigl;Schulmeister;;Verwaltung, Recht & Bildung;;;;;;;Vertzaichnüsz der jungen burger, so disz gantze 1602 jar das burgerrecht bei beeden stetten Khrembs und Stain emfpanngen und an heut dato den 30. Decembris vor der gebreuchigen wahl das jurament gelaist.;ja;
BB-2379;1602-12-30;;Dionisi Hierermair;dionisi_hienermair;;;;;;;;;;;;
BB-2380;1602-12-30;;Christoff Wibmer;christoph_widmer;;;;;;;;;;;;
BB-2381;1602-12-30;;Mört Winnckhler;moert_winckler;;;;;;;;;;;;
BB-2382;1602-12-30;;Gabriel Münsegkher;gabriel_muensegkher;;;;;;;;;;;;
BB-2383;1602-12-30;;Leonhart Heyrasz;leonhard_heyrass;;;;;;;;;;;;
BB-2384;1602-12-30;;Christoff Nothelffer;christoph_nothelffer;;;;;;;;;;;;
BB-2385;1602-12-30;;Khillion Fux;khillion_fux;;;;;;;;;;;;
BB-2386;1602-12-30;;Bartholome Khagerer;bartholome_kagerer;;;;;;;;;;;;
BB-2387;1602-12-30;;Steffan Peckh;stephan_beck;Schneider;;Textil & Bekleidung;;;;;;;;ja;
BB-2388;1602-12-30;;Balthauser Oberegkher;balthasar_oberegkher;;;;;;;;;;;;
BB-2389;1602-12-30;;Mathes Weingartner;matthaeus_weingartner;;;;;;;;;;;;
BB-2390;1602-12-30;;Jacob Palsz;jakob_palss;;;;;;;;;;;;
BB-2391;1602-12-30;;Wolf Englsperger;wolf_eglsperger;;;;;;;;;;;;
BB-2392;1602-12-30;;Niclasz Husz;niklas_huss;;;;;;;;;;;;
BB-2393;1602-12-30;;Leonhardt Lüffer;leonhard_lueffer;;;;;;;;;;;;
BB-2394;1602-12-30;;Peter Hamerschmidt;peter_hamerschmidt;;;;;;;;;;;;
BB-2395;1602-12-30;;Daniel Schlatterer;daniel_schlotterer;;;;;;;;;;;;
BB-2396;1602-12-30;;Thoman Grueber;thomas_grueber;;;;;;;;;;;;
BB-2397;1602-12-30;;Sebastian Strasser;sebastian_strasser;;;;;;;;;;;;
BB-2398;1602-12-30;;Steffan Mayr;stephan_mayr;Seiler;;Transport & Wasserwesen;;;;;;;;ja;
BB-2399;1602-12-30;;Andreas Lengl;andreas_lengl;;;;;;;;;;;;
BB-2400;1602-12-30;;Hannsz Reichl;hans_reichl;;;;;;;;;;;;
BB-2401;1603-01-14;;Anthoni Pusch;anthoni_pusch;;;;;;;;;;;;
BB-2402;1604-02-06;;Balthauser Nußpamber;balthasar_nussbaumer;Müller;;Lebensmittelhandwerk;;;;;;;;ja;
BB-2403;1604-02-06;;Christoff Draister;christoph_draister;Zinngießer;;Metall & Waffen;;;;;;;;ja;
BB-2404;1604-03-30;;Mathes Khünig;matthaeus_kuenig;Fleischhacker;;Lebensmittelhandwerk;;;;;;;;ja;
BB-2405;1604-06-01;;Caspar Taller;kaspar_taller;;;;;;;;;;;;
BB-2406;1604-06-25;;Hannß Bersstinger;hans_bersstinger;;;;;;;;;;;;
BB-2407;1604-06-25;;Geörg Tschenneter;georg_tschenneter;;;;;;;;;;;;
BB-2408;1604-09-24;;Geboldt Nadlstumpff;geboldt_nadlstumpff;;;;;;;;;;;;
BB-2409;1604-09-24;;Ludwig Grießlinger;ludwig_griesslinger;;;;;;;;;;;;
BB-2410;1604-11-19;;Johann Weirlpaumb;johann_weirlbaum;;;;;;;;;;;;
BB-2411;1604-11-19;;Peter Perman;peter_perkman;Maurer;;Holz, Bau & Stein;;;;;;;;ja;
BB-2412;1605-12-19;;Erhardt Geßl;erhard_gessl;;;;;;;;;;Verzaichnus der personnen wan heut den 19. [Decembris] 605. den burger aidt gelaist.;;
BB-2413;1605-12-19;;Georg Tschernvueter;georg_tschernvueter;;;;;;;;;;;nein;"Name in der ursprünglichen Quelle selbst mit Fragezeichen versehen (""(Tschernvueter?)"") - der Editor der Diplomarbeit war sich der Lesung nicht sicher. Erscheint zweimal in derselben Liste vom 19.12.1605 (Pos. 1 und 7); könnte dieselbe Person, könnten aber auch zwei unterschiedlich schwer lesbare Namen sein, die zufällig gleich gedeutet wurden."
BB-2414;1605-12-19;;Michel Estm;michael_estm;;;;;;;;;;;;
BB-2415;1605-12-19;;Mathes Steuber;matthaeus_steuber;;;;;;;;;;;;
BB-2416;1605-12-19;;Valt Schmidthueber;valt_schmidthueber;;;;;;;;;;;;
BB-2417;1605-12-19;;Abraham Eickhl;abraham_eckl;;;;;;;;;;;;
BB-2418;1605-12-19;;Veitt Ensteüfundt;veit_ensteuefundt;;;;;;;;;;;;
BB-2419;1605-12-19;;Georg Tschernvueter;georg_tschernvueter;;;;;;;;;;;nein;"Name in der ursprünglichen Quelle selbst mit Fragezeichen versehen (""(Tschernvueter?)"") - der Editor der Diplomarbeit war sich der Lesung nicht sicher. Erscheint zweimal in derselben Liste vom 19.12.1605 (Pos. 1 und 7); könnte dieselbe Person, könnten aber auch zwei unterschiedlich schwer lesbare Namen sein, die zufällig gleich gedeutet wurden."
BB-2420;1605-12-19;;Bartholeme Quatman;bartholomaeus_quatman;;;;;;;;;;;;
BB-2421;1605-12-19;;Veit Eisenhuet;veit_eisenhuet;;;;;;;;;;;;
BB-2422;1606-12-09;;Jacob Geldmayr;jakob_geldmayr;Seiler;;Transport & Wasserwesen;;;;;;;Verzaichnus der personen von heudt, den 9. Decembris a(nno) 606. den burger aydt gelaist.;ja;
BB-2423;1606-12-09;;Hanns Oraing;hans_oraing;;;;;;;;;;;;
BB-2424;1606-12-09;;Sigmund Wendt;sigmund_wendt;;;;;;;;;;;;
BB-2425;1606-12-09;;Christoff Pfliegl;christoph_pfliegl;;;;;;;;;;;;
BB-2426;1606-12-09;;Peter Rüpfordten;peter_ruepfordten;;;;;;;;;;;;
BB-2427;1606-12-09;;Jacob Poreto;jakob_poreto;;;;;;;;;;;;
BB-2428;1606-12-09;;Alexander Truckhenmüllner;alexander_truckenmuellner;;;;;;;;;;;;
BB-2429;1606-12-09;;Loepoldt Pariß;leopold_pariss;;;;;;;;;;;;
BB-2430;1606-12-09;;Hanns Geßlbeckh;hans_gesslbeck;Müller;;Lebensmittelhandwerk;;;;;;;;ja;
BB-2431;1606-12-09;;Wolff Nagl;wolf_nagl;;;;;;;;;;;;
BB-2432;1606-12-09;;Christoff Khulbinger;christoph_kulbinger;;;;;;;;;;;;
BB-2433;1606-12-09;;Sigmundt Poldens;sigmund_poldens;;;;;;;;;;;;
BB-2434;1606-12-09;;Hanns Orttner;hans_ortner;;;;;;;;;;;;
BB-2435;1606-12-09;;Sebastian Solberger;sebastian_solberger;;;;;;;;;;;;
BB-2436;1606-12-09;;Peter Wayrs;peter_wayr;;;;;;;;;;;;
BB-2437;1607-05-08;;Matthias Ring;matthias_ring;Bader;;Gesundheit;;;;;;;;ja;
BB-2438;1607-05-08;;Toman Werttinger;thomas_werttinger;Drechsler;;Holz, Bau & Stein;;;;;;;;ja;
BB-2439;1607-05-08;;Michael Neuchamb;michael_neuchamb;Ziegler;;Holz, Bau & Stein;;;;;;;;ja;
BB-2440;1607-06-18;;Wolff Pfäffinger;wolf_pfaeffinger;;;;;;;;;;;;
BB-2441;1607-07-10;;Christoff Ibser;christoph_ibser;Gastgeb;;Gastgewerbe & Getraenke;;;;;;;;ja;
BB-2442;1607-08-31;;Jonas Khres;jonas_kres;Glaser;;Holz, Bau & Stein;;;;;;;;ja;
BB-2443;1607-08-31;;Caspar Saudtner;kaspar_saudtner;Barbier;;Gesundheit;;;;;;;;ja;
BB-2444;1607-09-10;;Jacob Holl;jakob_holl;Bäcker;ja;Lebensmittelhandwerk;;;;;;;;ja;"Berufsbezeichnung ""Bäcker"" im Quellentext schwer leserlich bzw. Schreibweise/Lesart unsicher."
BB-2445;1607-09-10;;Hanns Liebrich;hans_liebrich;Kramer;;Handel;;;;;;;;ja;
BB-2446;1607-10-31;;Conrat Khrazer;conrat_krazer;Nadler;;Metall & Waffen;;;;;;;;ja;
BB-2447;1607-11-29;;Steffan Benediter;stephan_benediter;Händler;;Handel;;;;;;;;ja;
BB-2448;1607-11-29;;Thoman Neüquam;thomas_neuquam;;;;;;;;;;;;
BB-2449;1607-11-29;;Caspar Wierttenperger;kaspar_wierttenperger;;;;;;;;;;;;
BB-2450;1607-11-29;;Steffan Cäntlpöckh;stephan_caentlpoeck;;;;;;;;;;;;
BB-2451;1607-11-29;;Erhart Pirringer;erhart_pirringer;;;;;;;;;;;;
BB-2452;1607-11-29;;Christoff Prändt;christoph_prandt;;;;;;;;;;;;
BB-2453;1607-11-29;;Erasmus Sailler;erasmus_seiler;;;;;;;;;;;;
BB-2454;1607-11-29;;Abraham Behamb;abraham_behaimb;;;;;;;;;;;;
BB-2455;1608-03-07;;Gotthart Lachenwizer;gotthart_lachenwizer;;;;;;;;;;;;
BB-2456;1608-03-18;;Hanns Falckh;hans_fack;;;;;;;;;;;;
BB-2457;1608-04-25;;Hanns Sieber;hans_siber;;;;;;;;;;;;
BB-2458;1608-05-06;;Wolff Christoff Wöckhl;wolf_christoff_woeckl;;;;;;;;;;;;
BB-2459;1608-06-20;;Niclai Feilings;niclai_feilings;;;;;;;;;;;;
BB-2460;1608-07-18;;Oiwalt Mosmiar;oiwalt_mosmiar;;;;;;;;;;;;
BB-2461;1608-08-25;;Mathesen Khirchmiar;mathesen_kirchmiar;;;;;;;;;;;;
BB-2462;1608-08-25;;Hansen Khundner;hans_kundtner;;;;;;;;;;;;
BB-2463;1608-08-25;;Philip Zanckhner;philip_zanckner;;;;;;;;;;;;
BB-2464;1608-10-03;;Wilibaldt Spiznagl;wilibald_spiznagl;;;;;;;;;;;;
BB-2465;1609-01-02;;Jacoben Schönni;jacob_schoenni;Rauchfangkehrer;;Sonstige Dienstleistungen;;;;;;;Verzaichnuß derer burger, so diß aintausent sechßhundert neundten jarß bey der statt Khrembs burger worden, auch welchen tag dieselben daß burgerrecht empfangen haben. Den anderten Januari A. 609;ja;
BB-2466;1609-05-15;;Thoman Zunckhman;thomas_zunckman;Steinmetz;;Holz, Bau & Stein;;;;;;;;ja;
BB-2467;1609-06-12;;Georg Rosenberger;georg_rosenberger;Leineweber;;Textil & Bekleidung;;;;;;;;ja;
BB-2468;1609-11-27;;Abrahamb Fränzl;abraham_fraenzl;;;;;;;;;;;;
BB-2469;1609-12-08;;Wolff Obinger;wolf_obinger;;;;;;;;;;;;
BB-2470;1610-02-05;;Hannsz Khölbl;hans_koelbl;Maler;;Kunst, Musik & Unterhaltung;;;;;;;;ja;
BB-2471;1610-05-21;;Franz Preinvolckh;franz_preinvolck;;;;;;;;;;;;
BB-2472;1610-07-16;;Caspar Moriz;kaspar_moriz;Maurer;;Holz, Bau & Stein;;;;;;;;ja;
BB-2473;1610-09-03;;Wenzl Tschinägg;wenzl_tschinaegg;;;;;;;;;;;;
BB-2474;1610-11-12;;Steffan Amerel;stephan_amerel;;;;Hannß Waßley, Tobiaß Franz.;hans_wassley|tobiass_franz;;;;;;;
BB-2475;1610-11-12;;Peter Lindemayr;peter_lindemayr;;;;Geörgen Khöpl, Abrahamb Peer.;geoergen_koepl|abraham_peer;;;;;;;
BB-2476;1610-12-31;;Adam Scharer;adam_scharer;;;;Carl (Steubnnwegg?), Sebastian Rosenhamer.;karl_stubenweg|sebastian_rosenhamer;;;;;;;
BB-2477;1610-01-22;;Adam Hoffmann;adam_hoffman;;;;;;;;;;;;
BB-2478;1610-03-12;;Benedict Müeszganng;benedikt_mueessgang;;;;;;;;;;;;
BB-2479;1611-01-14;;Leonhardt Priewanng;leonhard_priewang;Hauer;;Landwirtschaft & Weinbau;;;;;;;;ja;
BB-2480;1611-05-13;;Hannsz Salzhueber;hans_salzhueber;Maurer;;Holz, Bau & Stein;;;;;;;;ja;
BB-2481;1611-05-13;;Caspar Grüenwalt;kaspar_grueenwalt;Barbier;;Gesundheit;;;;;;;;ja;
BB-2482;1611-05-13;;Michael Pichlmayr;michael_pichlmayr;Kupferschmied;;Metall & Waffen;;;;;;;;ja;
BB-2483;1611-05-13;;Hannsz Morr;hans_morr;Binder;;Holz, Bau & Stein;;;;;;;;ja;
BB-2484;1611-05-27;;Thoman Pöldinger;thomas_poeldinger;Tuchmacher;;Textil & Bekleidung;;;;;;;;ja;
BB-2485;1611-05-27;;Sebastian Fridinger;sebastian_fridinger;;;;;;;;;;;;
BB-2486;1611-05-27;;Mathesz Zehe;matthias_zehe;;;;;;;;;;;;
BB-2487;1611-05-27;;Sigmundt Wuerbm;sigmund_wuerbm;;;;;;;;;;;;
BB-2488;1611-05-27;;Caspar Schirbmer;kaspar_schirmer;;;;;;;;;;;;
BB-2489;1611-06-17;;Abrahamb Leütl;abraham_leuetl;;;;;;;;;;;;
BB-2490;1611-06-17;;David Strasser;david_strasser;;;;;;;;;;;;
BB-2491;1611-06-17;;Jacob Mhüe;jakob_mhuee;;;;;;;;;;;;
BB-2492;1611-06-17;;Balthauser Weninger;balthauser_wennger;;;;;;;;;;;;
BB-2493;1611-06-17;;Geörgen Wezels;geoergen_wezels;Binder;;Holz, Bau & Stein;;;;;;;;ja;
BB-2494;1611-06-17;;Mathiasz Prasch;mathiasz_prasch;Fuhrmann;;Transport & Wasserwesen;;;;;;;;ja;
BB-2495;1611-06-17;;Mathiasz Purckholzer;matthias_purckholzer;;;;;;;;;;;;
BB-2496;1611-05-13;;Marx Leüttner;markus_leittner;;;;;;;;;;;;
BB-2497;1611-05-27;;Thobiasz Behaimb;tobias_behaim;Hutmacher;;Textil & Bekleidung;;;;;;;;ja;
BB-2498;1611-05-27;;Bärthlmee Camerer;bartholomaeus_camerer;;;;;;;;;;;;
BB-2499;1611-06-14;;Thoman Lenzer;thomas_lenzer;Seiler;;Transport & Wasserwesen;;;;;;;;ja;
BB-2500;1611-06-14;;Wolff Neslauer;wolf_neslauer;Hufschmied;;Metall & Waffen;;;;;;;;ja;
BB-2501;1611-06-17;;Mechior Mesmülner;melchior_mesmuelner;;;;;;;;;;;;
BB-2502;1611-06-17;;Andree Graff;andreas_graf;Schuster;;Leder & Pelz;;;;;;;;ja;
BB-2503;1611-06-17;;Ambrosi Renstiffter;ambrosi_renstiffter;Fuhrmann;;Transport & Wasserwesen;;;;;;;;ja;
BB-2504;1611-06-17;;Hannsz Schmidt;hans_schmidt;;;;;;;;;;;;
BB-2505;1611-06-17;;Geörg Schwager;georg_schwaiger;;;;;;;;;;;;
BB-2506;1611-06-17;;Christoff Winckhler;christoph_winckler;;;;;;;;;;;;
BB-2507;1611-06-17;;Hanns Fermann;hans_ferman;;;;;;;;;;;;
BB-2508;1611-06-17;;Jacob Khnäxl;jakob_knaexl;;;;;;;;;;;;
BB-2509;1611-06-17;;Thoman Hellmann;thomas_hellmann;;;;;;;;;;;;
BB-2510;1611-06-17;;Hannsz Rawer;hans_rarer;;;;;;;;;;;;
BB-2511;1611-07-08;;Valtin Reichart;valentin_reichart;;;;;;;;;;;;
BB-2512;1611-07-08;;Hannsz Lackhinger;hans_lackinger;;;;;;;;;;;;
BB-2513;1611-07-08;;Hannsz Schöffrückher;hans_schoeffruecker;;;;;;;;;;;;
BB-2514;1611-07-15;;Michael Tämpl;michael_taempl;;;;;;;;;;;;
BB-2515;1611-07-15;;Oszwalt Holzinger;oszwalt_holzinger;;;;;;;;;;;;
BB-2516;1611-06-28;;Wolff Pückhl;wolf_pueckl;Schlosser;;Metall & Waffen;;;;;;;;ja;
BB-2517;1611-06-28;;Hannsz Peyerl;hans_peyerl;Hauer;;Landwirtschaft & Weinbau;;;;;;;;ja;
BB-2518;1611-06-28;;Veith Winther;veit_winther;;;;;;;;;;;;
BB-2519;1611-08-06;;Geörg Dauterer;georg_dauterer;Binder;;Holz, Bau & Stein;;;;;;;;ja;
BB-2520;1611-08-06;;Steffan Stelzer;stephan_stelzer;;;;;;;;;;;;
BB-2521;1611-08-19;;Marx Weinreich;markus_weinreich;;;;;;;;;;;;
BB-2522;1611-09-16;;Michael Schaufler;michael_schaufler;;;;;;;;;;;;
BB-2523;1611-09-16;;Hannsz Gaszner;hans_gassner;;;;;;;;;;;;
BB-2524;1611-09-23;;Hannsz Gensstetter;hans_gensstetter;;;;;;;;;;;;
BB-2525;1611-11-22;;Christoph Frölich;christoph_froelich;;;;;;;;;;;;
BB-2526;1611-12-20;;Veith Geisler;veit_geisler;;;;;;;;;;;;
BB-2527;1612-01-17;;Hannsz Mayringer;hans_mayringer;;;;;;;;;;;;
BB-2528;1612-02-03;;Hannsz Rettinger;hans_rettinger;Sporer;;Metall & Waffen;;;;;;;;ja;
BB-2529;1612-02-07;;Thobiasz Hiertl;thobiasz_hiertl;;;;;;;;;;;;
BB-2530;1612-02-07;;Wolff Wisinger;wolf_wisinger;;;;;;;;;;;;
BB-2531;1612-02-07;;Christoph Ott;christoph_otta;;;;;;;;;;;;
BB-2532;1612-02-07;;Carl Khränziger;carl_kraenziger;;;;;;;;;;;;
BB-2533;1612-02-07;;Christopha Zerstl;christopha_zerstl;;;;;;;;;;;;
BB-2534;1612-03-02;;Daniel Fraidl;daniel_fraidl;;;;;;;;;;;;
BB-2535;1612-03-02;;Hannsz Voglgsang;hans_voglgsang;;;;;;;;;;;;
BB-2536;1612-11-16;;Reinhard Singer;reinhard_singer;Drechsler;;Holz, Bau & Stein;;;;;;;;ja;
BB-2537;1612-02-07;;Hannsz Reiff;hans_reiff;;;;;;;;;;;;
BB-2538;1612-02-07;;Hannsz Rigler;hans_rigler;;;;;;;;;;;;
BB-2539;1612-02-07;;Jacob Hämel;jakob_haemel;;;;;;;;;;;;
BB-2540;1612-03-02;;Christoph Delmagn;christoph_delmagn;;;;;;;;;;;;
BB-2541;1612-03-02;;Geörg Lachawizer;georg_lachawizer;;;;;;;;;;;;
BB-2542;1612-03-13;;Hannsz Müllner;hans_muellner;Gerichtsschreiber;;Verwaltung, Recht & Bildung;;;;;;;;ja;
BB-2543;1613-01-22;;Hannß Prandt;hans_prandt;Maurer;;Holz, Bau & Stein;;;;;;;;ja;
BB-2544;1613-02-08;;Ott Pauer;ott_bauer;Sieber;;Sonstiges Handwerk;Wolff Christoff Notthelffer, Jacob Schleiner (Sieber).;wolf_christoff_notthelffer|jakob_schleiner;|Sieber;;;;;ja;
BB-2545;1613-03-08;;Steffan Khaltenkhrautter;stephan_kaltenkhrautter;;;;;;;;;;;;
BB-2546;1613-03-08;;Hanns Khreel;hans_kreel;;;;;;;;;;;;
BB-2547;1613-02-22;;Caspar Hueber;kaspar_hueber;;;;Mathin Länckhl, Hanß Vattermair.;mathin_laenckl|hans_vattermair;;;;;;;
BB-2548;1613-02-08;;Martin Hagner;martin_hagner;Glaser;;Holz, Bau & Stein;;;;;;;;ja;
BB-2549;1613-03-15;;Davidt Doringer;davidt_diringer;;;;;;;;;;;;
BB-2550;1613-08-23;;Thobias Hochlehner;thobias_hochlehner;;;;;;;;;;;;
BB-2551;1613-03-12;;Caspar Hochschein;kaspar_hochschein;Zimmermann;;Holz, Bau & Stein;;;;;;;;ja;
BB-2552;1613-02-08;;Ambrosy Man;ambrosius_man;Hauer;;Landwirtschaft & Weinbau;;;;;;;;ja;
BB-2553;1613-04-10;;Hannß Wißhackh;hans_wisshack;Schlosser;;Metall & Waffen;;;;;;;;ja;
BB-2554;1613-04-15;;Niclas Steidl;niklas_steidl;Bäcker;;Lebensmittelhandwerk;;;;;;;;ja;
BB-2555;1613-05-31;;Caspar Mittermayr;kaspar_mittermayr;Goldschmied;;Metall & Waffen;;;;;;;;ja;
BB-2556;1613-06-28;;Petter Neuman;peter_neumann;Büchsenmacher;;Metall & Waffen;Amdreas Vilt (Schlosser) (Bürger zu Krems), Christoff Grillitsch (Bürger zu Krems).;andreas_vilt|christoph_grillitsch;Schlosser|;;;;;ja;
BB-2557;1613-07-13;;Andre Haas;andreas_haas;;;;;;;;;;;;
BB-2558;1613-07-13;;Thobias Leutner;thobias_leuetner;;;;Mathes Modl, Stephan (Weiß?).;matthaeus_modl|stephan_weiss;;;;;;;
BB-2559;1613-07-13;;Sebastian Eder;sebastian_eder;;;;Mathias (Wallnreutter?).;matthias_wallnreutter;;;;;;;
BB-2560;1613-07-17;;Johann Ringshauser;johann_ringshauser;Apotheker;;Gesundheit;;;;;;;;ja;
BB-2561;1613-08-18;;Georg Khernl;georg_kernl;;;;;;;;;;;;
BB-2562;1613-08-20;;Christoph Jän;christoph_jaen;Kürschner;;Leder & Pelz;;;;;;;;ja;
BB-2563;1613-04-21;;Georg Dänkhl;georg_daenkhl;;;;;;;;;;;;
BB-2564;1613-05-16;;Stephan Bardt;stephan_bardt;;;;;;;;;;;;
BB-2565;1613-05-31;;Ludwig Pürger;ludwig_perger;;;;;;;;;;;;
BB-2566;1613-06-28;;Hannsz Haußschwender;hans_haussschwender;;;;;;;;;;;;
BB-2567;1613-12-04;;Oßwalt Gräßl;osswalt_graessl;;;;;;;;;;;;
BB-2568;1613-11-28;;Hannsz Glax;hans_glax;Kupferschmied;;Metall & Waffen;Christoff Pruggmer (Bürger zu Krems), Hannß Morsch (Bürger zu Krems).;christoph_pruggmer|hans_morsch;;;;;;ja;
BB-2569;1613-11-28;;Peter Khren;peter_kren;;;;;;;;;;;;
BB-2570;1614-01-24;;Valentin Mittereggers;valentin_mittereggers;Zinngießer;;Metall & Waffen;Hanßen (Feeman?), Matthes Seltenreich.;hans_feemann|matthes_seltenreich;;;;;;ja;
BB-2571;1614-03-24;;Hansz Dözer;hans_doezer;Binder;;Holz, Bau & Stein;;;;;;;;ja;
BB-2572;1614-05-17;;Lorenz Wollschlager;lorenz_wollschlager;Tuchmacher;;Textil & Bekleidung;Hanß (Pisteleher?), Hanß Heillingstainer.;hans_pisteleher|hans_heillingstainer;;;;;;ja;
BB-2573;1614-05-30;;Bernhart Steger;bernhart_steger;Riemer;;Leder & Pelz;Hanß Kharch, Balthaßar Loinniger.;hans_karch|balthassar_loinniger;;;;;;ja;
BB-2574;1614-05-30;;Jacob Paur;jakob_bauer;;;;;;;;;;;;
BB-2575;1614-06-13;;Georg Hackhenmair;georg_hackenmair;;;;;;;;;;;;
BB-2576;1614-05-13;;Colman Himbelberger;kolman_himbelberger;;;;Thobias Rehlingl.;thobias_rehlingl;;;;;;;
BB-2577;1614-06-13;;Matthes Prißl;matthes_prissl;Riemer, Sporer;;Leder & Pelz;Wolff Strasser, Hanß Rechinger (Sporer).;wolf_strasser|hans_rechinger;|Sporer;;;;;ja;
BB-2578;1614-02-18;;Niclas Khierzl;niklas_kierzl;Leineweber;;Textil & Bekleidung;Geörg Weiß (Bürger zu Stein), Matthias Millner (Bürger zu Stein).;georg_weiss|matthias_millner;;;;;;ja;
BB-2579;1614-06-16;;Hanns Wagner;hans_wagner;Schneider;;Textil & Bekleidung;;;;;;;;ja;
BB-2580;1614-05-22;;Ludtwig Reinthaller;ludtwig_reinthaller;Körblmacher;;Sonstiges Handwerk;;;;;;;;ja;
BB-2581;1614-07-01;;Peter Khrenstetter;peter_krenstetter;;;;;;;;;;;;
BB-2582;1614-08-19;;Sigmund Lindinger;sigmund_lindinger;Hauer;;Landwirtschaft & Weinbau;;;;;;;;ja;
BB-2583;1614-09-12;;Andreen Brändt;andreas_braendt;Maurer;;Holz, Bau & Stein;;;;;;;;ja;
BB-2584;1614-09-27;;Hanß Fritz;hans_friz;Leineweber;;Textil & Bekleidung;Geörg (Mittneer?), Sigmundt Gnumber.;georg_mittneer|sigmund_gnumber;;;;;;ja;
BB-2585;1614-11-07;;Michaell Buettenpeckh;michael_buettenpeck;;;;;;;;;;;;
BB-2586;1614-11-15;;Hannsz Erlacher;hans_erlacher;;;;Caspar Moriz, Balthasar Dieffenpecher.;kaspar_moriz|balthasar_dieffenpecher;;;;;;;
BB-2587;1614-11-14;;Hansz Scherb;hans_scherb;Handschuhmacher;;Leder & Pelz;Jeremias Schneider, Caspar Mittermair.;jeremias_schneider|kaspar_mittermayr;;;;;;ja;
BB-2588;1614-11-28;;Caspar Mittermair;kaspar_mittermayr;Goldschmied;;Metall & Waffen;;;;Erstmalig vorstellig am 31. Mai 1613.;;;;ja;
BB-2589;1614-11-28;;Hansz Meyrle;hans_meyrle;Messerschmied;;Metall & Waffen;;;;;;;;ja;
BB-2590;1614-11-28;;Steffan Jani;stephan_jani;Goldschmied;;Metall & Waffen;;;;;;;;ja;
BB-2591;1614-11-14;;Christoff Luedlinger;christoph_luedlinger;;;;;;;;;;;;
BB-2592;1614-12-19;;Thoman Maserman;thomas_maserman;Binder;;Holz, Bau & Stein;;;;;;;;ja;
BB-2593;1614-12-19;;Andree Jän;andreas_jaen;Wagner;;Holz, Bau & Stein;Caspar Hegger, Mathias Seltenteich.;kaspar_hegger|matthias_seltenteich;;;;;;ja;
BB-2594;1614-12-02;;Urban Reisacher;urban_reisacher;Lederer;;Leder & Pelz;;;;;;;;ja;
BB-2595;1615-01-17;;Martin Khrackher;martin_kraucker;Riemer;;Leder & Pelz;Caspar Moriz, Caspar Maillandt.;kaspar_moriz|kaspar_maillandt;;;;;;ja;
BB-2596;1615-01-17;;Hansen Raab;hansen_raab;Beutler;;Leder & Pelz;Marx Guxf, Hainrich Fählschmidt.;markus_guxf|heinrich_faehlschmidt;;;;;;ja;
BB-2597;1615-02-07;;Geörg Schwibbacher;georg_schwibbacher;Zinngießer;;Metall & Waffen;;;;;;;;ja;
BB-2598;1615-02-27;;Gottfriedt Zimerman;gottfried_zimerman;Nestler;;Leder & Pelz;Niclaß Herbst, Simon Schweet.;niclass_herbst|simon_schweet;;;;;;ja;
BB-2599;1615-02-27;;Hannß Steckher;hans_stocker;;;;;;;;;;;;
BB-2600;1615-02-27;;Jacob Seuner;jakob_seuner;;;;;;;;;;;;
BB-2601;1615-02-27;;Wilhelmb Ferrer;wilhelm_ferrer;Tuchscherer;;Textil & Bekleidung;;;;;;;;ja;
BB-2602;1615-02-27;;Marthin Heidl;marthin_heitl;Goldschmied;;Metall & Waffen;Leonhart Schifler, Sigmundt (Moyler?).;leonhard_schifler|sigmund_moyler;;;;;;ja;
BB-2603;1615-02-27;;Petter Anthoni;peter_anthoni;Maurer;;Holz, Bau & Stein;Hans (Casprendt?), Caspar Moriz.;hans_casprendt|kaspar_moriz;;;;;;ja;
BB-2604;1615-02-27;;Hansz Strobl;hans_strobl;;;;;;;;;;;;
BB-2605;1615-02-28;;Lorenz Gansser;lorenz_gansser;;;;;;;;;;;;
BB-2606;1615-03-02;;Lorenz Oft;lorenz_oft;;;;;;;;;;;;
BB-2607;1615-03-02;;Wolf Huchß Rüchler;wolf_huchss_ruechler;Hutmacher;;Textil & Bekleidung;;;;;;;;ja;
BB-2608;1615-03-02;;Geörg Moll;georg_modl;;;;;;;;;;;;
BB-2609;1615-03-02;;Balthasar Urban;balthasar_urban;Maler;;Kunst, Musik & Unterhaltung;;;;;;;;ja;
BB-2610;1615-03-02;;Hannß Veibhl;hans_veibhl;;;;;;;;;;;;
BB-2611;1615-03-02;;Hannß Khopp;hans_kopp;;;;;;;;;;;;
BB-2612;1615-03-02;;Stephan Fischer;stephan_fischer;Messner;;Kirche & Religion;;;;;;;;ja;
BB-2613;1615-03-02;;Simon Söldner;simon_soldner;;;;;;;;;;;;
BB-2614;1615-03-02;;Mertt Mitter;martin_mitter;Kerzenmacher;;Sonstiges Handwerk;;;;;;;;ja;
BB-2615;1615-03-02;;Veit Lehner;veit_lehner;Binder;;Holz, Bau & Stein;;;;;;;;ja;
BB-2616;1615-03-02;;Haimeran Gasner;haimeran_gasner;Schiffmann;;Transport & Wasserwesen;;;;;;;;ja;
BB-2617;1615-03-02;;Paull Marckhter;paul_marckter;;;;;;;;;;;;
BB-2618;1615-06-13;;Paull Winterleitner;paul_winterleitner;;;;Jeremias Heickh (Seiler) (Bürger zu Krems und Stein), Sing Grumber (Seiler) (Bürger zu  Krems).;jeremias_heick|sing_grumber;Seiler|Seiler;;;;;;
BB-2619;1615-06-13;;Leonhart Stockher;leonhard_stocker;Bauer;;Landwirtschaft & Weinbau;;;;;;;;ja;
BB-2620;1615-06-13;;Georg Horüng;georg_horueng;Schmied;;Metall & Waffen;;;;;;;;ja;
BB-2621;1616;ja;Geörg Höman;georg_hoeman;Schmied;;Metall & Waffen;;;;;;;Nur Jahresangabe im Bürgerbuch verzeichnet, kein exaktes Tages-/Monatsdatum.;ja;
BB-2622;1616;ja;Balthasern Windthager;balthasar_windthager;Schiffschopper;;Transport & Wasserwesen;;;;;;;Nur Jahresangabe im Bürgerbuch verzeichnet, kein exaktes Tages-/Monatsdatum.;ja;
BB-2623;1616-04-28;;Hannsz Eittelschneider;hans_eittelschneider;;;;Adam Hefman (Bürger zu Krems und Stein), Adam Schorreu (Bürger zu Krems und Stein).;adam_hefman|adam_schorreu;;;;;;;
BB-2624;1616-04-28;;Phillipp Wallinger;phillip_wallinger;Fleischhacker;;Lebensmittelhandwerk;;;;;;;;ja;
BB-2625;1614-01-24;;Michael Rörl;michael_roerl;;;;;;;;;;;;
BB-2626;1616-05-15;;Christoph Büdner;christoph_buedner;Schneider;;Textil & Bekleidung;;;;;;;;ja;
BB-2627;1616-05-20;;Hannsz Kheller;hans_keller;Tischler;;Holz, Bau & Stein;;;;;;;;ja;
BB-2628;1616-10-18;;Jacob Fensterlins;jakob_fensterlins;Schreiner;;Holz, Bau & Stein;;;;;;;;ja;
BB-2629;1616-05-27;;Sigmund Haann;sigmund_haann;;;;Sigmund Freunreiteo (Handlsmann), Zacharys Weingl (Procurator).;sigmund_freunreiteo|zacharys_weingl;Händler|Prokurator;;;;;;
BB-2630;1616-06-08;;Eliaß Pachmayr;elias_pachmair;Lederer;;Leder & Pelz;;;;;;;;ja;
BB-2631;1616-06-21;;Conradt Hofinger;conradt_hofinger;;;;;;;Den 21. Juny 1616 hat Conradt Hofinger seinen geburts brief empfangen.;;;;;
BB-2632;1616-10-14;;Johann Bämerl;johann_baemerl;;;;;;;;;;;;
BB-2633;1616-10-15;;Melchior Müllner;melchior_muellner;Hosenstricker;;Textil & Bekleidung;;;;;;;;ja;
BB-2634;1616-10-17;;Sebastian Maierhofer;sebastian_maierhofer;;;;;;;;;;;;
BB-2635;1616-12-09;;Georgen Ostermayrs;georg_ostermayrs;Notarius Publicus, Gerichtsschreiber beider Städte;;Verwaltung, Recht & Bildung;;;;;;;;ja;
BB-2636;1617-01-13;;Hannß Speennendpergen;hans_speennendpergen;;;;;;;;;;;;
BB-2637;1617-01-14;;Veit Rutennstockh;veit_rutennstock;;;;;;;;;;;;
BB-2638;1617-08-25;;Rudolph Harnstain;rudolph_harnstain;;;;;;;;;;;;
BB-2639;1617-04-07;;Christoph Pachmann;christoph_pachmann;;;;;;;;;;;;
BB-2640;1618-06-01;;Andre Hölzl;andreas_hoelzl;;;;;;;;;;;;
BB-2641;1618-06-01;;Andre Wagner;andreas_wagner;Bäcker;;Lebensmittelhandwerk;;;;;;;;ja;
BB-2642;1618-06-14;;Hanß Lennes;hans_lennes;Fasszieher;;Holz, Bau & Stein;;;;;;;;ja;
BB-2643;1618-09-07;;Lorenz Oberstatten;lorenz_oberstatten;Schleiffer;;Metall & Waffen;;;;;;;;ja;
BB-2644;1619-04-13;;Lorenz Schrämbl;lorenz_schraembl;Wagner;;Holz, Bau & Stein;;;;;;;;ja;
BB-2645;1619-08-23;;Ambrosies Disenhuet;ambrosies_disenhuet;;;;;;;;;;;;
BB-2646;1619;ja;Hainrich Fux;heinrich_fux;Fischer;;Lebensmittelhandwerk;;;;;;;Nur Jahresangabe im Bürgerbuch verzeichnet, kein exaktes Tages-/Monatsdatum.;ja;
BB-2647;1620-07-03;;Reichart Mäschen;reichart_maeschen;;;;;;;;;;;;
BB-2648;1620-07-03;;Simon Haug;simon_haug;Klampferer;;Metall & Waffen;;;;;;;;ja;
BB-2649;1620-12-03;;Ulrich Harbeckh;ulrich_harbeck;;;;;;;;;;;;
BB-2650;1621-01-02;;Hanß Reiter;hans_reiter;;;;;;;;;;;;
BB-2651;1621-03-11;;Wolf Perkh;wolf_beck;Hafner;;Holz, Bau & Stein;;;;;;;;ja;
BB-2652;1621-03-29;;Sebastian Wagner;sebastian_wagner;;;;;;;;;;;;
BB-2653;1621-04-17;;Veith Wagner;veit_wagner;;;;;;;;;;;;
BB-2654;1621-06-05;;Veith Stroß;veit_stross;Müller;;Lebensmittelhandwerk;;;;;;;;ja;
BB-2655;1621-06-25;;Enagno Lämpel;enagno_laempl;Seiler;;Transport & Wasserwesen;;;;;;;;ja;
BB-2656;1621-06-25;;Paul Stuelperger;paul_stuelperger;;;;Valentin Mittereggen, Geörg Lhnofla.;valentin_mittereggen|georg_lhnofla;;;;;;;
BB-2657;1621-05-14;;Balthaser Thorr;balthasar_thorr;;;;Adam Schweigeisen (Bürger zu Krems), Peter Perg (Bürger zu Krems).;adam_schweigeisen|peter_perg;;;;;;;
BB-2658;1621-08-13;;Jacob Perger;jakob_perger;Lederer;;Leder & Pelz;;;;;;;;ja;
BB-2659;1621-08-13;;Peter Schuester;peter_schuester;Lederer;;Leder & Pelz;;;;;;;;ja;
BB-2660;1621-08-13;;Matheß Eilbl;matthias_eilbl;;;;;;;;;;;;
BB-2661;1621-08-13;;Cristoph Seibl;christoph_seibl;;;;;;;;;;;;
BB-2662;1621-09-10;;Casparn Klausen;kaspar_klausen;Zimmermann;;Holz, Bau & Stein;Jonasen Khrässen, Hannsen Khellner.;jonasen_kraessen|hans_kellner;;;;;;ja;
BB-2663;1621-11-20;;Hanß Gehrai;hans_gehrai;;;;;;;;;;;;
BB-2664;1621-12-18;;Geörg Eder;georg_eder;Fasszieher;;Holz, Bau & Stein;;;;;;;;ja;
BB-2665;1622-01-29;;Emanuel Päntelion;emanuel_paentelion;Fischerknecht;;Lebensmittelhandwerk;;;;;;;;ja;
BB-2666;1622-02-18;;Geörg Diezemdorfer;georg_diezemdorfer;;;;;;;;;;;;
BB-2667;1622-03-30;;Niclaß Clar;niklas_clar;;;;;;;;;;;;
BB-2668;1622-04-26;;Sebastian Weidinger;sebastian_weidinger;;;;;;;;;;;;
BB-2669;1622-01-29;;Emanuel Päntelion;emanuel_paentelion;;;;;;;Erstmalig vorstellig am 29. Januar 1622.;;;;;
BB-2670;1622-01-29;;Georg Mayr;georg_mayr_bb1573;;;;;;;;;;;;
BB-2671;1622-09-23;;Gotthardt Lambertus;gotthardt_lambertus;;;;;;;;;;;;
BB-2672;1622-09-23;;Andreaß Panner;andreas_panner;;;;;;;;;;;;
BB-2673;1622-12-07;;Wolf Schauer;wolf_schauer;;;;;;;;;;;;
BB-2674;1622-12-07;;Wolf Haltmair;wolf_haltmair;Maurer;;Holz, Bau & Stein;;;;;;;;ja;
BB-2675;1622-12-20;;Wolf Frieß;wolf_friess;Fasszieher;;Holz, Bau & Stein;;;;;;;;ja;
BB-2676;1622-12-20;;Christoph Sessenmacher;christoph_sessenmacher;Fasszieher;;Holz, Bau & Stein;;;;;;;;ja;
BB-2677;1622-12-20;;Michael Rohrer;michael_rohrer;;;;;;;;;;;;
BB-2678;1622-04-26;;Emanuel Panthaleon;emanuel_panthaleon;;;;;;;;;;;;
BB-2679;1622-04-30;;Georg Maurer;georg_maurer;;;;;;;;;;;;
BB-2680;1622-05-24;;Phillip Pisch;phillip_pisch;Schiffmann;;Transport & Wasserwesen;;;;;;;;ja;
BB-2681;1622-06-21;;Balthasar Döz;balthasar_doez;Zimmermann;;Holz, Bau & Stein;;;;;;;;ja;
BB-2682;1622-06-21;;Urban Stainberger;urban_stainberger;;;;;;;;;;;;
BB-2683;1622-06-21;;Hanß Hueber;hans_hueber;;;;;;;;;;;;
BB-2684;1622-06-28;;Georg Simblicherpadt;georg_simblicherpadt;;;;;;;;;;;;
BB-2685;1622-06-28;;Hanß Khämpl;hans_kaempl;;;;;;;;;;;;
BB-2686;1622-08-06;;Thomann Pietschinger;thomann_pietschinger;Fasszieher;;Holz, Bau & Stein;;;;;;;;ja;
BB-2687;1622-08-09;;Rueprecht Burr;ruprecht_burr;;;;;;;;;;;;
BB-2688;1622-08-09;;Thoman Khneider;thomas_kneider;Gerber;;Leder & Pelz;;;;;;;;ja;
BB-2689;1622-08-30;;Gotthardt Lamperto;gotthardt_lamperto;;;;;;;;;;;;
BB-2690;1622-08-30;;Eliaß Pindter;elias_pindter;;;;;;;;;;;;
BB-2691;1622-08-30;;Peter Schuesster;peter_schuester;;;;;;;Erstmalig vorstellig am 13. August 1621.;;;;;"personen_id vereinheitlicht (vorher peter_schuesster): ""Erstmalig vorstellig""-Datum verweist exakt auf BB-2659 (""Peter Schuester"", Ähnlichkeit 0.968) - dieselbe Person."
BB-2692;1622-09-23;;Christoph Hoffman;christoph_hoffman;Lebzelter;;Lebensmittelhandwerk;;;;;;;;ja;
BB-2693;1622-09-23;;Wolf Schauer;wolf_schauer;;;;;;;Erstmalig vorstellig am 7. Dezember 1622.;;;;;"Das Datum in ""Erstmalig vorstellig am..."" liegt nach dem Haupt-Registrierungsdatum. In der ursprünglichen Diplomarbeit stehen die Fußnoten mit diesen Angaben gesammelt HINTER der gesamten Personenliste einer Seite, nicht direkt bei der jeweiligen Person - bei der Digitalisierung ist die Fußnote-zu-Person-Zuordnung an dieser Stelle vermutlich verrutscht. Sollte gegen die Originalquelle (Fußnotennummern) neu abgeglichen werden."
BB-2694;1622-09-23;;Wolf Haltmayr;wolf_haltmair;;;;;;;Erstmalig vorstellig am 7. Dezember 1622.;;;;nein;"Das Datum in ""Erstmalig vorstellig am..."" liegt nach dem Haupt-Registrierungsdatum. In der ursprünglichen Diplomarbeit stehen die Fußnoten mit diesen Angaben gesammelt HINTER der gesamten Personenliste einer Seite, nicht direkt bei der jeweiligen Person - bei der Digitalisierung ist die Fußnote-zu-Person-Zuordnung an dieser Stelle vermutlich verrutscht. Sollte gegen die Originalquelle (Fußnotennummern) neu abgeglichen werden. | personen_id vereinheitlicht (vorher wolf_haltmayr): ""Erstmalig vorstellig""-Datum verweist exakt auf BB-2674 (""Wolf Haltmair"", Ähnlichkeit 0.923) - dieselbe Person. | zuordnung_sicher=nein: Die zugrundeliegende personen_id-Zusammenführung basiert auf einem ""Erstmalig vorstellig""-Datum, das selbst bereits als vermutlich fehlzugeordnete Fußnote markiert ist (siehe vorherige Anmerkung) - methodisch unsauber, nicht rückgängig gemacht, aber nicht als gesichert markiert."
BB-2695;1622-09-23;;Wolf Haltmayr;wolf_haltmayr;;;;;;;;;;;;
BB-2696;1622-09-23;;Wolf Fried;wolf_friess;Fasszieher;;Holz, Bau & Stein;;;;Erstmalig vorstellig am 20. Dezember 1622.;;;;nein;"Das Datum in ""Erstmalig vorstellig am..."" liegt nach dem Haupt-Registrierungsdatum. In der ursprünglichen Diplomarbeit stehen die Fußnoten mit diesen Angaben gesammelt HINTER der gesamten Personenliste einer Seite, nicht direkt bei der jeweiligen Person - bei der Digitalisierung ist die Fußnote-zu-Person-Zuordnung an dieser Stelle vermutlich verrutscht. Sollte gegen die Originalquelle (Fußnotennummern) neu abgeglichen werden. | personen_id vereinheitlicht (vorher wolf_fried): ""Erstmalig vorstellig""-Datum verweist exakt auf BB-2675 (""Wolf Frieß"", Ähnlichkeit 0.9) - dieselbe Person. | zuordnung_sicher=nein: Die zugrundeliegende personen_id-Zusammenführung basiert auf einem ""Erstmalig vorstellig""-Datum, das selbst bereits als vermutlich fehlzugeordnete Fußnote markiert ist (siehe vorherige Anmerkung) - methodisch unsauber, nicht rückgängig gemacht, aber nicht als gesichert markiert."
BB-2697;1622-09-23;;Christoph Sessenmach;christoph_sessenmacher;Fasszieher;;Holz, Bau & Stein;;;;Erstmalig vorstellig am 20. Dezember 1622.;;;;nein;"Das Datum in ""Erstmalig vorstellig am..."" liegt nach dem Haupt-Registrierungsdatum. In der ursprünglichen Diplomarbeit stehen die Fußnoten mit diesen Angaben gesammelt HINTER der gesamten Personenliste einer Seite, nicht direkt bei der jeweiligen Person - bei der Digitalisierung ist die Fußnote-zu-Person-Zuordnung an dieser Stelle vermutlich verrutscht. Sollte gegen die Originalquelle (Fußnotennummern) neu abgeglichen werden. | personen_id vereinheitlicht (vorher christoph_sessenmach): ""Erstmalig vorstellig""-Datum verweist exakt auf BB-2676 (""Christoph Sessenmacher"", Ähnlichkeit 0.952) - dieselbe Person. | zuordnung_sicher=nein: Die zugrundeliegende personen_id-Zusammenführung basiert auf einem ""Erstmalig vorstellig""-Datum, das selbst bereits als vermutlich fehlzugeordnete Fußnote markiert ist (siehe vorherige Anmerkung) - methodisch unsauber, nicht rückgängig gemacht, aber nicht als gesichert markiert."
BB-2698;1622-09-23;;Hanß Underberger;hans_underberger;;;;;;;;;;;;
BB-2699;1622-09-23;;Andre Wipl;andreas_wipl;;;;;;;;;;;;
BB-2700;1622-09-23;;Thoman Schmidt;thomas_schmidt;Fasszieher;;Holz, Bau & Stein;;;;;;;;ja;
BB-2701;1622-09-23;;Davidt Heydinger;david_heydinger;Fragner;;Handel;;;;;;;;ja;
BB-2702;1622-09-23;;Wolf Pöckhlpaur;wolf_poecklpaur;;;;;;;;;;;;
BB-2703;1622-09-23;;Clement Laininger;klement_laininger;Schneider;;Textil & Bekleidung;;;;;;;;ja;
BB-2704;1622-09-23;;Christoph Entdorffer;christoph_entdorffer;Buchbinder;;Sonstiges Handwerk;;;;;;;;ja;
BB-2705;1622-09-23;;Marthin Epeles;martin_epeles;Papierverleger;;Handel;;;;;;;;ja;
BB-2706;1622-09-23;;Wolf Nader;wolf_nader;Hauer;;Landwirtschaft & Weinbau;;;;;;;;ja;
BB-2707;1622-09-23;;Adam Schiller;adam_schiller;Maler;;Kunst, Musik & Unterhaltung;;;;;;;;ja;
BB-2708;1622-09-23;;Hainrich Stockh;heinrich_stockl;Nestler;;Leder & Pelz;;;;;;;;ja;
BB-2709;1622-09-23;;Hanß Wellmann;hans_wellmann;Tuchscherer;;Textil & Bekleidung;;;;;;;;ja;
BB-2710;1622-09-23;;Hanß Schretl;hans_schrettl;;;;;;;;;;;;
BB-2711;1622-09-23;;Sigmundt Minich;sigmund_minich;Maler;;Kunst, Musik & Unterhaltung;;;;;;;;ja;
BB-2712;1622-09-23;;Mathiaß Burckhl;matthias_burckl;Zimmermann;;Holz, Bau & Stein;;;;;;;;ja;
BB-2713;1622-09-23;;Mathiaß Syfridt;matthias_syfridt;;;;;;;;;;;;
BB-2714;1622-09-23;;Hanß Gauman;hans_gauman;;;;;;;;;;;;
BB-2715;1622-09-23;;Cipriani Biasino;cipriani_biasino;Maurer;;Holz, Bau & Stein;;;;;;;;ja;
BB-2716;1622-09-23;;Niclaß Clamer;niklas_clamer;;;;;;;;;;;;
BB-2717;1622-09-23;;Blasy Schaffer;blasius_schaffer;;;;;;;;;;;;
BB-2718;1622-09-23;;Christoph Lämpl;christoph_laempl;;;;;;;;;;;;
BB-2719;1622-09-23;;Georg Leb;georg_leeb;Bäcker;;Lebensmittelhandwerk;;;;;;;;ja;
BB-2720;1622-09-23;;Andre Alt;andreas_alt;Pulvermacher;;Metall & Waffen;;;;;;;;ja;
BB-2721;1622-09-23;;Hanß Hiezgern;hans_hiezgern;Fleischhacker;;Lebensmittelhandwerk;;;;;;;;ja;
BB-2722;1622-09-23;;Wolf Khraa;wolf_kraa;Fischer;;Lebensmittelhandwerk;;;;;;;;ja;
BB-2723;1622-09-23;;Simon Preiller;simon_preiller;Bäcker;;Lebensmittelhandwerk;;;;;;;;ja;
BB-2724;1622-09-23;;Bärtl Veumayr;bartholomaeus_veumayr;Schiffmann;;Transport & Wasserwesen;;;;;;;;ja;
BB-2725;1622-09-23;;Hanß Mödlinger;hans_moedlinger;Schiffmann;;Transport & Wasserwesen;;;;;;;;ja;
BB-2726;1622-09-23;;Oßwaldt Dräßtaller;oswald_draesstaller;Hauer;;Landwirtschaft & Weinbau;;;;;;;;ja;
BB-2727;1622-09-23;;Simon Khaltenmperger;simon_kaltenperger;Hauer;;Landwirtschaft & Weinbau;;;;;;;;ja;
BB-2728;1622-09-23;;Daniel Strasser;daniel_strasser;;;;;;;;;;;;
BB-2729;1622-09-23;;Wilhelmb Rainpacher;wilhelm_rainpacher;;;;;;;;;;;;
BB-2730;1622-09-23;;Johanes Heyläzkhy;johannes_heylaezkhy;;;;;;;;;;;;
BB-2731;1622-09-23;;Hannß Schwell;hans_schwell;Nadler;;Metall & Waffen;;;;;;;;ja;
BB-2732;1622-09-23;;Stefan Hueber;stefan_hueber;Fischer;;Lebensmittelhandwerk;;;;;;;;ja;
BB-2733;1622-09-23;;Ulrich Khoch;ulrich_koch;Fleischhacker;;Lebensmittelhandwerk;;;;;;;;ja;
BB-2734;1622-09-23;;Georg Reidler;georg_reidler;Zimmermann;;Holz, Bau & Stein;;;;;;;;ja;
BB-2735;1622-09-23;;Jobst Marthin Pilthauer;jobst_marthin_pilthauer;;;;;;;;;;;;
BB-2736;1622-09-23;;Hanß Fallmayr;hans_fallmayr;;;;;;;;;;;;
BB-2737;1623-08-29;;Sebastian Gauman;sebastian_gauman;;;;;;;;;;;;
BB-2738;1623-08-29;;Abrahamb Schmidt;abraham_schmidt;;;;;;;;;;;;
BB-2739;1623-08-29;;Georg Vischer;georg_fischer;;;;;;;;;;;;
BB-2740;1623-08-29;;Gregori Zeckh;gregor_zeck;;;;;;;;;;;;
BB-2741;1623-08-29;;Hanß Khauzendorfer;hans_kauzendorfer;;;;;;;;;;;;
BB-2742;1623-08-29;;Hanß Khauzenreüter;hans_kauzenreuter;;;;;;;;;;;;
BB-2743;1623-09-12;;Adam Mäckrl;adam_maeckrl;;;;;;;;;;;;
BB-2744;1623-09-15;;Mathiaß Stollmayr;mathias_stollmayr;;;;;;;;;;;;
BB-2745;1623-11-10;;Mathioß Mütter;mathias_mitter;;;;;;;;;;;;
BB-2746;1623-11-10;;Jacob Raininger;jakob_raininger;Seiler;;Transport & Wasserwesen;;;;;;;;ja;
BB-2747;1623-11-10;;Hanß Saylis;hans_saylis;;;;;;;;;;;;
BB-2748;1623-11-10;;Blasy Hockhenmayrs;blasius_hockenmayrs;;;;;;;;;;;;
BB-2749;1623-11-10;;Gregori Furttner;gregor_furtner;;;;;;;;;;;;
BB-2750;1623-11-10;;Gregori Stängl;gregor_staengl;;;;;;;;;;;;
BB-2751;1623-11-10;;Bärtholome Maurkhiecher;bartholomaeus_maurkhiecher;;;;;;;;;;;;
BB-2752;1623-12-08;;Burckhhardt Reiser;burckhhardt_reiser;;;;;;;;;;;;
BB-2753;1623-12-08;;Melchior Lindtners;melchior_lindtner;;;;;;;;;;;;
BB-2754;1623-12-08;;Egich Morschein;egich_morschein;;;;;;;;;;;;
BB-2755;1623-12-22;;Gregor Stängl;gregor_staengl;;;;;;;Erstmalig vorstellig am 10. November 1623.;;;;;
BB-2756;1624-01-11;;Paul Mühl;paul_muehl;;;;;;;;;;;;
BB-2757;1624-01-30;;Perdolt Rohrer;perdolt_rohrer;;;;;;;;;;;;
BB-2758;1624-01-30;;Thomann Wanckh;thomas_wanck;;;;;;;;;;;;
BB-2759;1624-03-07;;Erhardt Ruedlinger;erhard_ruedlinger;;;;;;;;;;;;
BB-2760;1624-04-10;;Jacob Hieblß;jakob_hieblss;;;;;;;;;;;;
BB-2761;1624-04-10;;Johan Baptista;johann_baptista;;;;;;;;;;;;
BB-2762;1624-04-10;;Georg Hörmann;georg_hoermann;;;;;;;;;;;;
BB-2763;1624-04-26;;Georg Hauer;georg_hauer;;;;;;;;;;;;
BB-2764;1624-04-26;;Eliseus Veithingers;elisas_veithingers;;;;;;;;;;;;
BB-2765;1624-05-21;;Andre Mayr;andreas_mayr;;;;;;;;;;;;
BB-2766;1624-06-11;;Leonhardt Weigl;leonhard_weigl;;;;;;;;;;;;
BB-2767;1624-06-11;;Jacob Khreckhl;jakob_kreckl;;;;;;;;;;;;
BB-2768;1624-06-11;;Wolf Gruebner;wolf_grueber;;;;;;;;;;;;
BB-2769;1624-06-14;;Hanß Hoffer;hans_hofer;;;;;;;;;;;;
BB-2770;1624-06-18;;Hanß Wagner;hans_wagner;;;;;;;;;;;;
BB-2771;1624-06-21;;Andre Hueber;andreas_hueber;;;;;;;;;;;;
BB-2772;1624-06-28;;Georg Schiestl;georg_schiestl;;;;;;;;;;;;
BB-2773;1624-06-28;;Gregor Wöhller;gregor_woehller;;;;;;;;;;;;
BB-2774;1624-07-12;;Hanß Stainer;hans_stainer;;;;;;;;;;;;
BB-2775;1624-07-19;;Hanß Senfften;hans_senfften;;;;;;;;;;;;
BB-2776;1624-08-06;;Hanß Khronperger;hans_kronperger;;;;;;;;;;;;
BB-2777;1624-08-09;;Melchior Mittermayr;melchior_mittermayr;;;;;;;;;;;;
BB-2778;1624-08-29;;Franz Bernoldt;franz_bernoldt;;;;;;;;;;;;
BB-2779;1624-08-30;;Zachariaß Seiz;zacharias_seiz;;;;;;;;;;;;
BB-2780;1624-11-12;;Pannis Suaraci;pannis_suaraci;;;;;;;;;;;;
BB-2781;1624-11-19;;Melchior Mittermayr;melchior_mittermayr;;;;;;;Erstmalig vorstellig am 9. August 1624.;;;;;
BB-2782;1624-11-29;;Thoman Edlinger;thomas_edlinger;;;;;;;;;;;;
BB-2783;1624-12-13;;Georg Khüeffl;georg_kueeffl;;;;;;;;;;;;
BB-2784;1625-01-07;;Samuel Dieternagl;samuel_dieternagl;;;;;;;;;;;;
BB-2785;1625-01-24;;Thoman Harweckh;thomas_harbeck;;;;;;;;;;;;
BB-2786;1625-01-24;;Leopoldt Khaindl;leopold_kaindl;;;;;;;;;;;;
BB-2787;1625-01-24;;Wolf Ropfer;wolf_ropfer;;;;;;;;;;;;
BB-2788;1625-04-25;;Andre Weidinger;andreas_weidinger;;;;;;;;;;;;
BB-2789;1625-03-21;;Andre Khonauer;andreas_konauer;;;;;;;;;;;;
BB-2790;1625-03-21;;Thoman Harwegg;thomas_harbeck;;;;;;;Erstmalig vorstellig am 24. Januar 1625.;;;;;"personen_id vereinheitlicht (vorher thomas_harwegg): ""Erstmalig vorstellig""-Datum verweist exakt auf BB-2785 (""Thoman Harweckh"", Ähnlichkeit 0.828) - dieselbe Person."
BB-2791;1625-03-21;;Leopoldt Khaindl;leopold_kaindl;;;;;;;Erstmalig vorstellig am 24. Januar 1625.;;;;;
