personen_id;schreibweisen;quelle;anzahl_nennungen;erste_nennung;letzte_nennung;nennungsspanne_jahre;nennung_in_urkunden;nennung_in_buergerbuch;nennung_in_verlassenschaften;soziale_gruppe;beruf;unsicherheit_anmerkung
abel_krammer;Abel Krammer;Urkunden;1;1349;1349;0;StaAKr-0026;;;buerger;;
abraham_behaimb;Abraham Behamb;Bürgerbuch;1;1607;1607;0;;BB-2454;;buerger;;
abraham_berwalter;Abrahamb Berwalter;Bürgerbuch;1;1600;1600;0;;BB-2358;;buerger;;
abraham_eckl;Abraham Eickhl;Bürgerbuch;1;1605;1605;0;;BB-2417;;buerger;;
abraham_ernnsten;Abraham Ernnsten;Bürgerbuch;1;1581;1581;0;;BB-1850;;buerger;;
abraham_fraenzl;Abrahamb Fränzl;Bürgerbuch;1;1609;1609;0;;BB-2468;;buerger;;
abraham_frannck;Abraham Franckh;Bürgerbuch;1;1584;1584;0;;BB-2025;;buerger;;
abraham_holdnberger;Abrahamb Haldnberger|Abrahamb Holdnberger;Bürgerbuch;2;1578;1578;0;;BB-1721|BB-1738;;buerger;Nadler;
abraham_jaen;Abrahamb Jän;Bürgerbuch;2;1579;1579;0;;BB-1772|BB-1809;;buerger;Goldschmied;
abraham_kopeinl;Abraham Khopeinl;Bürgerbuch;1;1596;1596;0;;BB-2283;;buerger;Händler;
abraham_kostlach;Abraham Kostlach;Bürgerbuch;1;1569;1569;0;;BB-1336;;buerger;Hauer;
abraham_leuetl;Abrahamb Leütl;Bürgerbuch;1;1611;1611;0;;BB-2489;;buerger;;
abraham_peer;Abraham Peer;Bürgerbuch;1;1610;1610;0;;BB-2475;;buerger;;
abraham_pfaeffinger;Abrahamb Pfaffinger;Bürgerbuch;1;1601;1601;0;;BB-2375;;buerger;Bader;
abraham_puechamer;Abraham Puechamer;Bürgerbuch;1;1569;1569;0;;BB-1353;;buerger;;
abraham_puechhaurer;Abrahamb Puechhaurer;Bürgerbuch;1;1578;1578;0;;BB-1765;;buerger;;
abraham_schmidt;Abrahamb Schmidt;Bürgerbuch;1;1623;1623;0;;BB-2738;;buerger;;
abraham_seidner;Abrahamb Seidtner;Bürgerbuch;1;1587;1587;0;;BB-2080;;buerger;;
abraham_winckler;Abrahamb Winnckhler;Bürgerbuch;1;1579;1579;0;;BB-1817;;buerger;Goldschmied;
abrahamen_ernnsten;Abrahamen Ernnsten;Bürgerbuch;1;1577;1577;0;;BB-1644;;buerger;Schneider;
abt_albrecht;Abt Albrecht;Urkunden;1;1394;1394;0;StaAKr-0078;;;klerus;;
abt_benedikt;Abt Bendedikt|Abt Benedikt;Urkunden;2;1476;1476;0;StaAKr-0435|StaAKr-0436;;;klerus;;
abt_christian;Abt Christian;Urkunden;1;1416;1416;0;StaAKr-0185;;;klerus;;
abt_florian;Abt Florian;Urkunden;1;1407;1407;0;StaAKr-0138;;;klerus;;
abt_friedrich;Abt Friedrich;Urkunden;1;1422;1422;0;StaKr-0207;;;klerus;;
abt_hans;Abt Hans;Urkunden;1;1411;1411;0;StaAKr-0160;;;klerus;;
abt_jakob;Abt Jakob;Urkunden;1;1436;1436;0;StaAKr-0264;;;klerus;;
abt_johann;Abt Johann;Urkunden;1;1441;1441;0;StaAKr-0273;;;klerus;;
abt_johannes;Abt Johannes;Urkunden;1;1454;1454;0;StaAKr-0323;;;klerus;;
abt_leonhart;Abt Leonhart;Urkunden;2;1433;1433;0;StaAKr-0242|StaAKr-0243;;;klerus;;
abt_lukas;Abt Lukas;Urkunden;1;1435;1435;0;StaAKr-0261;;;klerus;;
abt_mathias;Abt Mathias;Urkunden;1;1525;1525;0;StaAKr-0657;;;klerus;;
abt_matthias;Abt Matthias;Urkunden;1;1277;1277;0;StAK-UrkKr-0003;;;klerus;;
abt_peter;Abt Peter;Urkunden;2;1404;1437;33;StaAKr-0128|StaAKr-0268;;;klerus;;
abt_sebastian;Abt Sebastian;Urkunden;1;1481;1481;0;StaAKr-0458;;;klerus;;
abt_steffan;Abt Steffan;Urkunden;2;1423;1437;14;StaKr-0211|StaAKr-0267;;;klerus;;
abt_thomas;Abt Thomas;Urkunden;1;1493;1493;0;StaAKr-0543;;;klerus;;
abt_toman;Abt Toman;Urkunden;1;1443;1443;0;StaAKr-0276;;;klerus;;
abt_ulrich;Abt Ulrich;Urkunden;1;1406;1406;0;StaAKr-0137;;;klerus;;
abt_wolfgang;Abt Wolfgang;Urkunden;2;1531;1557;26;StaAKr-0717|StaAKr-0820;;;klerus;;
achaz_teyss;Achatz Teyss;Bürgerbuch;1;1550;1550;0;;BB-0372;;buerger;;
achazi_rauch;Achazi Rauch;Bürgerbuch;1;1568;1568;0;;BB-1276;;buerger;Lederer;
achazi_rauscher;Achazi Rauscher;Bürgerbuch;1;1581;1581;0;;BB-1848;;buerger;Fleischhacker;
adam;Adamen Huetters sonn;Bürgerbuch;1;1564;1564;0;;BB-1021;;buerger;Lederer;
adam_eissler;Adam Eiszler;Bürgerbuch;1;1573;1573;0;;BB-1428;;buerger;;
adam_galliannder;Adam Galliannder|Adam Gallianner;Bürgerbuch;2;1577;1577;0;;BB-1644|BB-1668;;buerger;Schneider;
adam_haendl;Adam Händl;Bürgerbuch;1;1557;1557;0;;BB-0741;;buerger;;
adam_handl;Adam Handl;Bürgerbuch;2;1556;1566;10;;BB-0683|BB-1093;;buerger;Gürtler;
adam_hefman;Adam Hefman;Bürgerbuch;1;1616;1616;0;;BB-2623;;buerger;;
adam_hoffman;Adam Hoffmann;Bürgerbuch;1;1610;1610;0;;BB-2477;;buerger;;
adam_klett;Adam Khlett;Bürgerbuch;1;1595;1595;0;;BB-2242;;buerger;Schneider;
adam_maeckrl;Adam Mäckrl;Bürgerbuch;1;1623;1623;0;;BB-2743;;buerger;;
adam_perger;Adam Perger;Bürgerbuch;1;1568;1568;0;;BB-1262;;buerger;Fischer;
adam_scharer;Adam Scharer;Bürgerbuch;1;1610;1610;0;;BB-2476;;buerger;;
adam_schiller;Adam Schiller;Bürgerbuch;1;1622;1622;0;;BB-2707;;buerger;Maler;
adam_schmaelzer;Adam Schmälzer;Bürgerbuch;1;1589;1589;0;;BB-2184;;buerger;Tuchscherer;
adam_schorreu;Adam Schorreu;Bürgerbuch;1;1616;1616;0;;BB-2623;;buerger;;
adam_schweigeisen;Adam Schweigeisen;Bürgerbuch;1;1621;1621;0;;BB-2657;;buerger;;
adam_seiffert;Adam Seiffart|Adam Seiffert;Bürgerbuch;2;1561;1561;0;;BB-0899|BB-0927;;buerger;Tischler;
adam_sumer;Adam Sumer;Bürgerbuch;2;1549;1549;0;;BB-0290|BB-0300;;buerger;Schreiber;
adam_taun;Adam Taun;Bürgerbuch;1;1588;1588;0;;BB-2096;;buerger;;
adam_tenck;Adam Tenckh|Adam Tennckh;Bürgerbuch;3;1577;1581;4;;BB-1653|BB-1677|BB-1898;;buerger;Gürtler;
adam_thamb;Adam Thamb;Bürgerbuch;1;1588;1588;0;;BB-2127;;buerger;;
administratar_ernesto;Administratar Ernesto;Urkunden;1;1518;1518;0;StaAKr-0603;;;buerger;;
adrian_panndtvogl;Adrian Panndtvogl;Bürgerbuch;1;1563;1563;0;;BB-0969;;buerger;Steinmetz;
aegidius_artonan;Gilg Artonan;Bürgerbuch;1;1567;1567;0;;BB-1169;;buerger;Hauer;
aegidius_eder;Gilg Eder;Bürgerbuch;2;1556;1556;0;;BB-0662|BB-0678;;buerger;Branntweinhändler;
aegidius_fischer;Ägidius Fischer;Bürgerbuch;1;1559;1559;0;;BB-0799;;buerger;;
aegidius_kern;Gilg Kern|Gilg Khern;Bürgerbuch;2;1549;1550;1;;BB-0334|BB-0337;;buerger;;
aegidius_leitgeb;Gilg Leitgeb;Bürgerbuch;1;1568;1568;0;;BB-1279;;buerger;;
aegidius_pauman;Gilg Pauman;Bürgerbuch;1;1545;1545;0;;BB-0167;;buerger;;
aegidius_plass;Ägidius Plass;Bürgerbuch;1;1563;1563;0;;BB-0983;;buerger;Schneider;
aegidius_pless;Ägidius Pless;Bürgerbuch;1;1559;1559;0;;BB-0789;;buerger;Fragner;
aegidius_reifner;Gilg Reifner;Bürgerbuch;1;1537;1537;0;;BB-0028;;buerger;;
aegidius_reisner;Gilg Reisner;Bürgerbuch;1;1543;1543;0;;BB-0115;;buerger;;
aegidius_schwantner;Gilg Schwantner;Bürgerbuch;1;1573;1573;0;;BB-1404;;buerger;Bäcker;
aegidius_sprenngennagl;Egidi Sprenngennagl;Bürgerbuch;1;1559;1559;0;;BB-0818;;buerger;Schmied;
aegidius_stainreutere;Egidi Stainreutere;Bürgerbuch;1;1587;1587;0;;BB-2070;;buerger;Lebzelter;
aegidius_sumer;Gilg Sumer;Bürgerbuch;1;1569;1569;0;;BB-1335;;buerger;Hauer;
aegidius_vistler;Ägidius Vistler;Bürgerbuch;1;1553;1553;0;;BB-0503;;buerger;;
aegidius_volger;Gilg Volger;Bürgerbuch;1;1544;1544;0;;BB-0128;;buerger;Fischer;
aegidius_walch;Gilg Walch;Bürgerbuch;1;1584;1584;0;;BB-2023;;buerger;Hauer;
aegidius_weinperger;Gilg Weinperger;Bürgerbuch;1;1558;1558;0;;BB-0753;;buerger;Bäcker;
afra_killer;Afra Killer;Urkunden;1;1515;1515;0;StaAKr-0584a;;;buerger;;
afra_schrank;Afra Schrank;Urkunden;1;1539;1539;0;StaAKr-0776;;;buerger;;
afra_westerwurger;Afra Westerwurger;Urkunden;1;1398;1398;0;StaAKr-0092;;;buerger;;
agatha_zu_gansbach;Agatha zu Gansbach;Urkunden;1;1483;1483;0;StaAKr-0470;;;buerger;;
agnes_chrainer;Agnes Chrainer;Urkunden;1;1400;1400;0;StaAKr-0108;;;buerger;;
agnes_die_zebingerin;Agnes die Zebingerin;Urkunden;1;1413;1413;0;StaAKr-0166;;;buerger;;
agnes_freynstain;Agnes Freynstain;Urkunden;1;1414;1414;0;StaAKr-0169;;;buerger;;
agnes_leitgeb;Agnes Leitgeb;Urkunden;1;1410;1410;0;StaAKr-0159;;;buerger;;
agnes_sefelder;Agnes Sefelder;Urkunden;1;1382;1382;0;StaAKr-0054;;;buerger;;
agnes_weitinger;Agnes Weintinger|Agnes Weitinger;Urkunden;2;1456;1457;1;StaAKr-0340|StaAKr-0351;;;buerger;;
albert_andree_mueezl;Albert Andree Mueezl;Bürgerbuch;1;1596;1596;0;;BB-2300;;buerger;Gastgeb;
albertus_wilenberger;Albertus Wilenberger;Bürgerbuch;1;1577;1577;0;;BB-1709;;buerger;Klampferer;
albrecht_der_beherzte_sachsen;Albrecht von Sachsen;Urkunden;3;1487;1488;1;StaAKr-0510|StaAKr-0511|StaAKr-0512;;;buerger;;
albrecht_i;Albrecht I.;Urkunden;1;1296;1296;0;StAK-UrkKr-0004a;;;dynastie;;
albrecht_ii;Albrecht II.;Urkunden;5;1339;1400;61;StaAKr-0029|StaAKr-0104|StAK-UrkKr-0015|StAK-UrkSt-0003|StAKr-UrkKr-0025;;;dynastie;;
albrecht_iii;Albrecht III.;Urkunden;18;1359;1522;163;StaAKr-0052|StaAKr-0053|StaAKr-0058|StaAKr-0104|StaAKr-0629|StaAKr-0074a-g|StAK-UrkKr-0032|StAK-UrkKr-0043|StAK-UrkKr-0051|StAK-UrkKr-0055|StAK-UrkKr-0068|StAK-UrkKr-0076|StAK-UrkKr-0085|StAK-UrkKr-0086|StAK-UrkKr-0162|StAK-UrkKr-0164|StAK-UrkSt-0004|StAK-UrkSt-0005a;;;dynastie;;
albrecht_iv;Albrecht IV.;Urkunden;10;1396;1412;16;StaAKr-0124|StaAKr-0125|StaAKr-0127|StAK-UrkKr-0084|StAK-UrkKr-0085|StAK-UrkKr-0086|StAK-UrkKr-0123|StAK-UrkKr-0140|StAK-UrkKr-0162|StAK-Stein- 2008;;;dynastie;;
albrecht_leitgeb;Albrecht Leitgeb;Urkunden;1;1410;1410;0;StaAKr-0159;;;buerger;;
albrecht_masst;Albrecht Masst;Bürgerbuch;1;1552;1552;0;;BB-0477;;buerger;Feilenhauer;
albrecht_mosst;Albrecht Mosst;Bürgerbuch;1;1551;1551;0;;BB-0419;;buerger;Feilenhauer;
albrecht_pyber;Albrecht|Albrecht Pyber;Urkunden;8;1399;1404;5;StaAKr-0098|StaAKr-0105|StaAKr-0107|StaAKr-0109|StaAKr-0112|StaAKr-0114|StaAKr-0118|StaAKr-0130;;;buerger;;
albrecht_ringberger;Albrecht Ringberger;Urkunden;1;1300;1300;0;StaAK-UrkKr-0005;;;buerger;;
albrecht_schneider;Albrecht Schneider;Bürgerbuch;1;1573;1573;0;;BB-1431;;buerger;Flaschner;
albrecht_straus_zum_walde;Albrecht Straus zum Walde;Urkunden;1;1434;1434;0;StaAKr-0255;;;buerger;;
albrecht_v;Albrecht V.;Urkunden;44;1407;1436;29;StaAKr-0138|StaAKr-0145|StaAKr-0146|StaAKr-0163|StaAKr-0230|StaAKr-0236|StaAKr-0238|StaAKr-0239|StaAKr-0244|StaAKr-0245|StaAKr-0247|StaAKr-0248|StaAKr-0249|StaAKr-0250|StaAKr-0251|StaAKr-0252|StaAKr-0253|StaAKr-0256|StaAKr-0262|StAK-Stein-2007|StAK-Stein-2009|StAK-Stein-2011|StAK-UrkKr-0139|StAK-UrkKr-0143|StAK-UrkKr-0148|StAK-UrkKr-0162|StAK-UrkKr-0164|StAK-UrkKr-0172|StAK-UrkKr-0175|StAK-UrkKr-0181|StAK-UrkKr-0182|StAK-UrkKr-0186|StAK-UrkKr-0187|StAK-UrkKr-0215|StAK-UrkKr-0220|StAK-UrkKr-0221|StAK-UrkKr-0224|StAK-UrkKr-0226|StAK-UrkKr-0228|StAK-UrkKr-0232|StAK-UrkKr-0233|StaK-UrkKr-0157|StAK -Stein-2010|StAK-Stein- 2008;;;dynastie;;
albrecht_vi;Albrecht VI.;Urkunden;4;1436;1463;27;StaAKr-0381|StaAKr-0394|StaAKr-0355a|StAK-UrkKr-0266;;;dynastie;;
albrecht_von_brandenburg;Albrecht von Brandenburg;Urkunden;1;1455;1455;0;StaAKr-0336;;;buerger;;
alckhouer;Alckhouer;Bürgerbuch;1;1553;1553;0;;BB-0553;;buerger;;
alexander_fallmprun;Allexander Fallmprun;Bürgerbuch;1;1549;1549;0;;BB-0270;;buerger;;
alexander_hiltmair;Alexannder Hiltmair;Bürgerbuch;1;1550;1550;0;;BB-0358;;buerger;Barbier;
alexander_hofer;Alexander Hofer;Bürgerbuch;1;1592;1592;0;;BB-2210;;buerger;Lederer;
alexander_steyrer;Alexander Seyrer;Bürgerbuch;1;1587;1587;0;;BB-2076;;buerger;;
alexander_truckenmuellner;Alexander Truckhenmüllner;Bürgerbuch;1;1606;1606;0;;BB-2428;;buerger;;
alexander_vi;Alexander VI.;Urkunden;3;1486;1498;12;StaAKr-0499|StaAKr-0551|StaAKr-0557;;;buerger;;
alexinsz_schmidthueber;Alexins Schmidthueber|Alexinsz Schmidthueber;Bürgerbuch;2;1576;1576;0;;BB-1597|BB-1625;;buerger;Zimmermann;
alexius_froelich;Alexius Frölich;Bürgerbuch;1;1542;1542;0;;BB-0090;;buerger;;
alram_1300;Alram;Urkunden;1;1300;1300;0;StaAK-UrkKr-0005;;;buerger;;
ambrosi_renstiffter;Ambrosi Renstiffter;Bürgerbuch;1;1611;1611;0;;BB-2503;;buerger;Fuhrmann;
ambrosi_stainvogl;Ambrosi Stainvogl;Bürgerbuch;2;1584;1584;0;;BB-2000|BB-2033;;buerger;;
ambrosi_winkhler;Ambrosi Winkhler;Bürgerbuch;1;1569;1569;0;;BB-1322;;buerger;Hauer;
ambrosies_disenhuet;Ambrosies Disenhuet;Bürgerbuch;1;1619;1619;0;;BB-2645;;buerger;;
ambrosim_risen;Ambrosim Risen;Bürgerbuch;1;1574;1574;0;;BB-1487;;buerger;Schneider;
ambrosin_riss;Ambrosin Riss;Bürgerbuch;1;1571;1571;0;;BB-1356;;buerger;;
ambrosius_channer;Ambrosy Channer;Bürgerbuch;1;1546;1546;0;;BB-0185;;buerger;;
ambrosius_druml;Ambrosy Druml;Bürgerbuch;2;1542;1545;3;;BB-0089|BB-0157;;buerger;Riemer;
ambrosius_helbm;Ambrosy Helbm;Bürgerbuch;1;1567;1567;0;;BB-1186;;buerger;;
ambrosius_kolhart;Ambrosy Kholhart;Bürgerbuch;1;1577;1577;0;;BB-1715;;buerger;Schneider;
ambrosius_lifftl;Ambrosy Lifftl;Bürgerbuch;1;1548;1548;0;;BB-0261;;buerger;Beutler;
ambrosius_man;Ambrosy Man;Bürgerbuch;1;1613;1613;0;;BB-2552;;buerger;Hauer;
ambrosius_munzenrieder;Ambrosy Munzenrieder;Bürgerbuch;1;1548;1548;0;;BB-0265;;buerger;Sattler;
ambrosius_pecherl;Ambrosy Pecherl;Bürgerbuch;2;1566;1567;1;;BB-1098|BB-1201;;buerger;Kotzenmacher;
ambrosius_riss;Ambrosius Riss;Bürgerbuch;1;1568;1568;0;;BB-1236;;buerger;Schneider;
ambrosius_schiestl;Ambrosy Schiestl;Bürgerbuch;1;1560;1560;0;;BB-0860;;buerger;Sattler;
ambrosius_schneider;Ambrosy Schneider;Bürgerbuch;1;1538;1538;0;;BB-0045;;buerger;;
ambrosius_winckler;Ambrosy Winnckhler;Bürgerbuch;4;1556;1560;4;;BB-0661|BB-0677|BB-0830|BB-0840;;buerger;Drechsler;
ambrosius_zwetler;Ambrosy Zwetler;Bürgerbuch;2;1549;1568;19;;BB-0268|BB-1220;;buerger;Hauer;
andre_raidu;Andre Raidu;Urkunden;1;1526;1526;0;StaAKr-0673b;;;buerger;;
andre_schilcher;Andre Schilcher;Urkunden;1;1470;1470;0;StAK- Stein-2017;;;buerger;;
andre_viechtenstamer;Andre Viechtenstamer;Urkunden;1;1470;1470;0;StaAKr-0419;;;buerger;;
andreas_alt;Andre Alt;Bürgerbuch;1;1622;1622;0;;BB-2720;;buerger;Pulvermacher;
andreas_andem;Andreas Andem;Bürgerbuch;1;1576;1576;0;;BB-1593;;buerger;Zimmermann;
andreas_andre;Andreas Andre;Bürgerbuch;1;1589;1589;0;;BB-2138;;buerger;;
andreas_andress;Andre Andres|Andre Andresz;Bürgerbuch;2;1567;1567;0;;BB-1152|BB-1196;;buerger;Schneider;
andreas_braendt;Andreen Brändt;Bürgerbuch;1;1614;1614;0;;BB-2583;;buerger;Maurer;
andreas_brunner;Anndre Prunner;Bürgerbuch;1;1569;1569;0;;BB-1304;;buerger;;
andreas_diendorffer;Anndre Diendorffer;Bürgerbuch;1;1568;1568;0;;BB-1253;;buerger;;
andreas_edmair;Andreas Edmair;Bürgerbuch;1;1600;1600;0;;BB-2350;;buerger;;
andreas_faisster;Andre Faisster;Bürgerbuch;1;1601;1601;0;;BB-2365;;buerger;Leineweber;
andreas_graf;Andree Graff;Bürgerbuch;1;1611;1611;0;;BB-2502;;buerger;Schuster;
andreas_gundersheuer;Anndre Gundersheuer;Bürgerbuch;1;1548;1548;0;;BB-0245;;buerger;;
andreas_gunderstorffer;Anndre Gunderstorffer;Bürgerbuch;1;1546;1546;0;;BB-0176;;buerger;;
andreas_haas;Andre Haas;Bürgerbuch;1;1613;1613;0;;BB-2557;;buerger;;
andreas_haertl;Andre Härtl;Bürgerbuch;1;1589;1589;0;;BB-2183;;buerger;Bader;
andreas_hainecker;Andre Haineckher;Bürgerbuch;1;1573;1573;0;;BB-1452;;buerger;Beutler;
andreas_hasslinger;Andree Haßlinger;Bürgerbuch;1;1595;1595;0;;BB-2257;;buerger;Schmied;
andreas_haubt;Andreas Haubt;Bürgerbuch;2;1574;1574;0;;BB-1505|BB-1516;;buerger;Kammmacher;
andreas_hecker;Andreas Hecker;Bürgerbuch;1;1574;1574;0;;BB-1495;;buerger;Schlosser;
andreas_heuperger;Andre Heuperger|Andre Heyperger;Bürgerbuch;2;1588;1588;0;;BB-2087|BB-2103;;buerger;Gürtler;
andreas_hindermuellner;Anndre Hindermüllner;Bürgerbuch;1;1546;1546;0;;BB-0195;;buerger;;
andreas_hindermuelner;Anndre Hindermülner;Bürgerbuch;1;1551;1551;0;;BB-0403;;buerger;;
andreas_hoelzl;Andre Hölzl;Bürgerbuch;1;1618;1618;0;;BB-2640;;buerger;;
andreas_hofer;Anndre Hofer;Bürgerbuch;2;1554;1575;21;;BB-0580|BB-1554;;buerger;Schlosser;
andreas_hueber;Andre Hueber;Bürgerbuch;1;1624;1624;0;;BB-2771;;buerger;;
andreas_hugkher;Anndree Hegkher;Bürgerbuch;1;1561;1561;0;;BB-0913;;buerger;Schmied;
andreas_jaen;Andree Jän;Bürgerbuch;1;1614;1614;0;;BB-2593;;buerger;Wagner;
andreas_khagerer;Andreas Khagerer;Bürgerbuch;1;1589;1589;0;;BB-2139;;buerger;Schneider;
andreas_klem;Andre Klem;Bürgerbuch;1;1573;1573;0;;BB-1468;;buerger;Hauerschmied;
andreas_koenig;Andree König;Bürgerbuch;1;1578;1578;0;;BB-1762;;buerger;Hauer;
andreas_kollenpekchen;Andreas Kollenpekchen;Urkunden;1;1486;1486;0;StaAKr-0500;;;buerger;;
andreas_koller;Anndre Kholler;Bürgerbuch;1;1554;1554;0;;BB-0590;;buerger;Schiffmann;
andreas_konauer;Andre Khonauer;Bürgerbuch;1;1625;1625;0;;BB-2789;;buerger;;
andreas_kunig;Anndre Khunig;Bürgerbuch;1;1558;1558;0;;BB-0773;;buerger;Lederer;
andreas_langns;Andreen Langns;Bürgerbuch;1;1566;1566;0;;BB-1082;;buerger;Goldschmied;
andreas_lengl;Andreas Lengl;Bürgerbuch;1;1602;1602;0;;BB-2399;;buerger;;
andreas_maesco;Andre Mäsco;Bürgerbuch;1;1584;1584;0;;BB-2004;;buerger;;
andreas_mairhoner;Anndre Mairhoner;Bürgerbuch;1;1551;1551;0;;BB-0433;;buerger;;
andreas_maschkho;Anndre Maschkho|Anndreas Maschco;Bürgerbuch;2;1577;1577;0;;BB-1655|BB-1678;;buerger;;
andreas_mayr;Andre Mayr;Bürgerbuch;1;1624;1624;0;;BB-2765;;buerger;;
andreas_morz;Andere Morz;Bürgerbuch;1;1592;1592;0;;BB-2197;;buerger;;
andreas_muehldorfer;Andreas Mühldorfer;Urkunden;1;1300;1300;0;StaAK-UrkKr-0005;;;buerger;;
andreas_muellner;Andre Müllner|Anndre Mullner|Anndre Müllner;Bürgerbuch;3;1542;1576;34;;BB-0086|BB-1594|BB-1619;;buerger;Goldschmied;
andreas_niblick;Anndree Nebelickh|Anndree Niblickh;Bürgerbuch;2;1562;1562;0;;BB-0953|BB-0960;;buerger;Riemer;
andreas_panner;Andreaß Panner;Bürgerbuch;1;1622;1622;0;;BB-2672;;buerger;;
andreas_paur;Andreas Paur;Urkunden;1;1547;1547;0;StaAKr-0797;;;buerger;;
andreas_pechem;Andreas Pechem;Urkunden;1;1436;1436;0;StaAKr-0263;;;buerger;;
andreas_perger;Andre Parger;Bürgerbuch;1;1567;1567;0;;BB-1178;;buerger;;
andreas_pez;Anndre Pez;Bürgerbuch;1;1555;1555;0;;BB-0622;;buerger;Bäcker;
andreas_pranpekch;Andreas Pranpekch;Urkunden;1;1415;1415;0;StaAKr-0177;;;buerger;;
andreas_ranzer;Andre Ranzer;Bürgerbuch;1;1567;1567;0;;BB-1158;;buerger;Binder;
andreas_rechperger;Andere Rechperger;Bürgerbuch;1;1592;1592;0;;BB-2222;;buerger;;
andreas_reispach;Andreas Reispach;Bürgerbuch;1;1566;1566;0;;BB-1090;;buerger;Beutler;
andreas_rieder;Anndree Rieder|Anndreen Rieders;Bürgerbuch;2;1561;1562;1;;BB-0894|BB-0963;;buerger;Barbier;
andreas_roemer;Andreas Römer;Urkunden;3;1529;1539;10;StaAKr-0704|StaAKr-0758|StaAKr-0773;;;buerger;;
andreas_ruebpaur;Anndre Ruebpaur;Bürgerbuch;1;1549;1549;0;;BB-0295;;buerger;;
andreas_schmal;Anndre Schmal;Bürgerbuch;1;1536;1536;0;;BB-0018;;buerger;Kramer;
andreas_schopf;Andre Schopf;Bürgerbuch;1;1596;1596;0;;BB-2290;;buerger;Gastgeb;
andreas_schrekh;Anndre Schrekh;Bürgerbuch;1;1582;1582;0;;BB-1947;;buerger;Fuhrmann;
andreas_schwaenzl;Andree Schwänzl;Bürgerbuch;1;1596;1596;0;;BB-2310;;buerger;Hauer;
andreas_seissencker;Andreas Seissencker;Bürgerbuch;1;1579;1579;0;;BB-1782;;buerger;;
andreas_seissenecker;Anndre Seisseneckher;Bürgerbuch;1;1577;1577;0;;BB-1701;;buerger;Messerschmied;
andreas_stachl;Andre Stachl;Bürgerbuch;1;1565;1565;0;;BB-1060;;buerger;Büchsenschäfter;
andreas_staininger;Andre Stainnger;Bürgerbuch;1;1567;1567;0;;BB-1213;;buerger;Fuhrmann;
andreas_stern;Anndre Stern;Bürgerbuch;1;1568;1568;0;;BB-1259;;buerger;;
andreas_stocker;Anndre Stackher;Bürgerbuch;1;1554;1554;0;;BB-0559;;buerger;Schneider;
andreas_sulzer;Andre Sulzer;Bürgerbuch;1;1573;1573;0;;BB-1432;;buerger;Seifensieder;
andreas_taschner;Anndre Taschner;Bürgerbuch;1;1577;1577;0;;BB-1713;;buerger;Schiffmann;
andreas_teurkhauff;Andre Theurkhauff;Bürgerbuch;1;1601;1601;0;;BB-2372;;buerger;Bäcker;
andreas_vilt;Andreas Vilt;Bürgerbuch;1;1613;1613;0;;BB-2556;;buerger;Büchsenmacher;
andreas_ving;Anndre Ving;Bürgerbuch;1;1573;1573;0;;BB-1399;;buerger;Bader;
andreas_wagner;Andre Wagner;Bürgerbuch;1;1618;1618;0;;BB-2641;;buerger;Bäcker;
andreas_wasley;Andre Wasley;Bürgerbuch;1;1592;1592;0;;BB-2208;;buerger;;
andreas_weidinger;Andre Weidinger;Bürgerbuch;1;1625;1625;0;;BB-2788;;buerger;;
andreas_weishaubt;Anndreas Weishaubt;Bürgerbuch;1;1548;1548;0;;BB-0241;;buerger;Gürtler;
andreas_weishaup;Anndre Weishaup;Bürgerbuch;1;1549;1549;0;;BB-0329;;buerger;Gürtler;
andreas_wennger;Anndre Wennger;Bürgerbuch;1;1554;1554;0;;BB-0592;;buerger;Schiffmann;
andreas_wipl;Andre Wipl;Bürgerbuch;1;1622;1622;0;;BB-2699;;buerger;;
andreas_zinerauer;Andreas Zinerauer;Bürgerbuch;1;1600;1600;0;;BB-2355;;buerger;;
andreasen_andre;Andreasen Andre;Bürgerbuch;1;1576;1576;0;;BB-1596;;buerger;Schneider;
andree_gaertner;Andree Gärtner;Urkunden;1;1814;1814;0;StaAKr-0870;;;buerger;;
andree_huml;Andree Huml;Urkunden;1;1445;1445;0;StaAKr-0280a;;;buerger;;
andree_wildtperger;Andreas Wildtperger|Andree Wildtperger;Urkunden;3;1669;1687;18;StaAKr-0849|StaAKr-0851|StaAKr-0855;;;buerger;;
andres_gruber;Andres Gruber;Urkunden;1;1401;1401;0;StaAKr-0120;;;buerger;;
angnesen_weinburgerin;Angnesen Weinburgerin;Urkunden;1;1452;1452;0;StaAKr-0310 a;;;buerger;;
ankchenwerter_1455;Ankchenwerter;Urkunden;1;1455;1455;0;StaAKr-0337;;;buerger;;
anna_1520;Anna;Urkunden;1;1520;1520;0;StaAKr-0624;;;buerger;;
anna_barbara_meyereck;Anna Barbara von Mayereck;Urkunden;1;1741;1741;0;StAK-Stein-2061;;;buerger;;
anna_brunnen;Anna Brunnen;Urkunden;1;1448;1448;0;StaAKr-0299;;;buerger;;
anna_chaser;Anna Chaser;Urkunden;1;1401;1401;0;StaAKr-0117;;;buerger;;
anna_choll;Anna|Anna Choll;Urkunden;2;1458;1464;6;StaAKr-0374|StaAKr-0401;;;buerger;;
anna_die_nuesl;Anna die Nüsl;Urkunden;1;1423;1423;0;StaKr-0212;;;buerger;;
anna_elisabeth_loybrechtin;Anna Elisabeth Loybrechtin;Urkunden;1;1739;1739;0;StAK-Stein-2060;;;buerger;;
anna_felinger;Anna Felinger;Urkunden;1;1526;1526;0;StaAKr-0671d;;;buerger;;
anna_fuerer;Anna Fuerer;Urkunden;1;1415;1415;0;StaAKr-0178;;;buerger;;
anna_greusnicker;Anna Greusnicker;Urkunden;1;1405;1405;0;StaAKr-0132;;;buerger;;
anna_gveller;Anna Gveller;Urkunden;1;1393;1393;0;StaAKr-0077;;;buerger;;
anna_hagen;Anna Hagen;Urkunden;1;1366;1366;0;StaAKr-0042;;;buerger;;
anna_klammer;Anna Klammer;Urkunden;1;1458;1458;0;StaAKr-0374;;;buerger;;
anna_kuchprein;Anna Kuchprein;Urkunden;1;1400;1400;0;StaAKr-0105;;;buerger;;
anna_leutbein;Anna|Anna Leutbein;Urkunden;1;1416;1416;0;StaAKr-0184;;;buerger;;
anna_mader;Anna Mader;Urkunden;1;1449;1449;0;StaAKr-0301;;;buerger;;
anna_maltzchast;Anna Maltzchast;Urkunden;1;1366;1366;0;StaAKr-0040;;;buerger;;
anna_paumbol;Anna Paumbol;Urkunden;1;1423;1423;0;StaKr-0211;;;buerger;;
anna_pelsteil;Anna Pelsteil;Urkunden;1;1415;1415;0;StaAKr-0174;;;buerger;;
anna_peneschauer;Anna Peneschauer;Urkunden;1;1414;1414;0;StaAKr-0171;;;buerger;;
anna_polster;Anna Polster;Urkunden;2;1391;1391;0;StaAKr-0071|StaAKr-0072;;;buerger;;
anna_rosler;Anna Rosler;Urkunden;1;1526;1526;0;StaAKr-0671f;;;buerger;;
anna_schuster;Anna Schuster;Urkunden;1;1436;1436;0;StaAKr-0265;;;buerger;;
anna_stoekchl;Anna Stökchl;Urkunden;1;1483;1483;0;StaAKr-0472;;;buerger;;
anna_strauss;Anna Strauss;Urkunden;1;1519;1519;0;StAK-Stein-2026;;;buerger;;
anna_taler;Anna Taler;Urkunden;1;1437;1437;0;StaAKr-0267;;;buerger;;
anna_vischer;Anna Vischer;Urkunden;1;1547;1547;0;StaAKr-0796;;;buerger;;
anna_von_everding;Anna von Everding;Urkunden;2;1401;1404;3;StaAKr-0115|StaAKr-0128;;;buerger;;
anna_von_stein;Anna von Stein;Urkunden;1;1359;1359;0;StaAKr-0033;;;buerger;;
anna_wagant;Anna Wagant;Urkunden;1;1531;1531;0;StaAKr-0718a;;;buerger;;
anna_wagner;Anna Wagner;Urkunden;1;1430;1430;0;StAK-UrkKr-0224;;;buerger;;
anna_wuerffel;Anna Würffel;Urkunden;2;1444;1447;3;StaAKr-0278|StaAKr-0297;;;buerger;;
anna_zebinger;Anna Zebinger;Urkunden;1;1413;1413;0;StaAKr-0166;;;buerger;;
anndere_behaimb;Anndere Behamb;Bürgerbuch;1;1592;1592;0;;BB-2199;;buerger;;
anndreas_andre;Anndreas Andre;Bürgerbuch;1;1575;1575;0;;BB-1545;;buerger;;
anne_maurer;Anne Maurer;Urkunden;1;1399;1399;0;StaAKr-0097;;;buerger;;
anthoni_heys;Anthoni Heyß;Bürgerbuch;1;1595;1595;0;;BB-2249;;buerger;Gürtler;
anthoni_karl;Anthoni Karl;Bürgerbuch;1;1559;1559;0;;BB-0790;;buerger;Tischler;
anthoni_pusch;Anthoni Pusch;Bürgerbuch;1;1603;1603;0;;BB-2401;;buerger;;
anton_bischof_von_wien;Anton;Urkunden;1;1656;1656;0;StAK-Stein-2048;;;buerger;;
anton_kaerl;Annthoni Kharl|Annthoni Khärl;Bürgerbuch;2;1556;1556;0;;BB-0671|BB-0681;;buerger;Tischler;
anton_schaffold;Anton Schaffold;Urkunden;1;1814;1814;0;StaAKr-0870;;;buerger;;
anton_schmid;Anthoni Schmid;Bürgerbuch;1;1542;1542;0;;BB-0095;;buerger;Tischler;
anton_struebl;Anton Strübl;Urkunden;1;1715;1715;0;StAK-Stein-2058;;;buerger;;
antoni_ebhandl;Antoni Ebhandl;Urkunden;1;1596;1596;0;StaAKr-0829;;;buerger;;
antonium_tantz;Antonium Tantz;Urkunden;1;1841;1841;0;StAK_1841_915_reg;;;buerger;;
arhohs_1485;Arhohs;Urkunden;1;1485;1485;0;StaAKr-0498;;;buerger;;
artl_salzer;Artl Salzer;Urkunden;1;1404;1404;0;StaAKr-0130;;;buerger;;
asm_geyr;Asm Geyr|Ehrasm Geyr;Bürgerbuch;2;1553;1553;0;;BB-0503|BB-0523;;buerger;;
asm_lipp;Asm Lipp;Bürgerbuch;1;1579;1579;0;;BB-1804;;buerger;Hauer;
augustin_maurer;Augustin Maurer;Urkunden;1;1547;1547;0;StaAKr-0796;;;buerger;;
augustin_pfleger;Augustin Pfleger;Urkunden;1;1526;1526;0;StaAKr-0670c;;;buerger;;
augustin_pottner;Augustin Pottner|Augustin Reyttner;Bürgerbuch;2;1553;1553;0;;BB-0514|BB-0544;;buerger;Schneider;
augustin_raidl;Augustin Raidl;Bürgerbuch;1;1557;1557;0;;BB-0733;;buerger;Tischler;
augustin_rauch;Augustin Rauch;Bürgerbuch;1;1595;1595;0;;BB-2253;;buerger;Lederer;
augustin_reichart;Augustin Reickhart;Bürgerbuch;1;1588;1588;0;;BB-2107;;buerger;;
augustin_scharffenegker;Augustin Scharffenegker;Urkunden;1;1485;1485;0;StaAKr-0498;;;buerger;;
augustin_wierdthofer;Augustin Wierdthofer;Bürgerbuch;1;1563;1563;0;;BB-0989;;buerger;;
baertlme_winckler;Bärtlme Winckler;Bürgerbuch;1;1564;1564;0;;BB-1025;;buerger;;
baertlmee_draenl;Bärtlmee Dränl;Bürgerbuch;1;1597;1597;0;;BB-2332;;buerger;;
baltasar_hanser;Baltasar Hanser;Urkunden;1;1521;1521;0;StaAKr-0627a;;;buerger;;
baltasar_scheissberger;Baltasar Scheißberger;Urkunden;1;1518;1518;0;StaAKr-0602;;;buerger;;
baltasar_schmid;Baltasar Schmid;Urkunden;1;1501;1501;0;StaAKr-0563b;;;buerger;;
baltasar_traexler;Baltasar Träxler;Urkunden;1;1729;1729;0;StaAKr-0865;;;buerger;;
balthasar_dieffenpecher;Balthasar Dieffenpecher;Bürgerbuch;1;1614;1614;0;;BB-2586;;buerger;;
balthasar_dieffenpoecher;Balthaser Dieffenpöcher;Bürgerbuch;1;1601;1601;0;;BB-2370;;buerger;Passamentwürcher;
balthasar_doez;Balthasar Döz;Bürgerbuch;1;1622;1622;0;;BB-2681;;buerger;Zimmermann;
balthasar_eglsperger;Balthasar Eglsperger;Bürgerbuch;1;1596;1596;0;;BB-2304;;buerger;Hauer;
balthasar_hierschenpaur;Balthasar Hierschenpaur;Bürgerbuch;1;1596;1596;0;;BB-2273;;buerger;Prokurator;
balthasar_hofmair;Balthaser Hofmair;Bürgerbuch;1;1552;1552;0;;BB-0485;;buerger;;
balthasar_inderist;Balthasar Inderist;Bürgerbuch;1;1596;1596;0;;BB-2305;;buerger;Schmied;
balthasar_kretschmair;Balthauser Khretschmair;Bürgerbuch;1;1569;1569;0;;BB-1338;;buerger;Binder;
balthasar_lederer;Walthauser Lederer;Bürgerbuch;1;1568;1568;0;;BB-1257;;buerger;Fischer;
balthasar_nussbaumer;Balthauser Nußpamber;Bürgerbuch;1;1604;1604;0;;BB-2402;;buerger;Müller;
balthasar_oberegkher;Balthauser Oberegkher;Bürgerbuch;1;1602;1602;0;;BB-2388;;buerger;;
balthasar_schaffenrath;Balthasar Schaffenrath|Walthasar Schaffenrath;Bürgerbuch;2;1566;1566;0;;BB-1092|BB-1118;;buerger;Weißgerber;
balthasar_schobinger;Balthasar Schobinger;Bürgerbuch;2;1582;1582;0;;BB-1910|BB-1930;;buerger;;
balthasar_talman;Balthauser Talman;Bürgerbuch;1;1564;1564;0;;BB-1011;;buerger;Schneider;
balthasar_thallman;Walthaußer Thallman;Bürgerbuch;1;1565;1565;0;;BB-1054;;buerger;;
balthasar_thorr;Balthaser Thorr;Bürgerbuch;1;1621;1621;0;;BB-2657;;buerger;;
balthasar_urban;Balthasar Urban;Bürgerbuch;1;1615;1615;0;;BB-2609;;buerger;Maler;
balthasar_windthager;Balthasern Windthager;Bürgerbuch;1;1616;1616;0;;BB-2622;;buerger;Schiffschopper;
balthasarn_kraetschmair;Balthasarn Krätschmair;Bürgerbuch;1;1574;1574;0;;BB-1482;;buerger;;
balthassar_loinniger;Balthaßar Loinniger;Bürgerbuch;1;1614;1614;0;;BB-2573;;buerger;Riemer;
balthauser_wennger;Balthauser Weninger;Bürgerbuch;1;1611;1611;0;;BB-2492;;buerger;;
bangraz_littich;Bangraz Littich;Bürgerbuch;1;1577;1577;0;;BB-1702;;buerger;Seiler;
barbara_altenburger;Barbara Altenburger;Urkunden;1;1549;1549;0;StaAKr-0813;;;buerger;;
barbara_ambrosi;Barbara Ambrosi;Urkunden;1;1500;1500;0;StaAKr-0561a;;;buerger;;
barbara_bamberger;Barbara Bamberger;Urkunden;1;1524;1524;0;StaAKr-0655a;;;buerger;;
barbara_brunn;Barbara Brunn;Urkunden;1;1471;1471;0;StaAKr-0420;;;buerger;;
barbara_fetauer;Barbara Fetauer;Urkunden;1;1516;1516;0;StaAKr-0586a;;;buerger;;
barbara_papst;Barbara Papst;Urkunden;1;1485;1485;0;StaAKr-0497;;;buerger;;
barbara_pfleger;Barbara Pfleger;Urkunden;1;1526;1526;0;StaAKr-0670c;;;buerger;;
barbara_schwartzer;Barbara Schwartzer;Urkunden;1;1547;1547;0;StaAKr-0798;;;buerger;;
barbara_sparmays;Barbara Sparmays;Urkunden;1;1470;1470;0;StaAKr-0419;;;buerger;;
barbara_stengl;Barbara Stengl;Urkunden;1;1459;1459;0;StaAKr-0379;;;buerger;;
barbara_walchen;Barbara Walchen;Urkunden;1;1406;1406;0;StaAKr-0135;;;buerger;;
barbara_wittiber;Barbara Wittiber;Urkunden;1;1526;1526;0;StaAKr-0671e;;;buerger;;
barbara_zebinger;Barbara Zebinger;Urkunden;1;1459;1459;0;StaAKr-0379;;;buerger;;
barbara_zewing;Barbara Zewing;Urkunden;1;1463;1463;0;StaAKr-0396;;;buerger;;
barthlm_prannthueber;Barthlm Prannthueber;Bürgerbuch;1;1558;1558;0;;BB-0754;;buerger;Schneider;
bartholomae_1322;Bartholomä;Urkunden;1;1322;1322;0;StAK-UrkKr-0011;;;buerger;;
bartholomaeus_1340;Bartholomäus;Urkunden;1;1340;1340;0;StAK-UrkKr-0016;;;buerger;;
bartholomaeus_behaimb;Bartlme Behamb;Bürgerbuch;1;1568;1568;0;;BB-1261;;buerger;Fleischhacker;
bartholomaeus_camerer;Bärthlmee Camerer;Bürgerbuch;1;1611;1611;0;;BB-2498;;buerger;;
bartholomaeus_decker;Bartlm Deckher;Bürgerbuch;1;1552;1552;0;;BB-0470;;buerger;Hauer;
bartholomaeus_derll;Bartlme Derll;Bürgerbuch;1;1569;1569;0;;BB-1329;;buerger;;
bartholomaeus_furtner;Bartlme Furtner;Bürgerbuch;1;1577;1577;0;;BB-1693;;buerger;Fischer;
bartholomaeus_hochstedter;Bartlme Hochstedter;Bürgerbuch;1;1566;1566;0;;BB-1117;;buerger;;
bartholomaeus_holzer;Bartlme Holzer;Bürgerbuch;1;1549;1549;0;;BB-0284;;buerger;;
bartholomaeus_krauss;Bärtlme Khrauß;Bürgerbuch;1;1561;1561;0;;BB-0912;;buerger;Weißgerber;
bartholomaeus_lackner;Barllmeen Lackhners;Bürgerbuch;1;1563;1563;0;;BB-0971;;buerger;Wagner;
bartholomaeus_leyrer;Bartlme Leyrer;Bürgerbuch;1;1567;1567;0;;BB-1160;;buerger;Schlosser;
bartholomaeus_liechtenauer;Bartholomäus Liechtenauer;Bürgerbuch;1;1556;1556;0;;BB-0672;;buerger;Weißgerber;
bartholomaeus_maurer;Bartlme Maurer;Bürgerbuch;2;1576;1576;0;;BB-1589|BB-1613;;buerger;Riemer;
bartholomaeus_maurkhiecher;Bärtholome Maurkhiecher;Bürgerbuch;1;1623;1623;0;;BB-2751;;buerger;;
bartholomaeus_neumair;Bartlme Neumair|Bartlmee Neumair;Bürgerbuch;2;1576;1576;0;;BB-1586|BB-1635;;buerger;Maurer;
bartholomaeus_neumarkher;Bartlme Neumarkher;Bürgerbuch;1;1577;1577;0;;BB-1665;;buerger;Bäcker;
bartholomaeus_neunmarcker;Bartlme Neunmarckher;Bürgerbuch;1;1577;1577;0;;BB-1706;;buerger;;
bartholomaeus_obiser;Bartl Obiser;Bürgerbuch;1;1600;1600;0;;BB-2354;;buerger;;
bartholomaeus_panzer;Barthlme Panzer;Bürgerbuch;1;1575;1575;0;;BB-1572;;buerger;;
bartholomaeus_prannthueber;Bartholomäus Prannthueber;Bürgerbuch;3;1554;1561;7;;BB-0554|BB-0594|BB-0892;;buerger;Gürtler;
bartholomaeus_pranthueber;Bartlme Pranthueber;Bürgerbuch;1;1544;1544;0;;BB-0143;;buerger;;
bartholomaeus_prieffer;Bärtlme Prieffer;Bürgerbuch;1;1569;1569;0;;BB-1307;;buerger;;
bartholomaeus_quatman;Bartholeme Quatman;Bürgerbuch;1;1605;1605;0;;BB-2420;;buerger;;
bartholomaeus_reinperger;Bartholome Reinperger;Bürgerbuch;1;1589;1589;0;;BB-2164;;buerger;;
bartholomaeus_reschenstainer;Bartlme Reschenstainer;Bürgerbuch;1;1538;1538;0;;BB-0036;;buerger;;
bartholomaeus_sibolt;Bartlmee Sebolt;Bürgerbuch;1;1580;1580;0;;BB-1835;;buerger;Sporer;
bartholomaeus_siess;Bartlme Süez|Bartlmee Sieß;Bürgerbuch;2;1561;1563;2;;BB-0920|BB-0987;;buerger;;
bartholomaeus_suetz;Barthlme Suetz;Bürgerbuch;1;1559;1559;0;;BB-0783;;buerger;;
bartholomaeus_traendtl;Bärtl Trändtl;Bürgerbuch;1;1567;1567;0;;BB-1183;;buerger;;
bartholomaeus_veumayr;Bärtl Veumayr;Bürgerbuch;1;1622;1622;0;;BB-2724;;buerger;Schiffmann;
bartholomaeus_winckler;Bartholomäus Winckler;Bürgerbuch;1;1567;1567;0;;BB-1152;;buerger;Schneider;
bartholome_kagerer;Bartholome Khagerer;Bürgerbuch;1;1602;1602;0;;BB-2386;;buerger;;
bartholome_traisl;Bartholome Traisl;Bürgerbuch;1;1597;1597;0;;BB-2334;;buerger;Müller;
bartlolomeus_1325;Bartlolomeus;Urkunden;1;1325;1325;0;StaAKr-0012;;;buerger;;
bartolomaeus_kienast;Bartolomäus Kienast;Urkunden;1;1531;1531;0;StaAKr-0714b;;;buerger;;
bartolomeus_weixlpaum_de_krembs;Bartolomeus Weixlpaum de Krembs;Urkunden;1;1494;1494;0;StaAKr-0545;;;buerger;;
batlme_lackner;Batlme Lackhner;Bürgerbuch;1;1567;1567;0;;BB-1207;;buerger;Wagner;
beatrix_von_zelking;Beatrix von Zelking;Urkunden;1;1406;1406;0;StaAKr-0135;;;adel;;
beatrix_von_zollern;Herzogin Beatrix;Urkunden;2;1400;1414;14;StaAKr-0104|StaAKr-0170;;;dynastie;;
behaim_1531;Behaim;Urkunden;1;1531;1531;0;StaAKr-0714c;;;buerger;;
benedict_1547;Benedict;Urkunden;1;1547;1547;0;StaAKr-0798;;;buerger;;
benedict_hallmer;Benedict Hallmer;Urkunden;2;1538;1549;11;StaAKr-0766|StaAKr-0805;;;buerger;;
benedict_toman;Benedict Toman;Urkunden;1;1549;1549;0;StaAKr-0815;;;buerger;;
benedigt_grassegker;Benedigt Grassegker|Benedikt Grassegker;Urkunden;2;1451;1455;4;StaAKr-0303|StaAKr-0335;;;buerger;;
benedikt_baendl;Benedikt Bändl;Bürgerbuch;1;1576;1576;0;;BB-1594;;buerger;Goldschmied;
benedikt_dandl;Benedikt Dandl;Bürgerbuch;3;1574;1574;0;;BB-1489|BB-1502|BB-1507;;buerger;Klampferer;
benedikt_danl;Benedikt Danl;Bürgerbuch;1;1579;1579;0;;BB-1774;;buerger;Barbier;
benedikt_dantl;Benedikt Dantl;Bürgerbuch;1;1582;1582;0;;BB-1908;;buerger;Messerschmied;
benedikt_gibl;Benedikt Gibl;Bürgerbuch;1;1553;1553;0;;BB-0509;;buerger;Fuhrmann;
benedikt_hueber;Benedict Hueber;Bürgerbuch;1;1567;1567;0;;BB-1171;;buerger;Hauer;
benedikt_kaltenprunner;Benedict Kaltnprunner;Bürgerbuch;1;1565;1565;0;;BB-1058;;buerger;;
benedikt_kemer;Benedict Femer|Benedict Khemer;Bürgerbuch;2;1555;1555;0;;BB-0599|BB-0612;;buerger;;
benedikt_kuchler;Benedict Khuchler;Bürgerbuch;1;1554;1554;0;;BB-0583;;buerger;Tischler;
benedikt_mairhofer;Benedict Mairhofer;Bürgerbuch;2;1559;1559;0;;BB-0800|BB-0812;;buerger;;
benedikt_mueessgang;Benedict Müeszganng;Bürgerbuch;1;1610;1610;0;;BB-2478;;buerger;;
benedikt_preiss;Benedict Preiß;Bürgerbuch;2;1561;1569;8;;BB-0916|BB-1308;;buerger;Drechsler;
benedikt_preissschuech;Benedikt Preißschuech;Bürgerbuch;1;1554;1554;0;;BB-0559;;buerger;Schneider;
benedikt_preyschuech;Benedict Preischuech|Benedict Preyschuech;Bürgerbuch;3;1550;1551;1;;BB-0356|BB-0410|BB-0432;;buerger;Schneider;
benedikt_rauftl;Benedikt Rauftl;Urkunden;1;1538;1538;0;StaAKr-0766;;;buerger;;
benedikt_springer;Benedict Springer;Bürgerbuch;2;1568;1568;0;;BB-1246|BB-1260;;buerger;Binder;
benedikt_sturm;Benedict Sturmb;Bürgerbuch;1;1588;1588;0;;BB-2088;;buerger;Schneider;
benedikt_tandl;Benedict Tandl;Bürgerbuch;6;1549;1588;39;;BB-0267|BB-1015|BB-1134|BB-1956|BB-1962|BB-2087;;buerger;Klampferer;
benedikt_urban;Benedict Urban;Bürgerbuch;1;1592;1592;0;;BB-2211;;buerger;;
benedikt_weinperger;Benedict Weinperger;Bürgerbuch;2;1562;1563;1;;BB-0942|BB-0990;;buerger;;
benedikt_yeringer;Benedict Yeringer;Bürgerbuch;1;1592;1592;0;;BB-2206;;buerger;;
benedikt_zandtl;Benedikt Zandtl;Bürgerbuch;1;1577;1577;0;;BB-1650;;buerger;Bürstenbinder;
berchtold_stadler;Berchtold Stadler;Urkunden;1;1415;1415;0;StaAKr-0178;;;buerger;;
berchtold_von_mangen;Berchtold von Mangen;Urkunden;1;1432;1432;0;StaAKr-0234;;;buerger;;
berhard_glanast;Berhard Glanast;Urkunden;1;1436;1436;0;StaAKr-0264;;;buerger;;
bernhard_1405;Bernhard;Urkunden;1;1405;1405;0;StaAKr-0134;;;buerger;;
bernhard_hohenfurter;Bernhard Hohenfurter;Urkunden;1;1530;1530;0;StaAKr-0707a;;;buerger;;
bernhard_karlinger;Bernhard Karlinger|Wernhard Karlinger|Wernhart Karlinger;Urkunden;3;1470;1492;22;StaAKr-0450a|StAK-UrkKr-0541|StAK- Stein-2016;;;buerger;;
bernhard_muelfelder;Bernhard Mülfelder|Mülfelder|Müllfelder;Urkunden;2;1471;1473;2;StaAKr-0425|StaAKr-0428;;;buerger;;
bernhard_ramungch;Bernhard Ramungch;Urkunden;1;1322;1322;0;StAK-UrkKr-0011;;;buerger;;
bernhard_rechbaum;Bernhardt Rechbaum|Bernhart Rechpaumb;Bürgerbuch;2;1578;1581;3;;BB-1755|BB-1853;;buerger;Bildhauer;
bernhard_spizer;Bernhardt Spizer;Bürgerbuch;1;1568;1568;0;;BB-1288;;buerger;Salzleger;
bernhardt_bocksperger;Bernhardt Bockhsperger;Bürgerbuch;1;1580;1580;0;;BB-1825;;buerger;Fischer;
bernhart_aupeck;Bernhart Aupeckh;Bürgerbuch;1;1589;1589;0;;BB-2169;;buerger;;
bernhart_schneider;Bernhart Schneider;Urkunden;1;1547;1547;0;StaAKr-0797;;;buerger;;
bernhart_schreckenpawr;Bernhart Schreckenpawr;Urkunden;1;1488;1488;0;StaAKr-0519;;;buerger;;
bernhart_steger;Bernhart Steger;Bürgerbuch;1;1614;1614;0;;BB-2573;;buerger;Riemer;
bernhart_worstogler;Bernhart Worstogler;Urkunden;1;1526;1526;0;StaAKr-0671b;;;buerger;;
berta_mager;Berta Mager;Urkunden;1;1344;1344;0;StaAKr-0018;;;buerger;;
bertelmen_1340;Bertelmen;Urkunden;1;1340;1340;0;StAK-UrkKr-0016;;;buerger;;
berthold_1408;Berthold;Urkunden;1;1408;1408;0;StaK-UrkKr-0157;;;buerger;;
berthold_part;Berthold Part;Urkunden;1;1300;1300;0;StaAK-UrkKr-0005;;;buerger;;
berthold_schneider;Berthold Schneider;Urkunden;1;1300;1300;0;StaAK-UrkKr-0005;;;buerger;;
berthold_wagenknecht;Berthold Wagenknecht;Urkunden;1;1300;1300;0;StaAK-UrkKr-0005;;;buerger;;
bianca_maria_sforza;Blanca Maria;Urkunden;1;1494;1494;0;StaAKr-0545;;;dynastie;;
bischof_bertold;Bischof Bertold;Urkunden;1;1407;1407;0;StaAKr-0141;;;klerus;;
bischof_bonus_von_calis;Bischof Bonus von Calis;Urkunden;1;1337;1337;0;StaAKr-0014;;;klerus;;
bischof_georg_hessler_1481;Bischof Georg;Urkunden;1;1481;1481;0;StaAKr-0452;;;klerus;;
bischof_georg_hohenlohe_1407;Bischof Georg;Urkunden;1;1407;1407;0;StaAKr-0138;;;klerus;;
bischof_georg_von_passau;Bischof Georg von Passau;Urkunden;1;1396;1396;0;StaAKr-0083;;;klerus;;
bischof_leonhart_von_passau;Bischof Leonhart von Passau;Urkunden;1;1446;1446;0;StaAKr-0281;;;klerus;;
bischof_uguitius_von_sutri;Bischof Uguitius von Sutri;Urkunden;1;1337;1337;0;StaAKr-0014;;;klerus;;
bischof_ulrich;Bischof Ulrich;Urkunden;1;1473;1473;0;StaAKr-0428;;;klerus;;
bischof_urban;Bischof Urban;Urkunden;1;1573;1573;0;StaAKr-0825;;;klerus;;
bischof_vigilius;Bischof Vigilius;Urkunden;1;1502;1502;0;StaAKr-0565;;;klerus;;
bischof_wolfgang;Bischof Wolfgang;Urkunden;1;1553;1553;0;StaAKr-0819;;;klerus;;
blasi_holzwart;Blasi Holzwart;Urkunden;1;1536;1536;0;StaAKr-0740a;;;buerger;;
blasien_muellner;Blasien Müllner;Bürgerbuch;1;1574;1574;0;;BB-1498;;buerger;Drechsler;
blasius_dienwaeri;Blasy Dienwäri;Bürgerbuch;2;1559;1560;1;;BB-0795|BB-0863;;buerger;;
blasius_doll;Blasi Doll;Bürgerbuch;1;1569;1569;0;;BB-1337;;buerger;Hauer;
blasius_enzesperger;Blasien Ennzesperger|Blasy Enzesperger;Bürgerbuch;2;1565;1566;1;;BB-1034|BB-1120;;buerger;;
blasius_freiwalt;Blasy Freiwaldt|Blasy Freiwalt;Bürgerbuch;2;1556;1556;0;;BB-0672|BB-0682;;buerger;Weißgerber;
blasius_hockenmayrs;Blasy Hockhenmayrs;Bürgerbuch;1;1623;1623;0;;BB-2748;;buerger;;
blasius_muellner;Blasy Müller;Bürgerbuch;4;1560;1574;14;;BB-0840|BB-0868|BB-1154|BB-1491;;buerger;Drechsler;
blasius_reissner;Blasy Reissner;Bürgerbuch;1;1589;1589;0;;BB-2165;;buerger;;
blasius_schaffer;Blasy Schaffer;Bürgerbuch;1;1622;1622;0;;BB-2717;;buerger;;
blasius_schennfer;Blasy Schennfer;Bürgerbuch;1;1554;1554;0;;BB-0582;;buerger;Fischer;
blasius_stainer;Blasy Stainer;Bürgerbuch;1;1558;1558;0;;BB-0759;;buerger;Hauer;
bollisret_1451;Bollisret;Urkunden;1;1451;1451;0;StaAKr-0307;;;buerger;;
brix_peninger;Brix Peninger;Bürgerbuch;1;1535;1535;0;;BB-0005;;buerger;;
bruder_engelhart;Bruder Engelhart;Urkunden;1;1344;1344;0;StAK-UrkKr-0017;;;buerger;;
bruder_peter;Bruder Peter;Urkunden;1;1507;1507;0;StaAKr-0572c;;;buerger;;
burckhart_zeissler;Burckhart Zeissler;Bürgerbuch;1;1535;1535;0;;BB-0007;;buerger;;
burckhhardt_reiser;Burckhhardt Reiser;Bürgerbuch;1;1623;1623;0;;BB-2752;;buerger;;
burggraf_michel;Burggraf Michael|Burggraf Michel;Urkunden;4;1457;1475;18;StaAKr-0354|StaAKr-0355|StaAKr-0356|StaAKr-0432;;;adel;;
carl_kraenziger;Carl Khränziger;Bürgerbuch;1;1612;1612;0;;BB-2532;;buerger;;
carl_rambich;Carl Rambich;Bürgerbuch;1;1571;1571;0;;BB-1372;;buerger;Schlosser;
carolum_eyssfort;Carolum Eyßfort;Urkunden;1;1659;1659;0;StaAKr-0846;;;buerger;;
caspar_fuchsberger;Caspar Fuchsberger;Urkunden;1;1523;1523;0;StaAKr-0640a;;;buerger;;
caspar_haberrain;Caspar Haberrain;Urkunden;1;1549;1549;0;StaAKr-0804;;;buerger;;
caspar_hurfschmid;Caspar Hurfschmid;Urkunden;1;1534;1534;0;StaAKr-0735a;;;buerger;;
caspar_peham;Caspar Peham;Urkunden;1;1531;1531;0;StaAKr-0716b;;;buerger;;
caspar_richter;Caspar Richter;Urkunden;1;1539;1539;0;StaAKr-0767;;;buerger;;
caspar_segmuelner;Caspar Segmülner;Urkunden;1;1549;1549;0;StaAKr-0806;;;buerger;;
caspar_von_rogndorf;Caspar von Rogndorf;Urkunden;1;1481;1481;0;StaAKr-0456;;;buerger;;
caspar_wagner;Caspar Wagner;Urkunden;1;1547;1547;0;StaAKr-0797;;;buerger;;
casparn_carlz;Casparn Carlz;Bürgerbuch;1;1576;1576;0;;BB-1595;;buerger;Tischler;
casstl_ernreich;Casstl Ernnreich;Bürgerbuch;1;1552;1552;0;;BB-0487;;buerger;Lederer;
cazianer_1532;Cazianer;Urkunden;1;1532;1532;0;StaAKr-0725;;;buerger;;
ceith_hoffeiz;Ceith Hoffeiz;Bürgerbuch;1;1567;1567;0;;BB-1161;;buerger;Zinngießer;
chacz_leubel;Chacz Leubel;Urkunden;1;1385;1385;0;StaAKr-0059;;;buerger;;
choler_1399;Choler;Urkunden;1;1399;1399;0;StaAKr-0102;;;buerger;;
christian_lederpekchen;Christian Lederpekchen;Urkunden;1;1430;1430;0;StaAKr-0223;;;buerger;;
christian_teufel;Christian Teufel;Urkunden;1;1414;1414;0;StaAKr-0169;;;buerger;;
christian_volkmann;Christian Volkmann;Urkunden;1;1401;1401;0;StaAKr-0118;;;buerger;;
christine_forster;Christine Forster;Urkunden;1;1447;1447;0;StaAKr-0292;;;buerger;;
christof_kuett;Christof Kütt;Bürgerbuch;1;1578;1578;0;;BB-1724;;buerger;;
christof_kuettn;Christof Küttn;Bürgerbuch;1;1578;1578;0;;BB-1720;;buerger;Fleischhacker;
christof_von_passau;Christof von Passau;Urkunden;1;1496;1496;0;StaAKr-0549;;;buerger;;
christoff_bermaur;Christoff Bermaur;Bürgerbuch;1;1581;1581;0;;BB-1854;;buerger;Tuchscherer;
christoff_nachtrueb;Christoff Nachtrueb;Bürgerbuch;1;1578;1578;0;;BB-1721;;buerger;;
christoff_reitter;Christoffen Reitter|Christoph Reitter;Bürgerbuch;2;1588;1588;0;;BB-2091|BB-2125;;buerger;Hufschmied;
christoff_steinzer;Christoffen Steinzer;Bürgerbuch;1;1567;1567;0;;BB-1143;;buerger;Messerschmied;
christoff_taufkircher;Christoffen Tauffkhircher;Bürgerbuch;1;1567;1567;0;;BB-1192;;buerger;Schuster;
christoff_zwicker;Christoff Zwicker;Bürgerbuch;1;1574;1574;0;;BB-1485;;buerger;;
christofforurs_rauch;Christofforurs Rauch;Bürgerbuch;1;1592;1592;0;;BB-2237;;buerger;;
christoph_aigner;Cristoff Aigner;Bürgerbuch;1;1553;1553;0;;BB-0530;;buerger;Fuhrmann;
christoph_anngerer;Christoff Anngerer;Bürgerbuch;1;1568;1568;0;;BB-1285;;buerger;Hauer;
christoph_auer;Cristoff Auer;Bürgerbuch;2;1559;1559;0;;BB-0799|BB-0811;;buerger;;
christoph_bernkhast;Cristoff Bernkhast|Cristoff Pernkhasst;Bürgerbuch;2;1558;1558;0;;BB-0752|BB-0758;;buerger;Goldschmied;
christoph_braun;Cristoff Praun;Bürgerbuch;3;1561;1562;1;;BB-0904|BB-0929|BB-0959;;buerger;;
christoph_buedner;Christoph Büdner;Bürgerbuch;1;1616;1616;0;;BB-2626;;buerger;Schneider;
christoph_canseer;Christoff Canseer;Bürgerbuch;1;1592;1592;0;;BB-2229;;buerger;;
christoph_delmagn;Christoph Delmagn;Bürgerbuch;1;1612;1612;0;;BB-2540;;buerger;;
christoph_draister;Christoff Draister;Bürgerbuch;1;1604;1604;0;;BB-2403;;buerger;Zinngießer;
christoph_effele;Christoff Effele;Bürgerbuch;1;1573;1573;0;;BB-1448;;buerger;Büchsenmacher;
christoph_entdorffer;Christoph Entdorffer;Bürgerbuch;1;1622;1622;0;;BB-2704;;buerger;Buchbinder;
christoph_ernnst;Cristoff Ernnst;Bürgerbuch;1;1554;1554;0;;BB-0591;;buerger;;
christoph_ernnsthoffer;Christoph Ernnsthoffer;Bürgerbuch;1;1571;1571;0;;BB-1370;;buerger;Lebzelter;
christoph_ernnsthouer;Cristoff Ernnsthouer;Bürgerbuch;1;1558;1558;0;;BB-0767;;buerger;;
christoph_foelss;Cristoff Fölsz;Bürgerbuch;1;1556;1556;0;;BB-0668;;buerger;;
christoph_fragner;Cristoff Fragner;Bürgerbuch;1;1569;1569;0;;BB-1319;;buerger;;
christoph_frannck;Christoph Franckh|Christoph Frannckh;Bürgerbuch;2;1580;1588;8;;BB-1837|BB-2114;;buerger;Schuster;
christoph_froelich;Christoph Frölich;Bürgerbuch;1;1611;1611;0;;BB-2525;;buerger;;
christoph_frumbholzer;Cristoff Frumbholzer;Bürgerbuch;1;1549;1549;0;;BB-0327;;buerger;;
christoph_gegenpaur;Christoff Gegenpaur;Bürgerbuch;1;1587;1587;0;;BB-2077;;buerger;Lederer;
christoph_gossl;Christoff Gessl;Bürgerbuch;1;1600;1600;0;;BB-2344;;buerger;;
christoph_grillitsch;Christoph Grillitsch;Bürgerbuch;1;1613;1613;0;;BB-2556;;buerger;Büchsenmacher;
christoph_hager;Christoff Hager;Bürgerbuch;1;1600;1600;0;;BB-2337;;buerger;;
christoph_hannsemann;Christoph Hannsemann;Urkunden;1;1526;1526;0;StaAKr-0671a;;;buerger;;
christoph_harmer;Christoff Harmer;Bürgerbuch;1;1546;1546;0;;BB-0204;;buerger;Müller;
christoph_hauer;Cristoff Hauer sonst Pger genannt;Bürgerbuch;1;1569;1569;0;;BB-1318;;buerger;;
christoph_hechstetter;Christoff Hechstetter;Bürgerbuch;1;1595;1595;0;;BB-2252;;buerger;;
christoph_hilger;Christoff Hilger;Bürgerbuch;2;1577;1577;0;;BB-1642|BB-1666;;buerger;Sattler, Kummetmacher;
christoph_hoerluns;Christoff Hörluns;Bürgerbuch;2;1577;1577;0;;BB-1646|BB-1670;;buerger;Taschner;
christoph_hoffman;Christoph Hoffman;Bürgerbuch;1;1622;1622;0;;BB-2692;;buerger;Lebzelter;
christoph_holzer;Christoff Holzer;Bürgerbuch;2;1577;1589;12;;BB-1698|BB-2153;;buerger;;
christoph_ibser;Christoff Ibser;Bürgerbuch;1;1607;1607;0;;BB-2441;;buerger;Gastgeb;
christoph_intaler;Christoph Intaler|Christophen Intaler;Urkunden;2;1530;1530;0;StaAKr-0710a|StaAKr-0710b;;;buerger;;
christoph_jaen;Christoph Jän;Bürgerbuch;1;1613;1613;0;;BB-2562;;buerger;Kürschner;
christoph_kirschinger;Christoff Khirschinger;Bürgerbuch;1;1539;1539;0;;BB-0052;;buerger;Seiler;
christoph_klinngel;Cristoff Klinngel;Bürgerbuch;1;1552;1552;0;;BB-0449;;buerger;Kupferschmied;
christoph_klueg;Cristof Klueg;Bürgerbuch;1;1552;1552;0;;BB-0472;;buerger;Schuster;
christoph_koechl;Cristoff Kuchl;Bürgerbuch;1;1585;1585;0;;BB-2046;;buerger;Bauer;
christoph_kostla;Christoph Kostla;Bürgerbuch;1;1583;1583;0;;BB-1959;;buerger;Fleischhacker;
christoph_kren;Christoff Kren;Bürgerbuch;1;1574;1574;0;;BB-1483;;buerger;;
christoph_kropff;Christoff Khropff;Bürgerbuch;1;1543;1543;0;;BB-0117;;buerger;;
christoph_krottendorfer;Christoph Krottendorfer;Urkunden;1;1549;1549;0;StaAKr-0810;;;buerger;;
christoph_kuchlpauer;Christoff Kuchlpauer;Bürgerbuch;1;1584;1584;0;;BB-2020;;buerger;;
christoph_kuett;Christoff Khütt;Bürgerbuch;1;1569;1569;0;;BB-1346;;buerger;Weißgerber;
christoph_kuetten;Christoph Kütten;Bürgerbuch;1;1574;1574;0;;BB-1482;;buerger;;
christoph_kulbinger;Christoff Khulbinger;Bürgerbuch;1;1606;1606;0;;BB-2432;;buerger;;
christoph_kurk;Christoph Kurk;Urkunden;1;1549;1549;0;StaAKr-0802;;;buerger;;
christoph_laempl;Christoph Lämpl;Bürgerbuch;1;1622;1622;0;;BB-2718;;buerger;;
christoph_lanng;Cristoff Lanng;Bürgerbuch;3;1554;1557;3;;BB-0555|BB-0585|BB-0702;;buerger;Kürschner;
christoph_laschmaethauser;Cristoff Laschmäthauser;Bürgerbuch;1;1562;1562;0;;BB-0935;;buerger;;
christoph_lauentaler;Cristoff Lauentaler;Bürgerbuch;1;1544;1544;0;;BB-0131;;buerger;;
christoph_lenass;Christoff Lenaß;Bürgerbuch;1;1573;1573;0;;BB-1473;;buerger;Fasszieher;
christoph_luedlinger;Christoff Luedlinger;Bürgerbuch;1;1614;1614;0;;BB-2591;;buerger;;
christoph_maerckl;Christoff Mäckhl;Bürgerbuch;1;1596;1596;0;;BB-2269;;buerger;Binder;
christoph_maisch;Christoff Maisch;Bürgerbuch;1;1573;1573;0;;BB-1453;;buerger;Messner;
christoph_muer;Cristoff Muer|Cristoff Muerr;Bürgerbuch;2;1553;1553;0;;BB-0515|BB-0532;;buerger;;
christoph_nachtrueb;Christoff Nachtrueb;Bürgerbuch;1;1578;1578;0;;BB-1771;;buerger;;
christoph_nothelffer;Christoff Nothelffer;Bürgerbuch;1;1602;1602;0;;BB-2384;;buerger;;
christoph_olbm;Cristoff Olbm;Bürgerbuch;1;1561;1561;0;;BB-0914;;buerger;Müller;
christoph_otta;Christoph Ott;Bürgerbuch;1;1612;1612;0;;BB-2531;;buerger;;
christoph_pachmair;Christoff Pachmair;Bürgerbuch;1;1573;1573;0;;BB-1470;;buerger;;
christoph_pachmann;Christoph Pachmann;Bürgerbuch;1;1617;1617;0;;BB-2639;;buerger;;
christoph_perger;Christoff Perger;Bürgerbuch;2;1584;1584;0;;BB-1995|BB-2008;;buerger;Maurer;
christoph_pernkhasst;Christoff Pernkhasst;Bürgerbuch;1;1567;1567;0;;BB-1200;;buerger;Goldschmied;
christoph_pfliegl;Christoff Pfliegl;Bürgerbuch;1;1606;1606;0;;BB-2425;;buerger;;
christoph_phannstil;Cristoph Phannstil;Bürgerbuch;1;1550;1550;0;;BB-0343;;buerger;;
christoph_pindter;Christoff Pindter;Bürgerbuch;1;1592;1592;0;;BB-2203;;buerger;Schulmeister;
christoph_pirchinger;(+Cristoff) Pirchinger|Cristoff Pirchinger;Bürgerbuch;2;1550;1551;1;;BB-0346|BB-0390;;buerger;;
christoph_poeringer;Cristoffen Pöringer;Bürgerbuch;1;1558;1558;0;;BB-0751;;buerger;;
christoph_praittinger;Christoph Praittinger;Bürgerbuch;1;1567;1567;0;;BB-1151;;buerger;Hutmacher;
christoph_prandt;Christoff Prändt;Bürgerbuch;1;1607;1607;0;;BB-2452;;buerger;;
christoph_pranthueber;Christoff Prandthueber;Bürgerbuch;1;1565;1565;0;;BB-1074;;buerger;Händler;
christoph_prattinger;Christoff Prattinger;Bürgerbuch;1;1546;1546;0;;BB-0184;;buerger;Kürschner;
christoph_prauberger;Christoff Prauberger;Bürgerbuch;1;1592;1592;0;;BB-2207;;buerger;;
christoph_proezner;Christoff Prözner;Bürgerbuch;1;1595;1595;0;;BB-2260;;buerger;Nestler;
christoph_pruckner;Christoff Pruckhner|Christoff Prugkner;Bürgerbuch;2;1574;1575;1;;BB-1481|BB-1569;;buerger;Kupferschmied;
christoph_pruggmer;Christoph Pruggmer;Bürgerbuch;1;1613;1613;0;;BB-2568;;buerger;Kupferschmied;
christoph_puechner;Christoff Puechner|Christoff Purchner|Christoffen Puechner;Bürgerbuch;5;1568;1584;16;;BB-1228|BB-1242|BB-1294|BB-1891|BB-1995;;buerger;Schwarzfärber;
christoph_puehler;Christoff Püchler|Christoff Pühler;Bürgerbuch;2;1584;1584;0;;BB-1998|BB-2002;;buerger;;
christoph_raeber;Christoff Räber;Bürgerbuch;2;1574;1574;0;;BB-1508|BB-1534;;buerger;Ratsdiener;
christoph_raebl;Cristoff Räbl;Bürgerbuch;2;1555;1555;0;;BB-0607|BB-0617;;buerger;Fleischhacker;
christoph_rath;Cristoff Rath;Bürgerbuch;1;1558;1558;0;;BB-0780;;buerger;Weber;
christoph_reimb;Christoph Reimb;Bürgerbuch;1;1582;1582;0;;BB-1908;;buerger;Messerschmied;
christoph_rein;Christoff Rein;Bürgerbuch;1;1573;1573;0;;BB-1463;;buerger;Kürschner;
christoph_resl;Christoff Resl;Bürgerbuch;1;1573;1573;0;;BB-1444;;buerger;Kürschner;
christoph_ruodsperger;Christoph Ruodsperger;Bürgerbuch;1;1556;1556;0;;BB-0671;;buerger;Tischler;
christoph_salzleittner;Christoff Salzleittner;Bürgerbuch;1;1595;1595;0;;BB-2239;;buerger;Abmesser;
christoph_schaffer;Cristoff Schaffer|Cristoph Schaffer|Cristophen Schaffer;Bürgerbuch;3;1549;1550;1;;BB-0333|BB-0336|BB-0345;;buerger;Doktor;
christoph_scharfflinger;Christoph Scharfflinger;Bürgerbuch;1;1588;1588;0;;BB-2116;;buerger;Zimmermann;
christoph_scheffbeck;Christoff Scheffbeckh;Bürgerbuch;1;1576;1576;0;;BB-1599;;buerger;Wollmesser;
christoph_schissling;Christoff Schiszling;Bürgerbuch;1;1595;1595;0;;BB-2240;;buerger;Tuchmacher;
christoph_schmaelzl;Christoff Schmölzl;Bürgerbuch;1;1587;1587;0;;BB-2083;;buerger;;
christoph_schmuckner;Christoff Schmuckhner;Bürgerbuch;2;1581;1581;0;;BB-1850|BB-1872;;buerger;;
christoph_schnaidtenpordt;Cristoffen Schnaidtenpordt;Bürgerbuch;1;1566;1566;0;;BB-1097;;buerger;;
christoph_schwab;Christoff Schwab;Bürgerbuch;1;1577;1577;0;;BB-1708;;buerger;Schiffmann;
christoph_sebastian_maurer;Christoff Sebastian Maurer;Bürgerbuch;1;1576;1576;0;;BB-1618;;buerger;;
christoph_seibl;Cristoph Seibl;Bürgerbuch;1;1621;1621;0;;BB-2661;;buerger;;
christoph_sessenmacher;Christoph Sessenmach|Christoph Sessenmacher;Bürgerbuch;2;1622;1622;0;;BB-2676|BB-2697;;buerger;Fasszieher;
christoph_silbereisen;Cristoff Silbereisen;Bürgerbuch;1;1550;1550;0;;BB-0376;;buerger;;
christoph_sling;Christoff Sling;Bürgerbuch;1;1545;1545;0;;BB-0162;;buerger;Maler;
christoph_stadt;Cristoff Stadt;Bürgerbuch;1;1549;1549;0;;BB-0286;;buerger;;
christoph_staindl;Christoff Staindl;Bürgerbuch;1;1592;1592;0;;BB-2236;;buerger;;
christoph_staininger;Christoff Staininger;Bürgerbuch;1;1571;1571;0;;BB-1386;;buerger;Torhüter;
christoph_steinzer;Cristoff Steinzer;Bürgerbuch;1;1567;1567;0;;BB-1159;;buerger;Messerschmied;
christoph_stortinger;Christoff Stortinger;Bürgerbuch;1;1588;1588;0;;BB-2092;;buerger;Zimmermann;
christoph_tallinger;Christoff Tallinger|Cristof Tallinger;Bürgerbuch;2;1571;1573;2;;BB-1359|BB-1457;;buerger;Fleischhacker;
christoph_talnacker;Christoff Talnackher;Bürgerbuch;1;1571;1571;0;;BB-1395;;buerger;Handschuhmacher;
christoph_taufkhircher;Christoff Thauffkhircher;Bürgerbuch;1;1568;1568;0;;BB-1290;;buerger;Schuster;
christoph_thoman;Christoff Thoman;Bürgerbuch;2;1577;1577;0;;BB-1645|BB-1669;;buerger;Kramer;
christoph_ursin;Cristoff Ursin;Bürgerbuch;2;1561;1561;0;;BB-0898|BB-0926;;buerger;;
christoph_vincentzo;Christoph Vincentzo;Urkunden;1;1532;1532;0;StaAKr-0720;;;buerger;;
christoph_von_kharling;Christoph von Kharling;Urkunden;1;1537;1537;0;StAK-Stein-2029;;;buerger;;
christoph_vrsyn;Christoff Vrsyn;Bürgerbuch;1;1566;1566;0;;BB-1125;;buerger;;
christoph_wagant;Christoph Wagant;Urkunden;1;1531;1531;0;StaAKr-0718a;;;buerger;;
christoph_walkhircher;Cristoff Walkhircher;Bürgerbuch;1;1556;1556;0;;BB-0689;;buerger;Binder;
christoph_weiss;Christoff Weiss;Bürgerbuch;1;1569;1569;0;;BB-1328;;buerger;;
christoph_wellner;Christoff Wellner;Bürgerbuch;1;1576;1576;0;;BB-1623;;buerger;;
christoph_werzl;Christoff Werzl;Bürgerbuch;1;1596;1596;0;;BB-2313;;buerger;Fragner;
christoph_weyganndt;Christoph Weyganndt;Bürgerbuch;1;1552;1552;0;;BB-0488;;buerger;;
christoph_widmer;Christoff Wibmer;Bürgerbuch;1;1602;1602;0;;BB-2380;;buerger;;
christoph_winckler;Christoff Winckhler|Cristoff Winckhler;Bürgerbuch;2;1569;1611;42;;BB-1330|BB-2506;;buerger;;
christoph_ypser;Christoff Ypser;Bürgerbuch;2;1578;1578;0;;BB-1732|BB-1748;;buerger;;
christoph_zaichinger;Christoff Zaichinger;Bürgerbuch;1;1540;1540;0;;BB-0070;;buerger;;
christoph_zeginger;Cristoff Zeginger;Bürgerbuch;1;1586;1586;0;;BB-2058;;buerger;;
christoph_zoerrer;Christoff Zörrer;Bürgerbuch;1;1592;1592;0;;BB-2209;;buerger;;
christoph_zoller;Cristoff Zoller;Bürgerbuch;1;1555;1555;0;;BB-0637;;buerger;Hofmeister;
christoph_zwicker;Christoff Zwickher;Bürgerbuch;1;1568;1568;0;;BB-1267;;buerger;Bäcker;
christopha_zerstl;Christopha Zerstl;Bürgerbuch;1;1612;1612;0;;BB-2533;;buerger;;
christophen_altschmid;Christophen Altschmid;Urkunden;2;1650;1669;19;StaAKr-0845|StaAKr-0849;;;buerger;;
christophen_hirsinger;Christophen Hirsinger;Urkunden;1;1548;1548;0;StaAKr-0801;;;buerger;;
christophen_koller;Christophen Koller;Urkunden;1;1531;1531;0;StaAKr-0717;;;buerger;;
christophen_ruedlperger;Christophen Ruedlperger;Urkunden;1;1549;1549;0;StaAKr-0811;;;buerger;;
christophus_tenngler;Christophus Tenngler;Urkunden;1;1517;1517;0;StaAKr-0596;;;buerger;;
chunz_grill;Chunz Grill;Bürgerbuch;2;1552;1552;0;;BB-0451|BB-0462;;buerger;;
chunz_grueber;Chunz Grueber;Bürgerbuch;1;1544;1544;0;;BB-0139;;buerger;;
chunz_kastel;Chunz Kastel;Bürgerbuch;1;1539;1539;0;;BB-0050;;buerger;;
chunz_muncker;Chunz Munckher;Bürgerbuch;1;1542;1542;0;;BB-0087;;buerger;Zirkelschmied;
cipriani_biasino;Cipriani Biasino;Bürgerbuch;1;1622;1622;0;;BB-2715;;buerger;Maurer;
clara_von_werd;Clara von Werd;Urkunden;4;1416;1422;6;StaAKr-0185|StaAKr-0191|StaAKr-0202|StaAKr-0205;;;buerger;;
clauss_raenner;Clauß Ränner;Urkunden;1;1531;1531;0;StaAKr-0714c;;;buerger;;
clement_knoll;Clement Kol;Bürgerbuch;1;1546;1546;0;;BB-0189;;buerger;;
clementen_weikhamb;Clementen Weikhamb;Bürgerbuch;1;1575;1575;0;;BB-1549;;buerger;Gürtler;
cnunz_eckinger;Cnunz Eckhinger;Bürgerbuch;1;1553;1553;0;;BB-0552;;buerger;Hauer;
collman_lisst;Collman Lisst;Bürgerbuch;1;1550;1550;0;;BB-0362;;buerger;;
connratt_kirchner;Connratt Kirchner;Bürgerbuch;1;1576;1576;0;;BB-1632;;buerger;Pottschmied;
conrad_holtzler;Conrad Holtzler;Urkunden;2;1468;1471;3;StaAKr-0410|StaAKr-0422;;;buerger;;
conrad_nestler;Conrad Nestler;Bürgerbuch;1;1544;1544;0;;BB-0137;;buerger;;
conradt_diringer;Conradt Diringer;Bürgerbuch;1;1596;1596;0;;BB-2294;;buerger;Gürtler;
conradt_hofinger;Conradt Hofinger;Bürgerbuch;1;1616;1616;0;;BB-2631;;buerger;;
conradt_lechner;Conradt Lechner;Bürgerbuch;1;1587;1587;0;;BB-2063;;buerger;;
conrat_krazer;Conrat Khrazer;Bürgerbuch;1;1607;1607;0;;BB-2446;;buerger;Nadler;
danat_fresser;Danat Fresser;Bürgerbuch;1;1596;1596;0;;BB-2279;;buerger;Kürschner;
daniel_ernst_mensser;Daniel Ernst Menszer;Bürgerbuch;1;1535;1535;0;;BB-0009;;buerger;;
daniel_fraidl;Daniel Fraidl;Bürgerbuch;1;1612;1612;0;;BB-2534;;buerger;;
daniel_henigguss;Daniel Heniggusz;Bürgerbuch;1;1573;1573;0;;BB-1396;;buerger;Goldschmied;
daniel_hening;Daniel Hening;Bürgerbuch;1;1577;1577;0;;BB-1663;;buerger;Uhrmacher;
daniel_muellner;Daniel Mulner;Bürgerbuch;1;1571;1571;0;;BB-1387;;buerger;Goldschmied;
daniel_reichart;Daniel Reichardt;Bürgerbuch;1;1564;1564;0;;BB-1032;;buerger;Plattner;
daniel_schlotterer;Daniel Schlatterer;Bürgerbuch;1;1602;1602;0;;BB-2395;;buerger;;
daniel_strasser;Daniel Strasser;Bürgerbuch;1;1622;1622;0;;BB-2728;;buerger;;
daniel_zedtliz;Daniel Zedtliz;Bürgerbuch;2;1574;1574;0;;BB-1507|BB-1517;;buerger;Hutmacher;
daniel_zeno;Daniel Zeno;Urkunden;2;1626;1627;1;StAK-Stein-2042|StAK-Stein-2044;;;buerger;;
danieln_muellner;Danieln Müllner;Bürgerbuch;1;1576;1576;0;;BB-1594;;buerger;Goldschmied;
david_aigner;David Aigner;Bürgerbuch;1;1596;1596;0;;BB-2297;;buerger;Zimmermann;
david_ardinger;David Ardinger;Bürgerbuch;1;1579;1579;0;;BB-1807;;buerger;Schneider;
david_heydinger;Davidt Heydinger;Bürgerbuch;1;1622;1622;0;;BB-2701;;buerger;Fragner;
david_hopfengraber;Davit Hopfengraber;Bürgerbuch;1;1592;1592;0;;BB-2227;;buerger;;
david_ladus;David Ladus|David Latus;Bürgerbuch;2;1584;1584;0;;BB-1997|BB-2017;;buerger;Pulvermacher;
david_lorennz;Davidt Lorennz;Bürgerbuch;2;1555;1555;0;;BB-0604|BB-0634;;buerger;Drechsler;
david_neidecker;Davidt Neideckher;Bürgerbuch;1;1567;1567;0;;BB-1175;;buerger;;
david_peucker;Davit Peuckher;Bürgerbuch;1;1596;1596;0;;BB-2309;;buerger;Bäcker;
david_strasser;David Strasser;Bürgerbuch;1;1611;1611;0;;BB-2490;;buerger;;
david_weber;David Weber;Bürgerbuch;2;1567;1567;0;;BB-1134|BB-1167;;buerger;Nestler;
daviden_waisl;Daviden Waisl;Bürgerbuch;1;1574;1574;0;;BB-1491;;buerger;Buchbinder;
davidt_diringer;Davidt Doringer;Bürgerbuch;1;1613;1613;0;;BB-2549;;buerger;;
davit_klopffer;Davit Klopffer;Bürgerbuch;1;1592;1592;0;;BB-2238;;buerger;;
dechant_gotfried;Dechant Gotfried;Urkunden;1;1301;1301;0;StaAKr-0006;;;klerus;;
dechant_hanns;Dechant Hanns;Urkunden;1;1430;1430;0;StaKr-0225;;;klerus;;
dechant_konrad;Dechant Konrad;Urkunden;3;1340;1347;7;StaAKr-0023|StAK-UrkKr-0016|StAK-UrkKr-0017;;;klerus;;
der_jung_mosshaimer;der Jung Moßhaimer;Bürgerbuch;1;1552;1552;0;;BB-0486;;buerger;;
deudl_von_grein;Deudl von Grein;Urkunden;1;1481;1481;0;StaAKr-0450a;;;buerger;;
diemuet_wolfhart;Diemuet Wolfhart;Urkunden;1;1366;1366;0;StaAKr-0041;;;buerger;;
dietmar_prenner;Dietmar Prenner;Urkunden;1;1300;1300;0;StaAK-UrkKr-0005;;;buerger;;
dietrich_scheber;Dietrich Scheber;Bürgerbuch;1;1544;1544;0;;BB-0150;;buerger;Seiler;
dietrich_wisent;Dietrich Wisent;Urkunden;1;1401;1401;0;StaAKr-0113;;;buerger;;
dietrich_wyseniten;Dietrich Wyseniten;Urkunden;1;1395;1395;0;StaAKr-0081;;;buerger;;
dionisi_hienermair;Dionisi Hierermair;Bürgerbuch;1;1602;1602;0;;BB-2379;;buerger;;
dionisy_aichbuchler;Dionisy Aichbuchler;Bürgerbuch;1;1577;1577;0;;BB-1703;;buerger;Hauer;
dionisy_grimer;Dionisy Grimer;Bürgerbuch;1;1568;1568;0;;BB-1225;;buerger;Zimmerknecht;
dionisy_rierer;Dionisy Rierer;Bürgerbuch;2;1561;1567;6;;BB-0902|BB-1142;;buerger;Brotsitzer;
dionisy_rueerer;Dionisy Rüerer;Bürgerbuch;1;1558;1558;0;;BB-0753;;buerger;Bäcker;
dionisy_schisssling;Dionisy Schissling|Dionisy Schisssling;Bürgerbuch;2;1578;1578;0;;BB-1727|BB-1743;;buerger;Tuchmacher;
dionisy_seifriedt;Dionisy Seifriedt;Bürgerbuch;1;1554;1554;0;;BB-0564;;buerger;Bäcker;
dionysius_puerer;Dionisi Puerer;Bürgerbuch;1;1556;1556;0;;BB-0666;;buerger;Bäcker;
dionysius_schuss;Dionisi Schusz;Bürgerbuch;1;1551;1551;0;;BB-0420;;buerger;;
dionysius_seiboldt;Dionisy Seiboldt;Bürgerbuch;1;1555;1555;0;;BB-0650;;buerger;Kramer;
dionysius_stainmez;Dionisy Stainmez;Bürgerbuch;1;1579;1579;0;;BB-1820;;buerger;Schneider;
dionysius_teuefl;Dionisy Teüfl;Bürgerbuch;1;1577;1577;0;;BB-1690;;buerger;;
doktorus_heutl;Doktorus Heutl;Urkunden;1;1519;1519;0;StaAKr-0612;;;buerger;;
donat_schutz;Donat Schutz;Bürgerbuch;2;1551;1552;1;;BB-0427|BB-0457;;buerger;Hutmacher;
dorothe_schilcher;Dorothe Schilcher;Urkunden;1;1470;1470;0;StAK- Stein-2017;;;buerger;;
dorothea_glanast;Dorothea Glanast;Urkunden;3;1419;1432;13;StaAKr-0193|StaAKr-0194|StaAKr-0236;;;buerger;;
dorothea_hauer;Dorothea Hauer;Urkunden;1;1526;1526;0;StaAKr-0671c;;;buerger;;
dorothea_kaeuner;Dorothea Käuner;Urkunden;1;1534;1534;0;StaAKr-0735a;;;buerger;;
dorothea_kemauf;Dorothea Kemauf;Urkunden;1;1435;1435;0;StaAKr-0261;;;buerger;;
dorothea_romer;Dorothea Romer;Urkunden;1;1396;1396;0;StaAKr-0089;;;buerger;;
dorothea_schallenberger;Dorothea Schallenberger;Urkunden;1;1422;1422;0;StaAKr-0205;;;buerger;;
dorothea_schiesser;Dorothea Schiesser;Urkunden;1;1458;1458;0;StaAKr-0358;;;buerger;;
dorothea_schmid;Dorothea Schmid;Urkunden;1;1521;1521;0;StaAKr-0628b;;;buerger;;
dorothea_schneider;Dorothea Schneider;Urkunden;1;1419;1419;0;StaAKr-0196;;;buerger;;
dorothea_stadler;Dorothea Stadler;Urkunden;1;1415;1415;0;StaAKr-0178;;;buerger;;
dorothea_wolfgang;Dorothea Wolfgang;Urkunden;2;1516;1516;0;StaAKr-0586|StaAKr-0586a;;;buerger;;
dorothea_zebinger;Dorothea Zebinger;Urkunden;1;1413;1413;0;StaAKr-0166;;;buerger;;
eberhard_1300;Eberhard;Urkunden;1;1300;1300;0;StaAK-UrkKr-0005;;;buerger;;
edler_jobst;Edler Jobst;Urkunden;1;1458;1458;0;StaAKr-0366;;;adel;;
egich_morschein;Egich Morschein;Bürgerbuch;1;1623;1623;0;;BB-2754;;buerger;;
ehaman_mitterer;Ehaman Mitterer;Bürgerbuch;1;1585;1585;0;;BB-2049;;buerger;;
eheman;Eheman;Bürgerbuch;1;1584;1584;0;;BB-2028;;buerger;Kramer;
ekklin_eidam;Ekklin Eidam;Urkunden;1;1349;1349;0;StaAKr-0026;;;buerger;;
elias_hertnstain;Elias Hertnstain|Helias Hertnstain;Bürgerbuch;2;1567;1567;0;;BB-1153|BB-1197;;buerger;Goldschmied;
elias_pachmair;Eliaß Pachmayr;Bürgerbuch;1;1616;1616;0;;BB-2630;;buerger;Lederer;
elias_phillip;Elias Phillip;Bürgerbuch;1;1588;1588;0;;BB-2115;;buerger;;
elias_pindter;Eliaß Pindter;Bürgerbuch;1;1622;1622;0;;BB-2690;;buerger;;
elias_roecks;Eliasz Röcks;Bürgerbuch;1;1587;1587;0;;BB-2082;;buerger;Barbier;
elias_schlaebi;Eliaß Schläbi;Bürgerbuch;1;1589;1589;0;;BB-2178;;buerger;Barbier;
elias_schmausser;Eliasz Schmausser;Bürgerbuch;1;1581;1581;0;;BB-1905;;buerger;;
elias_vesch;Eliasz Vesch;Bürgerbuch;1;1573;1573;0;;BB-1425;;buerger;;
elisabeth_1371;Elisabeth;Urkunden;1;1371;1371;0;StAK-UrkKr-0043;;;buerger;;
elisabeth_1411;Elisabeth|Elsbeten;Urkunden;2;1411;1411;0;StAK-UrkKr-0164;;;buerger;;
elisabeth_brunner;Elisabeth|Elisabeth Brunner;Urkunden;1;1516;1516;0;StaAKr-0586;;;buerger;;
elisabeth_egger;Elisabeth Egger;Urkunden;1;1549;1549;0;StaAKr-0815;;;buerger;;
elisabeth_huelben;Elisabeth Hülben;Urkunden;1;1322;1322;0;StAK-UrkKr-0011;;;buerger;;
elisabeth_schaecklin;Elisabeth Schäcklin;Urkunden;1;1549;1549;0;StaAKr-0816;;;buerger;;
elisabeth_scheffmann;Elisabeth Scheffmann;Urkunden;1;1454;1454;0;StAK-UrkKr-0318;;;buerger;;
elisabeth_von_polen;Elisabeth von Polen;Urkunden;1;1455;1455;0;StaAKr-0332;;;buerger;;
elisabeth_von_ungarn;Elisabeth von Ungarn;Urkunden;1;1434;1434;0;StaAKr-0254;;;buerger;;
elisas_veithingers;Eliseus Veithingers;Bürgerbuch;1;1624;1624;0;;BB-2764;;buerger;;
eller_1520;Eller;Urkunden;1;1520;1520;0;StaAKr-0624;;;buerger;;
ellerbacher_1455;Ellerbacher;Urkunden;1;1455;1455;0;StaAKr-0337;;;buerger;;
elsbet_ebmetter;Elsbet Ebmetter;Urkunden;3;1419;1432;13;StaAKr-0193|StaAKr-0194|StaAKr-0236;;;buerger;;
elsbet_freynstain;Elsbet Freynstain;Urkunden;1;1414;1414;0;StaAKr-0169;;;buerger;;
elsbet_grabner;Elsbet Grabner;Urkunden;1;1411;1411;0;StaAKr-0160;;;buerger;;
elsbet_heizlain;Elsbet Heizlain;Urkunden;1;1406;1406;0;StaAKr-0136;;;buerger;;
elsbet_trongassinger;Elsbet Trongassinger;Urkunden;1;1404;1404;0;StaAKr-0128;;;buerger;;
elsbet_wisent;Elsbet Wisent;Urkunden;1;1401;1401;0;StaAKr-0113;;;buerger;;
elsbeth_forster;Elsbeth Forster;Urkunden;1;1447;1447;0;StaAKr-0292;;;buerger;;
elsbeth_gener;Elsbeth Gener;Urkunden;1;1396;1396;0;StaAKr-0088;;;buerger;;
eman_panthaleon;Eman Panthaleon;Bürgerbuch;2;1560;1560;0;;BB-0830|BB-0849;;buerger;;
emanuel_paentelion;Emanuel Päntelion;Bürgerbuch;2;1622;1622;0;;BB-2665|BB-2669;;buerger;Fischerknecht;
emanuel_panthaleon;Emanuel Panthaleon;Bürgerbuch;1;1622;1622;0;;BB-2678;;buerger;;
enagno_laempl;Enagno Lämpel;Bürgerbuch;1;1621;1621;0;;BB-2655;;buerger;Seiler;
enntznman;Enntznman;Bürgerbuch;1;1551;1551;0;;BB-0414;;buerger;;
erasmus_anwaiger;Erasmus Anweiger|Eraszm Anwaiger;Bürgerbuch;2;1569;1569;0;;BB-1303|BB-1342;;buerger;Deckenmacher;
erasmus_hanifstingl;Erasm Hanifstingl;Bürgerbuch;1;1535;1535;0;;BB-0010;;buerger;;
erasmus_lip;Asm Lip;Bürgerbuch;1;1558;1558;0;;BB-0766;;buerger;Hauer;
erasmus_rigler;Erasmus Rigler;Urkunden;1;1522;1522;0;StaAKr-0633;;;buerger;;
erasmus_sanntinger;Erasmus Sanntinger;Bürgerbuch;1;1535;1535;0;;BB-0002;;buerger;;
erasmus_seick;Asm Seickh;Bürgerbuch;1;1550;1550;0;;BB-0367;;buerger;;
erasmus_seiler;Erasmus Sailler;Bürgerbuch;1;1607;1607;0;;BB-2453;;buerger;;
erasmus_staininger;Asmb Staininger;Bürgerbuch;1;1569;1569;0;;BB-1322;;buerger;Hauer;
erasmuss_yuechman;Erasmuß Yuechman;Bürgerbuch;1;1592;1592;0;;BB-2231;;buerger;;
eraszmus_hofer;Eraszmus Hofer;Bürgerbuch;1;1588;1588;0;;BB-2108;;buerger;;
erenbert_abt_von_kremsmuenster;Erenbert;Urkunden;2;1676;1677;1;StAK-Stein-2050|StAK-Stein-2051;;;buerger;;
erhard_feringer;Erhard Feringer;Bürgerbuch;1;1568;1568;0;;BB-1250;;buerger;;
erhard_gessl;Erhardt Geßl;Bürgerbuch;1;1605;1605;0;;BB-2412;;buerger;;
erhard_holm;Erhard Holm;Urkunden;1;1400;1400;0;StaAKr-0106;;;buerger;;
erhard_pfeiffer;Erhardt Pfeiffer;Bürgerbuch;1;1579;1579;0;;BB-1805;;buerger;Fuhrmann;
erhard_ruedlinger;Erhardt Ruedlinger;Bürgerbuch;1;1624;1624;0;;BB-2759;;buerger;;
erhard_stopffer;Erhardt Stopffer;Bürgerbuch;1;1597;1597;0;;BB-2314;;buerger;;
erhard_vogelsang;Erhard Vogelsang;Urkunden;1;1502;1502;0;StaAKr-0563a;;;buerger;;
erhardten_feringer;Erhardten Feringer;Bürgerbuch;1;1578;1578;0;;BB-1725;;buerger;Harnischpolierer;
erhart_1401;Erhart;Urkunden;1;1401;1401;0;StaAKr-0120;;;buerger;;
erhart_1542;Erhart;Urkunden;1;1542;1542;0;StaAKr-0791;;;buerger;;
erhart_feringer;Erhart Feringer;Bürgerbuch;1;1558;1558;0;;BB-0775;;buerger;;
erhart_gossl;Erhart Gossl;Bürgerbuch;1;1553;1553;0;;BB-0533;;buerger;;
erhart_muelner;Erhart Mülner;Urkunden;1;1457;1457;0;StaAKr-0353;;;buerger;;
erhart_pirringer;Erhart Pirringer;Bürgerbuch;1;1607;1607;0;;BB-2451;;buerger;;
erhart_pranck;Erhart Pranckh;Bürgerbuch;2;1577;1577;0;;BB-1650|BB-1674;;buerger;Bürstenbinder;
erhart_schleingenror;Erhart Schleingenror;Bürgerbuch;1;1592;1592;0;;BB-2205;;buerger;;
erhart_schrat;Erhart Schrat;Bürgerbuch;1;1558;1558;0;;BB-0781;;buerger;Schuster;
erhart_von_leubs;Erhart von Leubs;Urkunden;1;1459;1459;0;StaAKr-0378;;;buerger;;
ernst_1408;Ernst;Urkunden;1;1408;1408;0;StAK-UrkKr-0148;;;buerger;;
ernst_i;Ernst I.;Urkunden;7;1407;1408;1;StaAKr-0142|StaAKr-0147|StAK-UrkKr-0139|StAK-UrkKr-0140|StAK-UrkKr-0143|StAK-UrkKr-0151|StAK-UrkKr-0152;;;dynastie;;
ernst_von_bayern_1500;Ernst von Bayern;Urkunden;2;1527;1533;6;StaAKr-0682|StaAKr-0731;;;buerger;;
ernst_von_bayern_1554;Ernst;Urkunden;1;1568;1568;0;StaAKr-Hollenburg-0002;;;buerger;;
ernst_von_magdeburg;Ernst von Magdeburg;Urkunden;1;1486;1486;0;StaAKr-0499;;;buerger;;
erzbischof_gregor;Erzbischof Gregor;Urkunden;1;1401;1401;0;StaAKr-0119;;;klerus;;
esaias_brunner;Esaias Brunner;Bürgerbuch;1;1601;1601;0;;BB-2362;;buerger;Handschuhmacher;
eustachius_laimgrueber;Eustachien Laimgruebers|Eustachius Laimgrueber;Bürgerbuch;2;1556;1556;0;;BB-0659|BB-0676;;buerger;Handschuhmacher;
fabian_bayr;Fabian Bair|Fabian Bayr;Bürgerbuch;2;1558;1558;0;;BB-0757|BB-0763;;buerger;Schlosser;
feiertager_1431;Feiertager;Urkunden;1;1431;1431;0;StAK-UrkKr-0228;;;buerger;;
felix_hackel;Felix Hackhel;Bürgerbuch;1;1546;1546;0;;BB-0196;;buerger;Fuhrmann;
felix_holzpeundtner;Felix Holzpeundtner|Felix Holzpunntner;Bürgerbuch;2;1561;1561;0;;BB-0890|BB-0931;;buerger;;
felix_sturmb;Felix Stuermb;Bürgerbuch;1;1588;1588;0;;BB-2104;;buerger;Schneider;
felix_weixelbaum;Felix Weixelbaum;Bürgerbuch;1;1575;1575;0;;BB-1576;;buerger;Hauer;
ferdinand_baldung;Ferdinand Baldung;Urkunden;1;1522;1522;0;StaAKr-0632;;;buerger;;
ferdinand_i;Ferdiand I.|Ferdinand I.;Urkunden;59;1521;1563;42;StaAKr-0628|StaAKr-0630|StaAKr-0633|StaAKr-0634|StaAKr-0635|StaAKr-0637|StaAKr-0638|StaAKr-0639|StaAKr-0640|StaAKr-0641|StaAKr-0643|StaAKr-0646|StaAKr-0648|StaAKr-0649|StaAKr-0650|StaAKr-0651|StaAKr-0654|StaAKr-0655|StaAKr-0658|StaAKr-0662|StaAKr-0664|StaAKr-0665|StaAKr-0671|StaAKr-0672|StaAKr-0673|StaAKr-0675|StaAKr-0685|StaAKr-0688|StaAKr-0689|StaAKr-0690|StaAKr-0695|StaAKr-0700|StaAKr-0705|StaAKr-0706|StaAKr-0710|StaAKr-0712|StaAKr-0713|StaAKr-0718|StaAKr-0719|StaAKr-0726|StaAKr-0730|StaAKr-0743|StaAKr-0744|StaAKr-0748|StaAKr-0756|StaAKr-0763|StaAKr-0764|StaAKr-0766|StaAKr-0768|StaAKr-0770|StaAKr-0775|StaAKr-0790|StaAKr-0791|StaAKr-0793|StaAKr-0878|StaAKr-0666a|StAK-Stein-2027|StAK-Stein-2028|StAK_15580819_906_reg;;;dynastie;;
ferdinand_ii;Ferdinand II.;Urkunden;6;1622;1656;34;StaAKr-0837|StaAKr-0838|StaAKr-0840|StaAKr-0880|StAK-Stein-2046|StAK-Stein-2048;;;dynastie;;
ferdinand_iii;Ferdinand III.;Urkunden;3;1628;1643;15;StaAKr-0840|StaAKr-0842|StAK-Stein-2043;;;dynastie;;
ferdinand_teubl;Ferdinandt Teubl;Bürgerbuch;1;1596;1596;0;;BB-2282;;buerger;Hutstepper;
florian_hoffmaister;Florian Hoffmaister;Bürgerbuch;1;1545;1545;0;;BB-0161;;buerger;;
florian_knap;Florian Khnap;Bürgerbuch;1;1543;1543;0;;BB-0101;;buerger;;
florian_rarhueber;Florian Rarhueber;Bürgerbuch;1;1551;1551;0;;BB-0434;;buerger;Bäcker;
florian_rucker;Florian Ruckher;Bürgerbuch;1;1544;1544;0;;BB-0135;;buerger;;
florian_widner;Florian Widner;Bürgerbuch;1;1557;1557;0;;BB-0735;;buerger;Seiler;
foelix_weichselbaum;Foelix Weichslbaum;Bürgerbuch;1;1576;1576;0;;BB-1614;;buerger;;
franeisouss_franz;Franeisouß Franz;Bürgerbuch;1;1596;1596;0;;BB-2295;;buerger;Eisenhändler;
franz_ackermann;Franz Ackermann;Urkunden;3;1687;1688;1;StaAKr-0855|StaAKr-0856|StaAKr-0857;;;buerger;;
franz_bernoldt;Franz Bernoldt;Bürgerbuch;1;1624;1624;0;;BB-2778;;buerger;;
franz_helschuchmacher;Franz Helschuchmacher;Bürgerbuch;1;1545;1545;0;;BB-0163;;buerger;;
franz_ii_i;Franz|Franz II.;Urkunden;2;1795;1815;20;StaAKr-0898|StaAKr-0899;;;buerger;;
franz_jacob_pichler;Franz Jacob Pichler;Urkunden;2;1762;1763;1;StaAKr-0867|StaAKr-0868;;;buerger;;
franz_olbm;Frannz Olbm;Bürgerbuch;2;1554;1554;0;;BB-0558|BB-0571;;buerger;Müller;
franz_preinvolck;Franz Preinvolckh;Bürgerbuch;1;1610;1610;0;;BB-2471;;buerger;;
freidrich_1459;Freidrich;Urkunden;1;1459;1459;0;StaAKr-0375;;;buerger;;
freiherr_von_roggendorf;Freiherr von Roggendorf;Urkunden;1;1527;1527;0;StaAKr-0686;;;adel;;
frenchin_von_radendorf;Frenchin von Radendorf;Urkunden;1;1300;1300;0;StaAK-UrkKr-0005;;;buerger;;
friderich_kenz;Friderich Khenz;Bürgerbuch;1;1562;1562;0;;BB-0962;;buerger;Beutler;
friderich_weinreich;Friderich Weinreich|Fridrich Weinreich;Bürgerbuch;2;1589;1595;6;;BB-2185|BB-2258;;buerger;Hosenstricker;
friedich_iii;Friedich III.;Urkunden;1;1447;1447;0;StaAKr-0291;;;buerger;;
friedrich_1413;Friedrich;Urkunden;1;1413;1413;0;StaAKr-0168;;;buerger;;
friedrich_1690;Friedrich;Urkunden;1;1690;1690;0;StaAKr-0883;;;buerger;;
friedrich_christ;Friedrich Christ;Urkunden;1;1392;1392;0;StaAKr-0075;;;buerger;;
friedrich_dunswert;Friedrich Dunswert;Urkunden;2;1366;1386;20;StaAKr-0041|StaAKr-0061;;;buerger;;
friedrich_eisner;Friedrich Eisner;Urkunden;1;1300;1300;0;StaAK-UrkKr-0005;;;buerger;;
friedrich_fritzestorf;Friedrich Fritzestorf;Urkunden;1;1425;1425;0;StaAKr-0219;;;buerger;;
friedrich_garas;Friedrich Garas;Urkunden;1;1430;1430;0;StaAKr-0227;;;buerger;;
friedrich_glachsperg;Friedrich Glachsperg|Friedrich Glachsperger;Urkunden;2;1391;1406;15;StaAKr-0070|StaAKr-0136;;;buerger;;
friedrich_haller;Friedrich Haller;Urkunden;1;1300;1300;0;StaAK-UrkKr-0005;;;buerger;;
friedrich_ii_pfalz;Friedrich;Urkunden;1;1529;1529;0;StaAKr-0705;;;buerger;;
friedrich_iii;Friedrich III.;Urkunden;136;1439;1522;83;StaAKr-0280|StaAKr-0282|StaAKr-0284|StaAKr-0285|StaAKr-0286|StaAKr-0287|StaAKr-0288|StaAKr-0292|StaAKr-0294|StaAKr-0295|StaAKr-0296|StaAKr-0298|StaAKr-0300|StaAKr-0302|StaAKr-0305|StaAKr-0306|StaAKr-0308|StaAKr-0336|StaAKr-0337|StaAKr-0344|StaAKr-0348|StaAKr-0359|StaAKr-0361|StaAKr-0362|StaAKr-0363|StaAKr-0365|StaAKr-0367|StaAKr-0369|StaAKr-0371|StaAKr-0372|StaAKr-0373|StaAKr-0376|StaAKr-0378|StaAKr-0379|StaAKr-0380|StaAKr-0382|StaAKr-0383|StaAKr-0384|StaAKr-0385|StaAKr-0386|StaAKr-0387|StaAKr-0389|StaAKr-0390|StaAKr-0391|StaAKr-0392|StaAKr-0393|StaAKr-0394|StaAKr-0395|StaAKr-0397|StaAKr-0398|StaAKr-0399|StaAKr-0400|StaAKr-0402|StaAKr-0403|StaAKr-0410|StaAKr-0417|StaAKr-0421|StaAKr-0422|StaAKr-0424|StaAKr-0433|StaAKr-0437|StaAKr-0438|StaAKr-0439|StaAKr-0442|StaAKr-0444|StaAKr-0445|StaAKr-0446|StaAKr-0447|StaAKr-0448|StaAKr-0449|StaAKr-0452|StaAKr-0453|StaAKr-0454|StaAKr-0455|StaAKr-0457|StaAKr-0460|StaAKr-0461|StaAKr-0463|StaAKr-0464|StaAKr-0465|StaAKr-0468|StaAKr-0471|StaAKr-0473|StaAKr-0474|StaAKr-0476|StaAKr-0477|StaAKr-0478|StaAKr-0480|StaAKr-0481|StaAKr-0482|StaAKr-0483|StaAKr-0491|StaAKr-0492|StaAKr-0498|StaAKr-0501|StaAKr-0507|StaAKr-0508|StaAKr-0509|StaAKr-0512|StaAKr-0513|StaAKr-0514|StaAKr-0516|StaAKr-0517|StaAKr-0518|StaAKr-0521|StaAKr-0523|StaAKr-0524|StaAKr-0525|StaAKr-0526|StaAKr-0527|StaAKr-0528|StaAKr-0529|StaAKr-0530|StaAKr-0532|StaAKr-0533|StaAKr-0535|StaAKr-0536|StaAKr-0537|StaAKr-0539|StaAKr-0629|StaAKr-0875|StaAKr-0876|StaAKr-0523a|StAK-Stein-2015|StAK-Stein-2019|StAK-Stein-2020|StAK-Stein-2021|StAK-Stein-2022|StAK-UrkKr-0283|StAK-UrkKr-0289|StAK-UrkKr-0290|StAK-UrkKr-0318|StAK-UrkKr-0416|StAK-UrkKr-0495|StAK-UrkKr-0520|StAK-UrkKr-0541;;;dynastie;;
friedrich_iii_1347;Friedrich Habsburg;Urkunden;1;1359;1359;0;StAK-UrkKr-0032;;;dynastie;;
friedrich_laurer;Friedrich Laurer;Urkunden;1;1398;1398;0;StaAKr-0094;;;buerger;;
friedrich_mueller;Friedrich Müller;Urkunden;1;1401;1401;0;StaAKr-0117;;;buerger;;
friedrich_ostahueber;Fridrich Ostahueber|Fridrich Osthueber;Bürgerbuch;2;1571;1573;2;;BB-1358|BB-1398;;buerger;Lederer;
friedrich_pfarrer;Friedrich Pfarrer;Urkunden;1;1401;1401;0;StaAKr-0113;;;klerus;;
friedrich_rinchhund;Friedrich Rinchhund;Urkunden;1;1481;1481;0;StaAKr-0458;;;buerger;;
friedrich_rueschlein;Friedrich Rüschlein;Urkunden;1;1386;1386;0;StaAKr-0060;;;buerger;;
friedrich_schiestl;Fridrich Schüestl;Bürgerbuch;2;1574;1574;0;;BB-1494|BB-1542;;buerger;;
friedrich_schleicher;Fridrich Schleicher;Bürgerbuch;1;1546;1546;0;;BB-0183;;buerger;Steinmetz;
friedrich_stein;Friedrich Stein;Urkunden;1;1300;1300;0;StaAK-UrkKr-0005;;;buerger;;
friedrich_summer;Friedrich Summer;Urkunden;1;1430;1430;0;StaAKr-0223;;;buerger;;
friedrich_v_iii;Friedrich V. (III.);Urkunden;1;1444;1444;0;StaAKr-0277;;;buerger;;
friedrich_von_wallsee;Friedrich von Wallsee;Urkunden;4;1407;1408;1;StaAKr-0138|StaAKr-0146|StaAKr-0147|StaAKr-0155;;;adel;;
friedrich_von_zwettl;Friedrich von Zwettl;Urkunden;1;1410;1410;0;StaAKr-0158;;;buerger;;
friedrich_weinreich;Fridreich Weinreich;Bürgerbuch;1;1589;1589;0;;BB-2144;;buerger;Hosenstricker;
friedrich_zebinger;Friedrich Zebinger;Urkunden;1;1411;1411;0;StaAKr-0161;;;buerger;;
friesrich_1480;Friesrich;Urkunden;1;1480;1480;0;StaAKr-0443;;;buerger;;
g_schockler;G. Schockhler;Bürgerbuch;1;1549;1549;0;;BB-0276;;buerger;;
gabriel_furtner;Gabriel Furtner;Bürgerbuch;1;1583;1583;0;;BB-1967;;buerger;Fischer;
gabriel_kornhueber;Gabriel Kornhueber;Bürgerbuch;1;1548;1548;0;;BB-0238;;buerger;Tischler;
gabriel_lamprechtshauser;Gabriel Lamprechtshauser;Urkunden;2;1549;1549;0;StaAKr-0805|StaAKr-0806;;;buerger;;
gabriel_luniss;Gabriel Luniss;Bürgerbuch;1;1584;1584;0;;BB-1996;;buerger;Tuchmacher;
gabriel_muensegkher;Gabriel Münsegkher;Bürgerbuch;1;1602;1602;0;;BB-2382;;buerger;;
gabriel_neuquam;Gabriel Neuquam;Bürgerbuch;1;1596;1596;0;;BB-2278;;buerger;Gschmeidler;
gabriel_rhunius;Gabriel Rhunius;Bürgerbuch;1;1581;1581;0;;BB-1890;;buerger;;
gabriel_schaursperger;Gabriel Schaursperger;Bürgerbuch;1;1592;1592;0;;BB-2213;;buerger;;
gabriel_schick;Gabriell Schickh;Bürgerbuch;1;1565;1565;0;;BB-1052;;buerger;Hauer;
gabriel_taenckler;Gabriel Tänckhler;Bürgerbuch;2;1574;1574;0;;BB-1504|BB-1535;;buerger;Tuchscherer;
gabriel_von_verona;Gabriel von Verona;Urkunden;1;1454;1454;0;StaAKr-0328;;;buerger;;
gabriel_walttersperger;Gabriel Walttersperger;Bürgerbuch;1;1574;1574;0;;BB-1518;;buerger;Goldschmied;
gall_retting;Gall Retting;Bürgerbuch;1;1565;1565;0;;BB-1038;;buerger;Seiler;
gall_rettinger;Gall Rettinger;Bürgerbuch;1;1565;1565;0;;BB-1049;;buerger;Lederer;
gall_schneider;Gall Schneider;Bürgerbuch;1;1583;1583;0;;BB-1976;;buerger;Färber;
gall_zanndl;Gall Zanndl;Bürgerbuch;1;1552;1552;0;;BB-0451;;buerger;;
gallon_lanndsler;Gallon Lanndsler;Urkunden;1;1546;1546;0;StaAKr-0795;;;buerger;;
gebhard_hauser;Gebhardt Hauser;Bürgerbuch;1;1567;1567;0;;BB-1188;;buerger;;
gebhart_reutter;Gebhart Reutter;Urkunden;1;1459;1459;0;StaAKr-0379;;;buerger;;
geboldt_nadlstumpff;Geboldt Nadlstumpff;Bürgerbuch;1;1604;1604;0;;BB-2408;;buerger;;
geoergen_koepl;Geörgen Köpl;Bürgerbuch;1;1610;1610;0;;BB-2475;;buerger;;
geoergen_wezels;Geörgen Wezels;Bürgerbuch;1;1611;1611;0;;BB-2493;;buerger;Binder;
georg_1523;Georg;Urkunden;1;1523;1523;0;StaAKr-0642;;;buerger;;
georg_aixer;Georg Aixer;Bürgerbuch;1;1550;1550;0;;BB-0375;;buerger;;
georg_bayr;Georg Bayr;Bürgerbuch;1;1561;1561;0;;BB-0891;;buerger;;
georg_behaim;Georg Behaimb;Bürgerbuch;1;1580;1580;0;;BB-1838;;buerger;Maler;
georg_bremb;Georg Bremb;Bürgerbuch;2;1581;1581;0;;BB-1848|BB-1870;;buerger;Fleischhacker;
georg_breuer;Georg Preuer;Bürgerbuch;2;1566;1567;1;;BB-1088|BB-1209;;buerger;Lederer;
georg_chastner;Georg Chastner;Urkunden;1;1507;1507;0;StaAKr-0572;;;buerger;;
georg_christoph_auer;Georg Christoph Auer;Urkunden;2;1636;1694;58;StAK-Stein-2047|StAK-Stein-2054;;;buerger;;
georg_chunigsperger;Georg Chunigsperger;Urkunden;1;1443;1443;0;StaAKr-0276;;;buerger;;
georg_dachsner;Georg Dachsner;Urkunden;1;1454;1454;0;StaAKr-0324;;;buerger;;
georg_daenkhl;Georg Dänkhl;Bürgerbuch;1;1613;1613;0;;BB-2563;;buerger;;
georg_dauterer;Geörg Dauterer;Bürgerbuch;1;1611;1611;0;;BB-2519;;buerger;Binder;
georg_der_fromme_brandenburg;Markgraf Georgy;Urkunden;1;1530;1530;0;StaAKr-0709;;;adel;;
georg_der_reiche_bayern;Georg von Bayern;Urkunden;1;1488;1488;0;StaAKr-0519;;;buerger;;
georg_dietz;Georg Dietz;Urkunden;1;1628;1628;0;StAK-Stein-2043;;;buerger;;
georg_diezemdorfer;Geörg Diezemdorfer;Bürgerbuch;1;1622;1622;0;;BB-2666;;buerger;;
georg_doll;Georg Droll;Bürgerbuch;1;1569;1569;0;;BB-1343;;buerger;Hauer;
georg_eberl;Gerg Eberl;Bürgerbuch;1;1596;1596;0;;BB-2301;;buerger;Hauer;
georg_ebmar;Georgen Ebmar;Bürgerbuch;1;1548;1548;0;;BB-0254;;buerger;;
georg_eder;Geörg Eder;Bürgerbuch;2;1601;1621;20;;BB-2367|BB-2664;;buerger;Zimmermann;
georg_edmuelner;Georg Edmülner;Bürgerbuch;1;1584;1584;0;;BB-2011;;buerger;;
georg_faider;Georg Faider;Bürgerbuch;1;1562;1562;0;;BB-0945;;buerger;;
georg_felder;Georg Felder;Bürgerbuch;1;1551;1551;0;;BB-0388;;buerger;;
georg_fellnbaum;Georg Fellnpaumb;Bürgerbuch;1;1586;1586;0;;BB-2052;;buerger;;
georg_fischer;Georg Fischer|Georg Vischer;Bürgerbuch;4;1560;1623;63;;BB-0826|BB-0919|BB-1313|BB-2739;;buerger;Steinmetz;
georg_fleischhacker;Georg Fleischhacker;Urkunden;1;1415;1415;0;StaAKr-0179;;;buerger;;
georg_flezer;Georg Flezer;Bürgerbuch;1;1568;1568;0;;BB-1265;;buerger;Hauer;
georg_fuetterer;Georg Fuetterer;Bürgerbuch;1;1567;1567;0;;BB-1204;;buerger;;
georg_gaenhoer;Georg Gänhör;Bürgerbuch;1;1580;1580;0;;BB-1831;;buerger;Maurer;
georg_gaeniz;Georg Gäniz;Bürgerbuch;1;1580;1580;0;;BB-1842;;buerger;Fuhrmann;
georg_gettinger;Georg Gettinger;Bürgerbuch;1;1558;1558;0;;BB-0777;;buerger;Hauer;
georg_geyr;Georg Geyr|Geörg Geyr|Geörgen Geir;Bürgerbuch;3;1557;1564;7;;BB-0699|BB-0732|BB-1028;;buerger;Turmer;
georg_gmaeirath;Georg Gmaeirath;Bürgerbuch;1;1567;1567;0;;BB-1134;;buerger;Nestler;
georg_gmainrach;Georg Gmainrach;Bürgerbuch;1;1568;1568;0;;BB-1217;;buerger;Hutmacher;
georg_gmeinrath;Georg Gmainrath|Georg Gmeinrath;Bürgerbuch;2;1559;1559;0;;BB-0786|BB-0804;;buerger;Hutmacher;
georg_goldtnagl;Geörg Goldtnagl;Bürgerbuch;1;1588;1588;0;;BB-2106;;buerger;;
georg_grabner;Georg Grabner;Urkunden;3;1435;1439;4;StaAKr-0258|StaAKr-0259|StaAKr-0272;;;buerger;;
georg_greillenstainer;Georg Greillenstainer;Bürgerbuch;1;1547;1547;0;;BB-0209;;buerger;;
georg_grembs;Georg Grembs;Bürgerbuch;1;1588;1588;0;;BB-2095;;buerger;Leineweber;
georg_griesmulner;Georg Griesmulner;Bürgerbuch;1;1551;1551;0;;BB-0439;;buerger;Weber;
georg_griffner;Georg Griffner;Bürgerbuch;1;1579;1579;0;;BB-1806;;buerger;Schneider;
georg_grueber;Georg Grueber;Bürgerbuch;3;1573;1575;2;;BB-1420|BB-1543|BB-1556;;buerger;Marktfahrer;
georg_guertner;Georg Guertner;Bürgerbuch;2;1547;1550;3;;BB-0212|BB-0352;;buerger;;
georg_hackenmair;Georg Hackhenmair;Bürgerbuch;1;1614;1614;0;;BB-2575;;buerger;;
georg_haider;Georg Haider;Bürgerbuch;1;1555;1555;0;;BB-0628;;buerger;Schuster;
georg_halmmer;Georg Halmmer;Urkunden;1;1549;1549;0;StaAKr-0805;;;buerger;;
georg_harpfinger;Georg Harpfinger;Bürgerbuch;1;1559;1559;0;;BB-0819;;buerger;Hauer;
georg_hauer;Georg Hauer;Bürgerbuch;1;1624;1624;0;;BB-2763;;buerger;;
georg_haunnerstainer;Georg Haunnerstainer;Bürgerbuch;1;1597;1597;0;;BB-2324;;buerger;Kummetmacher;
georg_heller;Georg Heller;Bürgerbuch;1;1543;1543;0;;BB-0119;;buerger;;
georg_hendorffer;Georg Hendorffer;Urkunden;1;1414;1414;0;StaAKr-0173;;;buerger;;
georg_hinderperger;Georg Hinderperger;Bürgerbuch;1;1600;1600;0;;BB-2360;;buerger;;
georg_hochenwartter;Georg Hochenwartter;Urkunden;1;1482;1482;0;StaAKr-0462;;;buerger;;
georg_hochsteter;Georg Hochsteter;Urkunden;1;1430;1430;0;StaAKr-0223;;;buerger;;
georg_hoedler;Georg Hödler;Bürgerbuch;1;1575;1575;0;;BB-1573;;buerger;Lederer;
georg_hoeman;Geörg Höman;Bürgerbuch;1;1616;1616;0;;BB-2621;;buerger;Schmied;
georg_hoermann;Georg Hörmann;Bürgerbuch;1;1624;1624;0;;BB-2762;;buerger;;
georg_hoffman;Georg Hoffman;Bürgerbuch;3;1577;1589;12;;BB-1647|BB-1671|BB-2170;;buerger;Schwarzfärber;
georg_hofman;Georg Hofman;Bürgerbuch;1;1579;1579;0;;BB-1780;;buerger;Tuchmacher;
georg_holm;Georg|Georg Holm;Urkunden;1;1400;1400;0;StaAKr-0106;;;buerger;;
georg_horueng;Georg Horüng;Bürgerbuch;1;1615;1615;0;;BB-2620;;buerger;Schmied;
georg_hueber;Georg Hueber;Bürgerbuch;1;1567;1567;0;;BB-1155;;buerger;;
georg_hueter;Georg Hueter;Bürgerbuch;1;1566;1566;0;;BB-1124;;buerger;Lederer;
georg_irnfridt;Georg (Irnfridt?);Bürgerbuch;1;1550;1550;0;;BB-0344;;buerger;Schuster;
georg_jager;Georg Jager;Bürgerbuch;1;1565;1565;0;;BB-1065;;buerger;Hauer;
georg_kagerer;Georg Khagerer;Bürgerbuch;1;1559;1559;0;;BB-0788;;buerger;;
georg_kaller;Geörg Khaller;Bürgerbuch;1;1558;1558;0;;BB-0747;;buerger;Fischer;
georg_kaltenprunner;Georg Khaltenprunner;Bürgerbuch;1;1561;1561;0;;BB-0888;;buerger;;
georg_kapfennberger;Jorg Kapfennberger;Bürgerbuch;1;1552;1552;0;;BB-0488;;buerger;;
georg_kauffinger;Georg Kauffinger;Urkunden;1;1548;1548;0;StaAKr-0800;;;buerger;;
georg_kazer;Georg Khazer;Bürgerbuch;1;1553;1553;0;;BB-0538;;buerger;Binder;
georg_kelner;Georg Kelner;Bürgerbuch;2;1582;1582;0;;BB-1912|BB-1938;;buerger;;
georg_kernl;Georg Khernl;Bürgerbuch;1;1613;1613;0;;BB-2561;;buerger;;
georg_kiemberger;Georg Kiemberger;Urkunden;2;1522;1522;0;StaAKr-0635|StaAKr-0636;;;buerger;;
georg_klaussinger;Georg Klaussinger;Urkunden;1;1546;1546;0;StaAKr-0795;;;buerger;;
georg_koepel;Geörg Khöpel;Bürgerbuch;1;1589;1589;0;;BB-2146;;buerger;Nagelschmied;
georg_kopfauer;Georg Khopfauer;Bürgerbuch;1;1555;1555;0;;BB-0598;;buerger;Wagner;
georg_korman;Georg Hörman|Georg Korman|Georgen Khorman;Bürgerbuch;3;1566;1566;0;;BB-1086|BB-1090|BB-1109;;buerger;Beutler;
georg_kosler;Georg Kosler;Urkunden;1;1528;1528;0;StaAKr-0694a;;;buerger;;
georg_kotten;Georg Kotten;Bürgerbuch;1;1575;1575;0;;BB-1544;;buerger;Schuster;
georg_kraucker;Jorg Khrauckher;Bürgerbuch;1;1553;1553;0;;BB-0547;;buerger;;
georg_krauss;Georg Khrauß;Bürgerbuch;1;1596;1596;0;;BB-2292;;buerger;Weißgerber;
georg_krumb;Georg Khrumb;Bürgerbuch;1;1573;1573;0;;BB-1443;;buerger;Kürschner;
georg_kuchlbaur;Georg Kuchlbaur;Bürgerbuch;1;1575;1575;0;;BB-1577;;buerger;Hauer;
georg_kueeffl;Georg Khüeffl;Bürgerbuch;1;1624;1624;0;;BB-2783;;buerger;;
georg_kurz;Georg Khurz;Bürgerbuch;1;1573;1573;0;;BB-1437;;buerger;Panzermacher;
georg_kuttner;Geörg Khettner;Bürgerbuch;1;1595;1595;0;;BB-2250;;buerger;;
georg_lachawizer;Geörg Lachawizer;Bürgerbuch;1;1612;1612;0;;BB-2541;;buerger;;
georg_lannckmair;Georg Lannckhmair;Bürgerbuch;2;1557;1557;0;;BB-0693|BB-0712;;buerger;Hafner;
georg_lauchner;Gerg Lauchner;Bürgerbuch;1;1596;1596;0;;BB-2298;;buerger;Steinmetz;
georg_lechner;Georg Lechner;Bürgerbuch;2;1558;1558;0;;BB-0754|BB-0770;;buerger;Schneider;
georg_leeb;Georg Leb;Bürgerbuch;1;1622;1622;0;;BB-2719;;buerger;Bäcker;
georg_lengenfelder;Geörg Lengenfelder;Bürgerbuch;1;1587;1587;0;;BB-2072;;buerger;;
georg_lhnofla;Georg Lhnofla;Bürgerbuch;1;1621;1621;0;;BB-2656;;buerger;;
georg_linbnauer;Gerg Linbnauer;Bürgerbuch;1;1596;1596;0;;BB-2281;;buerger;Stadtkoch;
georg_loibl;Georg Loibl;Bürgerbuch;1;1567;1567;0;;BB-1185;;buerger;Fleischhacker;
georg_lott;Georg Lott;Bürgerbuch;1;1550;1550;0;;BB-0364;;buerger;;
georg_lunnghofer;Georg Lunghofer|Georg Lunnghofer;Bürgerbuch;2;1578;1578;0;;BB-1725|BB-1742;;buerger;Harnischpolierer;
georg_maerckl;Georg Märckhl;Bürgerbuch;1;1573;1573;0;;BB-1464;;buerger;Gürtler;
georg_mapl;Georg Mapl;Bürgerbuch;1;1540;1540;0;;BB-0069;;buerger;Fleischhacker;
georg_matheus;Jorg Matheus;Bürgerbuch;1;1553;1553;0;;BB-0539;;buerger;Fuhrmann;
georg_maurer;Georg Maurer;Bürgerbuch;1;1622;1622;0;;BB-2679;;buerger;;
georg_mayr;Georg Mayr;Urkunden;1;1549;1549;0;StaAKr-0808;;;buerger;;
georg_mayr_bb1573;Georg Mayr;Bürgerbuch;2;1573;1622;49;;BB-1469|BB-2670;;buerger;Wagner;
georg_mittneer;Georg Mittneer;Bürgerbuch;1;1614;1614;0;;BB-2584;;buerger;Leineweber;
georg_modl;Geörg Moll;Bürgerbuch;1;1615;1615;0;;BB-2608;;buerger;;
georg_muckenhueber;Georg Muckhenhueber|Geörg Muckhenhueber;Bürgerbuch;2;1560;1560;0;;BB-0823|BB-0846;;buerger;;
georg_mugl;Georg Mugl;Bürgerbuch;1;1579;1579;0;;BB-1803;;buerger;;
georg_mulbanger;Georg Mulbanger;Urkunden;1;1457;1457;0;StaAKr-0351;;;buerger;;
georg_nagl;Georg Nagl;Bürgerbuch;1;1548;1548;0;;BB-0243;;buerger;;
georg_nawein;Jorg Nawein;Bürgerbuch;1;1547;1547;0;;BB-0235;;buerger;;
georg_nehainer;Georg Nehainer;Bürgerbuch;1;1585;1585;0;;BB-2040;;buerger;;
georg_neubaur;Geörg Neubaur;Bürgerbuch;1;1587;1587;0;;BB-2069;;buerger;Fleischhacker;
georg_obermair;Georg Obermair|Georg Obermayr;Bürgerbuch;2;1582;1584;2;;BB-1936|BB-2029;;buerger;;
georg_oedl;Georg Ödl;Bürgerbuch;2;1579;1579;0;;BB-1782|BB-1792;;buerger;;
georg_olbm;Georg Olbm;Bürgerbuch;1;1561;1561;0;;BB-0917;;buerger;Müller;
georg_ostermayrs;Georgen Ostermayrs;Bürgerbuch;1;1616;1616;0;;BB-2635;;buerger;Notarius Publicus, Gerichtsschreiber beider Städte;
georg_ostner;Geörg Ostner;Bürgerbuch;1;1588;1588;0;;BB-2122;;buerger;Seiler;
georg_oxlmair;Georg Ochslmair|Georg Oxlmair;Bürgerbuch;2;1569;1569;0;;BB-1300|BB-1310;;buerger;Tuchscherer;
georg_pair;Georg Pair;Urkunden;1;1525;1525;0;StaAKr-0660b;;;buerger;;
georg_part;Georg Part;Bürgerbuch;1;1566;1566;0;;BB-1102;;buerger;;
georg_parth;Georg Parth;Bürgerbuch;1;1567;1567;0;;BB-1166;;buerger;;
georg_paumbol;Georg Paumbol;Urkunden;1;1423;1423;0;StaKr-0211;;;buerger;;
georg_paungartner;Georg Paungarnter|Georg Paungartner|Geörg Paungartner;Bürgerbuch;3;1561;1595;34;;BB-0881|BB-0923|BB-2261;;buerger;Goldschmied;
georg_perg;Georg Perg|Georg Perger;Bürgerbuch;2;1556;1556;0;;BB-0665|BB-0679;;buerger;Barbier;
georg_perkman;Georg Perkman;Bürgerbuch;2;1584;1584;0;;BB-1996|BB-2013;;buerger;Tuchmacher;
georg_pess;Geörg Peß;Bürgerbuch;1;1554;1554;0;;BB-0573;;buerger;Glaser;
georg_piber;Georg Piber;Bürgerbuch;1;1546;1546;0;;BB-0169;;buerger;Zirkelschmied;
georg_pintter;Georg Pintter;Urkunden;1;1419;1419;0;StaAKr-0194;;;buerger;;
georg_plass;Georg Plaß;Bürgerbuch;1;1555;1555;0;;BB-0630;;buerger;Glaser;
georg_ploischl;Georg Ploischl;Bürgerbuch;1;1566;1566;0;;BB-1128;;buerger;Schiffmann;
georg_ploschl;Georg Ploschl;Bürgerbuch;1;1548;1548;0;;BB-0242;;buerger;;
georg_praentlmair;Georg Präntlmair;Bürgerbuch;1;1573;1573;0;;BB-1418;;buerger;Fleischhacker;
georg_preyschuech;Georg Preyschuech;Bürgerbuch;2;1549;1549;0;;BB-0279|BB-0313;;buerger;;
georg_protngeir;Georg Pratngeyr|Georg Protngeir;Bürgerbuch;2;1553;1553;0;;BB-0507|BB-0525;;buerger;Kammmacher;
georg_puertberger;Geörg Puertberger;Bürgerbuch;1;1587;1587;0;;BB-2073;;buerger;Glashändler;
georg_pusler;Georg Pusler;Bürgerbuch;2;1559;1559;0;;BB-0785|BB-0802;;buerger;;
georg_rambler;Georg Rambler;Bürgerbuch;2;1559;1559;0;;BB-0784|BB-0801;;buerger;;
georg_ranfftlperger;Georg Ranfftlperger;Bürgerbuch;1;1546;1546;0;;BB-0197;;buerger;;
georg_rarer;Georg Rarer;Bürgerbuch;1;1562;1562;0;;BB-0958;;buerger;;
georg_rechling;Georg Rechling|Georgen Rechling;Bürgerbuch;3;1563;1567;4;;BB-0970|BB-1004|BB-1142;;buerger;Bäcker;
georg_regauer;Georg Regauer|Geörg Regauer;Bürgerbuch;2;1557;1557;0;;BB-0708|BB-0730;;buerger;;
georg_reichart;Georg Reichart;Bürgerbuch;1;1551;1551;0;;BB-0426;;buerger;;
georg_reichlin;Georgus Reichlin;Bürgerbuch;1;1582;1582;0;;BB-1929;;buerger;;
georg_reidler;Georg Reidler;Bürgerbuch;1;1622;1622;0;;BB-2734;;buerger;Zimmermann;
georg_resch;Geörg Resch;Bürgerbuch;1;1584;1584;0;;BB-2024;;buerger;;
georg_rettenberger;Georg Rettenberger;Urkunden;1;1610;1610;0;StaAKr-0835;;;buerger;;
georg_rettinger;Georg Rettinger;Bürgerbuch;2;1562;1562;0;;BB-0954|BB-0967;;buerger;Hauer;
georg_richalbm;Georg Richalbm;Bürgerbuch;1;1567;1567;0;;BB-1198;;buerger;Kramer;
georg_richter;Georg Richter;Bürgerbuch;1;1586;1586;0;;BB-2053;;buerger;;
georg_rieder;Georg Rieder;Bürgerbuch;2;1549;1555;6;;BB-0318|BB-0601;;buerger;Kammmacher;
georg_ritters;Georg Ritter|Geörgen Ritters;Bürgerbuch;2;1561;1561;0;;BB-0885|BB-0889;;adel;;
georg_rohrauer;Georg Rohrauer;Urkunden;1;1712;1712;0;StaAKr-0862;;;buerger;;
georg_rorer;Georg Rorer;Bürgerbuch;2;1564;1571;7;;BB-1022|BB-1371;;buerger;Bäcker;
georg_rosenberger;Georg Rosenberger;Bürgerbuch;1;1609;1609;0;;BB-2467;;buerger;Leineweber;
georg_rosler;Georg Rosler;Urkunden;1;1526;1526;0;StaAKr-0671f;;;buerger;;
georg_ross;Georg Roß;Bürgerbuch;1;1556;1556;0;;BB-0690;;buerger;Glaser;
georg_rueff;Georg Ruef|Georg Rueff;Bürgerbuch;2;1582;1582;0;;BB-1911|BB-1931;;buerger;;
georg_ruttmair;Georg Ruttmair;Bürgerbuch;1;1535;1535;0;;BB-0012;;buerger;Kupferschmied;
georg_sausenegker;Georg Sausenegker;Urkunden;1;1456;1456;0;StaAKr-0342;;;buerger;;
georg_schaffer;Geörg Schaffer;Bürgerbuch;1;1562;1562;0;;BB-0944;;buerger;Bäcker;
georg_schaider;Georg Schaider;Bürgerbuch;1;1566;1566;0;;BB-1099;;buerger;;
georg_scheckler;Georg Scheckhler;Bürgerbuch;1;1549;1549;0;;BB-0312;;buerger;;
georg_schekch_vom_wald;Georg Schekch vom Wald;Urkunden;1;1446;1446;0;StaAKr-0286;;;buerger;;
georg_schenauers;Georg Schenauers;Bürgerbuch;1;1567;1567;0;;BB-1145;;buerger;Kotzenmacher, Deckenmacher;
georg_schenperger;Georg Schenperger;Urkunden;1;1624;1624;0;StAK_162408_908_reg;;;buerger;;
georg_schepff;Georg Schepff;Bürgerbuch;1;1543;1543;0;;BB-0118;;buerger;;
georg_scherblein;Georg Scherblein;Urkunden;1;1436;1436;0;StaAKr-0263;;;buerger;;
georg_schiestl;Georg Schiestl;Bürgerbuch;1;1624;1624;0;;BB-2772;;buerger;;
georg_schmalzpauer;Georg Schmalzpauer;Bürgerbuch;1;1545;1545;0;;BB-0164;;buerger;Fischer;
georg_schmollen;Georg Schmollen;Urkunden;1;1506;1506;0;StaAKr-0569;;;buerger;;
georg_schneider;Georgen Schneider;Bürgerbuch;1;1566;1566;0;;BB-1081;;buerger;;
georg_schockler;Georg Schockhler;Bürgerbuch;1;1551;1551;0;;BB-0382;;buerger;;
georg_schrautter;Georg Schrautter;Bürgerbuch;1;1551;1551;0;;BB-0394;;buerger;Zinngießer;
georg_schreckler;Georg Schreckler;Urkunden;1;1535;1535;0;StaAKr-0738b;;;buerger;;
georg_schwaiger;Geörg Schwager;Bürgerbuch;1;1611;1611;0;;BB-2505;;buerger;;
georg_schwarzboeck;Georg Schwarzböckh;Bürgerbuch;1;1577;1577;0;;BB-1699;;buerger;;
georg_schwerthfarb;Georg Schwerdtfurb|Georgen Schwerthfarb;Bürgerbuch;2;1565;1566;1;;BB-1042|BB-1089;;buerger;Nagelschmied;
georg_schwibbacher;Geörg Schwibbacher;Bürgerbuch;1;1615;1615;0;;BB-2597;;buerger;Zinngießer;
georg_seiler;Georg Sailler;Bürgerbuch;1;1548;1548;0;;BB-0260;;buerger;Schreiner, Tischler;
georg_sengenwolff;Georg Sengenwolff oder Freyseysen;Bürgerbuch;1;1578;1578;0;;BB-1718;;buerger;;
georg_sepp;Georg Seep|Georg Sepp;Bürgerbuch;2;1577;1577;0;;BB-1656|BB-1679;;buerger;Kammmacher;
georg_siber;Georg Siber;Bürgerbuch;1;1549;1549;0;;BB-0289;;buerger;Schneider;
georg_sichel;Georg (Sihel?);Bürgerbuch;1;1580;1580;0;;BB-1845;;buerger;Schmied;
georg_sigmundt;Geörg Sigmundt;Bürgerbuch;1;1588;1588;0;;BB-2093;;buerger;Fischer;
georg_simblicherpadt;Georg Simblicherpadt;Bürgerbuch;1;1622;1622;0;;BB-2684;;buerger;;
georg_slissenberger;Georg Slissenberger;Urkunden;1;1397;1397;0;StaAKr-0090;;;buerger;;
georg_spazierer;Georg Spazierer;Urkunden;1;1430;1430;0;StaAKr-0227;;;buerger;;
georg_spreng;Georg Spreng;Urkunden;1;1511;1511;0;StaAKr-0580;;;buerger;;
georg_sprennger;Georg Sprennger;Bürgerbuch;1;1543;1543;0;;BB-0127;;buerger;;
georg_sprssl;Georg Sprssl;Bürgerbuch;1;1583;1583;0;;BB-1971;;buerger;Weißgerber;
georg_stadlman;Georg Stadlman;Bürgerbuch;2;1560;1560;0;;BB-0832|BB-0865;;buerger;;
georg_staiger;Georg Staiger;Bürgerbuch;1;1546;1546;0;;BB-0170;;buerger;;
georg_stasse;Georg Stasse;Bürgerbuch;1;1578;1578;0;;BB-1724;;buerger;;
georg_steger;Geörg Steger;Bürgerbuch;2;1589;1589;0;;BB-2132|BB-2152;;buerger;Riemer;
georg_sternegger;Georgen Sternegger|Geörg Sternegger;Bürgerbuch;2;1561;1561;0;;BB-0901|BB-0908;;buerger;;
georg_stocker;Georgen Stockher|Geörg Stockhinger;Bürgerbuch;2;1588;1588;0;;BB-2089|BB-2124;;buerger;Hauer;
georg_stockl;Georg Stockhl;Bürgerbuch;1;1549;1549;0;;BB-0271;;buerger;;
georg_stoeckl;Georg Stöckl;Urkunden;1;1549;1549;0;StaAKr-0817;;;buerger;;
georg_stopf;Georg Stapf|Georg Stopf;Bürgerbuch;2;1567;1567;0;;BB-1147|BB-1184;;buerger;Hutmacher;
georg_stosser;Georg Stosser;Bürgerbuch;1;1578;1578;0;;BB-1720;;buerger;Fleischhacker;
georg_stossi;Georg Stossi;Bürgerbuch;1;1573;1573;0;;BB-1397;;buerger;Weißgerber;
georg_straub;Georg Straub;Bürgerbuch;1;1555;1555;0;;BB-0619;;buerger;;
georg_strauben;Georg Strauben;Bürgerbuch;1;1577;1577;0;;BB-1649;;buerger;Wundarzt;
georg_straus;Georg Straus|Geörg Straus;Bürgerbuch;2;1562;1565;3;;BB-0943|BB-1057;;buerger;Bäcker;
georg_stroel;Georg Ströl;Urkunden;1;1525;1525;0;StaAKr-0660a;;;buerger;;
georg_tillinger_von_weinzierl;Georg Tillinger von Weinzierl;Urkunden;1;1522;1522;0;StaAKr-0629a;;;buerger;;
georg_truetkhl;Georg Trütkhl;Bürgerbuch;1;1555;1555;0;;BB-0620;;buerger;;
georg_tschenneter;Geörg Tschenneter;Bürgerbuch;1;1604;1604;0;;BB-2407;;buerger;;
georg_tschernvueter;Georg Tschernvueter;Bürgerbuch;2;1605;1605;0;;BB-2413|BB-2419;;buerger;;
georg_unertl;Georg Unertl;Urkunden;1;1694;1694;0;StAK-Stein-2054;;;buerger;;
georg_varlinger;Georg Varlinger;Bürgerbuch;1;1548;1548;0;;BB-0248;;buerger;Schiffmann;
georg_veissinger;Georg Veissinger;Bürgerbuch;1;1573;1573;0;;BB-1422;;buerger;Hauer;
georg_vitter;Geörg Vitter;Bürgerbuch;1;1561;1561;0;;BB-0932;;buerger;;
georg_voller;Georg Voller;Bürgerbuch;1;1557;1557;0;;BB-0696;;buerger;;
georg_von_buchhaim;Georg von Buchhaim;Urkunden;1;1528;1528;0;StaAKr-0697;;;adel;;
georg_von_chuenring;Georg von Chuenring;Urkunden;1;1451;1451;0;StaAKr-0304;;;adel;;
georg_von_musling;Georg von Musling;Urkunden;1;1535;1535;0;StaAKr-0738a;;;buerger;;
georg_von_podiebrad;Georg von Podiebrad;Urkunden;1;1451;1451;0;StaAKr-0307;;;adel;;
georg_von_puchhaim;Georg von Puchhaim|Georg von Puchheim;Urkunden;3;1407;1408;1;StaAKr-0138|StaAKr-0146|StaAKr-0147;;;adel;;
georg_von_seisenegg;Georg von Seisenegg|Georgen von Seisenegkh;Urkunden;2;1524;1526;2;StaAKr-0648|StaAKr-0676;;;buerger;;
georg_von_wagram;Georg von Wagram;Urkunden;1;1396;1396;0;StaAKr-0082;;;buerger;;
georg_wabenperger;Georg Wabenperger;Bürgerbuch;1;1562;1562;0;;BB-0946;;buerger;Binder;
georg_waebenperger;Georg Wäbenperger;Bürgerbuch;1;1562;1562;0;;BB-0968;;buerger;Binder;
georg_waeck;Georg Wäckh;Bürgerbuch;1;1563;1563;0;;BB-0995;;buerger;Hauer;
georg_wagerer;Georg Wagerer;Bürgerbuch;1;1555;1555;0;;BB-0642;;buerger;;
georg_walch;Georg Walch;Bürgerbuch;1;1544;1544;0;;BB-0149;;buerger;;
georg_walch_sonst_keler;Georg Walch sonst Keler;Bürgerbuch;1;1544;1544;0;;BB-0147;;buerger;;
georg_wayr;Georg Wayr;Bürgerbuch;1;1589;1589;0;;BB-2167;;buerger;;
georg_weiser;Georg Weiser;Bürgerbuch;1;1592;1592;0;;BB-2226;;buerger;;
georg_weishaimer;Georg Weishaimer;Bürgerbuch;1;1561;1561;0;;BB-0900;;buerger;Tischler;
georg_weiss;Georg Weiss;Bürgerbuch;1;1614;1614;0;;BB-2578;;buerger;Leineweber;
georg_werndl;Georg Werndl;Bürgerbuch;2;1569;1575;6;;BB-1326|BB-1552;;buerger;;
georg_werner;Geörg Werner;Bürgerbuch;1;1600;1600;0;;BB-2345;;buerger;;
georg_wider;Geörg Wider;Bürgerbuch;1;1597;1597;0;;BB-2317;;buerger;;
georg_widmer;Geörg Wibmer;Bürgerbuch;1;1589;1589;0;;BB-2177;;buerger;Hauer;
georg_wiollandt;Georg Wiollandt;Bürgerbuch;1;1568;1568;0;;BB-1282;;buerger;;
georg_witter;Georg Witter;Bürgerbuch;1;1589;1589;0;;BB-2154;;buerger;Handschuhmacher;
georg_wolffenreutter;Georg Wolffenreutter;Urkunden;1;1446;1446;0;StaAKr-0286;;;buerger;;
georg_wornndl;Georg Wornndl;Bürgerbuch;1;1569;1569;0;;BB-1302;;buerger;;
georg_zeidler;Georg Zeidler;Bürgerbuch;1;1571;1571;0;;BB-1373;;buerger;;
georg_zeitler;Georg Zeitler;Bürgerbuch;1;1558;1558;0;;BB-0757;;buerger;Schlosser;
georg_ziegler;Georg Ziegler;Bürgerbuch;1;1582;1582;0;;BB-1940;;buerger;;
georg_zinckenpoeck;Geörg Zinckhen Pöckh Pinoer;Bürgerbuch;1;1587;1587;0;;BB-2084;;buerger;;
georg_zindler;Georg Zindler;Bürgerbuch;1;1568;1568;0;;BB-1237;;buerger;Bader;
georg_zobl;Georg Zobl;Bürgerbuch;1;1565;1565;0;;BB-1044;;buerger;;
georg_zoll;Georg Zoll;Bürgerbuch;2;1577;1577;0;;BB-1659|BB-1680;;buerger;Drechsler;
georg_zottnphennig;Georg Zottnphennig;Bürgerbuch;1;1552;1552;0;;BB-0454;;buerger;Leineweber;
georg_zwifl;Georg Zwifl;Bürgerbuch;2;1561;1561;0;;BB-0902|BB-0928;;buerger;Brotsitzer;
georgen_florian;Georgen Florian;Urkunden;1;1526;1526;0;StaAKr-0666c;;;buerger;;
georgen_grassperger;Georgen Graßperger;Urkunden;1;1549;1549;0;StaAKr-0812;;;buerger;;
georgen_seissenpeck;Georgen Seißenpeck;Urkunden;1;1527;1527;0;StaAKr-0690;;;buerger;;
georgius_mair;Georgius Mair;Urkunden;1;1552;1552;0;StaAKr-0818;;;buerger;;
georgius_spies;Georgius Spies;Urkunden;1;1406;1406;0;StaAKr-0568;;;buerger;;
georgus_reichlin;Georgus Reichlin;Bürgerbuch;1;1582;1582;0;;BB-1910;;buerger;;
georgy_krafft;Georgy Krafft;Urkunden;1;1530;1530;0;StaAKr-0708b;;;buerger;;
gerbirg_leubserin;Gerbirg Leubserin;Urkunden;1;1300;1300;0;StaAK-UrkKr-0005;;;buerger;;
gerhart_kanttengiesser;Gerhart Kanttengießer;Urkunden;1;1532;1532;0;StaAKr-0720a;;;buerger;;
gertrud_sparenranft;Gertrud Sparenranft;Urkunden;1;1344;1344;0;StaAKr-0020;;;buerger;;
gertrud_wilhelmssohn;Gertrud Wilhelmssohn;Urkunden;1;1345;1345;0;StaAKr-0021;;;buerger;;
gilg_von_gneixendorf;Gilg von Gneixendorf;Urkunden;1;1404;1404;0;StaAKr-0129;;;buerger;;
gilgeu_gschwandner;Gilgeu Gschwandner;Bürgerbuch;1;1583;1583;0;;BB-1959;;buerger;Fleischhacker;
gilig_spenngennagl;Gilig Spenngennagl;Bürgerbuch;1;1581;1581;0;;BB-1855;;buerger;Fuhrmann;
gisela_graserin;Gisela Graserin;Urkunden;1;1300;1300;0;StaAK-UrkKr-0005;;;buerger;;
giskra_von_brandis;Giskra von Brandis;Urkunden;1;1461;1461;0;StaAKr-0388;;;adel;;
gitzik_von_cunstat;Gitzik von Cunstat;Urkunden;1;1456;1456;0;StaAKr-0343;;;adel;;
glasien_malner;Glasien Malner;Bürgerbuch;1;1571;1571;0;;BB-1374;;buerger;Drechsler;
goetz_schneider;Götz Schneider;Urkunden;1;1387;1387;0;StaAKr-0066;;;buerger;;
gothart_thanner;Gothart Thanner;Bürgerbuch;1;1544;1544;0;;BB-0142;;buerger;;
gottfried_zimerman;Gottfriedt Zimerman;Bürgerbuch;1;1615;1615;0;;BB-2598;;buerger;Nestler;
gottgfried_von_krems;Gottgfried von Krems;Urkunden;1;1295;1295;0;StaAKr-0004;;;buerger;;
gotthardt_lambertus;Gotthardt Lambertus;Bürgerbuch;1;1622;1622;0;;BB-2671;;buerger;;
gotthardt_lamperto;Gotthardt Lamperto;Bürgerbuch;1;1622;1622;0;;BB-2689;;buerger;;
gotthart_lachenwizer;Gotthart Lachenwizer;Bürgerbuch;1;1608;1608;0;;BB-2455;;buerger;;
gottschalk_1300;Gottschalk;Urkunden;1;1300;1300;0;StaAK-UrkKr-0005;;;buerger;;
graf_bernhart;Graf Bernhart;Urkunden;3;1457;1458;1;StaAKr-0354|StaAKr-0355|StaAKr-0356;;;adel;;
graf_friedrich;Graf Friedrich;Urkunden;1;1464;1464;0;StaAKr-0401;;;adel;;
graf_haug;Graf Haug;Urkunden;1;1479;1479;0;StaAKr-0440;;;adel;;
graf_von_hardegg;Graf von Hardegg;Urkunden;2;1519;1532;13;StaAKr-0611|StaAKr-0721;;;adel;;
gravenegker_1455;Gravenegker;Urkunden;1;1455;1455;0;StaAKr-0337;;;buerger;;
gregor_doelderl;Gregor Dölderl;Bürgerbuch;1;1574;1574;0;;BB-1510;;buerger;Bader;
gregor_feischerschlag_sonnst;Gregor Feischerschlag sonnst;Bürgerbuch;1;1561;1561;0;;BB-0922;;buerger;;
gregor_frischenschlag_sonst;Gregor Frischenschlag sonst;Bürgerbuch;1;1561;1561;0;;BB-0880;;buerger;;
gregor_furtner;Gregori Furttner;Bürgerbuch;1;1623;1623;0;;BB-2749;;buerger;;
gregor_ganauss;Gregor Ganauß;Bürgerbuch;1;1596;1596;0;;BB-2293;;buerger;Lederer;
gregor_hagen;Gregor Hagen;Urkunden;1;1366;1366;0;StaAKr-0042;;;buerger;;
gregor_kirschinger;Gregor Khischinger;Bürgerbuch;1;1577;1577;0;;BB-1694;;buerger;Binder;
gregor_kraucker;Gregor Khrauckher;Bürgerbuch;1;1564;1564;0;;BB-1009;;buerger;;
gregor_minichreitter;Gregor Minichreitter;Bürgerbuch;1;1589;1589;0;;BB-2168;;buerger;;
gregor_moller;Gregor Moller;Bürgerbuch;2;1555;1555;0;;BB-0605|BB-0615;;buerger;Schuster;
gregor_scholz;Gregor Scholz;Bürgerbuch;1;1583;1583;0;;BB-1966;;buerger;Apotheker;
gregor_staengl;Gregor Stängl|Gregori Stängl;Bürgerbuch;2;1623;1623;0;;BB-2750|BB-2755;;buerger;;
gregor_teibling;Gregor Teibling;Bürgerbuch;1;1549;1549;0;;BB-0305;;buerger;Apotheker;
gregor_von_berchtesgarden;Gregor von Berchtesgarden;Urkunden;1;1518;1518;0;StaAKr-0599;;;buerger;;
gregor_vorster;Gregori Vorster;Bürgerbuch;1;1550;1550;0;;BB-0374;;buerger;;
gregor_woehller;Gregor Wöhller;Bürgerbuch;1;1624;1624;0;;BB-2773;;buerger;;
gregor_zeck;Gregori Zeckh;Bürgerbuch;1;1623;1623;0;;BB-2740;;buerger;;
haetterl;Hätterl;Bürgerbuch;1;1547;1547;0;;BB-0208;;buerger;;
haimeran_gasner;Haimeran Gasner;Bürgerbuch;1;1615;1615;0;;BB-2616;;buerger;Schiffmann;
hainreich_1480;Hainreich;Urkunden;1;1480;1480;0;StaAKr-0444;;;buerger;;
hainreich_chornhauff;Hainreich Chornhauff;Urkunden;1;1400;1400;0;StaAKr-0104;;;buerger;;
hainrich_parz;Hainrich Parz;Urkunden;1;1405;1405;0;StaAKr-0132;;;buerger;;
hainrich_von_liechtenstein_von_nicolsburg;Hainrich von Liechtenstein von Nicolsburg;Urkunden;1;1479;1479;0;StaAKr-0441;;;adel;;
haintzl_freynstain;Haintzl Freynstain;Urkunden;1;1414;1414;0;StaAKr-0169;;;buerger;;
hainzel_badknecht;Hainzel Badknecht;Urkunden;1;1394;1394;0;StaAKr-0080;;;buerger;;
hanneran_stenngl;Hanneran Stenngl;Bürgerbuch;1;1537;1537;0;;BB-0029;;buerger;;
hanns_aichinger;Hanns Aichinger;Urkunden;1;1522;1522;0;StaAKr-0629b;;;buerger;;
hanns_albrecht;Hanns Albrecht;Urkunden;1;1507;1507;0;StaAKr-0572a;;;buerger;;
hanns_altenburger;Hanns Altenburger;Urkunden;1;1549;1549;0;StaAKr-0813;;;buerger;;
hanns_altleder;Hanns Altleder;Urkunden;1;1531;1531;0;StaAKr-0716a;;;buerger;;
hanns_bayr;Hanns Bayr;Urkunden;1;1600;1600;0;StAK-Stein-2037;;;buerger;;
hanns_burkhart;Hanns Burkhart;Urkunden;1;1538;1538;0;StaAKr-0755;;;buerger;;
hanns_der_notleich;Hanns der Notleich;Urkunden;1;1391;1391;0;StaAKr-0069;;;buerger;;
hanns_eckhart;Hanns Eckhart;Urkunden;1;1419;1419;0;StaAKr-0197;;;buerger;;
hanns_ecklberger;Hanns Ecklberger;Urkunden;1;1531;1531;0;StaAKr-0716a;;;buerger;;
hanns_ernhofer;Hanns Ernhofer;Urkunden;1;1539;1539;0;StaAKr-0767;;;buerger;;
hanns_fetauer;Hanns Fetauer;Urkunden;2;1516;1516;0;StaAKr-0586|StaAKr-0586a;;;buerger;;
hanns_freisinger;Hanns Freisinger;Urkunden;1;1548;1548;0;StaAKr-0801;;;buerger;;
hanns_georg_prukstaller;Hanns Georg Prukstaller;Urkunden;1;1539;1539;0;StaAKr-0767;;;buerger;;
hanns_grapler;Hanns Grapler;Urkunden;1;1535;1535;0;StaAKr-0738a;;;buerger;;
hanns_grassauer;Hanns Grassauer;Urkunden;1;1530;1530;0;StaAKr-0708a;;;buerger;;
hanns_hermann;Hanns Hermann;Urkunden;1;1539;1539;0;StaAKr-0772;;;buerger;;
hanns_hipplstorfer;Hanns Hipplstorfer;Urkunden;1;1526;1526;0;StaAKr-0673a;;;buerger;;
hanns_hoefer;Hanns Hoefer;Urkunden;1;1534;1534;0;StaAKr-0735b;;;buerger;;
hanns_klingenmayer;Hanns Klingenmayer;Urkunden;1;1527;1527;0;StaAKr-0676a;;;buerger;;
hanns_krottendorfer;Hanns Krottendorfer;Urkunden;1;1549;1549;0;StaAKr-0810;;;buerger;;
hanns_losthart;Hanns Losthart;Urkunden;1;1534;1534;0;StaAKr-0735b;;;buerger;;
hanns_maurer;Hanns Maurer;Urkunden;1;1531;1531;0;StaAKr-0716c;;;buerger;;
hanns_nauschl;Hanns Nauschl;Urkunden;1;1523;1523;0;StaAKr-0640a;;;buerger;;
hanns_neudegker;Hanns Neudegker;Urkunden;1;1443;1443;0;StAK-Stein-2012;;;buerger;;
hanns_ochs;Hanns Ochs;Urkunden;1;1526;1526;0;StaAKr-0673b;;;buerger;;
hanns_pair;Hanns Pair|Hannsen Pair;Urkunden;2;1525;1525;0;StaAKr-0660b;;;buerger;;
hanns_papst;Hanns Papst;Urkunden;1;1485;1485;0;StaAKr-0497;;;buerger;;
hanns_pinnter;Hanns Pinnter;Urkunden;1;1549;1549;0;StaAKr-0803;;;buerger;;
hanns_pollner;Hanns Pollner;Urkunden;1;1481;1481;0;StaAKr-0460;;;buerger;;
hanns_ratenberger;Hanns Ratenberger;Urkunden;1;1539;1539;0;StaAKr-0774;;;buerger;;
hanns_schneider;Hanns Schneider;Urkunden;1;1535;1535;0;StaAKr-0738b;;;buerger;;
hanns_strassgurtl;Hanns Straßgurtl;Urkunden;1;1549;1549;0;StaAKr-0814;;;buerger;;
hanns_straubinger;Hanns Straubinger;Urkunden;1;1507;1507;0;StaAKr-0572a;;;buerger;;
hanns_strauss;Hanns Strauss;Urkunden;1;1519;1519;0;StAK-Stein-2026;;;buerger;;
hanns_thuetl;Hanns Thuetl;Urkunden;1;1535;1535;0;StaAKr-0738b;;;buerger;;
hanns_vasthanng;Hanns Vasthanng;Urkunden;1;1549;1549;0;StaAKr-0810;;;buerger;;
hanns_vrannbiter;Hanns Vrannbiter;Urkunden;1;1530;1530;0;StaAKr-0710b;;;buerger;;
hanns_winkelbrecht;Hanns Winkelbrecht;Urkunden;1;1526;1526;0;StaAKr-0671g;;;buerger;;
hanns_zeller;Hanns Zeller;Urkunden;1;1507;1507;0;StaAKr-0570a;;;buerger;;
hanns_zendl;Hanns Zendl;Urkunden;1;1521;1521;0;StaAKr-0627a;;;buerger;;
hannsen_angerer;Hannsen Angerer;Urkunden;1;1526;1526;0;StaAKr-0671h;;;buerger;;
hannsen_buendtner;Hannsen Bündtner;Urkunden;1;1549;1549;0;StaAKr-0808;;;buerger;;
hannsen_drescher;Hannsen Drescher;Urkunden;1;1548;1548;0;StaAKr-0799;;;buerger;;
hannsen_felber;Hannsen Felber;Urkunden;1;1517;1517;0;StaAKr-0596;;;buerger;;
hannsen_knolln;Hannsen Knolln;Urkunden;1;1549;1549;0;StaAKr-0802;;;buerger;;
hannsen_krausspecken;Hannsen Kraußpecken;Urkunden;1;1535;1535;0;StaAKr-0738a;;;buerger;;
hannsen_kreitmair;Hannsen Kreitmair;Urkunden;1;1536;1536;0;StaAKr-0740a;;;buerger;;
hannsen_leschnauer;Hannsen Leschnauer;Urkunden;1;1526;1526;0;StaAKr-0668a;;;buerger;;
hannsen_lyfee;Hannsen Lyfee;Urkunden;1;1526;1526;0;StaAKr-0666b;;;buerger;;
hannsen_maier;Hannsen Maier;Urkunden;1;1549;1549;0;StaAKr-0804;;;buerger;;
hannsen_nuber;Hannsen Nuber;Urkunden;1;1536;1536;0;StaAKr-0740a;;;buerger;;
hannsen_pruckmaier;Hannsen Pruckmaier;Urkunden;1;1548;1548;0;StaAKr-0799;;;buerger;;
hannsen_schneeperger;Hannsen Schneeperger;Urkunden;1;1549;1549;0;StaAKr-0816;;;buerger;;
hannsen_sumperler;Hannsen Sumperler;Urkunden;1;1547;1547;0;StaAKr-0797;;;buerger;;
hannsen_teisendorfer;Hannsen Teisendorfer;Urkunden;1;1539;1539;0;StaAKr-0772;;;buerger;;
hannsen_trauwiner;Hannsen Trauwiner;Urkunden;1;1526;1526;0;StaAKr-0670e;;;buerger;;
hannsen_voglpolz;Hannsen Voglpolz;Urkunden;1;1526;1526;0;StaAKr-0666b;;;buerger;;
hannsen_wohlgemut;Hannsen Wohlgemut;Urkunden;1;1526;1526;0;StaAKr-0676;;;buerger;;
hannssen_hirschlach;Hannßen Hirschlach;Bürgerbuch;1;1571;1571;0;;BB-1363;;buerger;Panzermacher;
hans_abeller;Hanns Abeller;Bürgerbuch;1;1555;1555;0;;BB-0643;;buerger;Uhrmacher;
hans_ackerl;Hanns Ackherl;Bürgerbuch;1;1547;1547;0;;BB-0205;;buerger;;
hans_adam_franz;Hans Adam Franz;Bürgerbuch;2;1583;1583;0;;BB-1962|BB-1984;;buerger;Messerschmied;
hans_aeweiller;Hans Aeweiller;Bürgerbuch;1;1567;1567;0;;BB-1147;;buerger;Hutmacher;
hans_agersch;Hans Agersch;Bürgerbuch;1;1555;1555;0;;BB-0600;;buerger;Bürstenbinder;
hans_althamer;Hanns Althamer;Bürgerbuch;1;1585;1585;0;;BB-2042;;buerger;Zimmermann;
hans_aman;Hannß Aman;Bürgerbuch;1;1561;1561;0;;BB-0909;;buerger;Zinngießer;
hans_amans;Hans Amans;Bürgerbuch;1;1578;1578;0;;BB-1727;;buerger;Tuchmacher;
hans_ambshaimer;Hanns Ambshaimer;Bürgerbuch;1;1548;1548;0;;BB-0240;;buerger;;
hans_amermair;Hanns Amermair;Bürgerbuch;1;1551;1551;0;;BB-0429;;buerger;;
hans_angerlechner;Hanns Angerlechner;Bürgerbuch;2;1582;1582;0;;BB-1920|BB-1951;;buerger;Schmied;
hans_anngerer;Hannsz Angerer;Bürgerbuch;1;1577;1577;0;;BB-1710;;buerger;;
hans_arbeiller;Hans Arbeiller;Bürgerbuch;1;1560;1560;0;;BB-0837;;buerger;Schreiner;
hans_arckl;Hans Arckl;Bürgerbuch;1;1561;1561;0;;BB-0879;;buerger;Bäcker;
hans_auer;Hanns Awer;Bürgerbuch;2;1546;1546;0;;BB-0171|BB-0177;;buerger;;
hans_baertler;Hannsz Bärtler;Bürgerbuch;1;1575;1575;0;;BB-1578;;buerger;Zimmermann;
hans_bambinsteur;Hanns Bambinsteur;Bürgerbuch;1;1569;1569;0;;BB-1324;;buerger;;
hans_bauer;Hanns Pair;Bürgerbuch;1;1554;1554;0;;BB-0578;;buerger;Schneider;
hans_bayr;Hannsz Beyr;Bürgerbuch;1;1581;1581;0;;BB-1904;;buerger;;
hans_behaim;Hanns Behaim;Bürgerbuch;1;1543;1543;0;;BB-0110;;buerger;;
hans_behaimb;Hannsen Behaimb|Hannß Behaimb;Bürgerbuch;2;1563;1563;0;;BB-0988|BB-1001;;buerger;Nadler;
hans_bernhardt;Hanns Bernhardt;Bürgerbuch;1;1551;1551;0;;BB-0389;;buerger;Fleischhacker;
hans_bersstinger;Hannß Bersstinger;Bürgerbuch;1;1604;1604;0;;BB-2406;;buerger;;
hans_bessel;Hannsz Bessel;Bürgerbuch;1;1581;1581;0;;BB-1906;;buerger;;
hans_bezl;Hannsz Bezl;Bürgerbuch;1;1573;1573;0;;BB-1451;;buerger;Schneider;
hans_bezolt;Hans Bezolt;Bürgerbuch;1;1578;1578;0;;BB-1721;;buerger;;
hans_bidmer;Hannß Bidmer;Bürgerbuch;1;1580;1580;0;;BB-1833;;buerger;Fischer;
hans_blazenperger;Hannß Blazenperger;Bürgerbuch;1;1589;1589;0;;BB-2189;;buerger;Hauer;
hans_branns;Hanns Branns|Hannß Brans;Bürgerbuch;2;1553;1553;0;;BB-0501|BB-0521;;buerger;Hutmacher;
hans_braun;Hanns Braun;Bürgerbuch;1;1535;1535;0;;BB-0003;;buerger;;
hans_breuer;Hanns Prewer;Bürgerbuch;1;1543;1543;0;;BB-0109;;buerger;;
hans_brottkarb;Hannsz Brottkarb;Bürgerbuch;1;1576;1576;0;;BB-1624;;buerger;;
hans_bruckmair;Hanns Bruckhmair;Bürgerbuch;1;1536;1536;0;;BB-0015;;buerger;Kupferschmied;
hans_brunnen;Hans Brunnen;Urkunden;1;1448;1448;0;StaAKr-0299;;;buerger;;
hans_brunner;Hans Brunner;Urkunden;1;1432;1432;0;StaAKr-0235;;;buerger;;
hans_burckhardt;Hansz Burckhardt;Bürgerbuch;1;1573;1573;0;;BB-1430;;buerger;Flaschner;
hans_burger;Hans Burger;Urkunden;1;1486;1486;0;StaAKr-0500;;;buerger;;
hans_burger_bb1557;Hanns Burger;Bürgerbuch;1;1557;1557;0;;BB-0723;;buerger;;
hans_camersperger;Hanns Camersperger;Bürgerbuch;1;1550;1550;0;;BB-0369;;buerger;;
hans_casprendt;Hans Casprendt;Bürgerbuch;1;1615;1615;0;;BB-2603;;buerger;Maurer;
hans_christoff_pockinger;Hannß Christoff Pockhinger;Bürgerbuch;2;1579;1579;0;;BB-1778|BB-1811;;buerger;;
hans_crafft;Hanns Crafft;Bürgerbuch;1;1549;1549;0;;BB-0277;;buerger;Goldschmied;
hans_czyrne;Hans Czyrne;Urkunden;1;1445;1445;0;StaAKr-0280;;;buerger;;
hans_dachsperg;Hans Dachsperg;Urkunden;1;1487;1487;0;StaAKr-0511;;;adel;;
hans_dannrer;Hannsz Danner;Bürgerbuch;1;1576;1576;0;;BB-1641;;buerger;;
hans_degennpeck;Hanns Degennpeckh;Bürgerbuch;1;1552;1552;0;;BB-0479;;buerger;;
hans_der_zeller;Hans der Zeller;Urkunden;1;1413;1413;0;StaAKr-0168;;;buerger;;
hans_doelderl;Hannß Dölderl;Bürgerbuch;1;1578;1578;0;;BB-1754;;buerger;;
hans_doeoelerl;Hannsz Döölerl;Bürgerbuch;1;1587;1587;0;;BB-2078;;buerger;Bader;
hans_doezer;Hansz Dözer;Bürgerbuch;1;1614;1614;0;;BB-2571;;buerger;Binder;
hans_dorn;Hans Dorn;Urkunden;1;1401;1401;0;StaAKr-0120;;;buerger;;
hans_dorner;Hans Dorner;Urkunden;1;1401;1401;0;StaAKr-0120;;;buerger;;
hans_drack;Hans Drack;Bürgerbuch;1;1550;1550;0;;BB-0358;;buerger;Barbier;
hans_drer;Hans Drer;Bürgerbuch;1;1588;1588;0;;BB-2093;;buerger;Fischer;
hans_drescher;Hans Drescher;Bürgerbuch;3;1553;1558;5;;BB-0502|BB-0658|BB-0746;;buerger;Schlosser;
hans_droescher;Hans Dröscher;Bürgerbuch;2;1555;1558;3;;BB-0603|BB-0757;;buerger;Schlosser;
hans_duembler;Hans Dümbler|Hans Tümbler;Bürgerbuch;2;1583;1583;0;;BB-1959|BB-1988;;buerger;Fleischhacker;
hans_duernhofer;Hannß Dürnhofer;Bürgerbuch;3;1579;1583;4;;BB-1779|BB-1789|BB-1963;;buerger;Leinwander;
hans_eberhart;Hanns Eberhart;Bürgerbuch;1;1585;1585;0;;BB-2041;;buerger;Pflasterer;
hans_eckl;Hannsz Eckhl;Bürgerbuch;3;1577;1582;5;;BB-1663|BB-1684|BB-1911;;buerger;Uhrmacher;
hans_eder;Hannß Eder;Bürgerbuch;1;1592;1592;0;;BB-2191;;buerger;;
hans_eittelschneider;Hannsz Eittelschneider;Bürgerbuch;1;1616;1616;0;;BB-2623;;buerger;;
hans_ekl;Hans Ekl;Bürgerbuch;1;1583;1583;0;;BB-1962;;buerger;Messerschmied;
hans_englmair;Hanns Englmair;Bürgerbuch;1;1565;1565;0;;BB-1071;;buerger;Fuhrmann;
hans_enndres;Hanns Enndras|Hanns Enndres;Bürgerbuch;2;1559;1559;0;;BB-0796|BB-0810;;buerger;Kammmacher;
hans_enzesperger;Hanns Enzesperger;Bürgerbuch;1;1539;1539;0;;BB-0061;;buerger;;
hans_erbar;Hansz Erbar;Bürgerbuch;1;1574;1574;0;;BB-1477;;buerger;Tischler;
hans_erl;Hanns Erl;Bürgerbuch;1;1546;1546;0;;BB-0190;;buerger;;
hans_erlacher;Hannsz Erlacher;Bürgerbuch;1;1614;1614;0;;BB-2586;;buerger;;
hans_ernnsthofer;Hans Ernnsthofer;Bürgerbuch;1;1559;1559;0;;BB-0790;;buerger;Tischler;
hans_ernst;Hannsen Ernst|Hans Ernst;Urkunden;2;1539;1539;0;StaAKr-0768|StaAKr-0776;;;buerger;;
hans_eschebeck;Hanns Eschebeckh;Bürgerbuch;1;1569;1569;0;;BB-1344;;buerger;;
hans_fack;Hanns Falckh;Bürgerbuch;1;1608;1608;0;;BB-2456;;buerger;;
hans_faden;Hanns Faden;Bürgerbuch;3;1560;1563;3;;BB-0858|BB-0979|BB-1008;;buerger;Beutler;
hans_faerb;Hans Färb;Urkunden;1;1507;1507;0;StaAKr-0570;;;buerger;;
hans_fallmayr;Hanß Fallmayr;Bürgerbuch;1;1622;1622;0;;BB-2736;;buerger;;
hans_fastler;Hannß Fastler;Bürgerbuch;1;1573;1573;0;;BB-1474;;buerger;Salzleger;
hans_feemann;Hans Feemann;Bürgerbuch;1;1614;1614;0;;BB-2570;;buerger;Zinngießer;
hans_ferman;Hanns Fermann;Bürgerbuch;1;1611;1611;0;;BB-2507;;buerger;;
hans_feuerer;Hanns Feuerer;Bürgerbuch;1;1535;1535;0;;BB-0006;;buerger;;
hans_fischer;Hannsz Vischer|Hansz Vischer;Bürgerbuch;3;1573;1574;1;;BB-1400|BB-1502|BB-1509;;buerger;Nagelschmied;
hans_fleischhacker;Hanns Vleischackher;Bürgerbuch;1;1551;1551;0;;BB-0380;;buerger;;
hans_forster;Hans Forster;Urkunden;1;1447;1447;0;StaAKr-0292;;;buerger;;
hans_freisinger;Hannß Freisinger;Bürgerbuch;2;1553;1557;4;;BB-0549|BB-0707;;buerger;Schneider;
hans_freithafer;Hans Freithafer;Bürgerbuch;1;1557;1557;0;;BB-0701;;buerger;;
hans_frischauf;Hanns Freschauf|Hannsen Frischauf;Bürgerbuch;2;1560;1560;0;;BB-0834|BB-0850;;buerger;Hauer;
hans_friz;Hanß Fritz;Bürgerbuch;1;1614;1614;0;;BB-2584;;buerger;Leineweber;
hans_frodnacher;Hans Frodnacher|Hans Frodnaher;Urkunden;9;1456;1462;6;StaAKr-0338|StaAKr-0359|StaAKr-0360|StaAKr-0361|StaAKr-0363|StaAKr-0365|StaAKr-0367|StaAKr-0383|StaAKr-0390;;;buerger;;
hans_fuerer;Hans Fuerer;Urkunden;1;1415;1415;0;StaAKr-0178;;;buerger;;
hans_fuerst;Hans Fürst;Bürgerbuch;2;1560;1560;0;;BB-0837|BB-0841;;adel;Schreiner;
hans_fux;Hannß Fux;Bürgerbuch;1;1595;1595;0;;BB-2263;;buerger;Maurer;
hans_gaiger;Hanns Gaiger;Bürgerbuch;1;1549;1549;0;;BB-0306;;buerger;;
hans_galauner;Hanns Galauner;Bürgerbuch;1;1542;1542;0;;BB-0091;;buerger;;
hans_galiperger;Hannß Galiperger;Bürgerbuch;1;1562;1562;0;;BB-0938;;buerger;;
hans_gassner;Hanns Gassner|Hannsz Gaszner;Bürgerbuch;2;1547;1611;64;;BB-0210|BB-2523;;buerger;Drechsler;
hans_gauman;Hanß Gauman;Bürgerbuch;1;1622;1622;0;;BB-2714;;buerger;;
hans_gehrai;Hanß Gehrai;Bürgerbuch;1;1621;1621;0;;BB-2663;;buerger;;
hans_geisler;Hannß Geisler;Bürgerbuch;1;1561;1561;0;;BB-0910;;buerger;Fischer;
hans_gensstetter;Hannsz Gensstetter;Bürgerbuch;1;1611;1611;0;;BB-2524;;buerger;;
hans_gerestorffer;Hans Gerersdorffer|Hans Gerestorffer;Urkunden;2;1401;1415;14;StaAKr-0120|StaAKr-0177;;;buerger;;
hans_germandl;Hans Germandl;Urkunden;1;1458;1458;0;StaAKr-0370;;;buerger;;
hans_gesslbeck;Hanns Geßlbeckh;Bürgerbuch;1;1606;1606;0;;BB-2430;;buerger;Müller;
hans_gezen;Hans Gezen;Bürgerbuch;1;1581;1581;0;;BB-1847;;buerger;;
hans_gfeller;Hannsen Gfeller;Bürgerbuch;1;1566;1566;0;;BB-1087;;buerger;;
hans_gierl;Hannsz Gierl;Bürgerbuch;1;1567;1567;0;;BB-1138;;buerger;;
hans_gierla;Hans Gierla;Bürgerbuch;1;1576;1576;0;;BB-1582;;buerger;;
hans_glax;Hannsz Glax;Bürgerbuch;1;1613;1613;0;;BB-2568;;buerger;Kupferschmied;
hans_gmundner;Hans Gmundner;Bürgerbuch;3;1541;1561;20;;BB-0075|BB-0119|BB-0902;;buerger;Brotsitzer;
hans_gmundtner;Hans Gmundtner;Bürgerbuch;4;1558;1566;8;;BB-0749|BB-0879|BB-1035|BB-1081;;buerger;Kupferschmied;
hans_goez;Hannß Göz;Bürgerbuch;1;1579;1579;0;;BB-1813;;buerger;Sattler;
hans_golding;Hanns Golding;Bürgerbuch;1;1552;1552;0;;BB-0483;;buerger;;
hans_grabmaister;Hansz Grabmaister|Hanß Grabmaister;Bürgerbuch;2;1574;1574;0;;BB-1492|BB-1524;;buerger;Buchführer;
hans_grabner;Hannsz Grebmer|Hannß Grabmer|Hannß Gräbmer;Bürgerbuch;6;1577;1581;4;;BB-1700|BB-1719|BB-1737|BB-1776|BB-1787|BB-1851;;buerger;Hufschmied;
hans_graf;Hannß Graw;Bürgerbuch;1;1595;1595;0;;BB-2259;;buerger;Wagner;
hans_grassperger;Hans Graßperger;Urkunden;1;1549;1549;0;StaAKr-0812;;;buerger;;
hans_greusnicker;Hans Greusnicker;Urkunden;1;1405;1405;0;StaAKr-0132;;;buerger;;
hans_grienwald;Hanns Grienwald;Bürgerbuch;1;1543;1543;0;;BB-0124;;buerger;;
hans_grinnizhauser;(+Hannsen) Grinnizhauser|Hannsen Grinnizhauser;Bürgerbuch;2;1553;1553;0;;BB-0490|BB-0496;;buerger;;
hans_gross;Hannß Groß;Bürgerbuch;1;1595;1595;0;;BB-2254;;buerger;Hutmacher;
hans_grueber;Hanns Grueber|Hannsen Grueber|Hannß Grueber|Hansz Grueber;Bürgerbuch;4;1541;1597;56;;BB-0081|BB-0984|BB-0998|BB-2330;;buerger;Schneider;
hans_gruebpaur;Hanns Gruebpaur;Bürgerbuch;3;1560;1564;4;;BB-0861|BB-0970|BB-1022;;buerger;Bäcker;
hans_grundtner;Hanns Grundtner;Bürgerbuch;2;1557;1560;3;;BB-0705|BB-0876;;buerger;;
hans_haerpl;Hanns Harpl|Hanns Härpl;Bürgerbuch;2;1558;1558;0;;BB-0744|BB-0765;;buerger;Bäcker;
hans_haider;Hanns Haider;Bürgerbuch;1;1585;1585;0;;BB-2045;;buerger;Bäcker;
hans_halbmair;Hanns Halbmair;Bürgerbuch;1;1567;1567;0;;BB-1205;;buerger;Kramer;
hans_harbacher;Hanns Harbacher;Bürgerbuch;1;1557;1557;0;;BB-0724;;buerger;Fasszieher;
hans_harchinger;Hanns Harchinger;Bürgerbuch;1;1542;1542;0;;BB-0099;;buerger;Zimmermann;
hans_harpls;Hanns Harpls;Bürgerbuch;1;1566;1566;0;;BB-1094;;buerger;;
hans_harrasser;Hans Harrasser;Urkunden;1;1497;1497;0;StaAKr-0555;;;buerger;;
hans_hartman;Hanns Hartmann;Bürgerbuch;1;1535;1535;0;;BB-0004;;buerger;;
hans_hartneier;Hans Hartneier;Bürgerbuch;1;1583;1583;0;;BB-1979;;buerger;;
hans_hasenerl;Hannsz Hasenerl;Bürgerbuch;1;1588;1588;0;;BB-2111;;buerger;Drechsler;
hans_hauer;Hanns Hauer;Bürgerbuch;1;1538;1538;0;;BB-0046;;buerger;;
hans_haur;Hannß Haur;Bürgerbuch;1;1579;1579;0;;BB-1808;;buerger;Fuhrmann;
hans_hausshan;Hans Haußhan;Bürgerbuch;1;1554;1554;0;;BB-0568;;buerger;Buchbinder;
hans_haussman;Hannsz Hauszman;Bürgerbuch;2;1581;1581;0;;BB-1856|BB-1877;;buerger;;
hans_haussschwender;Hannsz Haußschwender;Bürgerbuch;1;1613;1613;0;;BB-2566;;buerger;;
hans_hefelfuerter;Hanns Hefelfuerter;Bürgerbuch;1;1548;1548;0;;BB-0239;;buerger;;
hans_heidegg;Hans Heidegg;Urkunden;1;1407;1407;0;StaAKr-0141;;;buerger;;
hans_heillingstainer;Hans Heillingstainer;Bürgerbuch;1;1614;1614;0;;BB-2572;;buerger;Tuchmacher;
hans_heisler;Hannsz Heusler;Bürgerbuch;1;1561;1561;0;;BB-0883;;buerger;Binder;
hans_heitl;Hannß Heitl;Bürgerbuch;1;1595;1595;0;;BB-2251;;buerger;Fleischhacker;
hans_hekchl;Hans Hekchl;Urkunden;1;1419;1419;0;StaAKr-0192;;;buerger;;
hans_helbm;Hanns Helbm|Hannß Helbm;Bürgerbuch;4;1553;1569;16;;BB-0511|BB-0542|BB-0559|BB-1305;;buerger;Salzmacher;
hans_herlot;Hansz Herlot;Bürgerbuch;1;1597;1597;0;;BB-2331;;buerger;Glaser;
hans_herrenleben;Hannsz Herrenleben;Bürgerbuch;1;1567;1567;0;;BB-1131;;buerger;Flaschner;
hans_herzog;Hanns Herzog;Bürgerbuch;1;1565;1565;0;;BB-1068;;adel;;
hans_hiezgern;Hanß Hiezgern;Bürgerbuch;1;1622;1622;0;;BB-2721;;buerger;Fleischhacker;
hans_hilliinger;Hanns Hilliinger;Bürgerbuch;1;1550;1550;0;;BB-0349;;buerger;Salzleger;
hans_hinderholzer;Hanns Hinnderholner;Bürgerbuch;1;1553;1553;0;;BB-0553;;buerger;;
hans_hofer;Hansz Hoffer|Hanß Hoffer;Bürgerbuch;2;1574;1624;50;;BB-1536|BB-2769;;buerger;Harnischpolierer;
hans_hoffer;Hanß Hoffer;Bürgerbuch;1;1574;1574;0;;BB-1501;;buerger;Harnischpolierer;
hans_hofkircher;Hans Hofkircher;Urkunden;1;1451;1451;0;StaAKr-0307;;;buerger;;
hans_holzinger;Hans Holzinger;Bürgerbuch;4;1545;1559;14;;BB-0157|BB-0506|BB-0702|BB-0791;;buerger;Riemer;
hans_holzman;Hanns Holzman;Bürgerbuch;1;1569;1569;0;;BB-1323;;buerger;;
hans_horinger;Hanns Horinger;Bürgerbuch;1;1536;1536;0;;BB-0021;;buerger;Schneider;
hans_hornleben;Hanns Hornleben;Bürgerbuch;1;1567;1567;0;;BB-1211;;buerger;Flaschner;
hans_hueber;Hanß Hueber;Bürgerbuch;1;1622;1622;0;;BB-2683;;buerger;;
hans_huetten;Hans Hütten;Urkunden;1;1458;1458;0;StaAKr-0374;;;buerger;;
hans_hugkher;Hanns Hugkher;Bürgerbuch;1;1544;1544;0;;BB-0153;;buerger;;
hans_hulber;Hans Hulber;Urkunden;2;1401;1401;0;StaAKr-0111|StaAKr-0113;;;buerger;;
hans_ingolstaedter;Hans Ingolstädter;Urkunden;1;1454;1454;0;StAK-UrkKr-0318;;;buerger;;
hans_jacob_haas;Hannß Jacob Haß;Bürgerbuch;2;1589;1589;0;;BB-2140|BB-2160;;buerger;Barbier;
hans_jaeger;Hans Jäger;Bürgerbuch;1;1578;1578;0;;BB-1722;;buerger;;
hans_jordan;Hanns Jordan;Bürgerbuch;2;1568;1568;0;;BB-1220|BB-1270;;buerger;Färber;
hans_judenrichter;Hans Judenrichter;Urkunden;1;1340;1340;0;StAK-UrkKr-0016;;;buerger;;
hans_kaemaener;Hannsz Kämäner;Bürgerbuch;1;1573;1573;0;;BB-1447;;buerger;Maurer;
hans_kaempl;Hanß Khämpl;Bürgerbuch;1;1622;1622;0;;BB-2685;;buerger;;
hans_kampel;Hannsz Kampel;Bürgerbuch;1;1573;1573;0;;BB-1405;;buerger;Brotsitzer;
hans_kaniter;Hansz Kaniter|Hanß Kaniter;Bürgerbuch;2;1574;1574;0;;BB-1490|BB-1538;;buerger;Glaser;
hans_karch;Hans Karch;Bürgerbuch;1;1614;1614;0;;BB-2573;;buerger;Riemer;
hans_karl;Hanns Carl|Hannsen Carl|Hannsz Carl|Hannsz Karl|Hansz Karl;Bürgerbuch;5;1560;1577;17;;BB-0837|BB-0851|BB-1555|BB-1568|BB-1651;;buerger;Schreiner;
hans_karl_hauer_1577;Hannsz Carl;Bürgerbuch;1;1577;1577;0;;BB-1675;;buerger;Hauer;
hans_karl_tischler_1577;Hannsz Carl;Bürgerbuch;1;1577;1577;0;;BB-1695;;buerger;Tischler;
hans_katringer;Hans Katringer;Urkunden;1;1405;1405;0;StaAKr-0134;;;buerger;;
hans_kauzendorfer;Hanß Khauzendorfer;Bürgerbuch;1;1623;1623;0;;BB-2741;;buerger;;
hans_kauzenreuter;Hanß Khauzenreüter;Bürgerbuch;1;1623;1623;0;;BB-2742;;buerger;;
hans_kegl;Hanns Kegl;Bürgerbuch;1;1567;1567;0;;BB-1203;;buerger;;
hans_keller;Hannsz Kheller;Bürgerbuch;1;1616;1616;0;;BB-2627;;buerger;Tischler;
hans_kellner;Hans Kellner;Bürgerbuch;1;1621;1621;0;;BB-2662;;buerger;Zimmermann;
hans_kern;Hans Kern;Urkunden;1;1436;1436;0;StAK-UrkKr-0266;;;buerger;;
hans_keser;Hans Keser;Urkunden;1;1435;1435;0;StaAKr-0260;;;buerger;;
hans_kienberger;Hans Kienberger;Urkunden;1;1435;1435;0;StaAKr-0260;;;buerger;;
hans_kirchperger;Hanns Kirchperger;Bürgerbuch;1;1549;1549;0;;BB-0328;;buerger;;
hans_kleblath;Hanns Khleblath;Bürgerbuch;1;1568;1568;0;;BB-1238;;buerger;Schneider;
hans_klingenpruner;Hannß Khlingenpruner;Bürgerbuch;1;1589;1589;0;;BB-2188;;buerger;;
hans_kluegeisen;Hansz Kluegeisen|Hanß Kluegeisen;Bürgerbuch;2;1574;1574;0;;BB-1506|BB-1523;;buerger;;
hans_knaller;Hanns Knaller;Bürgerbuch;1;1551;1551;0;;BB-0385;;buerger;Riemer;
hans_knoler;Hanns Knoler;Bürgerbuch;1;1551;1551;0;;BB-0401;;buerger;Riemer;
hans_knoll;Hanns Knol|Hanns Knoll|Hanns Knolln|Hannß Knor|Hanß Khnol;Bürgerbuch;5;1549;1596;47;;BB-0304|BB-0421|BB-0447|BB-2198|BB-2265;;buerger;Kupferschmied;
hans_kobendl;Hanns Kobendl;Bürgerbuch;1;1585;1585;0;;BB-2036;;buerger;Bäcker;
hans_kochel;Hanns Khochel;Bürgerbuch;1;1554;1554;0;;BB-0587;;buerger;Seiler;
hans_koelbl;Hannsz Khölbl;Bürgerbuch;1;1610;1610;0;;BB-2470;;buerger;Maler;
hans_koenig;Hannsz Khönig;Bürgerbuch;2;1576;1576;0;;BB-1590|BB-1637;;buerger;Fleischhacker;
hans_kolb_teutscher;Hanns Kholb Teutscher;Bürgerbuch;1;1553;1553;0;;BB-0535;;buerger;Schreiber;
hans_kolhart;Hannß Kalhart;Bürgerbuch;1;1580;1580;0;;BB-1827;;buerger;Weißgerber;
hans_koller;Hanns Khöller|Hannsz Khöller;Bürgerbuch;2;1576;1576;0;;BB-1587|BB-1611;;buerger;;
hans_kopp;Hannß Khopp;Bürgerbuch;1;1615;1615;0;;BB-2611;;buerger;;
hans_kosla;Hannß Kosla;Bürgerbuch;1;1578;1578;0;;BB-1753;;buerger;;
hans_kreel;Hanns Khreel|Hanns Kreel;Bürgerbuch;2;1542;1613;71;;BB-0092|BB-2546;;buerger;Hofmeister;
hans_kronast;Hanns Kronast;Bürgerbuch;1;1550;1550;0;;BB-0339;;buerger;;
hans_kronperger;Hanß Khronperger;Bürgerbuch;1;1624;1624;0;;BB-2776;;buerger;;
hans_kueperger;Hansz Khueperger;Bürgerbuch;1;1597;1597;0;;BB-2329;;buerger;Schlosser;
hans_kuerch;Hanns Kürch;Bürgerbuch;1;1586;1586;0;;BB-2060;;buerger;Sattler;
hans_kuersner;Hans Kürsner;Urkunden;2;1444;1456;12;StaAKr-0279|StaAKr-0340;;;buerger;;
hans_kuetten;Hans Kütten;Bürgerbuch;1;1578;1578;0;;BB-1729;;buerger;;
hans_kugl;Hans Kugl;Bürgerbuch;1;1583;1583;0;;BB-1956;;buerger;Goldschmied;
hans_kulbinger;Hans Kulbinger;Urkunden;1;1432;1432;0;StaAKr-0235;;;buerger;;
hans_kumiss;Hanns Khumiß;Bürgerbuch;2;1554;1554;0;;BB-0568|BB-0576;;buerger;Buchbinder;
hans_kundtner;Hansen Khundner;Bürgerbuch;1;1608;1608;0;;BB-2462;;buerger;;
hans_kunis;Hanns Khunis;Bürgerbuch;1;1556;1556;0;;BB-0652;;buerger;Buchführer;
hans_kuniss;Hans Kuniss;Bürgerbuch;1;1566;1566;0;;BB-1089;;buerger;Nagelschmied;
hans_kupherschmid;Hans Kupherschmid;Bürgerbuch;1;1551;1551;0;;BB-0405;;buerger;Tischler;
hans_lackinger;Hannsz Lackhinger;Bürgerbuch;1;1611;1611;0;;BB-2512;;buerger;;
hans_lamrer;Hanns Lamrer;Bürgerbuch;1;1549;1549;0;;BB-0281;;buerger;;
hans_lasenerl;Hannsz Lasenerl;Bürgerbuch;1;1588;1588;0;;BB-2098;;buerger;Drechsler;
hans_lebell;Hanns Lebell;Bürgerbuch;1;1566;1566;0;;BB-1129;;buerger;;
hans_leeb;Hanns Leeb;Bürgerbuch;1;1551;1551;0;;BB-0430;;buerger;Fasszieher;
hans_leinwater;Hans Leinwater;Urkunden;1;1456;1456;0;StaAKr-0340;;;buerger;;
hans_lennes;Hanß Lennes;Bürgerbuch;1;1618;1618;0;;BB-2642;;buerger;Fasszieher;
hans_leopoldt;Hanns Leopoldt;Bürgerbuch;1;1573;1573;0;;BB-1401;;buerger;Goldschmied;
hans_letmair;Hanns Letmair;Bürgerbuch;1;1558;1558;0;;BB-0779;;buerger;Binder;
hans_leutbein;Hans|Hans Leutbein;Urkunden;11;1408;1422;14;StaKr-0207|StaAKr-0156|StaAKr-0166|StaAKr-0174|StaAKr-0176|StaAKr-0177|StaAKr-0179|StaAKr-0180|StaAKr-0183|StaAKr-0184|StaAKr-0188;;;buerger;;
hans_liebrich;Hanns Liebrich;Bürgerbuch;1;1607;1607;0;;BB-2445;;buerger;Kramer;
hans_liechtenberger;Hans Liechtenberger;Urkunden;1;1404;1404;0;StaAKr-0131;;;buerger;;
hans_lindt;Hanns Lindt;Bürgerbuch;1;1546;1546;0;;BB-0199;;buerger;Schmied;
hans_linndenschmidt;Hans Linndenschmidt;Bürgerbuch;1;1555;1555;0;;BB-0606;;buerger;Schneider;
hans_linndenschmiedt;Hans Linndenschmiedt;Bürgerbuch;1;1555;1555;0;;BB-0600;;buerger;Bürstenbinder;
hans_linzer;Hanns Linzer;Bürgerbuch;1;1543;1543;0;;BB-0102;;buerger;;
hans_maier;Hanns Maier;Bürgerbuch;1;1543;1543;0;;BB-0105;;buerger;;
hans_maler;Hans Maler;Urkunden;1;1393;1393;0;StaAKr-0077;;;buerger;;
hans_marchl;Hanns Marchl;Bürgerbuch;2;1553;1553;0;;BB-0502|BB-0522;;buerger;;
hans_marsch;Hans Marsch;Bürgerbuch;1;1565;1565;0;;BB-1041;;buerger;Büchsenschäfter;
hans_maulperger;Hanns Maulperger;Bürgerbuch;1;1548;1548;0;;BB-0246;;buerger;Zimmermann;
hans_maurer;Hansz Maurer;Bürgerbuch;1;1573;1573;0;;BB-1438;;buerger;Maurer;
hans_mayr;Hanns Mair|Hanns Mayer|Hanns Mayr|Hans Mair;Bürgerbuch;5;1538;1585;47;;BB-0032|BB-0039|BB-1964|BB-1990|BB-2043;;buerger;Sattler;
hans_mayrhoffer;Hannsz Mairhoffer|Hannsz Mayrhoffer;Bürgerbuch;2;1576;1576;0;;BB-1585|BB-1609;;buerger;Kummetmacher;
hans_mayringer;Hannsz Mayringer;Bürgerbuch;1;1612;1612;0;;BB-2527;;buerger;;
hans_meirs;Hans Meirs;Urkunden;2;1437;1437;0;StaAKr-0268|StaAKr-0269;;;buerger;;
hans_merch;Hans Merch;Bürgerbuch;1;1559;1559;0;;BB-0796;;buerger;Kammmacher;
hans_mersch;Hans Mersch;Bürgerbuch;3;1556;1562;6;;BB-0669|BB-0934|BB-0951;;buerger;Barchentweber;
hans_messerer;Hannsz Messerer;Bürgerbuch;1;1573;1573;0;;BB-1421;;buerger;Bäcker;
hans_meyrle;Hansz Meyrle;Bürgerbuch;1;1614;1614;0;;BB-2589;;buerger;Messerschmied;
hans_mezker;Hanns Mezkher;Bürgerbuch;1;1537;1537;0;;BB-0026;;buerger;Riemer;
hans_modl;Hanns Modl;Bürgerbuch;1;1569;1569;0;;BB-1327;;buerger;Schmied;
hans_moedlinger;Hanß Mödlinger;Bürgerbuch;1;1622;1622;0;;BB-2725;;buerger;Schiffmann;
hans_moersch;Hans Mörsch;Bürgerbuch;1;1564;1564;0;;BB-1026;;buerger;Schneider;
hans_moireser;Hans Moireser;Urkunden;1;1451;1451;0;StaAKr-0303;;;buerger;;
hans_morr;Hannsz Morr;Bürgerbuch;1;1611;1611;0;;BB-2483;;buerger;Binder;
hans_morsch;Hans Morsch;Bürgerbuch;1;1613;1613;0;;BB-2568;;buerger;Kupferschmied;
hans_mosner;Hannsz Mosner;Bürgerbuch;1;1569;1569;0;;BB-1305;;buerger;Leineweber;
hans_muelfelder;Hans Mülfelder;Urkunden;5;1458;1459;1;StaAKr-0361|StaAKr-0362|StaAKr-0376|StaAKr-0377|StaAKr-0386;;;buerger;;
hans_muellner;Hannsz Mulner|Hannsz Müllner|Hannsz Mülner;Bürgerbuch;3;1581;1612;31;;BB-1863|BB-1884|BB-2542;;buerger;Gerichtsschreiber;
hans_muelstetter;Hanns Muelstetter;Bürgerbuch;1;1568;1568;0;;BB-1221;;buerger;;
hans_muer;Hannß Muer;Bürgerbuch;2;1589;1589;0;;BB-2137|BB-2155;;buerger;Bäcker;
hans_naegel;Hannsz Nägel|Hannsz Nägl;Bürgerbuch;2;1576;1576;0;;BB-1601|BB-1628;;buerger;;
hans_nagl;Hannß Nagl;Bürgerbuch;1;1589;1589;0;;BB-2171;;buerger;Hufschmied;
hans_neunburger;Hans Neunburger;Urkunden;1;1401;1401;0;StaAKr-0115;;;buerger;;
hans_neydekcher;Hans Neydekcher;Urkunden;1;1443;1443;0;StaAKr-0276;;;buerger;;
hans_niderndorffer;Hanns Niderndorffer;Bürgerbuch;1;1560;1560;0;;BB-0862;;buerger;Koch;
hans_noestlein;Hans Nöstlein;Urkunden;1;1400;1400;0;StaAKr-0105;;;buerger;;
hans_noglamir;Hans Noglamir;Bürgerbuch;1;1588;1588;0;;BB-2097;;buerger;;
hans_noglgesanng;Hans Noglgesanng;Bürgerbuch;1;1588;1588;0;;BB-2093;;buerger;Fischer;
hans_notlich;Hans Notlich;Urkunden;1;1394;1394;0;StaAKr-0079;;;buerger;;
hans_nuesl;Hans Nüsl;Urkunden;1;1423;1423;0;StaKr-0212;;;buerger;;
hans_oberhaimer;Hans Oberhaimer;Urkunden;2;1491;1491;0;StaAKr-0537|StaAKr-0539;;;buerger;;
hans_oberleutner;Hanß Oberleutner;Bürgerbuch;2;1571;1574;3;;BB-1364|BB-1492;;buerger;Schuster;
hans_oberleuttner;Hannsz Oberleuttner;Bürgerbuch;1;1574;1574;0;;BB-1541;;buerger;;
hans_obermair;Hanns Obermair;Bürgerbuch;7;1564;1589;25;;BB-1016|BB-1059|BB-1646|BB-1781|BB-1912|BB-2065|BB-2134;;buerger;Bürstenbinder;
hans_oedenpacher;Hans Ödenpacher;Urkunden;1;1410;1410;0;StaAKr-0159;;;buerger;;
hans_oerkhl;Hans Örkhl;Bürgerbuch;1;1587;1587;0;;BB-2065;;buerger;Nadler;
hans_offmuellner;Hannß Offmüllner;Bürgerbuch;1;1589;1589;0;;BB-2166;;buerger;;
hans_oraing;Hanns Oraing;Bürgerbuch;1;1606;1606;0;;BB-2423;;buerger;;
hans_ortner;Hanns Ortner|Hanns Orttner|Hannsß Ortner|Hanß Ortner;Bürgerbuch;4;1548;1606;58;;BB-0258|BB-0951|BB-1366|BB-2434;;buerger;Fasszieher;
hans_oxlmair;Hannß Oxlmair;Bürgerbuch;1;1573;1573;0;;BB-1436;;buerger;;
hans_pachhueber;Hanns Pachhueber;Bürgerbuch;1;1550;1550;0;;BB-0371;;buerger;;
hans_pachmair;Hans Pachmair;Bürgerbuch;1;1553;1553;0;;BB-0501;;buerger;Hutmacher;
hans_pachman;Hanns Pachman|Hannsen Pachman;Bürgerbuch;3;1549;1561;12;;BB-0294|BB-0302|BB-0893;;buerger;Schneider;
hans_paierl;Hannß Paierl|Hannß Peyerl;Bürgerbuch;2;1589;1589;0;;BB-2133|BB-2156;;buerger;Binder;
hans_painb;Hans Painb;Bürgerbuch;1;1584;1584;0;;BB-2003;;buerger;Metsieder;
hans_painstadl;Hanns Painstadl;Bürgerbuch;3;1551;1559;8;;BB-0407|BB-0415|BB-0789;;buerger;Fragner;
hans_pannzer;Hanns Pannzer;Bürgerbuch;2;1560;1560;0;;BB-0828|BB-0848;;buerger;;
hans_panswek;Hans Panswek;Urkunden;1;1415;1415;0;StaAKr-0176;;;buerger;;
hans_parauer;Hans Parauer;Urkunden;1;1471;1471;0;StaAKr-0425;;;buerger;;
hans_pargstainer;Hanns Pargstainer;Bürgerbuch;1;1546;1546;0;;BB-0201;;buerger;Bäcker;
hans_passecker;Hannsz Passeckher|Hannsz Plassecker;Bürgerbuch;2;1581;1581;0;;BB-1854|BB-1875;;buerger;Tuchscherer;
hans_pauswekchen;Hans Pauswekchen;Urkunden;1;1419;1419;0;StaAKr-0191;;;buerger;;
hans_pehem;Hans Pehem;Urkunden;1;1410;1410;0;StaAKr-0158;;;buerger;;
hans_peierl;Hans Peierl;Bürgerbuch;4;1584;1589;5;;BB-2007|BB-2101|BB-2135;;buerger;Büchsenmacher;
hans_peitler;Hannsz Peitler;Bürgerbuch;1;1573;1573;0;;BB-1410;;buerger;Hauer;
hans_pelkhouer;Hanns Pelkhouer;Bürgerbuch;1;1549;1549;0;;BB-0310;;buerger;Schuster;
hans_pernawer;Hanns Pernawer;Bürgerbuch;1;1543;1543;0;;BB-0100;;buerger;;
hans_pettinger;Hans Pettinger;Bürgerbuch;1;1583;1583;0;;BB-1982;;buerger;Hauer;
hans_peyerl;Hannsz Peyerl;Bürgerbuch;1;1611;1611;0;;BB-2517;;buerger;Hauer;
hans_pfeferl;Hanns Pfeferl;Bürgerbuch;1;1582;1582;0;;BB-1953;;buerger;;
hans_pfeterle;Hans Pfeterle;Bürgerbuch;1;1584;1584;0;;BB-2010;;buerger;Sporer;
hans_phingstl;Hanns Phingstl;Bürgerbuch;1;1547;1547;0;;BB-0213;;buerger;Wagner;
hans_pielacher;Hans Pielach|Hans Pielacher;Urkunden;3;1419;1419;0;StaAKr-0194|StaAKr-0195|StaAKr-0198;;;buerger;;
hans_piernndorffer;Hanns Piernndorffer;Bürgerbuch;1;1545;1545;0;;BB-0166;;buerger;;
hans_pisteleher;Hans Pisteleher;Bürgerbuch;1;1614;1614;0;;BB-2572;;buerger;Tuchmacher;
hans_plasecker;Hanns Plaseckher;Bürgerbuch;1;1582;1582;0;;BB-1937;;buerger;Teppichmacher;
hans_plisbauer;Hans Plisbauer;Urkunden;1;1483;1483;0;StaAKr-0470;;;buerger;;
hans_potlein_von_gossing;Hans Potlein von Gossing;Urkunden;1;1403;1403;0;StaAKr-0127;;;buerger;;
hans_prandt;Hannß Prandt;Bürgerbuch;1;1613;1613;0;;BB-2543;;buerger;Maurer;
hans_pranntlsperger;Hanns Pranntlsperger;Bürgerbuch;3;1551;1558;7;;BB-0391|BB-0475|BB-0750;;buerger;Müller;
hans_pranntstetter;Hanns Pranntstetter;Bürgerbuch;2;1556;1556;0;;BB-0655|BB-0673;;buerger;Binder;
hans_prechtl;Hannsz Pechtl;Bürgerbuch;1;1597;1597;0;;BB-2320;;buerger;Bürstenbinder;
hans_preiszberger;Hannsz Preiszberger;Bürgerbuch;3;1576;1576;0;;BB-1595|BB-1621|BB-1639;;buerger;Tischler;
hans_prelach;Hans Prelach;Urkunden;1;1419;1419;0;StaAKr-0193;;;buerger;;
hans_preterhofer;Hanns Pretterhofer|Hans Preterhofer;Urkunden;2;1522;1522;0;StaAKr-0634|StaAKr-0636;;;buerger;;
hans_proier;Hannß Proier;Bürgerbuch;1;1578;1578;0;;BB-1758;;buerger;;
hans_prosch;Hannß Prosch;Bürgerbuch;1;1580;1580;0;;BB-1841;;buerger;Fuhrmann;
hans_prunnse;Hans Prunnse;Urkunden;1;1415;1415;0;StaAKr-0177;;;buerger;;
hans_puechleutner;Hanns Puechleutner;Bürgerbuch;1;1555;1555;0;;BB-0629;;buerger;Hauer;
hans_puerckl_2;Hanns Puerckhl|Hanns Pürckhl;Bürgerbuch;2;1557;1557;0;;BB-0697|BB-0731;;buerger;;
hans_purckl;Hannß Purckhl;Bürgerbuch;1;1568;1568;0;;BB-1292;;buerger;;
hans_rabennest;Hans Rabennest;Urkunden;1;1511;1511;0;StaAKr-0580;;;buerger;;
hans_raidel;Hans Raidel|Hans Raydel;Urkunden;2;1394;1401;7;StaAKr-0078|StaAKr-0113;;;buerger;;
hans_raidl;Hannßen Raidl;Bürgerbuch;1;1567;1567;0;;BB-1174;;buerger;Müller;
hans_rarbacher;Hans Rarbacher;Urkunden;1;1462;1462;0;StaAKr-0389;;;buerger;;
hans_rarer;Hannsz Rawer;Bürgerbuch;1;1611;1611;0;;BB-2510;;buerger;;
hans_raschl;Hanns Raschl;Bürgerbuch;1;1553;1553;0;;BB-0493;;buerger;Fleischhacker;
hans_rat;Hans Rat;Bürgerbuch;1;1543;1543;0;;BB-0103;;buerger;;
hans_ratenperger;Hans Ratenperger;Bürgerbuch;1;1550;1550;0;;BB-0341;;buerger;;
hans_rath;Hannsz Rath;Bürgerbuch;2;1558;1577;19;;BB-0752|BB-1696;;buerger;Goldschmied;
hans_rattenberger;Hannsz Rattenberger;Bürgerbuch;1;1573;1573;0;;BB-1450;;buerger;Riemer;
hans_rattenperger;Hans Rattenperger;Bürgerbuch;1;1583;1583;0;;BB-1964;;buerger;Sattler;
hans_rattich;Hanns Rattich;Bürgerbuch;1;1549;1549;0;;BB-0323;;buerger;;
hans_rayder;Hans Rayder;Urkunden;1;1430;1430;0;StaAKr-0223;;;buerger;;
hans_rechinger;Hans Rechinger;Bürgerbuch;1;1614;1614;0;;BB-2577;;buerger;Riemer, Sporer;
hans_redtl;Hanß Redtl;Bürgerbuch;1;1596;1596;0;;BB-2311;;buerger;Hauer;
hans_reichl;Hannsz Reichl;Bürgerbuch;1;1602;1602;0;;BB-2400;;buerger;;
hans_reiff;Hannsz Reiff;Bürgerbuch;1;1612;1612;0;;BB-2537;;buerger;;
hans_reisinger;Hanns Reisinger;Bürgerbuch;1;1550;1550;0;;BB-0359;;buerger;Binder;
hans_reisnstain;Hannsz Reisnstain|Hannß Reißnstain;Bürgerbuch;2;1567;1567;0;;BB-1154|BB-1180;;buerger;Drechsler;
hans_reissenzaun;Hannß Reissenzaun;Bürgerbuch;1;1580;1580;0;;BB-1824;;buerger;;
hans_reiter;Hanß Reiter;Bürgerbuch;1;1621;1621;0;;BB-2650;;buerger;;
hans_rerich;Hannß Rerich;Bürgerbuch;1;1596;1596;0;;BB-2289;;buerger;Goldschmied;
hans_resch;Hanns Resch;Bürgerbuch;1;1560;1560;0;;BB-0866;;buerger;Schneider;
hans_rettinger;Hannsz Rettinger;Bürgerbuch;1;1612;1612;0;;BB-2528;;buerger;Sporer;
hans_reutner;Hannß Reutner;Bürgerbuch;1;1571;1571;0;;BB-1369;;buerger;;
hans_reyffendorffer;Hans Reyffendorffer;Urkunden;1;1470;1470;0;StaAKr-0419;;;buerger;;
hans_reyter;Hanns Reyter;Bürgerbuch;1;1555;1555;0;;BB-0636;;buerger;;
hans_rieder;Hanns Rieder|Hans Rieder;Urkunden;2;1518;1518;0;StaAKr-0599|StaAKr-0600;;;buerger;;
hans_riemer;Hans Riemer;Bürgerbuch;1;1556;1556;0;;BB-0654;;buerger;;
hans_rigler;Hannsz Rigler;Bürgerbuch;1;1612;1612;0;;BB-2538;;buerger;;
hans_ruedlinger;Hannß Ruedlinger;Bürgerbuch;1;1578;1578;0;;BB-1759;;buerger;;
hans_ruemisch;Hannsz Rümisch|Hannß Rünnisch;Bürgerbuch;2;1578;1578;0;;BB-1726|BB-1746;;buerger;Sieber;
hans_salzhueber;Hanns Salzhueber|Hannsz Salzhueber;Bürgerbuch;2;1560;1611;51;;BB-0872|BB-2480;;buerger;Schuster;
hans_saylis;Hanß Saylis;Bürgerbuch;1;1623;1623;0;;BB-2747;;buerger;;
hans_schachner;Hanns Schachner|Hannß Schachner;Bürgerbuch;2;1548;1568;20;;BB-0257|BB-1289;;buerger;Lebzelter;
hans_schaebinger;Hanns Schäbinger|Hannsz Schäbinger;Bürgerbuch;2;1576;1576;0;;BB-1600|BB-1627;;buerger;Hauer;
hans_schaeffler;Hansz Schäffler;Bürgerbuch;1;1573;1573;0;;BB-1441;;buerger;Tuchscherer;
hans_schaz;Hanns Schaz;Bürgerbuch;1;1537;1537;0;;BB-0030;;buerger;Schiffmann;
hans_scheller;Hannsz Scheller;Bürgerbuch;1;1575;1575;0;;BB-1571;;buerger;Zirkelschmied;
hans_scherb;Hansz Scherb;Bürgerbuch;1;1614;1614;0;;BB-2587;;buerger;Handschuhmacher;
hans_scherbm;Hannß Scherbm;Bürgerbuch;1;1592;1592;0;;BB-2192;;buerger;;
hans_schikhenmuellner;Hannß Schikhenmüllner;Bürgerbuch;1;1592;1592;0;;BB-2230;;buerger;;
hans_schirmer;Hans Schirmer;Bürgerbuch;1;1601;1601;0;;BB-2369;;buerger;Gschmeidler;
hans_schlamp;Hannß Schlamp|Hannß Schlampp;Bürgerbuch;2;1578;1578;0;;BB-1733|BB-1749;;buerger;Hauer;
hans_schlotter;Hans Schlotter;Bürgerbuch;1;1577;1577;0;;BB-1652;;buerger;Schneider;
hans_schlotterer;Hannß Schlotterer;Bürgerbuch;2;1573;1582;9;;BB-1472|BB-1919;;buerger;Handschuhmacher;
hans_schmausser;Hans Schmausser;Bürgerbuch;1;1553;1553;0;;BB-0503;;buerger;;
hans_schmidt;Hannsz Schmidt;Bürgerbuch;1;1611;1611;0;;BB-2504;;buerger;;
hans_schmit;Hannß Schmit;Bürgerbuch;1;1596;1596;0;;BB-2268;;buerger;Radschmied;
hans_schneider;Hanns Schneider;Bürgerbuch;1;1546;1546;0;;BB-0188;;buerger;;
hans_schneyr;Hanns Schneyer|Hannsz Schneyr;Bürgerbuch;2;1569;1569;0;;BB-1308|BB-1312;;buerger;Taschner;
hans_schoeffruecker;Hannsz Schöffrückher;Bürgerbuch;1;1611;1611;0;;BB-2513;;buerger;;
hans_schrank;Hans Schrank;Urkunden;1;1539;1539;0;StaAKr-0776;;;buerger;;
hans_schreiber;Hanns Schreiber;Bürgerbuch;1;1560;1560;0;;BB-0869;;buerger;;
hans_schrettl;Hanß Schretl;Bürgerbuch;1;1622;1622;0;;BB-2710;;buerger;;
hans_schriedt;Hanns Schriedt;Bürgerbuch;1;1550;1550;0;;BB-0354;;buerger;Schuster;
hans_schueler;Hannsz Schueler|Hansz Schueler;Bürgerbuch;2;1575;1575;0;;BB-1544|BB-1557;;buerger;Schuster;
hans_schuster;Hans Schuster;Urkunden;2;1424;1436;12;StaAKr-0214|StaAKr-0265;;;buerger;;
hans_schwab;Hanns Schwab;Bürgerbuch;1;1536;1536;0;;BB-0023;;buerger;;
hans_schwaertzl;Hannß Schwärzl;Bürgerbuch;1;1600;1600;0;;BB-2359;;buerger;;
hans_schwell;Hannß Schwell;Bürgerbuch;1;1622;1622;0;;BB-2731;;buerger;Nadler;
hans_schwentl;Hanns Schwentl;Bürgerbuch;1;1540;1540;0;;BB-0071;;buerger;Glaser;
hans_sedlmair;Hannsz Sedlmair|Hans Sedlmair;Bürgerbuch;2;1583;1595;12;;BB-1980|BB-2247;;buerger;Koch;
hans_seidner;Hannß Seidner|Hansz Seidner;Bürgerbuch;2;1574;1574;0;;BB-1479|BB-1530;;buerger;Nestler;
hans_senfften;Hanß Senfften;Bürgerbuch;1;1624;1624;0;;BB-2775;;buerger;;
hans_seusenegger;Hans Seusenegger;Urkunden;1;1408;1408;0;StAK-UrkKr-0149;;;buerger;;
hans_seywolt;Hannsz Seywolt;Bürgerbuch;1;1588;1588;0;;BB-2112;;buerger;Klingenschmied;
hans_shwarz;Hans Shwarz;Bürgerbuch;1;1554;1554;0;;BB-0581;;buerger;;
hans_siber;Hanns Sieber;Bürgerbuch;1;1608;1608;0;;BB-2457;;buerger;;
hans_sininger;Hanns Sininger;Bürgerbuch;1;1539;1539;0;;BB-0051;;buerger;Kramer;
hans_soelner;Hans Sölner;Bürgerbuch;1;1567;1567;0;;BB-1135;;buerger;Binder;
hans_soldner;Hanns Soldner;Bürgerbuch;2;1553;1553;0;;BB-0500|BB-0520;;buerger;Binder;
hans_sparer;Hanns Sparer;Bürgerbuch;1;1538;1538;0;;BB-0044;;buerger;;
hans_sparmays;Hans Sparmays;Urkunden;1;1470;1470;0;StaAKr-0419;;;buerger;;
hans_speennendpergen;Hannß Speennendpergen;Bürgerbuch;1;1617;1617;0;;BB-2636;;buerger;;
hans_spindler;Hanns Spindler;Bürgerbuch;1;1550;1550;0;;BB-0340;;buerger;;
hans_sprinzl;Hanns Sprinzl;Bürgerbuch;1;1566;1566;0;;BB-1114;;buerger;Fuhrmann;
hans_stachl;Hanns Stachl;Bürgerbuch;2;1557;1557;0;;BB-0707|BB-0729;;buerger;Schneider;
hans_stackl;Hanns Stackhl;Bürgerbuch;1;1553;1553;0;;BB-0528;;buerger;Kummetmacher;
hans_staeckel;Hanns Stäckhel;Bürgerbuch;1;1554;1554;0;;BB-0589;;buerger;Binder;
hans_stain;Hans Stain;Bürgerbuch;1;1576;1576;0;;BB-1583;;buerger;Zuckermacher;
hans_stainer;Hannsz Stainer|Hanß Stainer;Bürgerbuch;3;1559;1624;65;;BB-0792|BB-1249|BB-2774;;buerger;Nadler;
hans_staingastinger;Hannsz Staingastinger;Bürgerbuch;2;1581;1581;0;;BB-1851|BB-1873;;buerger;;
hans_stainsailler;Hans Stainsailler;Bürgerbuch;1;1575;1575;0;;BB-1546;;buerger;;
hans_stainsaillers;Hannsen Stainsaillers;Bürgerbuch;1;1563;1563;0;;BB-0981;;buerger;;
hans_starckl;Hans Starckl;Bürgerbuch;1;1557;1557;0;;BB-0709;;buerger;Weber;
hans_steiners;Hannsen Steiners;Bürgerbuch;1;1551;1551;0;;BB-0399;;buerger;Hafner;
hans_steuber;Hanns Steuber;Bürgerbuch;1;1551;1551;0;;BB-0381;;buerger;Seiler;
hans_stikler;Hans Stikler;Urkunden;1;1464;1464;0;StaAKr-0401;;;buerger;;
hans_stocker;Hannß Steckher;Bürgerbuch;1;1615;1615;0;;BB-2599;;buerger;;
hans_stokharner;Hans Stokharner;Urkunden;1;1433;1433;0;StaAKr-0247;;;buerger;;
hans_strauber;Hansz Strauber;Bürgerbuch;2;1574;1574;0;;BB-1496|BB-1532;;buerger;Hutmacher;
hans_streng;Hanns Spreng;Bürgerbuch;1;1549;1549;0;;BB-0303;;buerger;;
hans_strobl;Hansz Strobl;Bürgerbuch;1;1615;1615;0;;BB-2604;;buerger;;
hans_sulzberger;Hannsz Sulzberger;Bürgerbuch;1;1573;1573;0;;BB-1454;;buerger;Messerschmied;
hans_sunleitner;Hanns Sunleitner;Bürgerbuch;1;1564;1564;0;;BB-1024;;buerger;Bäcker;
hans_taeber;Hannsz Täber;Bürgerbuch;1;1588;1588;0;;BB-2100;;buerger;;
hans_taxler;Hannß Taxler;Bürgerbuch;1;1571;1571;0;;BB-1370;;buerger;Lebzelter;
hans_teichtner;Hanns Teichtner;Bürgerbuch;1;1559;1559;0;;BB-0814;;buerger;Schmied;
hans_teurkhauff;Hannß Teurkhauff;Bürgerbuch;1;1567;1567;0;;BB-1181;;buerger;Bäcker;
hans_thalhouer;Hanns Thalhouer;Bürgerbuch;1;1546;1546;0;;BB-0191;;buerger;;
hans_thamb;Hanns Tham|Hanns Thamb|Hannsz Tamb;Bürgerbuch;3;1557;1588;31;;BB-0703|BB-0728|BB-2120;;buerger;Goldschmied;
hans_thier;Hannsz Thier;Bürgerbuch;1;1568;1568;0;;BB-1248;;buerger;Zinngießer;
hans_timerl;Hanns Timerl;Bürgerbuch;1;1540;1540;0;;BB-0072;;buerger;;
hans_tinckl;Hannß Tinckhl;Bürgerbuch;1;1596;1596;0;;BB-2285;;buerger;Leinwander;
hans_track;Hans Track;Bürgerbuch;2;1561;1562;1;;BB-0894|BB-0955;;buerger;;
hans_treffinger;Hanns Treffinger;Bürgerbuch;1;1566;1566;0;;BB-1105;;buerger;Maurer;
hans_trefflingers;Hannsen Trefflingers;Bürgerbuch;1;1564;1564;0;;BB-1012;;buerger;;
hans_tremel;Hannsz Tremel|Hannsz Treml;Bürgerbuch;2;1577;1577;0;;BB-1661|BB-1682;;buerger;Schuster;
hans_tuermer;Hanns Turmer;Bürgerbuch;1;1567;1567;0;;BB-1189;;buerger;Binder;
hans_tuernhofer;Hans Türnhofer;Bürgerbuch;1;1588;1588;0;;BB-2095;;buerger;Leineweber;
hans_turmair;Hanns Turmair;Bürgerbuch;2;1555;1555;0;;BB-0602|BB-0633;;buerger;Bäcker;
hans_turnner;Hannß Turnner;Bürgerbuch;1;1596;1596;0;;BB-2312;;buerger;Hutmacher;
hans_turschperger;Hanns Turschperger;Bürgerbuch;1;1582;1582;0;;BB-1925;;buerger;Maurer;
hans_underberger;Hanß Underberger;Bürgerbuch;1;1622;1622;0;;BB-2698;;buerger;;
hans_unfridt;Hanns Unfridt;Bürgerbuch;2;1557;1557;0;;BB-0692|BB-0711;;buerger;Binder;
hans_urban;Hanns Urban;Bürgerbuch;1;1535;1535;0;;BB-0008;;buerger;;
hans_varsser;Hans Varsser;Bürgerbuch;1;1560;1560;0;;BB-0824;;buerger;Binder;
hans_vassl;Hanns Vassl;Bürgerbuch;1;1560;1560;0;;BB-0833;;buerger;Schneider;
hans_vattermair;Hans Vattermair;Bürgerbuch;1;1613;1613;0;;BB-2547;;buerger;;
hans_veibhl;Hannß Veibhl;Bürgerbuch;1;1615;1615;0;;BB-2610;;buerger;;
hans_vizdom;Hanns Vizdom;Bürgerbuch;1;1539;1539;0;;BB-0057;;buerger;;
hans_vogl;Hannsz Vogl;Bürgerbuch;3;1573;1581;8;;BB-1462|BB-1866|BB-1887;;buerger;Binder;
hans_voglgsang;Hannsz Voglgsang;Bürgerbuch;2;1569;1612;43;;BB-1297|BB-2535;;buerger;Bindergeselle;
hans_voglmair;Hannsz Voglmair;Bürgerbuch;1;1566;1566;0;;BB-1104;;buerger;;
hans_voglpolz;Hannß Voglpolz;Bürgerbuch;1;1563;1563;0;;BB-0997;;buerger;Goldschmied;
hans_voisinger;Hansz Voisinger;Bürgerbuch;1;1597;1597;0;;BB-2326;;buerger;Goldschmied;
hans_voit;Hanß Voit;Bürgerbuch;1;1596;1596;0;;BB-2284;;buerger;Feilschmied;
hans_vom_pruch;Hanns vom Pruch;Bürgerbuch;1;1552;1552;0;;BB-0464;;buerger;Maler;
hans_von_blumenau;Hans von Blumenau;Urkunden;1;1430;1430;0;StaAKr-0227;;;buerger;;
hans_von_hardegg;Hans von Hardegg;Urkunden;1;1518;1518;0;StaAKr-0598;;;adel;;
hans_von_kharling;Hans von Kharling;Urkunden;1;1537;1537;0;StAK-Stein-2029;;;buerger;;
hans_von_poelan;Hans von Pölan;Urkunden;1;1395;1395;0;StaAKr-0081;;;buerger;;
hans_von_zelking;Hans von Zelking;Urkunden;1;1407;1407;0;StaAKr-0144;;;adel;;
hans_vorsl;Hanns Vorsl;Bürgerbuch;1;1550;1550;0;;BB-0368;;buerger;Schneider;
hans_vorsster;Hans Vorsster;Bürgerbuch;1;1559;1559;0;;BB-0794;;buerger;;
hans_waeck;Hans Wockh;Bürgerbuch;1;1601;1601;0;;BB-2368;;buerger;Hutstepper;
hans_wagner;Hanns Wagner|Hanß Wagner;Bürgerbuch;7;1541;1624;83;;BB-0076|BB-0418|BB-0737|BB-1908|BB-1935|BB-2579|BB-2770;;buerger;Glaser;
hans_walch;Hanns Walch|Hanns Wasch;Bürgerbuch;2;1544;1555;11;;BB-0145|BB-0618;;buerger;Schneider;
hans_waldtvogl;Hannß Waldtvogl;Bürgerbuch;1;1579;1579;0;;BB-1795;;buerger;Büchsenmacher;
hans_walkham;Hanns Walkham;Bürgerbuch;1;1548;1548;0;;BB-0259;;buerger;;
hans_walner;Hannsz Walner;Bürgerbuch;1;1577;1577;0;;BB-1687;;buerger;;
hans_walster;Hanns Walster;Bürgerbuch;1;1547;1547;0;;BB-0217;;buerger;;
hans_walters;Hans Walters;Urkunden;1;1406;1406;0;StaAKr-0137;;;buerger;;
hans_wasserburger;Hanns Wasserbürger;Bürgerbuch;1;1544;1544;0;;BB-0140;;buerger;Zimmermann;
hans_wassley;Hans Waßley;Bürgerbuch;1;1610;1610;0;;BB-2474;;buerger;;
hans_waydorf;Hans Waydorf;Urkunden;1;1419;1419;0;StaAKr-0193;;;buerger;;
hans_weber;Hanns Weber|Hannsz Weber;Bürgerbuch;3;1568;1583;15;;BB-1236|BB-1272|BB-1954;;buerger;Schneider;
hans_weerthauff;Hannsz Weerthauff;Bürgerbuch;1;1567;1567;0;;BB-1148;;buerger;Bäckerjunge;
hans_weidenfelder;Hans Weidenfelder|Hans Weiderfelder|Hans Weyderfelder|Hans Weydorfelder;Urkunden;5;1419;1433;14;StaAKr-0197|StaAKr-0199|StaAKr-0209|StaAKr-0240|StaAKr-0242;;;buerger;;
hans_weiskhircher;Hanns Weiskhircher;Bürgerbuch;1;1559;1559;0;;BB-0816;;buerger;;
hans_weiss;Hannsz Weisz;Bürgerbuch;1;1588;1588;0;;BB-2101;;buerger;;
hans_wellmann;Hanß Wellmann;Bürgerbuch;1;1622;1622;0;;BB-2709;;buerger;Tuchscherer;
hans_werdenberg;Hans Werdenberg;Urkunden;1;1398;1398;0;StaAKr-0095;;;buerger;;
hans_werster;Hans Werster;Bürgerbuch;1;1550;1550;0;;BB-0359;;buerger;Binder;
hans_wibmpauer;Hansz Wibmpauer|Hanß Wibmpauer;Bürgerbuch;2;1574;1574;0;;BB-1491|BB-1531;;buerger;Buchbinder;
hans_widenman;Hanns Widenman|Hannsen Widenman;Bürgerbuch;3;1556;1556;0;;BB-0667|BB-0669|BB-0680;;buerger;Barchentweber;
hans_widmair;Hanns Widmair;Bürgerbuch;1;1546;1546;0;;BB-0172;;buerger;Barbier;
hans_widman;Hannsz Widman;Bürgerbuch;1;1575;1575;0;;BB-1580;;buerger;Hafner;
hans_wieder;Hannsz Wieder;Bürgerbuch;1;1576;1576;0;;BB-1612;;buerger;;
hans_wildt;Hanns Wildt;Bürgerbuch;1;1547;1547;0;;BB-0206;;buerger;;
hans_wilhalm;Hannß Wilhalm;Bürgerbuch;2;1579;1579;0;;BB-1773|BB-1785;;buerger;Maurer;
hans_winffel;Hans Winffel;Urkunden;1;1414;1414;0;StaAKr-0171;;;buerger;;
hans_wisanangst;Hans Wisanangst;Urkunden;1;1398;1398;0;StaAKr-0096;;;buerger;;
hans_wisshack;Hannß Wißhackh;Bürgerbuch;1;1613;1613;0;;BB-2553;;buerger;Schlosser;
hans_wolff_schlegl;Hans Wolff Schlegl;Bürgerbuch;1;1583;1583;0;;BB-1981;;buerger;Hauer;
hans_wupel;Hans Wupel;Urkunden;1;1413;1413;0;StaAKr-0167;;;buerger;;
hans_wursner;Hans Wursner;Urkunden;1;1452;1452;0;StaAKr-0311;;;buerger;;
hans_ybbser;Hanns Ybbser|Hannsz Ybbser;Bürgerbuch;3;1577;1582;5;;BB-1649|BB-1673|BB-1917;;buerger;Wundarzt;
hans_zaglawer;Hanns Zaglawer;Bürgerbuch;1;1548;1548;0;;BB-0253;;buerger;;
hans_zaller;Hans Zaller;Urkunden;1;1483;1483;0;StaAKr-0470;;;buerger;;
hans_zehenndtner;Hanns Zehenndtner;Bürgerbuch;1;1552;1552;0;;BB-0474;;buerger;Kürschner;
hans_zeller;Hans Zeller;Urkunden;1;1406;1406;0;StaAKr-0137;;;buerger;;
hans_zerne;Hans Zerne;Urkunden;1;1473;1473;0;StaAKr-0428;;;buerger;;
hans_zettenphening;Hanns Zettenphening;Bürgerbuch;2;1560;1560;0;;BB-0821|BB-0844;;buerger;Barbier;
hans_zirkhinger;Hanns Zirkhinger;Bürgerbuch;1;1569;1569;0;;BB-1316;;buerger;Hauer;
hans_zirman;Hans Zirman;Bürgerbuch;1;1601;1601;0;;BB-2371;;buerger;Huetter;
hans_zistler;Hannsz Zistler;Bürgerbuch;2;1581;1581;0;;BB-1859|BB-1880;;buerger;;
hans_zugwatmeister;Hans Zugwatmeister;Urkunden;1;1386;1386;0;StaAKr-0062;;;buerger;;
hansen_1553;Hansen;Urkunden;1;1553;1553;0;StaAKr-0819;;;buerger;;
hansen_behamben;Hansen Behamben;Bürgerbuch;1;1574;1574;0;;BB-1505;;buerger;;
hansen_duernhoffer;Hansen Dürnhoffer;Bürgerbuch;1;1583;1583;0;;BB-1957;;buerger;Weber;
hansen_grabmaister;Hansen Grabmaister;Bürgerbuch;1;1574;1574;0;;BB-1503;;buerger;Klampferer;
hansen_intaler;Hansen Intaler;Urkunden;1;1530;1530;0;StaAKr-0710a;;;buerger;;
hansen_oberleuttner;Hansen Oberleuttner;Bürgerbuch;1;1574;1574;0;;BB-1496;;buerger;Hutmacher;
hansen_raab;Hansen Raab;Bürgerbuch;1;1615;1615;0;;BB-2596;;buerger;Beutler;
hansen_raten;Hansen Raten;Urkunden;1;1549;1549;0;StaAKr-0811;;;buerger;;
hansen_rimbser;Hansen Rimbser;Bürgerbuch;1;1574;1574;0;;BB-1503;;buerger;Klampferer;
hansen_rimbsers;Hansen Rimbsers;Bürgerbuch;1;1571;1571;0;;BB-1376;;buerger;Tischler;
hansen_zehendhuber;Hansen Zehendhuber;Urkunden;1;1512;1512;0;StaAKr-0581a;;;buerger;;
hansfrank_scherer;Hansfrank Scherer;Urkunden;1;1421;1421;0;StaAKr-0201;;;buerger;;
hansl_scholderwein;Hansl Scholderwein;Urkunden;1;1399;1399;0;StaAKr-0099;;;buerger;;
haunperger_1481;Haunperger;Urkunden;1;1481;1481;0;StaAKr-0460;;;buerger;;
hebenstreit_1531;Hebenstreit;Urkunden;1;1531;1531;0;StaAKr-0714b;;;buerger;;
hedwig_hoerpfer;Hedwig Hörpfer;Urkunden;1;1526;1526;0;StaAKr-0671g;;;buerger;;
hedwig_kaerlen;Hedwig Kärlen;Urkunden;1;1548;1548;0;StaAKr-0800;;;buerger;;
hedwig_krafft;Hedwig Krafft;Urkunden;1;1530;1530;0;StaAKr-0708b;;;buerger;;
hedwig_von_zelter;Hedwig von Zelter;Urkunden;1;1530;1530;0;StaAKr-0708b;;;buerger;;
heidelberger_von_dross;Heidelberger von Droß;Urkunden;1;1545;1545;0;StAK_15451103_900_reg;;;buerger;;
heinrich_1300;Heinrich;Urkunden;1;1300;1300;0;StaAK-UrkKr-0005;;;buerger;;
heinrich_1382;Heinrich;Urkunden;1;1382;1382;0;StAK-UrkSt-0004;;;buerger;;
heinrich_baecker;Heinrich Bäcker;Urkunden;1;1366;1366;0;StaAKr-0041;;;buerger;;
heinrich_blosius;Hainrich Blosius|Hairich Blosius;Bürgerbuch;2;1581;1581;0;;BB-1864|BB-1885;;buerger;Doktor;
heinrich_chunter;Heinrich Chunter;Urkunden;1;1300;1300;0;StaAK-UrkKr-0005;;;buerger;;
heinrich_duerrenhofer;Heinrich Dürrenhofer;Urkunden;1;1372;1372;0;StaAKr-0044;;;buerger;;
heinrich_ebmetter;Heinrich|Heinrich Ebmetter;Urkunden;3;1419;1432;13;StaAKr-0193|StaAKr-0194|StaAKr-0236;;;buerger;;
heinrich_eineter;Heinrich Eineter;Urkunden;1;1416;1416;0;StaAKr-0185;;;buerger;;
heinrich_faehlschmidt;Heinrich Fählschmidt;Bürgerbuch;1;1615;1615;0;;BB-2596;;buerger;Beutler;
heinrich_fux;Hainrich Fux;Bürgerbuch;1;1619;1619;0;;BB-2646;;buerger;Fischer;
heinrich_gereuter;Heinrich Gereuter;Urkunden;1;1300;1300;0;StaAK-UrkKr-0005;;;buerger;;
heinrich_goteralt;Hainrichen Goteralt;Bürgerbuch;1;1553;1553;0;;BB-0504;;buerger;Wundarzt;
heinrich_gundacker;Heinrich Gundacker;Urkunden;1;1356;1356;0;StaAKr-0031;;;buerger;;
heinrich_harmlast;Heinrich Harmlast;Urkunden;1;1300;1300;0;StaAK-UrkKr-0005;;;buerger;;
heinrich_hedelsperger;Heinrich Hedelsperger;Urkunden;1;1445;1445;0;StaAKr-0280a;;;buerger;;
heinrich_herolt;Heinrich Herolt;Urkunden;1;1491;1491;0;StaAKr-0540;;;buerger;;
heinrich_hofler;Hainrich Hofler;Bürgerbuch;1;1537;1537;0;;BB-0027;;buerger;;
heinrich_ii;Heinrich II.;Urkunden;1;1250;1250;0;StaAKr-UrkKr-0002;;;buerger;;
heinrich_ircher;Heinrich Ircher;Urkunden;1;1300;1300;0;StaAK-UrkKr-0005;;;buerger;;
heinrich_krauss;Hainrich Khrauß;Bürgerbuch;1;1556;1556;0;;BB-0670;;buerger;Hutmacher;
heinrich_krautwurm;Heinrich Krautwurm;Urkunden;5;1344;1356;12;StaAKr-0019|StaAKr-0027|StaAKr-0028|StaAKr-0030|StaAKr-0031;;;buerger;;
heinrich_luitkhe;Hainrich Luithae|Hainrich Luitkhe;Bürgerbuch;2;1574;1574;0;;BB-1495|BB-1514;;buerger;Schlosser;
heinrich_mager;Heinrich Mager;Urkunden;1;1344;1344;0;StaAKr-0018;;;buerger;;
heinrich_mittendinn;Heinrich Mittendinn;Urkunden;1;1452;1452;0;StaAKr-0311;;;buerger;;
heinrich_nothoepf;Heinrich Nothöpf;Urkunden;1;1363;1363;0;StaAKr-0038;;;buerger;;
heinrich_paeshefen;Heinrich Paeshefen;Urkunden;1;1376;1376;0;StaAKr-0048;;;buerger;;
heinrich_payer;Heinrich Payer;Urkunden;1;1352;1352;0;StaAKr-0028;;;buerger;;
heinrich_peckhl;Heinrich Peckhl|Heinrichen;Urkunden;2;1526;1526;0;StaAKr-0668a|StaAKr-0670b;;;buerger;;
heinrich_perkhamer;Heinrich Perkhamer;Urkunden;1;1443;1443;0;StaAKr-0276a;;;buerger;;
heinrich_piching;Hainrich Piching;Bürgerbuch;1;1580;1580;0;;BB-1828;;buerger;Apotheker;
heinrich_prapacher;Heinrich Prapacher;Urkunden;1;1430;1430;0;StaKr-0225;;;buerger;;
heinrich_pruschinkch;Heinrich|Heinrich Pruschinkch|Prueschenkch|Pruschenkh;Urkunden;3;1484;1485;1;StaAKr-0475|StaAKr-0480|StaAKr-0488;;;buerger;;
heinrich_rauber;Hainrich Rauber;Bürgerbuch;1;1549;1549;0;;BB-0280;;buerger;Zinngießer;
heinrich_reck;Heinrich Reck|Heinrich Recken;Urkunden;2;1534;1538;4;StaAKr-0737|StaAKr-0755;;;buerger;;
heinrich_renntel;Heinrich Renntel;Urkunden;1;1438;1438;0;StaAKr-0270;;;buerger;;
heinrich_restyen;Heinrich|Heinrich Restyen;Urkunden;2;1528;1530;2;StaAKr-0699|StaAKr-0706;;;buerger;;
heinrich_schneider;Heinrich Schneider;Urkunden;1;1347;1347;0;StaAKr-0023;;;buerger;;
heinrich_sibold;Heinrich Sibold;Urkunden;1;1538;1538;0;StaAKr-0764;;;buerger;;
heinrich_sibolt;Hainrich Sibolt;Bürgerbuch;1;1540;1540;0;;BB-0067;;buerger;;
heinrich_sparnrast;Heinrich Sparnrast;Urkunden;1;1526;1526;0;StaAKr-0670c;;;buerger;;
heinrich_stachel;Heinrich Stachel;Bürgerbuch;1;1576;1576;0;;BB-1583;;buerger;Zuckermacher;
heinrich_stachl;Hainrich Stachl;Bürgerbuch;1;1565;1565;0;;BB-1041;;buerger;Büchsenschäfter;
heinrich_stockhlstainer;Heinrich Stockhlstainer;Urkunden;1;1507;1507;0;StaAKr-0570;;;buerger;;
heinrich_stockl;Hainrich Stockh;Bürgerbuch;1;1622;1622;0;;BB-2708;;buerger;Nestler;
heinrich_stoekchl;Heinrich Stöckl|Heinrich Stökchl;Urkunden;3;1469;1495;26;StaAKr-0418|StaAKr-0472|StaAKr-0546;;;buerger;;
heinrich_unger;Heinrich Unger;Urkunden;1;1419;1419;0;StaAKr-0196;;;buerger;;
heinrich_v;Heinrich V.;Urkunden;1;1108;1108;0;StaAKr-0001;;;buerger;;
heinrich_von_oberloiben;Heinrich von Oberloiben;Urkunden;1;1406;1406;0;StaAKr-0136;;;buerger;;
heinrich_von_puchhaim;Heinrich von Puchhaim;Urkunden;1;1457;1457;0;StaAKr-0344;;;adel;;
heinrich_wager;Hainrich Wager;Bürgerbuch;1;1595;1595;0;;BB-2241;;buerger;Bäcker;
heinrich_wagner;Hainrich Wagner;Bürgerbuch;1;1562;1562;0;;BB-0947;;buerger;Schlosser;
heinrich_winkel;Heinrich Winkel;Urkunden;1;1349;1349;0;StaAKr-0024;;;buerger;;
heinrichen_pocken;Heinrichen Pocken;Urkunden;1;1528;1528;0;StaAKr-0696a;;;buerger;;
heirich_full;Heirich Full;Urkunden;1;1387;1387;0;StaAKr-0065;;;buerger;;
heirich_waldner;Heirich Waldner;Urkunden;1;1423;1423;0;StaKr-0210;;;buerger;;
helena_schaecklin;Helena Schäcklin;Urkunden;1;1549;1549;0;StaAKr-0816;;;buerger;;
hena_von_neuhaus;Hena von Neuhaus|Nena von Neuhaus;Urkunden;2;1432;1432;0;StaAKr-0239|StaAKr-0240;;;buerger;;
hendrich_beck;Hendrich Pekh;Bürgerbuch;1;1584;1584;0;;BB-2030;;buerger;;
hennsl_schiedl;Hennsl Schiedl;Urkunden;1;1399;1399;0;StaAKr-0102;;;buerger;;
herlein_hase;Herlein Hase;Urkunden;1;1392;1392;0;StaAKr-0073;;;buerger;;
herman_gaertler;Herman Gärtler;Bürgerbuch;1;1567;1567;0;;BB-1151;;buerger;Hutmacher;
herman_myedr;Herman Myedr;Bürgerbuch;1;1567;1567;0;;BB-1182;;buerger;Hutmacher;
herman_schad;Herman|Herman Schad|Hermann|Schad;Urkunden;5;1405;1443;38;StaAKr-0132|StaAKr-0133|StaAKr-0141|StaAKr-0276|StAK-UrkKr-0150;;;buerger;;
herman_ulrich;Herman Ulrich;Bürgerbuch;1;1583;1583;0;;BB-1973;;buerger;Kupferschmied;
hermann_gisperger;Hermann Gisperger;Urkunden;1;1401;1401;0;StaAKr-0117;;;buerger;;
hermann_schad;Hermann Schad;Urkunden;1;1443;1443;0;StAK-Stein-2012;;;buerger;;
hermann_schneider;Hermann Schneider;Urkunden;1;1535;1535;0;StaAKr-0738b;;;buerger;;
herr_burgermeister;Herr burgermeister;Bürgerbuch;1;1551;1551;0;;BB-0397;;buerger;Glaser;
herr_mathauser;Herr Mathauser;Bürgerbuch;2;1551;1561;10;;BB-0397|BB-0895;;buerger;Glaser;
herr_schwarzpeck;Herr Schwarzpeck;Bürgerbuch;1;1553;1553;0;;BB-0492;;buerger;Fasszieher;
herz_kaepler;Herz Käpler;Bürgerbuch;1;1548;1548;0;;BB-0249;;buerger;Doktor;
herzog_leopold_iv;Herzog Leopold IV.;Urkunden;1;1407;1407;0;StAK-UrkKr-0143;;;adel;;
hieronimus_welser;Jheronimus Wellser|Jheronimus Welser;Bürgerbuch;2;1560;1560;0;;BB-0839|BB-0853;;buerger;Goldschmied;
hieronimus_willtberger;Jeronimus Willtberger;Bürgerbuch;1;1569;1569;0;;BB-1355;;buerger;;
hieronymus_auer;Jheronimusz Auer;Bürgerbuch;1;1549;1549;0;;BB-0298;;buerger;;
hieronymus_guardian_der_minoriten_wien;Hieronymus;Urkunden;1;1577;1577;0;StAK-Stein-2032;;;buerger;;
hieronymus_kintschen;Jheronimusen Kintschen;Bürgerbuch;1;1549;1549;0;;BB-0273;;buerger;Schuster;
hildebrand_1300;Hildebrand;Urkunden;1;1300;1300;0;StaAK-UrkKr-0005;;;buerger;;
hildebrand_junge;Hildebrand Junge;Urkunden;1;1300;1300;0;StaAK-UrkKr-0005;;;buerger;;
hilleprantt_1467;Hilleprantt;Urkunden;1;1467;1467;0;StaAKr-0406;;;buerger;;
hochstetter_1515;Hochstetter;Urkunden;1;1515;1515;0;StaAKr-0581b;;;buerger;;
hoerman_perger;Hörman Perger;Bürgerbuch;2;1581;1581;0;;BB-1847|BB-1869;;buerger;;
hofmeister_leonhart;Hofmeister Leonhart;Urkunden;1;1401;1401;0;StaAKr-0119;;;buerger;;
hofmeister_ott;Hofmeister Ott;Urkunden;1;1374;1374;0;StaAKr-0047;;;buerger;;
hofmeister_stephan;Hofmeister Stephan;Urkunden;1;1458;1458;0;StaAKr-0374;;;buerger;;
hofmeister_ulrich;Hofmeister Ulrich;Urkunden;1;1344;1344;0;StAK-UrkKr-0017;;;buerger;;
ignatz_nauschl;Ignatz Nauschl;Urkunden;1;1531;1531;0;StaAKr-0714c;;;buerger;;
ingaltinger;Ingaltinger;Bürgerbuch;1;1550;1550;0;;BB-0359;;buerger;Binder;
isaac_ernnst;Isaac Ernnst;Bürgerbuch;1;1600;1600;0;;BB-2340;;buerger;;
jabob_grueber;Jabob Grueber;Bürgerbuch;1;1596;1596;0;;BB-2287;;buerger;Hauer;
jabob_kuenz;Jabob Khuenz;Bürgerbuch;1;1589;1589;0;;BB-2157;;buerger;Kummetmacher;
jabst_hoellthaller;Jabst Höllthaller;Bürgerbuch;1;1589;1589;0;;BB-2175;;buerger;;
jacob_gral;Jacob Gral;Urkunden;1;1549;1549;0;StaAKr-0816;;;buerger;;
jacob_hauser;Jacob Hauser;Urkunden;1;1459;1459;0;StaAKr-0380;;;buerger;;
jacob_kischer;Jacob Kischer;Urkunden;1;1527;1527;0;StaAKr-0676a;;;buerger;;
jacob_lambertum;Jacob Lambertum;Urkunden;1;1600;1600;0;StAK-Stein-2037;;;buerger;;
jacob_oswald_meyereck;Jacob Oswald Meyereck|Jacob Oswald von Mayereck;Urkunden;2;1711;1741;30;StAK-Stein-2055|StAK-Stein-2061;;;buerger;;
jacob_partner;Jacob Partner;Urkunden;1;1528;1528;0;StaAKr-0699;;;buerger;;
jacob_puechler;Jacob Püchler;Urkunden;1;1532;1532;0;StaAKr-0720a;;;buerger;;
jacob_schoenni;Jacoben Schönni;Bürgerbuch;1;1609;1609;0;;BB-2465;;buerger;Rauchfangkehrer;
jacob_sebeck;Jacob Sebeck|Jakob Sebekch;Urkunden;2;1443;1443;0;StaAKr-0276|StAK-Stein-2012;;;buerger;;
jacob_vischer;Jacob Vischer|Jacoben Vischer;Urkunden;2;1539;1547;8;StaAKr-0774|StaAKr-0796;;;buerger;;
jacoben_bittelschirs;Jacoben Bittelschirs;Bürgerbuch;1;1576;1576;0;;BB-1584;;buerger;Sporer;
jacoben_pauttlschuess;Jacoben Pauttlschüss;Bürgerbuch;1;1576;1576;0;;BB-1589;;buerger;Riemer;
jakob_aichenprunner;Jakob Aichenprunner;Urkunden;1;1433;1433;0;StaAKr-0246;;;buerger;;
jakob_anndre;Jakob Anndre|Jakob Anndree;Bürgerbuch;11;1554;1565;11;;BB-0557|BB-0601|BB-0658|BB-0670|BB-0820|BB-0882|BB-0903|BB-0943|BB-1015|BB-1016|BB-1035;;buerger;Kammmacher;
jakob_annsperger;Jacob Annsperger;Bürgerbuch;2;1566;1567;1;;BB-1085|BB-1199;;buerger;Fleischhacker;
jakob_bauer;Jacob Paur;Bürgerbuch;1;1614;1614;0;;BB-2574;;buerger;;
jakob_beitlschiess;Jacob Beitlschiesz;Bürgerbuch;1;1564;1564;0;;BB-1017;;buerger;Sattler, Riemer, Kummetmacher;
jakob_cornell;Jacob Cornell;Bürgerbuch;1;1554;1554;0;;BB-0586;;buerger;Schiffmann;
jakob_drechsel;Jacob Drechsel|Jacob Drechssel|Jacob Drochsel;Bürgerbuch;3;1551;1551;0;;BB-0384|BB-0402|BB-0417;;buerger;Kammmacher;
jakob_eder;Jacob Eder;Bürgerbuch;1;1596;1596;0;;BB-2302;;buerger;Branntweinhändler;
jakob_eplmair;Jacob Eplmair;Bürgerbuch;1;1601;1601;0;;BB-2364;;buerger;Tuchscherer;
jakob_etrann;Jakob Etrann;Urkunden;1;1421;1421;0;StaAKr-0203;;;buerger;;
jakob_fack;Jacob Fackh;Bürgerbuch;2;1581;1581;0;;BB-1857|BB-1878;;buerger;Maurer;
jakob_faden;Jacob Faden;Bürgerbuch;1;1553;1553;0;;BB-0489;;buerger;;
jakob_fadin;Jacob Fadin;Bürgerbuch;1;1550;1550;0;;BB-0357;;buerger;;
jakob_feiell;Jacob Feiell|Jacob Feigell;Bürgerbuch;2;1558;1558;0;;BB-0755|BB-0768;;buerger;Wagner;
jakob_fensterlins;Jacob Fensterlins;Bürgerbuch;1;1616;1616;0;;BB-2628;;buerger;Schreiner;
jakob_flaenntscher;Jacob Flänntscher;Bürgerbuch;1;1578;1578;0;;BB-1768;;buerger;;
jakob_frollich;Jacob Frollich;Bürgerbuch;1;1555;1555;0;;BB-0600;;buerger;Bürstenbinder;
jakob_galler;Jacob Galler;Bürgerbuch;1;1549;1549;0;;BB-0309;;buerger;;
jakob_geldmayr;Jacob Geldmayr;Bürgerbuch;1;1606;1606;0;;BB-2422;;buerger;Seiler;
jakob_glatzner;Jakob Glatzner;Urkunden;1;1416;1416;0;StaAKr-0180;;;buerger;;
jakob_gramer;Jakob Gramer;Urkunden;1;1414;1414;0;StaAKr-0173;;;buerger;;
jakob_grindl;Jakob Grindl;Urkunden;1;1439;1439;0;StaAKr-0272;;;buerger;;
jakob_haemel;Jacob Hämel;Bürgerbuch;1;1612;1612;0;;BB-2539;;buerger;;
jakob_haugain;Jacob Haugain;Bürgerbuch;1;1568;1568;0;;BB-1244;;buerger;;
jakob_hieblss;Jacob Hieblß;Bürgerbuch;1;1624;1624;0;;BB-2760;;buerger;;
jakob_holl;Jacob Holl;Bürgerbuch;1;1607;1607;0;;BB-2444;;buerger;Bäcker;
jakob_hulber;Jakob Hulber;Urkunden;3;1400;1401;1;StaAKr-0106|StaAKr-0108|StaAKr-0111;;;buerger;;
jakob_joniuss;Jacob Joniuß;Bürgerbuch;1;1595;1595;0;;BB-2255;;buerger;Maurer;
jakob_kainz;Jacob Khainz;Bürgerbuch;1;1589;1589;0;;BB-2135;;buerger;Kummetmacher;
jakob_kaiser;Jakob Kaiser;Urkunden;1;1539;1539;0;StaAKr-0772;;;buerger;;
jakob_klinng;Jacob Klinng;Bürgerbuch;1;1552;1552;0;;BB-0441;;buerger;Schuster;
jakob_klueg;Jacob Khlueg|Jacob Klueg;Bürgerbuch;3;1552;1553;1;;BB-0452|BB-0480|BB-0548;;buerger;Schuster, Leistenschneider;
jakob_knaexl;Jacob Khnäxl;Bürgerbuch;1;1611;1611;0;;BB-2508;;buerger;;
jakob_kochel;Jacob Khochl;Bürgerbuch;1;1555;1555;0;;BB-0649;;buerger;Seiler;
jakob_kreckl;Jacob Khreckhl;Bürgerbuch;1;1624;1624;0;;BB-2767;;buerger;;
jakob_mayr_wellischer;Jacob Mayr Wellischer;Bürgerbuch;1;1582;1582;0;;BB-1941;;buerger;Maurer;
jakob_merz;Jacob Merz;Bürgerbuch;4;1557;1582;25;;BB-0706|BB-0716|BB-1090|BB-1946;;buerger;Beutler;
jakob_mesrer;Jakob Mesrer;Urkunden;1;1435;1435;0;StaAKr-0261;;;buerger;;
jakob_mett;Jakob Mett;Urkunden;1;1425;1425;0;StaAKr-0218;;;buerger;;
jakob_meyraser;Jakob Meyraser;Urkunden;1;1401;1401;0;StaAKr-0120;;;buerger;;
jakob_mhuee;Jacob Mhüe;Bürgerbuch;1;1611;1611;0;;BB-2491;;buerger;;
jakob_moser;Jacob Moser;Bürgerbuch;1;1558;1558;0;;BB-0769;;buerger;Lebzelter;
jakob_muellner;Jakob Müllner;Urkunden;1;1383;1383;0;StaAKr-0057;;;buerger;;
jakob_muellner_bb1592;Jacob Müllner;Bürgerbuch;1;1592;1592;0;;BB-2228;;buerger;;
jakob_niderholzer;Jacob Niderholzer;Bürgerbuch;1;1545;1545;0;;BB-0157;;buerger;Riemer;
jakob_palss;Jacob Palsz;Bürgerbuch;1;1602;1602;0;;BB-2390;;buerger;;
jakob_peigel;Jakob Peigel;Bürgerbuch;1;1565;1565;0;;BB-1038;;buerger;Seiler;
jakob_peitlschiess;Jacob Peitlschieß;Bürgerbuch;1;1564;1564;0;;BB-1030;;buerger;Sattler, Riemer, Kummetmacher;
jakob_perger;Jacob Perger;Bürgerbuch;1;1621;1621;0;;BB-2658;;buerger;Lederer;
jakob_poreto;Jacob Poreto;Bürgerbuch;1;1606;1606;0;;BB-2427;;buerger;;
jakob_primuss;Jacob Primuß;Bürgerbuch;1;1596;1596;0;;BB-2306;;buerger;Gastgeb;
jakob_raininger;Jacob Raininger;Bürgerbuch;1;1623;1623;0;;BB-2746;;buerger;Seiler;
jakob_rainpeck;Jacob Rainpeckh;Bürgerbuch;2;1556;1566;10;;BB-0653|BB-1081;;buerger;Bäcker;
jakob_reitmair;Jacob Reitmair|Jacob Reutman;Bürgerbuch;2;1581;1581;0;;BB-1849|BB-1871;;buerger;;
jakob_rennz;Jacob Rennz;Bürgerbuch;1;1580;1580;0;;BB-1843;;buerger;Schmied;
jakob_roseler;Jacob Roseler;Bürgerbuch;1;1544;1544;0;;BB-0154;;buerger;Kürschner;
jakob_sackel;Jacob Sackhel;Bürgerbuch;1;1543;1543;0;;BB-0121;;buerger;;
jakob_sackl;Jakob Sackl;Bürgerbuch;1;1556;1556;0;;BB-0665;;buerger;Barbier;
jakob_salden;Jakob|Jakob Salden;Urkunden;2;1400;1400;0;StaAKr-0107|StaAKr-0109;;;buerger;;
jakob_schaertl;Jacob Schärtl;Bürgerbuch;1;1573;1573;0;;BB-1416;;buerger;Schneider;
jakob_schiesser;Jakob Schiesser;Urkunden;1;1458;1458;0;StaAKr-0358;;;buerger;;
jakob_schleiner;Jakob Schleiner;Bürgerbuch;1;1613;1613;0;;BB-2544;;buerger;Sieber;
jakob_schlosser;Jakob Schlosser;Bürgerbuch;1;1553;1553;0;;BB-0507;;buerger;Kammmacher;
jakob_schreiner;Jacob Schreiner;Bürgerbuch;3;1563;1589;26;;BB-0992|BB-2134|BB-2159;;buerger;Sieber;
jakob_schutz;Jacob Schutz;Bürgerbuch;1;1550;1550;0;;BB-0378;;buerger;Hutmacher;
jakob_seld;Jakob Seld;Urkunden;1;1408;1408;0;StaAKr-0156;;;buerger;;
jakob_seuner;Jacob Seuner;Bürgerbuch;1;1615;1615;0;;BB-2600;;buerger;;
jakob_slater;Jakob Slater;Urkunden;6;1432;1442;10;StaAKr-0237|StaAKr-0240|StaAKr-0241|StaAKr-0260|StaAKr-0274|StaAKr-0275;;;buerger;;
jakob_spiess;Jacob Spieß;Bürgerbuch;2;1579;1595;16;;BB-1799|BB-2243;;buerger;Hauer;
jakob_sporer;Jakob Sporer;Bürgerbuch;1;1556;1556;0;;BB-0652;;buerger;Buchführer;
jakob_tolderl;Jacob Tolderl;Bürgerbuch;1;1549;1549;0;;BB-0321;;buerger;;
jakob_von_mothone;Jakob von Mothone;Urkunden;1;1325;1325;0;StaAKr-0012;;;buerger;;
jakob_von_weytra;Jakob von Weytra;Urkunden;1;1447;1447;0;StaAKr-0293;;;buerger;;
jakob_waldtkhircher;Jakob Waldtkhircher;Bürgerbuch;1;1566;1566;0;;BB-1089;;buerger;Nagelschmied;
jakob_walkcham;Jakob Walkcham;Urkunden;1;1471;1471;0;StaAKr-0420;;;buerger;;
jakob_wallkhircher;Jakob Wallkhircher;Bürgerbuch;1;1555;1555;0;;BB-0603;;buerger;Schlosser;
jakob_wiszmair;Jacob Wismair;Bürgerbuch;1;1592;1592;0;;BB-2201;;buerger;;
jakob_witteich;Jacob Witteich|Javob Pittich;Bürgerbuch;2;1583;1583;0;;BB-1958|BB-1969;;buerger;Binder;
jakob_zot;Jakob Zot;Bürgerbuch;1;1554;1554;0;;BB-0560;;buerger;Tischler;
jakoben_von_puchberg;Jakoben von Puchberg;Urkunden;1;1547;1547;0;StaAKr-0797;;;buerger;;
jan_der_aeblein;Jan der Aeblein;Urkunden;1;1366;1366;0;StaAKr-0040;;;buerger;;
jan_von_cunstat;Jan von Cunstat;Urkunden;1;1474;1474;0;StaAKr-0429;;;adel;;
jan_von_jeuspitz;Jan von Jeuspitz;Urkunden;1;1448;1448;0;StaAKr-0299;;;buerger;;
jan_von_tlintz;Jan von Tlintz;Urkunden;1;1456;1456;0;StaAKr-0342;;;buerger;;
jannen_stosch_von_coynitz;Jannen Stosch von Coynitz;Urkunden;1;1483;1483;0;StaAKr-0471;;;buerger;;
jans_hagen;Jans Hagen;Urkunden;1;1366;1366;0;StaAKr-0042;;;buerger;;
jans_von_stein;Jans von Stein;Urkunden;3;1359;1361;2;StaAKr-0033|StaAKr-0034|StaAKr-0037;;;buerger;;
jans_von_weitra;Jans von Weitra;Urkunden;1;1344;1344;0;StAK-UrkKr-0017;;;buerger;;
jansen_gundaker;Jansen Gundaker;Urkunden;1;1382;1382;0;StaAKr-0054;;;buerger;;
jeny_von_eckendorf;Jeny von Eckendorf;Urkunden;1;1422;1422;0;StaAKr-0209;;;buerger;;
jerachs_von_schoenfeld;Jerachs von Schönfeld;Urkunden;1;1420;1420;0;StaAKr-0199;;;buerger;;
jeremias_aichorn;Jeremiasz Aichorn;Bürgerbuch;1;1581;1581;0;;BB-1893;;buerger;;
jeremias_heick;Jeremias Heick;Bürgerbuch;1;1615;1615;0;;BB-2618;;buerger;;
jeremias_schneider;Jeremias Schneider;Bürgerbuch;1;1614;1614;0;;BB-2587;;buerger;Handschuhmacher;
jeremieasz_heicke;Jeremieasz Heyckkhe;Bürgerbuch;1;1587;1587;0;;BB-2075;;buerger;Schneider;
joachim_frollich;Joachim Frollich;Bürgerbuch;1;1555;1555;0;;BB-0613;;buerger;Bürstenbinder;
joachim_gaunerstorffer;Joachim Gaunerstorffer;Bürgerbuch;2;1563;1563;0;;BB-0974|BB-1003;;buerger;;
joachim_grafenpeck;Joachim Grafenpeckh|Joachim Grauenpeckh;Bürgerbuch;2;1549;1560;11;;BB-0332|BB-0856;;buerger;;
joachim_kranperger;Joachim Kranperger;Bürgerbuch;1;1567;1567;0;;BB-1179;;buerger;;
joachim_priechl;Joachimb Priechl|Joachims Priechl;Bürgerbuch;2;1561;1561;0;;BB-0886|BB-0921;;buerger;Kupferschmied;
joachim_taller;Joachim Taller;Bürgerbuch;2;1573;1577;4;;BB-1459|BB-1645;;buerger;;
joachim_zwettler;Joachim Zwettler;Urkunden;1;1539;1539;0;StaAKr-0776;;;buerger;;
jobst_hauser;Jobst Hauser;Urkunden;2;1468;1478;10;StaAKr-0411|StaAKr-0437;;;buerger;;
jobst_hofkirchner;Jobst Hofkirchner;Urkunden;1;1408;1408;0;StAK-UrkKr-0154;;;buerger;;
jobst_jungmeyer;Jobst Jungmeyer;Urkunden;1;1500;1500;0;StaAKr-0560;;;buerger;;
jobst_kirchlinger;Jobst|Jobst Kirchlinger;Urkunden;2;1487;1499;12;StaAKr-0502|StaAKr-0559;;;buerger;;
jobst_marthin_pilthauer;Jobst Marthin Pilthauer;Bürgerbuch;1;1622;1622;0;;BB-2735;;buerger;;
jobst_wasloff;Jobst|Jobst Wasloff;Urkunden;8;1411;1423;12;StaKr-0211|StaAKr-0160|StaAKr-0165|StaAKr-0166|StaAKr-0168|StaAKr-0179|StaAKr-0191|StaAKr-0194;;;buerger;;
jobsten_weidenholtzer;Jobsten Weidenholtzer;Urkunden;1;1481;1481;0;StaAKr-0451;;;buerger;;
joerg_geyr_von_gfoehl;Jörg Geyr von Gföhl;Urkunden;1;1405;1405;0;StaAKr-0132;;;buerger;;
joerg_harber;Jörg Harber;Urkunden;1;1458;1458;0;StaAKr-0374;;;buerger;;
joerg_hopfauer;Jörg Hopfauer;Bürgerbuch;1;1555;1555;0;;BB-0611;;buerger;Wagner;
joerg_koelinger;Jörg Kölinger;Urkunden;1;1447;1447;0;StaAKr-0293;;;buerger;;
joerg_krumb;Jörg Krumb;Bürgerbuch;1;1551;1551;0;;BB-0397;;buerger;Glaser;
joerg_kunigsperger_von_schoenberg;Jörg Kunigsperger von Schönberg;Urkunden;1;1443;1443;0;StAK-Stein-2012;;;buerger;;
joerg_muelbanger;Jörg Mülbanger|Jörg Mülbannger;Urkunden;2;1458;1481;23;StaAKr-0374|StaAKr-0459;;;buerger;;
joerg_pess;Jörg Peß;Bürgerbuch;1;1554;1554;0;;BB-0565;;buerger;Glaser;
joerg_sausenegker;Jörg Sausenegker;Urkunden;1;1454;1454;0;StaAKr-0320;;;buerger;;
joerg_von_pottendorf;Jörg von Pottendorf;Urkunden;1;1481;1481;0;StaAKr-0455;;;adel;;
joerg_von_rosenstain;Jörg von Rosenstain;Urkunden;1;1490;1490;0;StaAKr-0527;;;buerger;;
joerg_von_volkestorf;Jörg von Volkerstorff|Jörg von Volkestorf;Urkunden;2;1464;1468;4;StaAKr-0402|StaAKr-0410;;;adel;;
joerg_wordan;Jörg Wordan;Urkunden;1;1484;1484;0;StaAKr-0475;;;buerger;;
joergen_burckharten;Jörgen Burckharten;Urkunden;1;1497;1497;0;StaAKr-0556;;;buerger;;
joergen_praenntl;Jörgen Pränntl;Urkunden;1;1531;1531;0;StaAKr-0716d;;;buerger;;
joergen_schirmer;Jörgen Schirmer;Urkunden;1;1549;1549;0;StaAKr-0817;;;buerger;;
joerigen_wisinger_von_braunau;Jörigen Wisinger von Braunau;Urkunden;1;1488;1488;0;StaAKr-0519;;;buerger;;
johan_menck;Johan Menckh;Bürgerbuch;1;1583;1583;0;;BB-1978;;buerger;;
johann_1407;Johann;Urkunden;1;1407;1407;0;StaAKr-0141;;;buerger;;
johann_abt_von_kremsmuenster;Johann von Kremsmünster;Urkunden;1;1512;1512;0;StAK-Stein-2025;;;buerger;;
johann_baemerl;Johann Bämerl;Bürgerbuch;1;1616;1616;0;;BB-2632;;buerger;;
johann_baptista;Johan Baptista;Bürgerbuch;1;1624;1624;0;;BB-2761;;buerger;;
johann_christophen_hoermann;Johann Christophen Hörmann;Urkunden;1;1662;1662;0;StaAKr-0848;;;buerger;;
johann_gabriel_selben;Johann Gabriel Selben;Urkunden;1;1662;1662;0;StaAKr-0848;;;buerger;;
johann_haustein;Johann Haustain|Johann Haustein;Bürgerbuch;2;1578;1578;0;;BB-1731|BB-1747;;buerger;;
johann_kirchhammer;Johann Kirchhammer;Urkunden;1;1525;1525;0;StaAKr-0659;;;buerger;;
johann_mischhulber;Johann Mischhulber;Urkunden;1;1442;1442;0;StaAKr-0274;;;buerger;;
johann_peter_schreiner;Johann Peter Schreiner;Urkunden;1;1516;1516;0;StaAKr-0586a;;;buerger;;
johann_philipp;Johann Philipp;Urkunden;2;1701;1712;11;StaAKr-0859|StaAKr-0860;;;buerger;;
johann_ringshauser;Johann Ringshauser;Bürgerbuch;1;1613;1613;0;;BB-2560;;buerger;Apotheker;
johann_simon_oertl;Johann Simon Örtl;Urkunden;1;1516;1516;0;StaAKr-0586a;;;buerger;;
johann_stubick;Doctor Johann Stubickh|Johann Stubickh;Bürgerbuch;2;1562;1562;0;;BB-0936|BB-0957;;buerger;Doktor;
johann_taendler;Johann Tändler;Urkunden;1;1530;1530;0;StaAKr-0707;;;buerger;;
johann_von_dem_berge;Johann von dem Berge;Urkunden;1;1383;1383;0;StaAKr-0057;;;buerger;;
johann_von_rohrbach;Johann von Rohrbach;Urkunden;1;1432;1432;0;StAK-UrkKr-0233;;;buerger;;
johann_von_saber;Johann von Saber;Urkunden;1;1515;1515;0;StaAKr-0584a;;;buerger;;
johann_von_salzburg;Johann von Salzburg;Urkunden;2;1488;1488;0;StaAKr-0515|StaAKr-0522;;;buerger;;
johann_weinesseder;Johann Weinesseder;Urkunden;1;1668;1668;0;StAK_16681009_911_reg;;;buerger;;
johann_weirlbaum;Johann Weirlpaumb;Bürgerbuch;1;1604;1604;0;;BB-2410;;buerger;;
johann_westerwurger;Johann Westerwurger;Urkunden;1;1398;1398;0;StaAKr-0092;;;buerger;;
johann_zerrer;Johann Zerrer;Urkunden;1;1535;1535;0;StaAKr-0738a;;;buerger;;
johannes_1337;Johannes;Urkunden;1;1337;1337;0;StaAKr-0014;;;buerger;;
johannes_1456;Johannes;Urkunden;1;1456;1456;0;StaAKr-0341;;;buerger;;
johannes_1458;Johannes;Urkunden;1;1458;1458;0;StaAKr-0370;;;buerger;;
johannes_essler;Johannes Essler;Urkunden;1;1522;1522;0;StaAKr-0632;;;buerger;;
johannes_heylaezkhy;Johanes Heyläzkhy;Bürgerbuch;1;1622;1622;0;;BB-2730;;buerger;;
johannes_may;Johannes May;Urkunden;1;1836;1836;0;StAK_1836_913_reg;;;buerger;;
johannes_schurger;Johannes Schurger;Urkunden;1;1481;1481;0;StaAKr-0451;;;buerger;;
johannes_von_gran;Johannes von Gran;Urkunden;1;1487;1487;0;StaAKr-0505;;;buerger;;
johannes_von_schaunberg;Johannes von Schaunberg;Urkunden;1;1424;1424;0;StaAKr-0213;;;adel;;
johannes_von_weinzierl;Johannes von Weinzierl;Urkunden;1;1438;1438;0;StaAKr-0270;;;buerger;;
jonas_kres;Jonas Khres;Bürgerbuch;1;1607;1607;0;;BB-2442;;buerger;Glaser;
jonasen_kraessen;Jonasen Krässen;Bürgerbuch;1;1621;1621;0;;BB-2662;;buerger;Zimmermann;
josef_i;Josef I.;Urkunden;1;1706;1706;0;StaAKr-0888;;;buerger;;
joseffen_raab;Joseffen Raab;Bürgerbuch;1;1576;1576;0;;BB-1584;;buerger;Sporer;
joseph_abt_von_st_nicolai_passau;Joseph;Urkunden;1;1729;1729;0;StAK-Stein-2059;;;buerger;;
joseph_bab;Joseph Bab;Bürgerbuch;1;1569;1569;0;;BB-1325;;buerger;Sporer;
joseph_der_jude;Joseph der Jude;Urkunden;1;1430;1430;0;StAK-UrkKr-0224;;;buerger;;
joseph_grafenpeck;Jaseph Grafenpeckh;Bürgerbuch;1;1556;1556;0;;BB-0686;;buerger;Hauer;
joseph_ii;Joseph II.;Urkunden;2;1785;1795;10;StaAKr-0897|StaAKr-0898;;;dynastie;;
joseph_johann_nepomuk_janotikh;Joseph Johann Nepomuk Janotikh;Urkunden;1;1761;1761;0;StaAKr-866a;;;buerger;;
joseph_krumpalz;Joseph Khrumpalz;Bürgerbuch;1;1557;1557;0;;BB-0739;;buerger;Binder;
joseph_krumpolz;Joseph Khrumpolz;Bürgerbuch;1;1557;1557;0;;BB-0694;;buerger;Binder;
joseph_lamparth;Joseph Lamparth;Bürgerbuch;2;1577;1577;0;;BB-1648|BB-1672;;buerger;;
joseph_winter;Joseph Winter;Bürgerbuch;1;1549;1549;0;;BB-0331;;buerger;;
julius_cappler;Juliuß Cappler;Bürgerbuch;1;1579;1579;0;;BB-1801;;buerger;;
justus_haerpfer;Justus Härpfer;Urkunden;1;1515;1515;0;StaAKr-0585;;;buerger;;
jutta_krautwurm;Jutta Krautwurm;Urkunden;1;1344;1344;0;StaAKr-0019;;;buerger;;
kadauer_1455;Kadauer;Urkunden;1;1455;1455;0;StaAKr-0337;;;buerger;;
kadolcz_von_wehing;Kadolcz von Wehing;Urkunden;1;1451;1451;0;StaAKr-0304;;;buerger;;
kaiser_friedrich_iii;Kaiser Friedrich III.;Urkunden;1;1479;1479;0;StaAKr-0440;;;buerger;;
kampmacher;Kampmacher;Bürgerbuch;1;1553;1553;0;;BB-0497;;buerger;;
kaplan_bernhart;Kaplan Bernhart;Urkunden;1;1435;1435;0;StaAKr-0257;;;klerus;;
kaplan_friedrich;Kaplan Friedrich;Urkunden;1;1463;1463;0;StaAKr-0396;;;klerus;;
kaplan_hohenberger;Kaplan Hohenberger;Urkunden;1;1518;1518;0;StaAKr-0603;;;klerus;;
kaplan_laurenz;Kaplan Laurenz;Urkunden;1;1499;1499;0;StaAKr-0559;;;klerus;;
kaplan_leopold;Kaplan Leopold;Urkunden;1;1408;1408;0;StaAKr-0156;;;klerus;;
kaplan_ulrich;Kaplan Ulrich;Urkunden;1;1414;1414;0;StaAKr-0173;;;klerus;;
kaplers;Kaplers;Bürgerbuch;1;1552;1552;0;;BB-0443;;buerger;;
kardinal_ausias;Kardinal Ausias;Urkunden;1;1475;1475;0;StaAKr-0434;;;klerus;;
kardinal_stephanus;Kardinal Stephanus;Urkunden;1;1475;1475;0;StaAKr-0434;;;klerus;;
karl_ebhandl;Karl Ebhandl;Urkunden;1;1596;1596;0;StaAKr-0829;;;buerger;;
karl_iv;Karl IV.;Urkunden;2;1371;1411;40;StAK-UrkKr-0043|StAK-UrkKr-0164;;;dynastie;;
karl_stubenweg;Karl Stubenweg;Bürgerbuch;1;1610;1610;0;;BB-2476;;buerger;;
karl_v;Karl V.;Urkunden;7;1519;1521;2;StaAKr-0616|StaAKr-0623|StaAKr-0625|StaAKr-0626|StaAKr-0628|StaAKr-0877|StaAKr-0626a;;;dynastie;;
karl_vi;Karl VI.;Urkunden;3;1712;1715;3;StaAKr-0864|StaAKr-0889|StAK-Stein-2056;;;dynastie;;
karl_von_krichperg;Karl von Krichperg;Urkunden;1;1626;1626;0;StAK-Stein-2041;;;buerger;;
kasimir_brandenburg_kulmbach;Markgraf Casimir;Urkunden;2;1519;1520;1;StaAKr-0618|StaAKr-0621;;;adel;;
kaspar_bemelech;Caspar Bemelech;Bürgerbuch;1;1600;1600;0;;BB-2356;;buerger;;
kaspar_ernreich;Caspar Ernreich;Bürgerbuch;1;1551;1551;0;;BB-0392;;buerger;;
kaspar_eyseler;Caspar Eyseler;Bürgerbuch;1;1552;1552;0;;BB-0466;;buerger;;
kaspar_gannsfuess;Caspar Gannsfueß;Bürgerbuch;1;1553;1553;0;;BB-0534;;buerger;;
kaspar_gerinnger;Caspar Geringer|Caspar Gerinnger;Bürgerbuch;5;1555;1563;8;;BB-0621|BB-0684|BB-0722|BB-0752|BB-0985;;buerger;Goldschmied;
kaspar_glennck;Caspar Glennckh;Bürgerbuch;1;1547;1547;0;;BB-0227;;buerger;Messerschmied;
kaspar_groset;Caspar Groset;Bürgerbuch;1;1557;1557;0;;BB-0720;;buerger;Hauer;
kaspar_grueber;Caspar Grueber;Bürgerbuch;1;1551;1551;0;;BB-0438;;buerger;;
kaspar_grueenwalt;Caspar Grüenwalt;Bürgerbuch;1;1611;1611;0;;BB-2481;;buerger;Barbier;
kaspar_habesfeur;Caspar Habesfeur;Bürgerbuch;1;1573;1573;0;;BB-1433;;buerger;Leitgeb;
kaspar_hecker;Caspar Heckher;Bürgerbuch;1;1586;1586;0;;BB-2056;;buerger;;
kaspar_hegger;Kaspar Hegger;Bürgerbuch;1;1614;1614;0;;BB-2593;;buerger;Wagner;
kaspar_hochschein;Caspar Hochschein;Bürgerbuch;1;1613;1613;0;;BB-2551;;buerger;Zimmermann;
kaspar_hoeekher;Kaspar Höekher;Bürgerbuch;1;1588;1588;0;;BB-2091;;buerger;Hufschmied;
kaspar_hueber;Caspar Hueber;Bürgerbuch;1;1613;1613;0;;BB-2547;;buerger;;
kaspar_huschnauer;Caspar Huschnauer;Bürgerbuch;1;1548;1548;0;;BB-0256;;buerger;Binder;
kaspar_karl;Caspar Carl|Caspar Karl;Bürgerbuch;3;1566;1582;16;;BB-1084|BB-1108|BB-1913;;buerger;Tischler;
kaspar_kisling;Caspar Khisling;Bürgerbuch;1;1586;1586;0;;BB-2059;;buerger;;
kaspar_klausen;Casparn Klausen;Bürgerbuch;1;1621;1621;0;;BB-2662;;buerger;Zimmermann;
kaspar_kleblath;Caspar Khleblat;Bürgerbuch;1;1573;1573;0;;BB-1435;;buerger;Schneider;
kaspar_koechl;Caspar Köchl;Bürgerbuch;1;1574;1574;0;;BB-1515;;buerger;Seiler;
kaspar_kornpaur;Kaspar Kornpaur;Urkunden;1;1552;1552;0;StaAKr-0818;;;buerger;;
kaspar_liebpaur;Kaspar Liebpaur;Bürgerbuch;1;1588;1588;0;;BB-2099;;buerger;;
kaspar_maillandt;Caspar Mailandt;Bürgerbuch;2;1600;1615;15;;BB-2339|BB-2595;;buerger;Riemer;
kaspar_messerschmidt;Caspar Messerschmidt;Bürgerbuch;1;1546;1546;0;;BB-0180;;buerger;;
kaspar_mittermayr;Caspar Mittermair|Caspar Mittermayr;Bürgerbuch;3;1613;1614;1;;BB-2555|BB-2587|BB-2588;;buerger;Goldschmied;
kaspar_moriz;Caspar Moriz;Bürgerbuch;4;1610;1615;5;;BB-2472|BB-2586|BB-2595|BB-2603;;buerger;Maurer;
kaspar_natterer;Caspar Natterer;Bürgerbuch;1;1568;1568;0;;BB-1295;;buerger;Hauer;
kaspar_oder;Kaspar Oder;Urkunden;3;1419;1433;14;StaAKr-0196|StaAKr-0202|StaAKr-0242;;;buerger;;
kaspar_order;Kaspar Order;Urkunden;1;1416;1416;0;StaAKr-0185;;;buerger;;
kaspar_osswalt;Caspar Oßwalt;Bürgerbuch;1;1571;1571;0;;BB-1357;;buerger;Schlosser;
kaspar_oxlmair;Caspar Oxlmair;Bürgerbuch;1;1577;1577;0;;BB-1691;;buerger;;
kaspar_pfarkircher;Caspar Pfarkircher;Bürgerbuch;1;1583;1583;0;;BB-1975;;buerger;Stadtkoch;
kaspar_planncker;Caspar Plannckher;Bürgerbuch;1;1592;1592;0;;BB-2200;;buerger;;
kaspar_renner;Caspar Renner;Bürgerbuch;2;1549;1549;0;;BB-0314|BB-0316;;buerger;Barbier;
kaspar_sagmueller;Kaspar Sagmüller;Urkunden;1;1521;1521;0;StaAKr-0628b;;;buerger;;
kaspar_sandrer;Caspar Sanderer|Caspar Sandrer;Bürgerbuch;2;1571;1573;2;;BB-1360|BB-1413;;buerger;Nagelschmied;
kaspar_saudtner;Caspar Saudtner;Bürgerbuch;1;1607;1607;0;;BB-2443;;buerger;Barbier;
kaspar_scheibenperger;Caspar Scheibenperger;Bürgerbuch;1;1549;1549;0;;BB-0278;;buerger;;
kaspar_scheichl;Caspar Scheichl;Bürgerbuch;1;1555;1555;0;;BB-0651;;buerger;Binder;
kaspar_scheirl;Caspar Scheirl;Bürgerbuch;1;1582;1582;0;;BB-1933;;buerger;;
kaspar_schirmer;Caspar Schirbmer;Bürgerbuch;1;1611;1611;0;;BB-2488;;buerger;;
kaspar_schweickl;Kaspar Schweickl;Bürgerbuch;2;1554;1557;3;;BB-0564|BB-0707;;buerger;Bäcker;
kaspar_schwingenschlegl;Caspar Schwingenschlegl;Bürgerbuch;1;1600;1600;0;;BB-2352;;buerger;;
kaspar_segmullner;Caspar Segmullner;Bürgerbuch;1;1547;1547;0;;BB-0236;;buerger;;
kaspar_silberpaur;Caspar Silberpaur;Bürgerbuch;1;1565;1565;0;;BB-1061;;buerger;Hauer;
kaspar_stahardinger;Caspar Stahardinger;Bürgerbuch;1;1549;1549;0;;BB-0288;;buerger;Weber;
kaspar_sterseck;Kaspar Sterseck;Urkunden;1;1741;1741;0;StAK-Stein-2061;;;buerger;;
kaspar_streibl;Caspar Streibl;Bürgerbuch;1;1592;1592;0;;BB-2219;;buerger;;
kaspar_summer;Kaspar Summer;Urkunden;1;1430;1430;0;StaAKr-0223;;;buerger;;
kaspar_taller;Caspar Taller;Bürgerbuch;1;1604;1604;0;;BB-2405;;buerger;;
kaspar_trauter;Caspar Trauter;Bürgerbuch;1;1546;1546;0;;BB-0194;;buerger;Schneider;
kaspar_vepauer;Caspar Vepauer;Bürgerbuch;2;1574;1574;0;;BB-1497|BB-1511;;buerger;Schuster;
kaspar_von_starchenberger;Kaspar von Starchenberger;Urkunden;1;1407;1407;0;StaAKr-0138;;;adel;;
kaspar_von_volkenstorf;Kaspar von Volkenstorf;Urkunden;1;1511;1511;0;StaAKr-0579;;;adel;;
kaspar_walther;Caspar Walther;Bürgerbuch;2;1546;1548;2;;BB-0178|BB-0250;;buerger;Fleischhacker;
kaspar_weitenauer;Kaspar Weitenauer;Urkunden;1;1526;1526;0;StaAKr-0671g;;;buerger;;
kaspar_wierttenperger;Caspar Wierttenperger;Bürgerbuch;1;1607;1607;0;;BB-2449;;buerger;;
katharina_ackerl;Katharina Ackerl;Urkunden;1;1539;1539;0;StaAKr-0774;;;buerger;;
katharina_clasenschmid;Katharina Clasenschmid;Urkunden;1;1521;1521;0;StaAKr-0628a;;;buerger;;
katharina_eidam;Katharina Eidam;Urkunden;1;1349;1349;0;StaAKr-0026;;;buerger;;
katharina_erdinger;Katharina Erdinger;Urkunden;1;1425;1425;0;StaAKr-0217;;;buerger;;
katharina_frostlein;Katharina Frostlein;Urkunden;1;1400;1400;0;StaAKr-0110;;;buerger;;
katharina_gisperger;Katharina Gisperger;Urkunden;1;1401;1401;0;StaAKr-0117;;;buerger;;
katharina_glatzner;Katharina Glatzner;Urkunden;1;1416;1416;0;StaAKr-0180;;;buerger;;
katharina_greusnicker;Katharina Greusnicker;Urkunden;1;1405;1405;0;StaAKr-0132;;;buerger;;
katharina_hakner;Katharina Hakner;Urkunden;1;1458;1458;0;StaAKr-0358;;;buerger;;
katharina_hase;Katharina Hase;Urkunden;1;1392;1392;0;StaAKr-0073;;;buerger;;
katharina_hekchl;Katharina Hekchl;Urkunden;1;1419;1419;0;StaAKr-0192;;;buerger;;
katharina_heller;Katharina Heller;Urkunden;1;1419;1419;0;StaAKr-0196;;;buerger;;
katharina_kirchhammer;Katharina Kirchhammer;Urkunden;1;1525;1525;0;StaAKr-0659;;;buerger;;
katharina_kollenpekchen;Katharina Kollenpekchen;Urkunden;1;1486;1486;0;StaAKr-0500;;;buerger;;
katharina_kuersner;Katharina Kürsner;Urkunden;2;1444;1456;12;StaAKr-0279|StaAKr-0340;;;buerger;;
katharina_layterpekch;Katharina Layterpekch;Urkunden;1;1417;1417;0;StaAKr-0189;;;buerger;;
katharina_lederpekchen;Katharina Lederpekchen;Urkunden;1;1430;1430;0;StaAKr-0223;;;buerger;;
katharina_leutbein;Katharina|Katharina Leutbein;Urkunden;2;1413;1422;9;StaKr-0207|StaAKr-0168;;;buerger;;
katharina_maurer;Katharina Maurer;Urkunden;1;1401;1401;0;StaAKr-0112;;;buerger;;
katharina_muellner;Katharina Müllner;Urkunden;1;1419;1419;0;StaAKr-0196;;;buerger;;
katharina_pehem;Katharina Pehem;Urkunden;1;1410;1410;0;StaAKr-0158;;;buerger;;
katharina_radl;Katharina Radl;Urkunden;1;1530;1530;0;StaAKr-0708b;;;buerger;;
katharina_rueschlein;Katharina Rüschlein;Urkunden;1;1386;1386;0;StaAKr-0060;;;buerger;;
katharina_saelde;Katharina Sälde;Urkunden;1;1372;1372;0;StaAKr-0044;;;buerger;;
katharina_schadauer;Katharina Schadauer;Urkunden;1;1552;1552;0;StaAKr-0818;;;buerger;;
katharina_schaffer;Katharina Schaffer;Urkunden;1;1394;1394;0;StaAKr-0079;;;buerger;;
katharina_schneider;Katharina Schneider;Urkunden;1;1347;1347;0;StaAKr-0023;;;buerger;;
katharina_steyricker;Katharina Steyricker;Urkunden;1;1534;1534;0;StaAKr-0736;;;buerger;;
katharina_stoeckl;Katharina Stöckl;Urkunden;1;1549;1549;0;StaAKr-0817;;;buerger;;
katharina_tehenstayn;Katharina|Katharina Tehenstayn;Urkunden;2;1433;1433;0;StaAKr-0242|StaAKr-0243;;;buerger;;
katharina_traexler;Katharina Träxler;Urkunden;1;1729;1729;0;StaAKr-0865;;;buerger;;
katharina_tundorfer;Katharina|Katharina Tundorfer;Urkunden;1;1434;1434;0;StaAKr-0254;;;buerger;;
katharina_unger_anna_von_eferding;Katharina Unger, Anna von Eferding;Urkunden;1;1419;1419;0;StaAKr-0196;;;buerger;;
katharina_von_gneixendorf;Katharina von Gneixendorf;Urkunden;1;1404;1404;0;StaAKr-0129;;;buerger;;
katharina_von_oberloiben;Katharina von Oberloiben;Urkunden;1;1406;1406;0;StaAKr-0136;;;buerger;;
katharina_von_weinzierl;Katharina von Weinzierl;Urkunden;1;1438;1438;0;StaAKr-0270;;;buerger;;
katharina_von_weitra;Katharina von Weitra;Urkunden;1;1356;1356;0;StaAKr-0030;;;buerger;;
katharina_waldner;Katharina Waldner;Urkunden;1;1430;1430;0;StAK-UrkKr-0224;;;buerger;;
katharina_weisse;Katharina Weisse;Urkunden;1;1396;1396;0;StaAKr-0087;;;buerger;;
katharina_winkel;Katharina Winkel;Urkunden;1;1349;1349;0;StaAKr-0024;;;buerger;;
katharina_wursner;Katharina Wursner;Urkunden;1;1452;1452;0;StaAKr-0311;;;buerger;;
katharine_notlich;Katharine Notlich;Urkunden;1;1394;1394;0;StaAKr-0079;;;buerger;;
kathrein_brunn;Kathrein Brunn;Urkunden;1;1471;1471;0;StaAKr-0420;;;buerger;;
kathrein_wielannt;Kathrein|Kathrein Wielannt;Urkunden;2;1471;1473;2;StaAKr-0425|StaAKr-0428;;;buerger;;
kathrina_fasszieher;Kathrina Faßzieher;Urkunden;1;1382;1382;0;StaAKr-0056;;;buerger;;
khillion_fux;Khillion Fux;Bürgerbuch;1;1602;1602;0;;BB-2385;;buerger;;
khop_schneider;Khop Schneider;Bürgerbuch;1;1554;1554;0;;BB-0564;;buerger;Bäcker;
kilian_achleutner;Khilian Achleutner|Khillin Achleutner;Bürgerbuch;2;1543;1571;28;;BB-0113|BB-1371;;buerger;;
kilian_bierbaum;Kilian Bierbaum;Bürgerbuch;1;1589;1589;0;;BB-2144;;buerger;Hosenstricker;
kilian_gredtlhueber;Kilian Gredtlhueber;Bürgerbuch;1;1574;1574;0;;BB-1529;;buerger;;
kilian_marquart;Kilian Marquart;Urkunden;2;1514;1514;0;StaAKr-0582|StaAKr-0583;;;buerger;;
kilian_pierpaem;Khillian Pierpäm;Bürgerbuch;1;1573;1573;0;;BB-1424;;buerger;Hauer;
klaus_vosthart;Klaus Vosthart;Urkunden;1;1531;1531;0;StaAKr-0715;;;buerger;;
klement_knirznschildt;Clement Knirznschildt;Bürgerbuch;1;1573;1573;0;;BB-1434;;buerger;Gürtler;
klement_laininger;Clement Laininger;Bürgerbuch;1;1622;1622;0;;BB-2703;;buerger;Schneider;
klement_neikhamb;Khlement Neikhamb;Bürgerbuch;1;1573;1573;0;;BB-1412;;buerger;Zirkelschmied;
klement_taler;Klement Taler;Urkunden;1;1437;1437;0;StaAKr-0267;;;buerger;;
kofler_1531;Kofler;Urkunden;1;1531;1531;0;StaAKr-0716b;;;buerger;;
kolman_gartner;Colman Gartner;Bürgerbuch;1;1571;1571;0;;BB-1384;;buerger;Maurer;
kolman_himbelberger;Colman Himbelberger;Bürgerbuch;1;1614;1614;0;;BB-2576;;buerger;;
kolman_lisst;Kolman Lisst;Bürgerbuch;3;1566;1568;2;;BB-1098|BB-1137|BB-1247;;buerger;Sporer;
kolman_oelhardt;Colman Ölhardt;Bürgerbuch;1;1578;1578;0;;BB-1744;;buerger;Fischer;
kolman_ortner;Colman Orttner;Bürgerbuch;2;1583;1583;0;;BB-1963|BB-1970;;buerger;Leineweber;
kolman_pehhacker;Colman Pehackher;Bürgerbuch;1;1589;1589;0;;BB-2145;;buerger;Feilschmied;
kolman_schauer;Colman Schauer;Bürgerbuch;2;1566;1566;0;;BB-1080|BB-1107;;buerger;Riemer;
koloman_fuhrmann;Collman Fuhrman;Bürgerbuch;1;1555;1555;0;;BB-0624;;buerger;;
koloman_holm;Koloman|Koloman Holm;Urkunden;1;1400;1400;0;StaAKr-0106;;;buerger;;
koloman_rebel;Koloman Rebel;Urkunden;1;1469;1469;0;StaAKr-0418;;;buerger;;
koloman_von_stein;Koloman von Stein;Urkunden;1;1347;1347;0;StaAKr-0022;;;buerger;;
konad_sparenranft;Konad Sparenranft;Urkunden;1;1344;1344;0;StaAKr-0020;;;buerger;;
konrad_1230;Konrad;Urkunden;1;1230;1230;0;StaAKr-0001b;;;buerger;;
konrad_angerfelder;Konrad Angerfelder;Urkunden;1;1406;1406;0;StaAKr-0135;;;buerger;;
konrad_der_gaessler;Konrad der Gässler;Urkunden;1;1415;1415;0;StaAKr-0176;;;buerger;;
konrad_der_rote;Konrad der Rote;Urkunden;1;1322;1322;0;StAK-UrkKr-0011;;;buerger;;
konrad_draemel;Konrad Drämel;Urkunden;1;1366;1366;0;StaAKr-0039;;;buerger;;
konrad_durst;Konrad Durst;Urkunden;1;1300;1300;0;StaAK-UrkKr-0005;;;buerger;;
konrad_fleischhacker;Konrad Fleischhacker;Urkunden;1;1416;1416;0;StaAKr-0184;;;buerger;;
konrad_glanast;Konrad Glanast;Urkunden;4;1419;1436;17;StaAKr-0193|StaAKr-0194|StaAKr-0236|StaAKr-0264;;;buerger;;
konrad_grabner;Konrad Grabner;Urkunden;1;1411;1411;0;StaAKr-0160;;;buerger;;
konrad_huelben;Konrad Hülben;Urkunden;1;1322;1322;0;StAK-UrkKr-0011;;;buerger;;
konrad_hulber;Konrad Hulber;Urkunden;1;1401;1401;0;StaAKr-0111;;;buerger;;
konrad_junker;Conrad Jungkher;Bürgerbuch;1;1539;1539;0;;BB-0054;;buerger;;
konrad_kopf;Konrad Kopf;Urkunden;1;1408;1408;0;StaAKr-0156;;;buerger;;
konrad_krauss;Conradt Khrauß;Bürgerbuch;1;1556;1556;0;;BB-0688;;buerger;;
konrad_lenner;Conrad Lenner|Conradt Lenner;Bürgerbuch;2;1578;1578;0;;BB-1728|BB-1763;;buerger;Glaser;
konrad_lindenfels;Konrad Lindenfels;Urkunden;1;1470;1470;0;StAK- Stein-2016;;;buerger;;
konrad_oeler;Konrad Öler;Urkunden;1;1300;1300;0;StaAK-UrkKr-0005;;;buerger;;
konrad_pelsteil;Konrad Pelsteil;Urkunden;1;1415;1415;0;StaAKr-0174;;;buerger;;
konrad_reichersperger;Konrad Reichersperger;Urkunden;1;1398;1398;0;StaAKr-0091;;;buerger;;
konrad_rueber;Konrad Rueber;Urkunden;1;1435;1435;0;StaAKr-0257;;;buerger;;
konrad_rueler;Konrad Rueler;Urkunden;1;1431;1431;0;StaAKr-0229;;;buerger;;
konrad_salzer;Konrad Salzer;Urkunden;1;1392;1392;0;StaAKr-0073;;;buerger;;
konrad_schuster_eggenburg_1419;Konrad Schuster;Urkunden;1;1419;1419;0;StaAKr-0196;;;buerger;;
konrad_schuster_krems_1340;Konrad Schuster;Urkunden;1;1340;1340;0;StAK-UrkKr-0016;;;buerger;;
konrad_schyller;Konrad Schyller;Urkunden;1;1344;1344;0;StaAKr-0019;;;buerger;;
konrad_stockhaimer;Konrad Stockhaimer;Urkunden;1;1493;1493;0;StaAKr-0543;;;buerger;;
konrad_von_krems;Konrad von Krems;Urkunden;1;1214;1214;0;StaAKr-0001a;;;buerger;;
konrad_von_lilienfeld;Konrad von Lilienfeld;Urkunden;1;1403;1403;0;StaAKr-0127;;;buerger;;
konrad_waldhauserhof;Konrad Waldhauserhof;Urkunden;1;1322;1322;0;StAK-UrkKr-0011;;;buerger;;
konrad_wehinger;Konrad Wehinger;Urkunden;1;1408;1408;0;StAK-UrkKr-0149;;;buerger;;
konrad_wuerffel;Konrad Würffel;Urkunden;1;1436;1436;0;StaAKr-0263;;;buerger;;
konrad_wurm;Konrad Wurm;Urkunden;1;1464;1464;0;StaAKr-0401;;;buerger;;
kristian_choll;Kristan|Kristian Choll;Urkunden;2;1458;1464;6;StaAKr-0374|StaAKr-0401;;;buerger;;
kristoff_aschperinger;Kristoff Aschperinger;Urkunden;1;1471;1471;0;StaAKr-0425;;;buerger;;
kristoff_leytschestorffer;Kristoff Leytschestorffer;Urkunden;1;1447;1447;0;StaAKr-0292;;;buerger;;
kristoff_schad;Kristoff|Kristoff Schad;Urkunden;1;1471;1471;0;StaAKr-0425;;;buerger;;
kunczel_weisse;Kunczel Weisse;Urkunden;1;1396;1396;0;StaAKr-0087;;;buerger;;
kunigund_wisinger;Kunigund Wisinger;Urkunden;1;1549;1549;0;StaAKr-0802;;;buerger;;
kunigunde_christ;Kunigunde Christ;Urkunden;1;1392;1392;0;StaAKr-0075;;;buerger;;
kunigunde_fleischhacker;Kunigunde Fleischhacker;Urkunden;1;1416;1416;0;StaAKr-0184;;;buerger;;
kunigunde_schuster;Kunigunde Schuster;Urkunden;1;1419;1419;0;StaAKr-0196;;;buerger;;
kunigunde_von_potendorf;Kunigunde von Potendorf;Urkunden;2;1419;1439;20;StaAKr-0198|StaAKr-0272;;;adel;;
kunz_stybor;Kunz Stybor;Urkunden;1;1485;1485;0;StAK-UrkKr-0495;;;buerger;;
kunz_von_gumpolts;Kunz von Gumpolts;Urkunden;1;1420;1420;0;StaAKr-0199;;;buerger;;
ladislaus_v;Ladislaus|Ladislaus V.;Urkunden;35;1439;1457;18;StaAKr-0287|StaAKr-0302|StaAKr-0304|StaAKr-0308|StaAKr-0312|StaAKr-0313|StaAKr-0314|StaAKr-0315|StaAKr-0316|StaAKr-0317|StaAKr-0320|StaAKr-0322|StaAKr-0327|StaAKr-0330|StaAKr-0331|StaAKr-0332|StaAKr-0333|StaAKr-0334|StaAKr-0335|StaAKr-0336|StaAKr-0339|StaAKr-0343|StaAKr-0345|StaAKr-0347|StaAKr-0348|StaAKr-0349|StaAKr-0350|StaAKr-0352|StaAKr-0354|StAK-Stein-2013|StAK-Stein-2014|StAK-Stein-2015|StAK-UrkKr-0283|StAK-UrkKr-0289|StAK-UrkKr-0319;;;dynastie;;
lambrecht_geidacher;Lambrecht Geidacher;Bürgerbuch;1;1578;1578;0;;BB-1752;;buerger;;
lamprecht_popp;(Lnnprecht?) Popp;Bürgerbuch;1;1561;1561;0;;BB-0882;;buerger;Nestler;
lamprecht_schuster_von_langenlois;Lamprecht Schuster von Langenlois;Urkunden;1;1531;1531;0;StaAKr-0716d;;;buerger;;
lamprecht_spitzenstain;Lamprecht Spitzenstain;Urkunden;1;1497;1497;0;StaAKr-0554;;;buerger;;
lamprecht_stollberger;Lamprecht Stollberger;Bürgerbuch;1;1573;1573;0;;BB-1456;;buerger;Hauer;
lamprecht_wisant;Lamprecht Wisannt|Lamprechten Wisant;Bürgerbuch;2;1553;1553;0;;BB-0513|BB-0545;;buerger;;
larennz_lanng;Larennz Lanng;Bürgerbuch;1;1564;1564;0;;BB-1010;;buerger;Weber;
larenz_knap;Larenz Khnap;Bürgerbuch;1;1577;1577;0;;BB-1707;;buerger;;
larenz_langschedl;Larenz Langschedl;Bürgerbuch;1;1563;1563;0;;BB-0976;;buerger;;
larenz_petter;Larenz Petter;Bürgerbuch;1;1550;1550;0;;BB-0335;;buerger;Tuchscherer;
larenz_tuell;Larenz Tüll;Bürgerbuch;1;1579;1579;0;;BB-1782;;buerger;;
lasarus_puechler;Lasarus Püchler;Bürgerbuch;1;1557;1557;0;;BB-0705;;buerger;;
laurenz_aichperger;Larennz Aichperger|Lorennz Aichperger;Bürgerbuch;2;1555;1555;0;;BB-0606|BB-0616;;buerger;Schneider;
laurenz_beck;Larennz Pockh;Bürgerbuch;2;1564;1564;0;;BB-1014|BB-1029;;buerger;Schneider;
laurenz_ferber;Larennz Ferber;Bürgerbuch;1;1558;1558;0;;BB-0762;;buerger;;
laurenz_frollich;Larenntz Frollich|Lorennz Fröllich;Bürgerbuch;2;1557;1557;0;;BB-0695|BB-0713;;buerger;;
laurenz_krannzer;Larennz Khrannzer;Bürgerbuch;1;1553;1553;0;;BB-0546;;buerger;;
laurenz_ohl;Larennz Ohl;Bürgerbuch;1;1552;1552;0;;BB-0455;;buerger;Fasszieher;
laurenz_olil;Larennz Olil;Bürgerbuch;1;1552;1552;0;;BB-0463;;buerger;;
laurenz_schachtl;Larenz Schachtl;Bürgerbuch;1;1549;1549;0;;BB-0272;;buerger;;
laurenz_stengl;Laurenz Stengl|Laurenz Stängln;Urkunden;2;1458;1459;1;StaAKr-0358|StaAKr-0379;;;buerger;;
laurenz_waziher;Laurenz Waziher;Urkunden;1;1421;1421;0;StaAKr-0204;;;buerger;;
lazarus_puechler;Lazarus Puchler|Lazarus Püchler;Bürgerbuch;2;1554;1554;0;;BB-0566|BB-0574;;buerger;;
lazarus_puhler;Lazarus Puhler;Bürgerbuch;1;1544;1544;0;;BB-0141;;buerger;;
lechner_peck;Lechner Peck;Bürgerbuch;1;1550;1550;0;;BB-0350;;buerger;Radschmied;
ledwenko_1454;Ledwenko;Urkunden;1;1454;1454;0;StaAKr-0320;;;buerger;;
ledwenko_1454a;Ledwenko;Urkunden;1;1454;1454;0;StaAKr-0321;;;buerger;;
ledwenko_1459;Ledwenko;Urkunden;1;1459;1459;0;StaAKr-0382;;;buerger;;
ledwenko_von_ruchenau;Ledwenko von Ruchenau;Urkunden;1;1454;1454;0;StAK-UrkKr-0319;;;buerger;;
lehentz_reinold;Lehentz Reinold;Urkunden;1;1300;1300;0;StaAK-UrkKr-0005;;;buerger;;
lehner_1515;Lehner;Urkunden;1;1515;1515;0;StaAKr-0581b;;;buerger;;
leoepoldtten_schwingenschlegl;Leöpoldtten Schwingenschlegl;Bürgerbuch;1;1576;1576;0;;BB-1588;;buerger;Fragner;
leonartt_leyttner;Leonartt Leyttner;Urkunden;1;1470;1470;0;StaAKr-0419;;;buerger;;
leonhard_aichinger;Leonhart Aichinger|Leonnhardt Aichinger;Bürgerbuch;2;1562;1564;2;;BB-0941|BB-1024;;buerger;Bäcker;
leonhard_aring;Leonhart Aring;Bürgerbuch;1;1550;1550;0;;BB-0350;;buerger;Radschmied;
leonhard_auer;Leonhart Auer;Bürgerbuch;1;1577;1577;0;;BB-1717;;buerger;Büchsenschäfter;
leonhard_bail;Leonhart Bail;Bürgerbuch;1;1592;1592;0;;BB-2215;;buerger;;
leonhard_cass;Leonhard Cass;Bürgerbuch;1;1559;1559;0;;BB-0794;;buerger;;
leonhard_cunnz;Leonhard Cunnz;Bürgerbuch;1;1560;1560;0;;BB-0824;;buerger;Binder;
leonhard_elser;Leonhart Elser;Bürgerbuch;1;1587;1587;0;;BB-2066;;buerger;Bäcker;
leonhard_eysteter;Leonhardt Eysteter;Bürgerbuch;1;1580;1580;0;;BB-1821;;buerger;Maurer;
leonhard_graf;Leonhard Graf;Bürgerbuch;1;1551;1551;0;;BB-0409;;adel;Schiffmann;
leonhard_guertner;Leonhart Gurtner;Bürgerbuch;1;1543;1543;0;;BB-0116;;buerger;;
leonhard_guessrigl;Leonhardt Güszrigl;Bürgerbuch;1;1573;1573;0;;BB-1465;;buerger;Kupferschmied;
leonhard_hafner;Leonhart Hafner;Bürgerbuch;1;1546;1546;0;;BB-0200;;buerger;Bader;
leonhard_hardegger;Leonhart Hardegger;Bürgerbuch;1;1557;1557;0;;BB-0740;;adel;Binder;
leonhard_hartman;Leonhart Hartman;Bürgerbuch;1;1535;1535;0;;BB-0001;;buerger;;
leonhard_heissler;Leinhart Heißler beim gulden Lämpl;Bürgerbuch;1;1595;1595;0;;BB-2244;;buerger;;
leonhard_heyrass;Leonhart Heyrasz;Bürgerbuch;1;1602;1602;0;;BB-2383;;buerger;;
leonhard_heys;Leonhart Heys;Bürgerbuch;1;1569;1569;0;;BB-1321;;buerger;Bäcker;
leonhard_hiern;Leonhardt Hiern;Bürgerbuch;1;1588;1588;0;;BB-2113;;buerger;Schleiffer;
leonhard_hochdarer;Leonhard Hochdarer;Bürgerbuch;1;1584;1584;0;;BB-1995;;buerger;Maurer;
leonhard_hochtarer;Leonhart Hochtarer;Bürgerbuch;1;1546;1546;0;;BB-0174;;buerger;;
leonhard_holderl;Leonhart Holderl;Bürgerbuch;1;1543;1543;0;;BB-0126;;buerger;Müller;
leonhard_hueber;Leonhard Hueber|Leonhardt Hueber;Bürgerbuch;2;1550;1597;47;;BB-0362|BB-2327;;buerger;;
leonhard_kampl;Leonhart Khampl;Bürgerbuch;1;1557;1557;0;;BB-0736;;buerger;Uhrmacher;
leonhard_kirchner;Leonradt Kirchner;Bürgerbuch;1;1576;1576;0;;BB-1603;;buerger;Pottschmied;
leonhard_koss;Leonhard Kosz;Bürgerbuch;1;1551;1551;0;;BB-0413;;buerger;Schneider;
leonhard_kruzperger;Leonhart Khruzperger;Bürgerbuch;1;1539;1539;0;;BB-0065;;buerger;;
leonhard_kunz;Leonhart Conz|Leonhart Khunz;Bürgerbuch;2;1554;1554;0;;BB-0561|BB-0577;;buerger;Bäcker;
leonhard_leuetner;Leonhart Leütner;Bürgerbuch;1;1592;1592;0;;BB-2202;;buerger;Lebzelter;
leonhard_lueffer;Leonhardt Lüffer;Bürgerbuch;1;1602;1602;0;;BB-2393;;buerger;;
leonhard_maurer;Leonhart Maurer;Bürgerbuch;1;1562;1562;0;;BB-0940;;buerger;;
leonhard_mayr;Leonhardt Mair|Leonhardt Mayr;Bürgerbuch;2;1566;1567;1;;BB-1091|BB-1208;;buerger;Hofmeister;
leonhard_muellner;Leonhar Mülner;Bürgerbuch;1;1581;1581;0;;BB-1902;;buerger;;
leonhard_muellnerhauer;Leonhart Müllnerhauer;Bürgerbuch;1;1576;1576;0;;BB-1633;;buerger;;
leonhard_niechtl;Leonhard Niechtl;Bürgerbuch;1;1553;1553;0;;BB-0502;;buerger;;
leonhard_oder;Leonhart Oder;Bürgerbuch;1;1560;1560;0;;BB-0874;;buerger;Bäcker;
leonhard_perckmair;Leonhart Perckmair;Bürgerbuch;1;1552;1552;0;;BB-0481;;buerger;Messerschmied;
leonhard_perger;Leonhart Perger;Bürgerbuch;1;1553;1553;0;;BB-0536;;buerger;Hauer;
leonhard_pirchinger;Leonhart Pirchinger;Bürgerbuch;1;1559;1559;0;;BB-0803;;buerger;Zimmermann;
leonhard_podl;Leonhart Podl;Bürgerbuch;1;1535;1535;0;;BB-0013;;buerger;;
leonhard_priewang;Leonhardt Priewanng;Bürgerbuch;1;1611;1611;0;;BB-2479;;buerger;Hauer;
leonhard_pruckermair;Leonhart Pruckhermair;Bürgerbuch;1;1550;1550;0;;BB-0351;;buerger;;
leonhard_punngartner;Leonhart Punngartner;Bürgerbuch;1;1556;1556;0;;BB-0685;;buerger;Lebzelter;
leonhard_reichamer;Leonhart Reichamer;Bürgerbuch;1;1569;1569;0;;BB-1352;;buerger;;
leonhard_reisinger;Leonhart Reisinger;Bürgerbuch;1;1544;1544;0;;BB-0132;;buerger;;
leonhard_rezer;Leonhart Rezer;Bürgerbuch;1;1545;1545;0;;BB-0160;;buerger;Müller;
leonhard_schazl;Leonhart Schazl;Bürgerbuch;1;1546;1546;0;;BB-0175;;buerger;Schlosser;
leonhard_scheiffel;Leonhad Scheiffel|Leonhard Scheiffel;Bürgerbuch;2;1583;1583;0;;BB-1965|BB-1991;;buerger;;
leonhard_schiestl;Leonhart Schiestl;Bürgerbuch;1;1577;1577;0;;BB-1716;;buerger;Hauer;
leonhard_schifler;Leonhard Schifler;Bürgerbuch;1;1615;1615;0;;BB-2602;;buerger;Goldschmied;
leonhard_schirmair;Leonhard Schirmair;Urkunden;1;1549;1549;0;StaAKr-0803;;;buerger;;
leonhard_schmittingers;Leonhart Schmidinger|Leonharten Schmittingers;Bürgerbuch;2;1577;1577;0;;BB-1657|BB-1712;;buerger;Leineweber;
leonhard_schreiber;Leonhart Schreiber;Bürgerbuch;1;1586;1586;0;;BB-2055;;buerger;;
leonhard_schwaiger;Leonhardt Schwaiger;Bürgerbuch;2;1600;1600;0;;BB-2349|BB-2353;;buerger;;
leonhard_seehueber;Leonhart Seehueber;Bürgerbuch;1;1583;1583;0;;BB-1983;;buerger;Hauer;
leonhard_sintenpeck;Leonhart Sintenpeckh;Bürgerbuch;1;1557;1557;0;;BB-0734;;buerger;Binder;
leonhard_spanier;Leonhart Spanier;Bürgerbuch;1;1552;1552;0;;BB-0476;;buerger;Hafner;
leonhard_stack;Leonhart Stackh;Bürgerbuch;1;1554;1554;0;;BB-0579;;buerger;Binder;
leonhard_steuber;Leonhart Stauber;Bürgerbuch;1;1588;1588;0;;BB-2105;;buerger;Zimmermann;
leonhard_stocker;Leonhart Stockher;Bürgerbuch;1;1615;1615;0;;BB-2619;;buerger;Bauer;
leonhard_stumpsbeck;Leonhardt Stumpsbeckh;Bürgerbuch;1;1580;1580;0;;BB-1822;;buerger;Schleiffer;
leonhard_taxer;Leonhart Taxer;Bürgerbuch;1;1571;1571;0;;BB-1382;;buerger;Lebzelter;
leonhard_taxmuelner;Leonhard Taxmülner;Bürgerbuch;1;1550;1550;0;;BB-0361;;buerger;;
leonhard_tenscherz;Leonhart Tennscherz;Bürgerbuch;1;1541;1541;0;;BB-0080;;buerger;;
leonhard_wegleutner;Leonhart Wegleutner;Bürgerbuch;1;1553;1553;0;;BB-0492;;buerger;Fasszieher;
leonhard_weigl;Leonhardt Weigl;Bürgerbuch;1;1624;1624;0;;BB-2766;;buerger;;
leonhard_werschhauser;Leonhart Werschhauser;Bürgerbuch;2;1559;1560;1;;BB-0794|BB-0855;;buerger;Schneider;
leonhard_widnbock;Leonhart Widnbockh;Bürgerbuch;1;1577;1577;0;;BB-1697;;buerger;Hafner;
leonhard_wieser;Leonhart Wieser;Bürgerbuch;2;1576;1576;0;;BB-1592|BB-1638;;buerger;;
leonhard_wildt;Leonhardt Wildt;Bürgerbuch;1;1600;1600;0;;BB-2351;;buerger;;
leonhard_windisch;Leonhardt Windisch;Bürgerbuch;1;1574;1574;0;;BB-1499;;buerger;;
leonhard_wolff;Leonhardt Wolff;Bürgerbuch;2;1576;1576;0;;BB-1582|BB-1605;;buerger;;
leonhard_wurzer;Leonhart Wurzer;Bürgerbuch;1;1536;1536;0;;BB-0020;;buerger;Tischler;
leonhard_zebentmair;Leonhard Zebentmair;Bürgerbuch;1;1583;1583;0;;BB-1992;;buerger;;
leonhart_1446;Leonhart;Urkunden;1;1446;1446;0;StaAKr-0282;;;buerger;;
leonhart_eschauer;Leonhart Eschauer;Urkunden;1;1526;1526;0;StaAKr-0671b;;;buerger;;
leonhart_hickenstaller;Leonhardt Hickherstaller|Leonhart Hickhenstaller|Leonharten Hickhenstallers;Bürgerbuch;3;1560;1561;1;;BB-0835|BB-0877|BB-0924;;buerger;Schiffmann;
leonhart_hochstetter;Leonhart Hochstetter;Urkunden;1;1511;1511;0;StaAKr-0580;;;buerger;;
leonhart_purckstaller;Leonhart Purckstaller;Urkunden;1;1495;1495;0;StaAKr-0546;;;buerger;;
leonhart_schmid;Leonhart Schmid;Urkunden;1;1531;1531;0;StaAKr-0717a;;;buerger;;
leonhart_vasthanng;Leonhart Vasthanng;Urkunden;1;1549;1549;0;StaAKr-0810;;;buerger;;
leonhart_vischer;Leonhart Vischer;Urkunden;1;1531;1531;0;StaAKr-0714a;;;buerger;;
leonharten_eder;Leonharten Eder;Bürgerbuch;1;1558;1558;0;;BB-0745;;buerger;Bäckerknecht;
leonharten_wiser;Leonharten Wiser;Bürgerbuch;1;1577;1577;0;;BB-1652;;buerger;Schneider;
leonnhardt_epinzpeck;Leonnhardt Epinzpeck;Bürgerbuch;1;1563;1563;0;;BB-0986;;buerger;Schuster;
leonnhardt_seiler;Leonhardt Sailler|Leonhardt Sauller|Leonnhardt Sauller;Bürgerbuch;3;1564;1565;1;;BB-1019|BB-1022|BB-1055;;buerger;Bäckerjunge;
leonnhart_griess;Leonnhart Griess;Bürgerbuch;1;1556;1556;0;;BB-0669;;buerger;Barchentweber;
leonnhart_zerer;Leonnhart Zerer;Bürgerbuch;1;1549;1549;0;;BB-0324;;buerger;;
leopold_1373;Leopold;Urkunden;1;1373;1373;0;StaAKr-0045;;;buerger;;
leopold_1795;Leopold;Urkunden;1;1795;1795;0;StaAKr-0898;;;buerger;;
leopold_behaim;Leopold Behaim;Urkunden;1;1539;1539;0;StaAKr-0771;;;buerger;;"Möglicherweise identisch mit der Bürgerbuch-Person ""leopold_behaim_bb1551"" (dort 1551 registriert, 12 Jahre Abstand): gleicher Name, ""Bürger zu Krems"" in beiden Quellen, kein Widerspruch feststellbar, aber auch kein eindeutiger Beleg. Nicht zusammengeführt."
leopold_behaim_bb1551;Leopold Behaim;Bürgerbuch;1;1551;1551;0;;BB-0398;;buerger;Binder;
leopold_drescher;Leopold Drescher;Urkunden;1;1535;1535;0;StaAKr-0738b;;;buerger;;
leopold_erndorffer;Leopoldt Arndorffer|Leopoldt Erndorffer;Bürgerbuch;2;1589;1589;0;;BB-2142|BB-2187;;buerger;Messerschmied;
leopold_ferman;Leopold Ferman;Bürgerbuch;1;1583;1583;0;;BB-1989;;buerger;Tuchscherer;
leopold_fobst;Leopold Fobst;Bürgerbuch;1;1573;1573;0;;BB-1426;;buerger;;
leopold_gapler;Leopoldt Gapler;Bürgerbuch;1;1585;1585;0;;BB-2038;;buerger;;
leopold_gasshamer;Leopold Gaßhamer;Bürgerbuch;1;1553;1553;0;;BB-0550;;buerger;;
leopold_griesser;Leopold Griesser;Bürgerbuch;1;1547;1547;0;;BB-0216;;buerger;;
leopold_hauf;Leopold Hauf;Urkunden;1;1528;1528;0;StaAKr-0694a;;;buerger;;
leopold_hesl;Leopoldt Hesl;Bürgerbuch;1;1567;1567;0;;BB-1139;;buerger;Handschuhmacher, Schuster;
leopold_holzinger;Leopoldt Holzinger;Bürgerbuch;1;1588;1588;0;;BB-2090;;buerger;Hauer;
leopold_huettendorfer;Leopold Hüttendorfer;Urkunden;1;1549;1549;0;StaAKr-0802;;;buerger;;
leopold_i;Leopold I.;Urkunden;6;1660;1690;30;StaAKr-0852|StaAKr-0881|StaAKr-0882|StaAKr-0883|StAK-Stein-2049|StAK-Stein-2051;;;dynastie;;
leopold_iii;Leopold III.;Urkunden;2;1359;1371;12;StAK-UrkKr-0032|StAK-UrkKr-0043;;;dynastie;;
leopold_iv;Leopold IV.;Urkunden;13;1379;1408;29;StaAKr-0052|StaAKr-0127|StaAKr-0138|StaAKr-0144|StaAKr-0147|StAK-UrkKr-0140|StAK-UrkKr-0149|StAK-UrkKr-0150|StAK-UrkKr-0151|StAK-UrkKr-0152|StAK-UrkKr-0153|StAK-UrkKr-0154|StaK-UrkKr-0157;;;dynastie;;
leopold_jungkhman;Leopoldten Jungkhman;Bürgerbuch;1;1568;1568;0;;BB-1287;;buerger;;
leopold_kaindl;Leopoldt Khaindl;Bürgerbuch;2;1625;1625;0;;BB-2786|BB-2791;;buerger;;
leopold_kaslach;Leopoldt Kaslach;Bürgerbuch;1;1538;1538;0;;BB-0033;;buerger;Bäcker;
leopold_kochel;Leopold Kochel;Bürgerbuch;1;1544;1544;0;;BB-0151;;buerger;Seiler;
leopold_kornhauff;Leopold Kornhauff;Bürgerbuch;1;1560;1560;0;;BB-0827;;buerger;Maurer;
leopold_kornhuet;Leopold Kornhuet;Bürgerbuch;1;1550;1550;0;;BB-0360;;buerger;Fasszieher;
leopold_kostlach;Leopoldt Cosstlach|Leopoldt Kostlach;Bürgerbuch;2;1565;1565;0;;BB-1045|BB-1062;;buerger;;
leopold_krisser;Leopold Krisser;Urkunden;1;1546;1546;0;StaAKr-0795;;;buerger;;
leopold_kundtner;Leopold Khundtner;Bürgerbuch;1;1536;1536;0;;BB-0022;;buerger;;
leopold_loser;Leopold Loser;Urkunden;1;1531;1531;0;StaAKr-0716a;;;buerger;;
leopold_markt;Leopold Markt;Urkunden;1;1322;1322;0;StAK-UrkKr-0011;;;buerger;;
leopold_mayr;Leopoldt Mair;Bürgerbuch;1;1555;1555;0;;BB-0623;;buerger;Kürschner;
leopold_mucharl;Leopold Mucharl;Bürgerbuch;1;1540;1540;0;;BB-0073;;buerger;;
leopold_mulpacher;Leopold Mulpacher;Urkunden;1;1549;1549;0;StaAKr-0809;;;buerger;;
leopold_pariss;Loepoldt Pariß;Bürgerbuch;1;1606;1606;0;;BB-2429;;buerger;;
leopold_rannfftl;Leopold Rannfftl sonnst Eyznoder;Bürgerbuch;1;1549;1549;0;;BB-0269;;buerger;;
leopold_saellinger;Leopold Sällinger;Bürgerbuch;1;1584;1584;0;;BB-2006;;buerger;;
leopold_schartner;Leopolt Schartner;Bürgerbuch;1;1569;1569;0;;BB-1345;;buerger;Koch;
leopold_sittnhouer;Leopoldt Sittnhouer;Bürgerbuch;1;1566;1566;0;;BB-1130;;buerger;;
leopold_suess;Leopold Suesz;Bürgerbuch;1;1546;1546;0;;BB-0192;;buerger;Schlosser;
leopold_swingennschegl;Leopold Swingennschegl;Bürgerbuch;1;1552;1552;0;;BB-0482;;buerger;;
leopold_tanhofer;Leopold Tanhofer;Bürgerbuch;1;1552;1552;0;;BB-0456;;buerger;Messerschmied;
leopold_tanhouer;Leopold Tanhouer;Bürgerbuch;1;1549;1549;0;;BB-0287;;buerger;Messerschmied;
leopold_thanner;Leopoldt Thanner;Bürgerbuch;1;1559;1559;0;;BB-0815;;buerger;;
leopold_tonhofer;Leopold Tonhofer;Bürgerbuch;1;1550;1550;0;;BB-0378;;buerger;Hutmacher;
leopold_tonhouer;Leopold Tonhouer;Bürgerbuch;2;1551;1551;0;;BB-0427|BB-0439;;buerger;Hutmacher;
leopold_tonner;Leopold Tonner;Bürgerbuch;1;1571;1571;0;;BB-1373;;buerger;;
leopold_v;Leopold V.;Urkunden;1;1407;1407;0;StAK-UrkKr-0139;;;buerger;;
leopold_von_eckartsau;Leopold von Eckartsau;Urkunden;1;1419;1419;0;StaAKr-0198;;;buerger;;
leopold_vorsl;Leopold Vorsl;Bürgerbuch;1;1550;1550;0;;BB-0341;;buerger;;
leopold_wurtzpacher;Leopold Wurtzpacher;Urkunden;1;1539;1539;0;StaAKr-0767;;;buerger;;
leopold_zaller;Leopold Zaller;Urkunden;1;1549;1549;0;StaAKr-0811;;;buerger;;
leopolt_zwicker;Leopolt Zwickher;Bürgerbuch;1;1600;1600;0;;BB-2346;;buerger;;
leopuldten_jungmans;Leopuldten Jungmans;Bürgerbuch;1;1576;1576;0;;BB-1590;;buerger;Fleischhacker;
leukhard_schuster;Leukhard Schuster;Urkunden;1;1340;1340;0;StAK-UrkKr-0016;;;buerger;;
leupold_von_neudeck;Leupold von Neudeck;Urkunden;1;1511;1511;0;StaAKr-0579;;;buerger;;
lexus_stanowsky;Lexus Stanowsky;Urkunden;1;1812;1812;0;StAK_18120224_912_reg;;;buerger;;
liebhart_peck;Liebhart Peck;Urkunden;1;1394;1394;0;StaAKr-0078;;;buerger;;
lienhard_heisspeck;Lienhard Heiszpeckhen;Bürgerbuch;1;1569;1569;0;;BB-1298;;buerger;;
lienhardt_bischof;Lienhardt Bischoff;Bürgerbuch;1;1597;1597;0;;BB-2318;;buerger;;
lienhardt_marckquart;Lienhardt Marckhquart;Bürgerbuch;1;1573;1573;0;;BB-1414;;buerger;Uhrmacher;
lienhardt_ruedlinger;Lienhardt Riedlinger;Bürgerbuch;1;1567;1567;0;;BB-1168;;buerger;Hauer;
lienhardt_widmer;Lienhardt Wibmer;Bürgerbuch;1;1565;1565;0;;BB-1070;;buerger;Wirt;
lienhardt_wiser;Lienhardt Wiser;Bürgerbuch;1;1596;1596;0;;BB-2308;;buerger;Metsieder;
lienhardt_wisinger;Lienhardt Wisinger;Bürgerbuch;2;1567;1567;0;;BB-1142|BB-1165;;buerger;Bäcker;
lienhart_gerndler;Lienhart Gerndler;Urkunden;1;1435;1435;0;StaAKr-0258;;;buerger;;
lienhart_grezmuellner;Lienhart Grezmüllner;Bürgerbuch;1;1553;1553;0;;BB-0537;;buerger;Fuhrmann;
lienhart_marquart;Lienhart Marquart;Bürgerbuch;1;1571;1571;0;;BB-1377;;buerger;;
lienhart_prensser;Lienhart Prenßer;Urkunden;2;1507;1507;0;StaAKr-0570a|StaAKr-0572b;;;buerger;;
lienhart_scheutzlein;Lienhart Scheutzlein;Urkunden;1;1433;1433;0;StaAKr-0248;;;buerger;;
lienhart_von_gfoehl;Lienhart von Gföhl;Urkunden;2;1403;1405;2;StaAKr-0124|StaAKr-0132;;;buerger;;
lienhartn_snehueber;Lienhartn Snehueber;Bürgerbuch;1;1588;1588;0;;BB-2097;;buerger;;
lienhartt_maurer;Lienhartt Maurer;Bürgerbuch;1;1573;1573;0;;BB-1411;;buerger;Ratsdiener;
linhart_pants;Linhart Pants;Urkunden;1;1531;1531;0;StaAKr-0716b;;;buerger;;
lorenz_bischof;Lorennz Bischof;Bürgerbuch;1;1556;1556;0;;BB-0691;;klerus;Schlosser;
lorenz_braeuenpoeck;Lorentz Bräuenpöckh;Bürgerbuch;1;1601;1601;0;;BB-2363;;buerger;Hauer;
lorenz_duell;Lorenz Düll;Bürgerbuch;1;1582;1582;0;;BB-1911;;buerger;;
lorenz_freindienst;Lorenz Freindienst;Bürgerbuch;1;1542;1542;0;;BB-0093;;buerger;Lederer;
lorenz_gansser;Lorenz Gansser;Bürgerbuch;1;1615;1615;0;;BB-2605;;buerger;;
lorenz_hanusch;Lorenz Hanusch|Lorenzius Hanusch;Urkunden;3;1497;1498;1;StaAKr-0551|StaAKr-0553|StaAKr-0557;;;buerger;;
lorenz_hiertl;Lorenz Hiertl;Bürgerbuch;2;1582;1582;0;;BB-1915|BB-1927;;buerger;Hauer;
lorenz_hoeschler;Lorentz Höschler;Bürgerbuch;1;1597;1597;0;;BB-2325;;buerger;Tischler;
lorenz_joerger;Lorenz Jörger;Urkunden;1;1386;1386;0;StaAKr-0063;;;buerger;;
lorenz_kisthner;Lorennz Khister|Lorennz Khisthner;Bürgerbuch;2;1554;1554;0;;BB-0567|BB-0575;;buerger;Binder;
lorenz_kraul;Lorennz Khraul;Bürgerbuch;1;1554;1554;0;;BB-0584;;buerger;Müller;
lorenz_kurzndorffer;Larenz Kurzndorffer;Bürgerbuch;1;1580;1580;0;;BB-1832;;buerger;Tischler;
lorenz_kuscher;Lorenz Kuscher;Bürgerbuch;1;1567;1567;0;;BB-1135;;buerger;Binder;
lorenz_kuttner;Lorenz Khuttner;Bürgerbuch;1;1535;1535;0;;BB-0011;;buerger;;
lorenz_lackner;Lorenz Lackhner|Lorenz Lackner;Bürgerbuch;2;1576;1576;0;;BB-1588|BB-1636;;buerger;Fragner;
lorenz_lenner;Lorenz Lener;Bürgerbuch;1;1565;1565;0;;BB-1047;;buerger;Glaser;
lorenz_oberstatten;Lorenz Oberstatten;Bürgerbuch;1;1618;1618;0;;BB-2643;;buerger;Schleiffer;
lorenz_oft;Lorenz Oft;Bürgerbuch;1;1615;1615;0;;BB-2606;;buerger;;
lorenz_perkstainer;Lorenz Perkhstainer;Bürgerbuch;1;1539;1539;0;;BB-0053;;buerger;;
lorenz_peter;Lorenz Peter;Bürgerbuch;1;1560;1560;0;;BB-0821;;buerger;;
lorenz_portenhauser;Lorennz Portenhauser|Lorentzen Portenhauser;Bürgerbuch;2;1571;1571;0;;BB-1361|BB-1371;;buerger;Bäcker;
lorenz_reybau;Lorenz Reybau;Urkunden;1;1386;1386;0;StaAKr-0064;;;buerger;;
lorenz_saurer;Laurenz Saurer|Lorenz Saurer;Urkunden;2;1522;1565;43;StaAKr-0635|StAK-Stein-2031;;;buerger;;
lorenz_schnaidter;Lorenz Schnaidter;Bürgerbuch;2;1567;1567;0;;BB-1150|BB-1162;;buerger;Sattler;
lorenz_schneider;Lorenz Schneider;Bürgerbuch;1;1589;1589;0;;BB-2176;;buerger;Binder;
lorenz_schraembl;Lorenz Schrämbl;Bürgerbuch;1;1619;1619;0;;BB-2644;;buerger;Wagner;
lorenz_schuester;Lorenz Schuester;Bürgerbuch;1;1538;1538;0;;BB-0043;;buerger;;
lorenz_schuez;Lorenz Schüz;Bürgerbuch;2;1574;1574;0;;BB-1476|BB-1528;;buerger;Schlosser;
lorenz_till;Lorennz Till|Lorenz Till;Bürgerbuch;2;1576;1576;0;;BB-1584|BB-1607;;buerger;Sporer;
lorenz_von_urfahr;Lorenz von Urfahr;Urkunden;1;1322;1322;0;StAK-UrkKr-0011;;;buerger;;
lorenz_wollschlager;Lorenz Wollschlager;Bürgerbuch;1;1614;1614;0;;BB-2572;;buerger;Tuchmacher;
lucas_gothart;Lucas Gothart;Bürgerbuch;1;1542;1542;0;;BB-0097;;buerger;;
lucas_krauss;Lucas Khrausz;Bürgerbuch;2;1588;1588;0;;BB-2095|BB-2118;;buerger;Leineweber;
lucia_wintberger;Lucia Wintberger;Urkunden;1;1508;1508;0;StaAKr-0578;;;buerger;;
ludtwig_reinthaller;Ludtwig Reinthaller;Bürgerbuch;1;1614;1614;0;;BB-2580;;buerger;Körblmacher;
ludwig_1300;Ludwig;Urkunden;1;1300;1300;0;StaAK-UrkKr-0005;;;buerger;;
ludwig_der_hainberger;Ludwig|Ludwig der Hainberger;Urkunden;1;1432;1432;0;StaAKr-0239;;;buerger;;
ludwig_florian_von_bottoni;Ludwig Florian von Bottoni;Urkunden;1;1761;1761;0;StaAKr-0866;;;buerger;;
ludwig_grawen;Ludwig Grawen;Urkunden;1;1532;1532;0;StaAKr-0720a;;;buerger;;
ludwig_griesslinger;Ludwig Grießlinger;Bürgerbuch;1;1604;1604;0;;BB-2409;;buerger;;
ludwig_hainberger;Ludwig Hainberger;Urkunden;3;1424;1431;7;StaAKr-0231|StAK-UrkKr-0215|StAK-UrkKr-0228;;;buerger;;
ludwig_ix_bayern;Pfalzgraf Ludwig;Urkunden;1;1457;1457;0;StaAKr-0346;;;adel;;
ludwig_perger;Ludwig Pürger;Bürgerbuch;1;1613;1613;0;;BB-2565;;buerger;;
ludwig_reisacher;Ludwig Reisacher;Bürgerbuch;1;1557;1557;0;;BB-0726;;buerger;Drechsler;
lukas_giesser;Lucas Giesser;Bürgerbuch;2;1579;1579;0;;BB-1784|BB-1794;;buerger;Kramer;
lukas_ruess;Lucas Ruesz|Lucasz Ruesz;Bürgerbuch;2;1577;1577;0;;BB-1643|BB-1667;;buerger;Turmer;
m_moses_neumai;M. Moses Neumai;Bürgerbuch;1;1584;1584;0;;BB-1996;;buerger;Tuchmacher;
macheus_perger;Macheus Perger;Bürgerbuch;1;1547;1547;0;;BB-0221;;buerger;Nadler;
maenndlein_weisse;Männdlein Weisse;Urkunden;1;1396;1396;0;StaAKr-0087;;;buerger;;
magdalena_edlinger;Magdalena Edlinger;Urkunden;1;1549;1549;0;StaAKr-0807;;;buerger;;
magdalena_hermann;Magdalena Hermann;Urkunden;1;1539;1539;0;StaAKr-0772;;;buerger;;
magdalena_strassgurtl;Magdalena Straßgurtl;Urkunden;1;1549;1549;0;StaAKr-0814;;;buerger;;
magnus_scheipl;Magnus Scheipl;Bürgerbuch;1;1565;1565;0;;BB-1046;;buerger;Hauer;
maister_anndre;Maister Anndre;Bürgerbuch;1;1560;1560;0;;BB-0839;;buerger;Goldschmied;
maister_jacob_niderholzer;Maister Jacob Niderholzer;Bürgerbuch;1;1561;1561;0;;BB-0884;;buerger;Nadler;
maister_jacob_waldkhircher;Maister Jacob Waldkhircher;Bürgerbuch;1;1552;1552;0;;BB-0449;;buerger;Kupferschmied;
maister_macheus;Maister Macheus;Bürgerbuch;1;1550;1550;0;;BB-0344;;buerger;Schuster;
maister_marxen_koweindl;Maister Marxen Koweindl;Bürgerbuch;1;1575;1575;0;;BB-1543;;buerger;Hutmacher;
maister_niklas;Maister Niklas;Urkunden;1;1457;1457;0;StaAKr-0351;;;buerger;;
maltzchast_1366;Maltzchast;Urkunden;1;1366;1366;0;StaAKr-0042;;;buerger;;
manegold_von_passau;Manegold von Passau;Urkunden;1;1214;1214;0;StaAKr-0001a;;;buerger;;
mang_haas;Mang Haß;Bürgerbuch;1;1574;1574;0;;BB-1521;;buerger;Hauer;
mang_kennter;Mang Kennter;Bürgerbuch;1;1567;1567;0;;BB-1190;;buerger;Hauer;
mang_scheibl;Mang Scheibl;Bürgerbuch;1;1565;1565;0;;BB-1069;;buerger;Hauer;
marchart_treperger;Machart Treperger|Marchart|Marchart Treperger;Urkunden;7;1377;1415;38;StaAKr-0049|StaAKr-0066|StaAKr-0105|StaAKr-0112|StaAKr-0131|StaAKr-0161|StaAKr-0177;;;buerger;;
marchen_vischers;Marchen Vischers;Bürgerbuch;1;1583;1583;0;;BB-1958;;buerger;Binder;
marcissus_reichl;Marcissus Reischl;Bürgerbuch;1;1588;1588;0;;BB-2129;;buerger;Hauer;
mare_stainer;Mare Stainer;Bürgerbuch;1;1555;1555;0;;BB-0627;;buerger;Fuhrmann;
margaete_raidlein;Margaete Raidlein|Margarete Raidlien|Margarethe Raidlein;Urkunden;3;1401;1415;14;StaAKr-0121|StaAKr-0126|StaAKr-0179;;;buerger;;
margarete_1412;Margarete;Urkunden;1;1412;1412;0;StaAKr-0163;;;buerger;;
margarete_chochim;Margarete Chochim;Urkunden;1;1436;1436;0;StaAKr-0265;;;buerger;;
margarete_haidel;Margarete Haidel;Urkunden;1;1401;1401;0;StaAKr-0113;;;buerger;;
margarete_hochstetter;Margarete Hochstetter|Margarethe Hochstetter;Urkunden;2;1511;1522;11;StaAKr-0580|StaAKr-0637;;;buerger;;
margarete_mesrer;Margarete Mesrer;Urkunden;1;1435;1435;0;StaAKr-0261;;;buerger;;
margarete_pehaimb;Margarete Pehaimb;Urkunden;1;1400;1400;0;StaAKr-0109;;;buerger;;
margarete_rayff;Margarete Rayff;Urkunden;1;1419;1419;0;StaAKr-0196;;;buerger;;
margarete_salzer;Margarete Salzer;Urkunden;1;1404;1404;0;StaAKr-0130;;;buerger;;
margarete_sch;Margarete|Margarete Sch;Urkunden;1;1406;1406;0;StaAKr-0136;;;buerger;;
margarete_von_dachsperg;Margarete von Dachsperg;Urkunden;1;1419;1419;0;StaAKr-0198;;;adel;;
margarete_von_schefftenberg;Margarete von Schefftenberg;Urkunden;1;1439;1439;0;StaAKr-0272;;;buerger;;
margarete_von_sebarn;Margarete von Sebarn;Urkunden;1;1401;1401;0;StaAKr-0115;;;buerger;;
margarete_von_wallsee;Margareta von Wallsee|Margarete von Wallsee;Urkunden;10;1415;1441;26;StaKr-0225|StaAKr-0176|StaAKr-0183|StaAKr-0185|StaAKr-0191|StaAKr-0192|StaAKr-0258|StaAKr-0271|StaAKr-0272|StaAKr-0273;;;adel;;
margarete_weilend;Margarete Weilend;Urkunden;1;1422;1422;0;StaAKr-0205;;;buerger;;
margaretha_maler;Margaretha Maler;Urkunden;1;1393;1393;0;StaAKr-0077;;;buerger;;
margaretha_muelfelder;Margaretha|Margaretha Mülfelder;Urkunden;1;1471;1471;0;StaAKr-0425;;;buerger;;
margaretha_reichersperger;Margaretha Reichersperger;Urkunden;1;1398;1398;0;StaAKr-0091;;;buerger;;
margaretha_von_rohrndorf;Margaretha von Rohrndorf;Urkunden;1;1350;1350;0;StaAKr-0027;;;buerger;;
margarethe_dorn;Margarethe Dorn;Urkunden;1;1401;1401;0;StaAKr-0120;;;buerger;;
margarethe_ebhandl;Margarethe Ebhandl;Urkunden;1;1596;1596;0;StaAKr-0829;;;buerger;;
margarethe_hannsen;Margarethe Hannsen;Urkunden;1;1445;1445;0;StaAKr-0280a;;;buerger;;
margarethe_heutl;Margarethe Heutl;Urkunden;1;1507;1507;0;StaAKr-0572;;;buerger;;
margarethe_hirschin;Margarethe Hirschin;Urkunden;1;1529;1529;0;StaAKr-0704;;;buerger;;
margarethe_pallnperger;Margarethe Pallnperger;Urkunden;1;1552;1552;0;StaAKr-0818;;;buerger;;
margarethe_pfleger;Margarethe Pfleger;Urkunden;1;1526;1526;0;StaAKr-0670c;;;buerger;;
margarethe_prensser;Margarethe Prenßer;Urkunden;2;1507;1507;0;StaAKr-0570a|StaAKr-0572b;;;buerger;;
margarethe_raidu;Margarethe Raidu;Urkunden;1;1526;1526;0;StaAKr-0673b;;;buerger;;
margarethe_tatzt;Margarethe Tatzt;Urkunden;1;1410;1410;0;StaAKr-0158;;;buerger;;
margarethe_traubinger;Margarethe Traubinger;Urkunden;1;1447;1447;0;StAK-UrkKr-0290;;;buerger;;
margarethen_1481;Margarethen;Urkunden;1;1481;1481;0;StaAKr-0451;;;buerger;;
margret_tell;Margret Tell;Urkunden;1;1399;1399;0;StaAKr-0100;;;buerger;;
margrete_rinchhund;Margrete Rinchhund;Urkunden;1;1481;1481;0;StaAKr-0458;;;buerger;;
margreth_retzer;Margreth Retzer;Urkunden;1;1481;1481;0;StaAKr-0451;;;buerger;;
maria_1520;Maria;Urkunden;1;1520;1520;0;StaAKr-0624;;;buerger;;
maria_franziska_hierlmayr;Maria Franziska Hierlmayr;Urkunden;1;1753;1753;0;StAK-Stein-2062;;;buerger;;
maria_schober;Maria Schober;Urkunden;1;1840;1840;0;StAK_18400811_914_reg;;;buerger;;
maria_theresia;Maria Theresia;Urkunden;5;1741;1785;44;StaAKr-0892|StaAKr-0896|StaAKr-0897|StaAKr-866a|StAK_14711029_910_reg;;;dynastie;;
maria_theresia_abl;Maria Theresia Abl;Urkunden;1;1711;1711;0;StAK-Stein-2055;;;buerger;;
maria_theresia_preysinger;Maria Theresia Preysinger;Urkunden;1;1753;1753;0;StAK-Stein-2062;;;buerger;;
marianne_von_wirhsing;Marianne von Wirhsing;Urkunden;1;1660;1660;0;StaAKr-0847;;;buerger;;
markhard_huelben;Markhard Hülben;Urkunden;1;1322;1322;0;StAK-UrkKr-0011;;;buerger;;
markhard_rent;Markhard Rent;Urkunden;1;1300;1300;0;StaAK-UrkKr-0005;;;buerger;;
markus;Marx;Bürgerbuch;1;1584;1584;0;;BB-2027;;buerger;Steinbrecher;
markus_bupf;Marx Bupf;Bürgerbuch;1;1592;1592;0;;BB-2224;;buerger;;
markus_denschlach;Marx Denschlach;Bürgerbuch;1;1573;1573;0;;BB-1449;;buerger;Büchsenschäfter;
markus_erlmuelner;Marx Erlmülner;Bürgerbuch;1;1568;1568;0;;BB-1278;;buerger;;
markus_guxf;Markus Guxf;Bürgerbuch;1;1615;1615;0;;BB-2596;;buerger;Beutler;
markus_iminger;Marx Iminger;Bürgerbuch;1;1571;1571;0;;BB-1389;;buerger;Tuchscherer;
markus_jaegersperger;Marx Jägersperger;Bürgerbuch;1;1581;1581;0;;BB-1894;;buerger;;
markus_kobaindl;Marx Kobaindl;Bürgerbuch;1;1568;1568;0;;BB-1217;;buerger;Hutmacher;
markus_leittner;Marx Leüttner;Bürgerbuch;1;1611;1611;0;;BB-2496;;buerger;;
markus_lonoim;Marx Lonoim;Bürgerbuch;1;1568;1568;0;;BB-1283;;buerger;Hutmacher;
markus_perckman;Marx Perckhman;Bürgerbuch;1;1578;1578;0;;BB-1729;;buerger;;
markus_popper;Marx Popper;Bürgerbuch;1;1568;1568;0;;BB-1256;;buerger;;
markus_schmidt;Marx Schmidt;Bürgerbuch;1;1596;1596;0;;BB-2276;;buerger;;
markus_schreyner;Marx Schreyner;Bürgerbuch;2;1578;1578;0;;BB-1730|BB-1745;;buerger;Drechsler;
markus_weinreich;Marx Weinreich;Bürgerbuch;1;1611;1611;0;;BB-2521;;buerger;;
markus_zessenmacher;Marx Zessenmacher;Bürgerbuch;1;1573;1573;0;;BB-1475;;buerger;Binder;
marta_schyller;Marta Schyller;Urkunden;1;1344;1344;0;StaAKr-0019;;;buerger;;
martein_eytzinger;Martein Eytzinger;Urkunden;1;1490;1490;0;StaAKr-0534;;;adel;;
martha_ingolstaedter;Martha Ingolstädter;Urkunden;1;1454;1454;0;StAK-UrkKr-0318;;;buerger;;
martha_karlinger;Martha Karlinger;Urkunden;1;1470;1470;0;StAK- Stein-2016;;;buerger;;
martha_lackenpaur;Martha Lackenpaur;Urkunden;1;1542;1542;0;StaAKr-0792;;;buerger;;
martha_plisbauer;Martha Plisbauer;Urkunden;1;1483;1483;0;StaAKr-0470;;;buerger;;
martha_segmuelner;Martha Segmülner;Urkunden;1;1549;1549;0;StaAKr-0806;;;buerger;;
marthin_heitl;Marthin Heidl;Bürgerbuch;1;1615;1615;0;;BB-2602;;buerger;Goldschmied;
martin_arbaiter;Merth Arbaiter;Bürgerbuch;1;1584;1584;0;;BB-2016;;buerger;Fischer;
martin_behaim;Mert Behamb;Bürgerbuch;1;1587;1587;0;;BB-2065;;buerger;Nadler;
martin_chorner;Martin Chorner;Urkunden;2;1391;1392;1;StaAKr-0071|StaAKr-0075;;;buerger;;
martin_eggenburger;Martin|Martin Eggenburger;Urkunden;6;1401;1423;22;StaKr-0212|StaAKr-0116|StaAKr-0120|StaAKr-0126|StaAKr-0129|StaAKr-0132;;;buerger;;
martin_epeles;Marthin Epeles;Bürgerbuch;1;1622;1622;0;;BB-2705;;buerger;Papierverleger;
martin_feldtmuelner;Martin Feldtmülner|Merth Feldtmüllner;Bürgerbuch;2;1574;1574;0;;BB-1503|BB-1525;;buerger;Klampferer;
martin_fels;Mert Fels;Bürgerbuch;1;1551;1551;0;;BB-0435;;buerger;Hauer;
martin_fischer;Marthin Vischer|Martin Vischer|Merth Vischer|Mertt Vischer;Bürgerbuch;6;1538;1595;57;;BB-0034|BB-1072|BB-1460|BB-1909|BB-1921|BB-2246;;buerger;Maler;
martin_fraunhoffer;Martin Fraunhoffer|Mert Fraunhoffer;Bürgerbuch;2;1589;1589;0;;BB-2141|BB-2149;;buerger;Messerschmied;
martin_freitag;Mert Freitag;Bürgerbuch;1;1540;1540;0;;BB-0068;;buerger;;
martin_friess;Mert Friesz;Bürgerbuch;1;1568;1568;0;;BB-1239;;buerger;Wagner;
martin_friz;Merthen Friz;Bürgerbuch;2;1567;1567;0;;BB-1141|BB-1144;;buerger;Wagner;
martin_frueeisen;Mert Frueeisen;Bürgerbuch;1;1569;1569;0;;BB-1340;;buerger;Wagner;
martin_gatring;Martin Gatring|Martin Gattringer;Urkunden;2;1421;1422;1;StaAKr-0201|StaAKr-0205;;;buerger;;
martin_gegenpaur;Merth Gegenpaur;Bürgerbuch;1;1558;1558;0;;BB-0771;;buerger;Lederer;
martin_geisler;Martin Geisler;Bürgerbuch;1;1547;1547;0;;BB-0220;;buerger;;
martin_getring;Martin Getring;Urkunden;1;1421;1421;0;StaAKr-0200;;;buerger;;
martin_gruebmuellner;Merth Gruebmüllner;Bürgerbuch;1;1600;1600;0;;BB-2335;;buerger;;
martin_hagner;Martin Hagner;Bürgerbuch;1;1613;1613;0;;BB-2548;;buerger;Glaser;
martin_harbacher;Mertt Harbacher;Bürgerbuch;1;1581;1581;0;;BB-1901;;buerger;;
martin_heindlein;Martin Heindlein;Urkunden;1;1452;1452;0;StaAKr-0311;;;buerger;;
martin_heyres;Mert Heyres;Bürgerbuch;2;1551;1551;0;;BB-0423|BB-0425;;buerger;Fuhrmann;
martin_illinger;Merth Illinger;Bürgerbuch;1;1597;1597;0;;BB-2328;;buerger;Beutler;
martin_kagerer;Merth Kagerer|Merth Khagerer;Bürgerbuch;10;1564;1589;25;;BB-1026|BB-1053|BB-1487|BB-1497|BB-1955|BB-2088|BB-2099|BB-2134|BB-2138|BB-2143;;buerger;Schneider;
martin_kagerrer;Martin Kagerrer;Bürgerbuch;1;1576;1576;0;;BB-1596;;buerger;Schneider;
martin_karl;Martin Carl|Merttn Karll;Bürgerbuch;2;1576;1588;12;;BB-1629|BB-2110;;buerger;Tischler;
martin_kernstock;Merth Khernstockh;Bürgerbuch;1;1567;1567;0;;BB-1187;;buerger;;
martin_kneissl;Melcharten Khneiszl|Merth Khneissl;Bürgerbuch;2;1568;1568;0;;BB-1227|BB-1232;;buerger;;
martin_kostler;Martin Khostler;Bürgerbuch;1;1585;1585;0;;BB-2037;;buerger;Koch;
martin_kraucker;Martin Khrackher;Bürgerbuch;1;1615;1615;0;;BB-2595;;buerger;Riemer;
martin_krueg;Mert Krueg;Bürgerbuch;1;1578;1578;0;;BB-1769;;buerger;;
martin_maier;Martin Maizr;Bürgerbuch;1;1550;1550;0;;BB-0363;;buerger;;
martin_mayr_hofmeister_1551;Mert Mair;Bürgerbuch;1;1551;1551;0;;BB-0440;;buerger;Hofmeister;
martin_mayr_maurer_1551;Mert Mair;Bürgerbuch;1;1551;1551;0;;BB-0436;;buerger;Maurer;
martin_merer;Mert Merer;Bürgerbuch;1;1543;1543;0;;BB-0112;;buerger;;
martin_meyner;Merth Meyner;Bürgerbuch;1;1569;1569;0;;BB-1320;;buerger;Leitgeb;
martin_mitter;Mertt Mitter;Bürgerbuch;1;1615;1615;0;;BB-2614;;buerger;Kerzenmacher;
martin_neuber;Merth Neuber;Bürgerbuch;3;1557;1562;5;;BB-0700|BB-0714|BB-0947;;buerger;Bildschnitzer;
martin_neueber;Martin Neüber;Bürgerbuch;1;1577;1577;0;;BB-1644;;buerger;Schneider;
martin_ortner;Mert Ortner;Bürgerbuch;1;1568;1568;0;;BB-1252;;buerger;;
martin_pamhackl;Martin Pamhackl;Urkunden;1;1517;1517;0;StaAKr-0597;;;buerger;;
martin_pandorfer;Martin Pandorfer;Urkunden;1;1545;1545;0;StAK_15451103_900_reg;;;buerger;;
martin_peham;Martin Peham;Bürgerbuch;1;1587;1587;0;;BB-2071;;buerger;Nadler;
martin_perichtold;Martin Perichtold;Urkunden;1;1496;1496;0;StaAKr-0547;;;buerger;;
martin_petschl;Merth Petschl;Bürgerbuch;1;1558;1558;0;;BB-0774;;buerger;Nagelschmied;
martin_pfneissl;Martin Pfneißl;Bürgerbuch;1;1583;1583;0;;BB-1957;;buerger;Weber;
martin_puechenstainer;Merth Purchenstainer|Merthen Puechenstainer;Bürgerbuch;2;1565;1565;0;;BB-1036|BB-1073;;buerger;Wirt;
martin_reichl;Marthin Reichl;Bürgerbuch;1;1565;1565;0;;BB-1033;;buerger;;
martin_scheiblmair;Mertt Scheiblmair;Bürgerbuch;1;1581;1581;0;;BB-1899;;buerger;;
martin_schmidthueber;Merth Schmidthugger;Bürgerbuch;2;1561;1561;0;;BB-0892|BB-0906;;buerger;;
martin_seidnschwanz;Mert Seidnschwanz;Bürgerbuch;1;1583;1583;0;;BB-1957;;buerger;Weber;
martin_soeldrer;Martin Söldrer;Urkunden;1;1518;1518;0;StaAKr-0602;;;buerger;;
martin_steeg;Mertt Steeg;Bürgerbuch;1;1595;1595;0;;BB-2245;;buerger;Weber;
martin_taufkhircher;Mert Taufkhircher;Bürgerbuch;1;1554;1554;0;;BB-0581;;buerger;;
martin_trestorffer;Martin Trestorffer;Urkunden;1;1415;1415;0;StaAKr-0178;;;buerger;;
martin_trol;Mert Trol;Bürgerbuch;1;1571;1571;0;;BB-1385;;buerger;Beutler;
martin_tumlstain;Martin Tumelstainer|Martin Tumelstein|Martin Tumlstain;Urkunden;3;1419;1422;3;StaAKr-0194|StaAKr-0196|StaAKr-0208;;;buerger;;
martin_veldtmuelner;Mertt Veldtmülner;Bürgerbuch;1;1595;1595;0;;BB-2262;;buerger;Klampferer;
martin_von_eytzing;Martein|Martin von Eytzing;Urkunden;1;1490;1490;0;StaAKr-0534;;;adel;;
martin_walch;Mert Walch;Bürgerbuch;2;1553;1553;0;;BB-0494|BB-0516;;buerger;Fleischhacker;
martin_weinhul;Mert Weinhul;Bürgerbuch;1;1576;1576;0;;BB-1640;;buerger;;
martin_ziegler;Martin Ziegler|Mertt Ziegler;Bürgerbuch;2;1587;1587;0;;BB-2064|BB-2068;;buerger;Sattler, Kummetmacher;
martlme_winckler;Martlme Winckler;Bürgerbuch;1;1560;1560;0;;BB-0827;;buerger;Maurer;
mathaeus_zartner;Mathäus Zartner;Urkunden;1;1526;1526;0;StaAKr-0671e;;;buerger;;
mathes_ortner;Mathes Ortner;Urkunden;1;1530;1530;0;StaAKr-0708a;;;buerger;;
mathes_slyck;Mathes Slyck;Urkunden;3;1497;1498;1;StaAKr-0551|StaAKr-0553|StaAKr-0557;;;buerger;;
mathesen_kirchmiar;Mathesen Khirchmiar;Bürgerbuch;1;1608;1608;0;;BB-2461;;buerger;;
mathess_schachner;Matheß Schachner;Bürgerbuch;1;1579;1579;0;;BB-1815;;buerger;Bader;
mathess_taenckler;Matheß Tannckhler|Matheß Tännckhler;Bürgerbuch;2;1578;1578;0;;BB-1722|BB-1739;;buerger;;
matheus_eschey;Matheus Eschey;Urkunden;3;1537;1540;3;StaAKr-0786|StaAKr-0790|StaAKr-0774a;;;buerger;;
matheus_hoerpfer;Matheus Hörpfer;Urkunden;1;1526;1526;0;StaAKr-0671g;;;buerger;;
matheus_kremser;Matheus Kremser;Bürgerbuch;1;1575;1575;0;;BB-1552;;buerger;;
matheuss_feringer;Matheuß Feringer;Bürgerbuch;1;1592;1592;0;;BB-2232;;buerger;;
matheuss_hinderlanger;Matheuß Hinderlanger;Bürgerbuch;1;1592;1592;0;;BB-2235;;buerger;;
matheuss_kramer;Matheuß Kramer;Bürgerbuch;1;1561;1561;0;;BB-0899;;buerger;Tischler;
matheusz_denbach;Matheusz Denbach;Bürgerbuch;1;1575;1575;0;;BB-1579;;buerger;;
matheusz_stainer;Matheusz Stainer;Bürgerbuch;1;1573;1573;0;;BB-1442;;buerger;Drechsler;
mathias_1457;Mathias;Urkunden;1;1457;1457;0;StaAKr-0345;;;buerger;;
mathias_1486;Mathias;Urkunden;1;1486;1486;0;StaAKr-0500;;;buerger;;
mathias_eisendorfer;Mathias Eisendorfer;Urkunden;1;1520;1520;0;StaAKr-0620;;;buerger;;
mathias_hoelzl;Mathias Hölzl;Urkunden;3;1712;1714;2;StaAKr-0860|StaAKr-0861|StaAKr-0863;;;buerger;;
mathias_mitter;Mathioß Mütter;Bürgerbuch;1;1623;1623;0;;BB-2745;;buerger;;
mathias_stollmayr;Mathiaß Stollmayr;Bürgerbuch;1;1623;1623;0;;BB-2744;;buerger;;
mathias_vorster;Mathias Vorster;Urkunden;1;1499;1499;0;StaAKr-0559;;;buerger;;
mathias_wisinger;Mathias Wisinger;Urkunden;1;1549;1549;0;StaAKr-0811;;;buerger;;
mathiasen_spaendl;Mathiasen Spändl;Bürgerbuch;1;1574;1574;0;;BB-1492;;buerger;Buchführer;
mathiasz_prasch;Mathiasz Prasch;Bürgerbuch;1;1611;1611;0;;BB-2494;;buerger;Fuhrmann;
mathin_laenckl;Mathin Länckl;Bürgerbuch;1;1613;1613;0;;BB-2547;;buerger;;
matl_trager;Matl Trager;Urkunden;1;1425;1425;0;StaAKr-0218;;;buerger;;
matthaeus_allantsperger;Matheus Allantsperger;Bürgerbuch;1;1550;1550;0;;BB-0360;;buerger;Fasszieher;
matthaeus_arbinger;Matheus Arbinger;Bürgerbuch;1;1553;1553;0;;BB-0527;;buerger;Wagner;
matthaeus_braeuenpoeck;Mathes Bräuenpeckh;Bürgerbuch;1;1601;1601;0;;BB-2366;;buerger;Hauer;
matthaeus_cramer;Matheus Cramer|Matheus Khramer;Bürgerbuch;2;1560;1560;0;;BB-0829|BB-0867;;buerger;Tischler;
matthaeus_dueerstperger;Matheus Düerstperger|Matheus Tierstperger;Bürgerbuch;2;1557;1557;0;;BB-0701|BB-0715;;buerger;;
matthaeus_eisler;Mathes Eisler;Bürgerbuch;1;1584;1584;0;;BB-2001;;buerger;;
matthaeus_eissler;Matheus Eissler;Bürgerbuch;1;1586;1586;0;;BB-2050;;buerger;;
matthaeus_feller;Matheus Feller;Bürgerbuch;1;1549;1549;0;;BB-0330;;buerger;;
matthaeus_fenigast;Matheus Fenigast|Mathias Fenigast;Bürgerbuch;2;1549;1549;0;;BB-0275|BB-0315;;buerger;;
matthaeus_frey;Matheus Frey;Bürgerbuch;1;1549;1549;0;;BB-0292;;buerger;;
matthaeus_hadlinger;Mathes Hadlinger;Bürgerbuch;1;1601;1601;0;;BB-2373;;buerger;Schiffmann;
matthaeus_haeckel;Matheus Häckel;Bürgerbuch;1;1582;1582;0;;BB-1939;;buerger;Büchsenmacher;
matthaeus_haerpfer;Matthäus Härpfer;Urkunden;1;1531;1531;0;StaAKr-0713;;;buerger;;
matthaeus_heinz;Mathes Heinz;Bürgerbuch;1;1583;1583;0;;BB-1961;;buerger;Apotheker;
matthaeus_herman;Matheusz Herman;Bürgerbuch;1;1571;1571;0;;BB-1393;;buerger;Uhrmacher;
matthaeus_heytheur;Matheus Heytheur;Bürgerbuch;1;1583;1583;0;;BB-1974;;buerger;Schneider;
matthaeus_hoelzl;Matheus Hölzl;Bürgerbuch;1;1586;1586;0;;BB-2062;;buerger;Maler;
matthaeus_kagerer;Matheuß Khagerer;Bürgerbuch;1;1571;1571;0;;BB-1356;;buerger;;
matthaeus_krembser;Matheusz Krembser;Bürgerbuch;1;1573;1573;0;;BB-1409;;buerger;;
matthaeus_kuenig;Mathes Khünig;Bürgerbuch;1;1604;1604;0;;BB-2404;;buerger;Fleischhacker;
matthaeus_kuerz;Matheus Khuerz;Bürgerbuch;1;1557;1557;0;;BB-0718;;buerger;Radschmied;
matthaeus_kurz;Matthäus Kurz;Bürgerbuch;1;1559;1559;0;;BB-0796;;buerger;Kammmacher;
matthaeus_labismullner;Matheus Labismullner;Bürgerbuch;1;1546;1546;0;;BB-0202;;buerger;Fleischhacker;
matthaeus_lindtner;Matheus Lindtner;Bürgerbuch;4;1575;1588;13;;BB-1545|BB-1558|BB-1910|BB-2101;;buerger;;
matthaeus_modl;Matthäus Modl;Bürgerbuch;1;1613;1613;0;;BB-2558;;buerger;;
matthaeus_nadler;Matthäus Nadler;Bürgerbuch;1;1556;1556;0;;BB-0659;;buerger;Handschuhmacher;
matthaeus_ninderthaimb;Matheus Ninderthaimb;Bürgerbuch;1;1585;1585;0;;BB-2039;;buerger;;
matthaeus_pedarius;Magister (+Matheus) Pedarius|Magister Matheus Redarius;Bürgerbuch;2;1553;1553;0;;BB-0508|BB-0540;;buerger;;
matthaeus_peringer;Matthäus Peringer;Bürgerbuch;1;1551;1551;0;;BB-0384;;buerger;Kammmacher;
matthaeus_pizer;Matthäus Pizer;Bürgerbuch;1;1577;1577;0;;BB-1709;;buerger;Klampferer;
matthaeus_pockbader;Matheusen Pockhbader;Bürgerbuch;1;1555;1555;0;;BB-0596;;buerger;Schneider;
matthaeus_poxeder;Matheus Poxeder;Bürgerbuch;1;1555;1555;0;;BB-0631;;buerger;Schneider;
matthaeus_pruggner;Matheus Pruggner;Bürgerbuch;1;1560;1560;0;;BB-0875;;buerger;Hauer;
matthaeus_schmidtpaur;Matheus Schmidtpaur;Bürgerbuch;2;1582;1582;0;;BB-1910|BB-1923;;buerger;;
matthaeus_spaudl;Mathes Spaudl;Bürgerbuch;1;1569;1569;0;;BB-1354;;buerger;Hauer;
matthaeus_stadler;Matthäus Stadler;Bürgerbuch;1;1553;1553;0;;BB-0507;;buerger;Kammmacher;
matthaeus_steuber;Mathes Steuber;Bürgerbuch;1;1605;1605;0;;BB-2415;;buerger;;
matthaeus_strasser;Mathusz Strasser;Bürgerbuch;1;1549;1549;0;;BB-0325;;buerger;;
matthaeus_sulzpeck;Matheus Sulzpeckh;Bürgerbuch;2;1555;1558;3;;BB-0639|BB-0782;;buerger;Schiffmann;
matthaeus_sume;Matthäus Sume;Bürgerbuch;1;1549;1549;0;;BB-0300;;buerger;Schreiber;
matthaeus_tenerl;Matheusz Tenerl;Bürgerbuch;1;1573;1573;0;;BB-1419;;buerger;;
matthaeus_weingartner;Mathes Weingartner;Bürgerbuch;1;1602;1602;0;;BB-2389;;buerger;;
matthaeus_weishaepl;Matheuß Weishapl|Matheuß Weishäpl|Mathias Weißhapl;Bürgerbuch;3;1561;1563;2;;BB-0930|BB-0948|BB-1007;;buerger;;
matthaeus_widman;Matheus Widman;Bürgerbuch;2;1575;1575;0;;BB-1549|BB-1562;;buerger;Gürtler;
matthaeus_zwickl;Matheusz Zwickhl;Bürgerbuch;2;1581;1581;0;;BB-1862|BB-1883;;buerger;;
matthes_prissl;Matthes Prißl;Bürgerbuch;1;1614;1614;0;;BB-2577;;buerger;Riemer, Sporer;
matthes_seltenreich;Matthes Seltenreich;Bürgerbuch;1;1614;1614;0;;BB-2570;;buerger;Zinngießer;
matthia_loibrecht;Matthia Loibrecht;Urkunden;1;1693;1693;0;StAK-Stein-2053;;;buerger;;
matthias_burckl;Mathiaß Burckhl;Bürgerbuch;1;1622;1622;0;;BB-2712;;buerger;Zimmermann;
matthias_corvinus;Matthias Corvinus;Urkunden;6;1485;1488;3;StaAKr-0489|StaAKr-0491|StaAKr-0494|StaAKr-0503|StaAKr-0506|StaAKr-0515;;;buerger;;
matthias_eilbl;Matheß Eilbl;Bürgerbuch;1;1621;1621;0;;BB-2660;;buerger;;
matthias_franckstainer;Matheß Franckhstainer;Bürgerbuch;1;1596;1596;0;;BB-2270;;buerger;Gürtler;
matthias_herman;Mathesz Herman;Bürgerbuch;1;1569;1569;0;;BB-1332;;buerger;Schlosser;
matthias_i;Matthias|Matthias I.;Urkunden;3;1599;1606;7;StaAKr-0832|StaAKr-0834|StAK-Stein-2037;;;dynastie;;
matthias_koch;Mathias Khoch;Bürgerbuch;1;1563;1563;0;;BB-0991;;buerger;Apotheker;
matthias_list;Mathias List;Bürgerbuch;1;1538;1538;0;;BB-0031;;buerger;Lederer;
matthias_millner;Matthias Millner;Bürgerbuch;1;1614;1614;0;;BB-2578;;buerger;Leineweber;
matthias_muellner;Matheß Mülner;Bürgerbuch;1;1578;1578;0;;BB-1770;;buerger;;
matthias_nagl;Mathias Nägl|Mathiasz Nägl;Bürgerbuch;2;1576;1576;0;;BB-1598|BB-1626;;buerger;Wagner;
matthias_payrhaimer;Mathias Payrhaimer;Bürgerbuch;1;1552;1552;0;;BB-0471;;buerger;;
matthias_purckholzer;Mathiasz Purckholzer;Bürgerbuch;1;1611;1611;0;;BB-2495;;buerger;;
matthias_resch;Mathias Resch;Bürgerbuch;1;1568;1568;0;;BB-1268;;buerger;Doktor;
matthias_ring;Matthias Ring;Bürgerbuch;1;1607;1607;0;;BB-2437;;buerger;Bader;
matthias_roemer;Mathiasz Römer;Bürgerbuch;1;1576;1576;0;;BB-1620;;buerger;;
matthias_schmidt;Matheß Schmidt;Bürgerbuch;1;1596;1596;0;;BB-2291;;buerger;Bürstenbinder;
matthias_seltenteich;Matthias Seltenteich;Bürgerbuch;1;1614;1614;0;;BB-2593;;buerger;Wagner;
matthias_soltenreich;Matheuß Soltenreich;Bürgerbuch;1;1592;1592;0;;BB-2218;;buerger;;
matthias_syfridt;Mathiaß Syfridt;Bürgerbuch;1;1622;1622;0;;BB-2713;;buerger;;
matthias_thryer;Mathias Thryer;Bürgerbuch;1;1574;1574;0;;BB-1519;;buerger;;
matthias_till;Matheuß Till;Bürgerbuch;1;1592;1592;0;;BB-2220;;buerger;Taschner;
matthias_troyer;Mathias Troyer;Bürgerbuch;2;1574;1574;0;;BB-1478|BB-1482;;buerger;;
matthias_wallnreutter;Matthias Wallnreutter;Bürgerbuch;1;1613;1613;0;;BB-2559;;buerger;;
matthias_wapler;Matheuß Wapler;Bürgerbuch;1;1592;1592;0;;BB-2216;;buerger;;
matthias_zehe;Mathesz Zehe;Bürgerbuch;1;1611;1611;0;;BB-2486;;buerger;;
maximilian_i;Maximilian I.;Urkunden;39;1485;1519;34;StaAKr-0491|StaAKr-0530|StaAKr-0531|StaAKr-0532|StaAKr-0533|StaAKr-0534|StaAKr-0538|StaAKr-0544|StaAKr-0548|StaAKr-0550|StaAKr-0554|StaAKr-0556|StaAKr-0560|StaAKr-0561|StaAKr-0562|StaAKr-0563|StaAKr-0564|StaAKr-0571|StaAKr-0573|StaAKr-0575|StaAKr-0577|StaAKr-0582|StaAKr-0583|StaAKr-0584|StaAKr-0585|StaAKr-0587|StaAKr-0588|StaAKr-0589|StaAKr-0591|StaAKr-0592|StaAKr-0595|StaAKr-0597|StaAKr-0604|StaAKr-0605|StaAKr-0553a|StAK-Stein-2022|StAK-UrkKr-0567|StAK- Stein-2023|StAK- Stein-2024;;;dynastie;;
maximilian_i_bayern;Maximilian;Urkunden;1;1598;1598;0;StaAKr-0831;;;buerger;;
maximilian_ii;Maximilian II.;Urkunden;6;1565;1573;8;StaAKr-0821|StaAKr-0822|StaAKr-0823|StaAKr-0824|StaAKr-0825a|StAK-Stein-2030;;;dynastie;;
maximilian_pranntner;Maximilian Pranntner;Bürgerbuch;1;1547;1547;0;;BB-0222;;buerger;;
maximilian_wimberger;Maximilian Wimberger;Urkunden;1;1538;1538;0;StaAKr-0755;;;buerger;;
maximilian_wolling;Maximilian Wolling;Bürgerbuch;1;1589;1589;0;;BB-2179;;buerger;;
mechthild_huelben;Mechthild Hülben;Urkunden;1;1322;1322;0;StAK-UrkKr-0011;;;buerger;;
meinhart_sachsengang;Meinhart Sachsengang;Urkunden;1;1430;1430;0;StaAKr-0227;;;buerger;;
melchior_behaimb;Melchior Behams;Bürgerbuch;2;1571;1579;8;;BB-1378|BB-1781;;buerger;Nadler;
melchior_duell;Melchior Düll;Bürgerbuch;1;1589;1589;0;;BB-2136;;buerger;Kummetmacher;
melchior_duellwagner;Melhior Düllwagner;Bürgerbuch;1;1577;1577;0;;BB-1688;;buerger;;
melchior_gerber;Melchior Gerber|Melchior Gärber;Bürgerbuch;2;1565;1565;0;;BB-1035|BB-1067;;buerger;Weißgerber;
melchior_hainzlman;Melchior Hainzlman;Bürgerbuch;2;1567;1567;0;;BB-1137|BB-1195;;buerger;Sporer;
melchior_huebmer;Melchior Huebmer;Bürgerbuch;2;1554;1554;0;;BB-0554|BB-0569;;buerger;Gürtler;
melchior_klesafft;Melchior Khlesafft;Bürgerbuch;1;1589;1589;0;;BB-2186;;buerger;Schneider;
melchior_klesannfft;Melchort Khlesannfft;Bürgerbuch;1;1589;1589;0;;BB-2139;;buerger;Schneider;
melchior_konner;Melichior Khonner;Bürgerbuch;1;1561;1561;0;;BB-0903;;buerger;Gürtler;
melchior_lindtner;Melchior Lindtners;Bürgerbuch;1;1623;1623;0;;BB-2753;;buerger;;
melchior_mesmuelner;Mechior Mesmülner;Bürgerbuch;1;1611;1611;0;;BB-2501;;buerger;;
melchior_mittermayr;Melchior Mittermayr;Bürgerbuch;2;1624;1624;0;;BB-2777|BB-2781;;buerger;;
melchior_muellner;Melchior Müllner;Bürgerbuch;1;1616;1616;0;;BB-2633;;buerger;Hosenstricker;
melchior_pellinger;Melchior Pellinger;Urkunden;1;1490;1490;0;StaAKr-0531;;;buerger;;
melchior_salzhueber;Melchior Salzhueber;Bürgerbuch;2;1582;1582;0;;BB-1919|BB-1950;;buerger;Schuster;
melchior_tuell;Melchior Tüll;Bürgerbuch;1;1583;1583;0;;BB-1958;;buerger;Binder;
melchior_vnkhaut;Melchior Vnkhaut;Bürgerbuch;1;1571;1571;0;;BB-1367;;buerger;Kupferschmied;
melchiors_tilln;Melchiors Tilln;Bürgerbuch;1;1589;1589;0;;BB-2132;;buerger;Riemer;
merten_auer;Merten Auer;Urkunden;1;1526;1526;0;StaAKr-0671i;;;buerger;;
mertl_watsas;Mertl Watsas;Urkunden;1;1457;1457;0;StaAKr-0347;;;buerger;;
mertt_peck;Mertt Peck;Urkunden;1;1408;1408;0;StaAKr-0156;;;buerger;;
merttn_burger;Merttn Burger;Urkunden;1;1468;1468;0;StaAKr-0410;;;buerger;;
metthaeus_oechslmair;Metheus Öchslmair;Bürgerbuch;1;1585;1585;0;;BB-2048;;buerger;;
michaeel_prinz;Michäel Prinz;Bürgerbuch;1;1588;1588;0;;BB-2119;;buerger;Schuster;
michaeel_roesler;Michäel Rösler;Bürgerbuch;1;1578;1578;0;;BB-1735;;buerger;Hutmacher;
michael_aichperger;Michael Aichperger;Bürgerbuch;1;1601;1601;0;;BB-2377;;buerger;Hauer;
michael_arnstorffer;Michel Arnstorffer;Bürgerbuch;1;1547;1547;0;;BB-0223;;buerger;Tischler;
michael_behaim;Michel Behaim;Bürgerbuch;1;1555;1555;0;;BB-0641;;buerger;;
michael_bruckmair;Michl Pruckhmair;Bürgerbuch;1;1558;1558;0;;BB-0772;;buerger;Kupferschmied;
michael_buettenpeck;Michaell Buettenpeckh;Bürgerbuch;1;1614;1614;0;;BB-2585;;buerger;;
michael_damb;Michl Damb;Bürgerbuch;1;1569;1569;0;;BB-1314;;buerger;Schneider;
michael_dusaer;Michel Dusär;Bürgerbuch;2;1578;1578;0;;BB-1723|BB-1740;;buerger;Maler;
michael_eder;Michael Eder;Bürgerbuch;1;1600;1600;0;;BB-2357;;buerger;;
michael_eggl;Michael Eggl;Bürgerbuch;1;1571;1571;0;;BB-1368;;buerger;Zimmermann;
michael_estm;Michel Estm;Bürgerbuch;1;1605;1605;0;;BB-2414;;buerger;;
michael_faeger;Michel Fäger;Bürgerbuch;1;1592;1592;0;;BB-2195;;buerger;Bäcker;
michael_fellnkhessl;Michael Fellnkhössl|Michaelln Fellnkhessl;Bürgerbuch;2;1555;1555;0;;BB-0608|BB-0635;;buerger;Klampferer;
michael_fleischman;Michl Fleischman;Bürgerbuch;2;1583;1583;0;;BB-1960|BB-1993;;buerger;Büchsenmacher;
michael_friesinger;Michl Friesinger;Bürgerbuch;1;1560;1560;0;;BB-0878;;buerger;Hauer;
michael_gainz;Michael Gainz;Bürgerbuch;1;1576;1576;0;;BB-1634;;buerger;;
michael_gartner;Michel Gartner;Bürgerbuch;1;1566;1566;0;;BB-1123;;buerger;Hauer;
michael_gerla;Michel Gerla;Bürgerbuch;2;1582;1582;0;;BB-1912|BB-1924;;buerger;;
michael_gierlach;Michel Gierlach|Michel Gierloch;Bürgerbuch;2;1552;1552;0;;BB-0450|BB-0468;;buerger;Schuster;
michael_haas;Michael Haas;Bürgerbuch;1;1601;1601;0;;BB-2376;;buerger;Passamentwürcher;
michael_henrich;Michel Henrich;Bürgerbuch;1;1578;1578;0;;BB-1767;;buerger;;
michael_hiersch;Michl Hiersch;Bürgerbuch;1;1550;1550;0;;BB-0348;;buerger;;
michael_hoepper;Michel Höpper;Bürgerbuch;1;1587;1587;0;;BB-2085;;buerger;Flecksieder;
michael_hoffpauer;Michel Hoffpaur;Bürgerbuch;1;1541;1541;0;;BB-0083;;buerger;;
michael_holzapfl;Michl Holzapfl;Bürgerbuch;1;1563;1563;0;;BB-0994;;buerger;Lebzelter;
michael_huetstokh;Michl Huetstockh|Michl Huetstokh;Bürgerbuch;2;1584;1584;0;;BB-1999|BB-2032;;buerger;;
michael_hunger;Michael Hunger;Bürgerbuch;1;1595;1595;0;;BB-2256;;buerger;;
michael_kaiser;Michael Khaiser;Bürgerbuch;2;1555;1555;0;;BB-0594|BB-0609;;buerger;Hutmacher;
michael_kegl;Michel Kegl;Bürgerbuch;2;1552;1558;6;;BB-0460|BB-0746;;buerger;Seiler, Schiffmann;
michael_kemetler;Michail Kemetler|Michl Kemater;Bürgerbuch;2;1576;1576;0;;BB-1596|BB-1622;;buerger;Schneider;
michael_kindler;Michel Kindler;Bürgerbuch;1;1549;1549;0;;BB-0297;;buerger;Kürschner;
michael_kleefelt;Michael Klainfelt|Michael Kleefelt;Bürgerbuch;2;1575;1575;0;;BB-1554|BB-1567;;buerger;Kleinschmied;
michael_klepaemb;Michael Klepämb;Bürgerbuch;1;1564;1564;0;;BB-1010;;buerger;Weber;
michael_klepaum;Michael Klepaum;Bürgerbuch;2;1551;1552;1;;BB-0426|BB-0454;;buerger;Leineweber;
michael_klerbaum;Michael Klerbaum;Bürgerbuch;4;1557;1560;3;;BB-0692|BB-0709|BB-0821|BB-0833;;buerger;Binder;
michael_kolderer;Michel Kolderer;Bürgerbuch;1;1547;1547;0;;BB-0225;;buerger;;
michael_kopmaeger;Michel Khopmäger;Bürgerbuch;1;1596;1596;0;;BB-2274;;buerger;Kürschner;
michael_kunig;Michel Kunig;Bürgerbuch;3;1550;1551;1;;BB-0347|BB-0408|BB-0411;;buerger;Kartenmaler;
michael_laschmauchausee;Michael Laschmauchausee;Bürgerbuch;1;1551;1551;0;;BB-0440;;buerger;Hofmeister;
michael_maebl;Michael Mäbl;Bürgerbuch;2;1574;1574;0;;BB-1484|BB-1512;;buerger;;
michael_marths;Michael Marths;Bürgerbuch;1;1574;1574;0;;BB-1489;;buerger;Klampferer;
michael_mauckhart;Michael Mauckhart;Bürgerbuch;1;1589;1589;0;;BB-2147;;buerger;Wollschläger;
michael_meier;Michael Meier;Urkunden;1;1563;1563;0;StaAKr-0878;;;buerger;;
michael_muellner;Michael Mülner;Bürgerbuch;1;1600;1600;0;;BB-2361;;buerger;;
michael_neuchamb;Michael Neuchamb;Bürgerbuch;1;1607;1607;0;;BB-2439;;buerger;Ziegler;
michael_ortner;Michael Orttner;Bürgerbuch;2;1573;1574;1;;BB-1445|BB-1537;;buerger;;
michael_ostermair;Michael Ostermair;Bürgerbuch;2;1574;1574;0;;BB-1485|BB-1539;;buerger;;
michael_peuger;Michael Peuger;Bürgerbuch;3;1566;1582;16;;BB-1084|BB-1719|BB-1917;;buerger;Hufschmied;
michael_pichlmayr;Michael Pichlmayr;Bürgerbuch;1;1611;1611;0;;BB-2482;;buerger;Kupferschmied;
michael_poiger;Michael Poiger|Michel Poiger|Michl Perger;Bürgerbuch;3;1559;1559;0;;BB-0790|BB-0793|BB-0808;;buerger;Tischler;
michael_pruckner;Michel Pruckhner;Bürgerbuch;2;1539;1567;28;;BB-0062|BB-1150;;buerger;Sattler;
michael_pruggmair;Michael Pruggmair;Bürgerbuch;1;1558;1558;0;;BB-0749;;buerger;Kupferschmied;
michael_prusch;Michel Prusch;Bürgerbuch;1;1548;1548;0;;BB-0244;;buerger;Weißgerber;
michael_puechler;Michael Pücher|Michael Püchler;Urkunden;9;1523;1531;8;StaAKr-0666|StaAKr-0671|StaAKr-0704|StaAKr-0706|StaAKr-0671i|StaAKr-0708a|StaAKr-0714b|StaAKr-0714c|StAK-UrkKR-0644;;;buerger;;
michael_ralnchossl;Michael Ralnchoßl;Bürgerbuch;1;1565;1565;0;;BB-1044;;buerger;;
michael_rath;Michl Rath;Bürgerbuch;2;1584;1584;0;;BB-1994|BB-2009;;buerger;Tischler;
michael_rattenberger;Michl Rättenperger;Bürgerbuch;1;1584;1584;0;;BB-2005;;buerger;;
michael_reimbzweig;Michel Reimbzweig;Bürgerbuch;2;1578;1578;0;;BB-1720|BB-1766;;buerger;Fleischhacker;
michael_rindsmaul;Michael Rindsmaul;Urkunden;1;1566;1566;0;StaAKr-0879;;;buerger;;
michael_rodig;Michel Rodig;Bürgerbuch;1;1554;1554;0;;BB-0556;;buerger;Tischler;
michael_rody;Michael Rhody|Michael Rody;Bürgerbuch;2;1554;1554;0;;BB-0560|BB-0572;;buerger;Tischler;
michael_roerl;Michael Rörl;Bürgerbuch;1;1614;1614;0;;BB-2625;;buerger;;
michael_roesler;Michäel Rösler;Bürgerbuch;1;1578;1578;0;;BB-1751;;buerger;Hutmacher;
michael_rogl;Michael Rogl;Bürgerbuch;1;1565;1565;0;;BB-1046;;buerger;Hauer;
michael_rohrer;Michael Rohrer;Bürgerbuch;1;1622;1622;0;;BB-2677;;buerger;;
michael_rorer;Michel Rorer;Bürgerbuch;1;1539;1539;0;;BB-0055;;buerger;Goldschmied;
michael_ruedlsperger;Michl Ruedlsperger;Bürgerbuch;1;1569;1569;0;;BB-1331;;buerger;Bäcker;
michael_sacherl;Michael Sacherl;Bürgerbuch;1;1557;1557;0;;BB-0702;;buerger;Sporer;
michael_sandler;Michael Sandler;Urkunden;1;1530;1530;0;StaAKr-0705a;;;buerger;;
michael_schaufler;Michael Schaufler;Bürgerbuch;1;1611;1611;0;;BB-2522;;buerger;;
michael_seiler;Michael Seiler;Bürgerbuch;1;1555;1555;0;;BB-0604;;buerger;Drechsler;
michael_sohern;Michaelln Sohern;Bürgerbuch;1;1556;1556;0;;BB-0654;;buerger;;
michael_staininger;Michal Steininger;Bürgerbuch;1;1596;1596;0;;BB-2286;;buerger;Kramer;
michael_taempl;Michael Tämpl;Bürgerbuch;1;1611;1611;0;;BB-2514;;buerger;;
michael_taninger;Michaell Taninger|Michel Taninger;Bürgerbuch;2;1561;1561;0;;BB-0897|BB-0907;;buerger;;
michael_tell;Michael Tell;Urkunden;1;1399;1399;0;StaAKr-0100;;;buerger;;
michael_thamb;Michl Thomb;Bürgerbuch;1;1567;1567;0;;BB-1136;;buerger;Schneider;
michael_traubinger;Michael Traubinger;Urkunden;1;1447;1447;0;StAK-UrkKr-0290;;;buerger;;
michael_veigell;Michl Veigell;Bürgerbuch;1;1569;1569;0;;BB-1351;;buerger;;
michael_von_sebarn;Michael von Sebarn;Urkunden;1;1401;1401;0;StaAKr-0115;;;buerger;;
michael_waeblinger;Michael Wäblinger;Bürgerbuch;1;1589;1589;0;;BB-2133;;buerger;Binder;
michael_wager;Michael Wager;Bürgerbuch;1;1582;1582;0;;BB-1916;;buerger;;
michael_wagner;Michael Wagner;Urkunden;1;1430;1430;0;StAK-UrkKr-0224;;;buerger;;
michael_waiblinger;Michel Weiblinger|Michäel Waiblinger;Bürgerbuch;2;1578;1578;0;;BB-1736|BB-1757;;buerger;Binder;
michael_waldner;Michael Waldner;Urkunden;1;1430;1430;0;StAK-UrkKr-0224;;;buerger;;
michael_walfseder;Michael Walfeder|Michael Walfseder;Bürgerbuch;2;1589;1589;0;;BB-2136|BB-2158;;buerger;Kummetmacher;
michael_weilpacher;Micheln Weilpacher;Bürgerbuch;1;1563;1563;0;;BB-0977;;buerger;;
michael_wetz;Michael Wetz;Urkunden;1;1401;1401;0;StaAKr-0116;;;buerger;;
michael_widmer;Michael Wibmer;Bürgerbuch;1;1560;1560;0;;BB-0873;;buerger;Fasszieher;
michael_wolz;Michael Wolz;Bürgerbuch;2;1581;1581;0;;BB-1867|BB-1888;;buerger;;
michael_zwetler;Michel Zwettler;Bürgerbuch;1;1551;1551;0;;BB-0379;;buerger;;
michaell_klerbaum;Michaell Klerbaum;Bürgerbuch;1;1563;1563;0;;BB-0972;;buerger;Sieber;
michaelll_kleepaemb;Michaelll Kleepämb;Bürgerbuch;1;1562;1562;0;;BB-0944;;buerger;Bäcker;
michaeln_prinz;Michaeln Prinz;Bürgerbuch;1;1588;1588;0;;BB-2099;;buerger;;
michal_puerchenegger;Michal Pürchenegckher;Bürgerbuch;1;1597;1597;0;;BB-2321;;buerger;Bäcker;
michel_ackerl;Michel Ackerl;Urkunden;1;1539;1539;0;StaAKr-0774;;;buerger;;
michel_behaim;Michel Behaim;Urkunden;1;1539;1539;0;StaAKr-0771;;;buerger;;
michel_fleischhacker;Michel Fleischhacker;Urkunden;1;1439;1439;0;StaAKr-0272;;;buerger;;
michel_geiokramer;Michael Genkrammer|Michel Geiokramer;Urkunden;2;1398;1406;8;StaAKr-0092|StaAKr-0135;;;buerger;;
michel_geschechsennot;Michel Geschechsennot;Urkunden;1;1413;1413;0;StaAKr-0167;;;buerger;;
michel_spindler;Michel Spindler;Urkunden;1;1502;1502;0;StaAKr-0565;;;buerger;;
michel_volger;Michel Volger;Urkunden;1;1433;1433;0;StaAKr-0241;;;buerger;;
michel_weyerburger;Michel Weyerburger;Urkunden;1;1530;1530;0;StaAKr-0710b;;;buerger;;
moert_pautraeer;Mört Pauträer;Bürgerbuch;1;1601;1601;0;;BB-2374;;buerger;Brotsitzer;
moert_winckler;Mört Winnckhler;Bürgerbuch;1;1602;1602;0;;BB-2381;;buerger;;
moritz_fuerstbischof_von_freising;Moritz;Urkunden;1;1568;1568;0;StaAKr-Hollenburg-0002;;;buerger;;
moritz_kaiser;Moritz Kaiser;Urkunden;1;1538;1538;0;StaAKr-0754;;;buerger;;
mort_steckmair;Mort Steckmair;Bürgerbuch;1;1555;1555;0;;BB-0648;;buerger;;
morth_schoder;Morth Schoder;Bürgerbuch;1;1592;1592;0;;BB-2194;;buerger;;
moses_neumann;Magister Myses Neuman;Bürgerbuch;2;1566;1578;12;;BB-1106|BB-1722;;buerger;;
mthias_1490;Mthias;Urkunden;1;1490;1490;0;StaAKr-0525;;;buerger;;
muehlbanger_1488;Mühlbanger;Urkunden;1;1488;1488;0;StaAKr-0514;;;buerger;;
n_krauss;N. Krauss;Bürgerbuch;1;1557;1557;0;;BB-0692;;buerger;Binder;
n_walkham;N. Walkhaim;Bürgerbuch;1;1550;1550;0;;BB-0353;;buerger;;
nathanael_liebhart;Nathanael Liebhart;Bürgerbuch;1;1581;1581;0;;BB-1897;;buerger;;
nathaniel_liebhart;Nathaniel Liebhart;Bürgerbuch;1;1588;1588;0;;BB-2087;;buerger;Gürtler;
nicel_pichel;Nicel Pichel;Urkunden;1;1473;1473;0;StaAKr-0428;;;buerger;;
niclai_feilings;Niclai Feilings;Bürgerbuch;1;1608;1608;0;;BB-2459;;buerger;;
niclasen_melnapf;Niclasen Melnapf;Bürgerbuch;1;1581;1581;0;;BB-1849;;buerger;;
niclass_herbst;Niclaß Herbst;Bürgerbuch;1;1615;1615;0;;BB-2598;;buerger;Nestler;
niclasz_welling;Niclasz Welling;Bürgerbuch;1;1577;1577;0;;BB-1715;;buerger;Schneider;
niclauss_puz;Niclauß Puz;Bürgerbuch;1;1585;1585;0;;BB-2034;;buerger;Gürtler;
nicolaus_iagniortovius;Nicolaus Iagniortovius;Urkunden;1;1623;1623;0;StAK-Stein-2039;;;buerger;;
nicolaus_turinger;Nicolaus Turinger;Bürgerbuch;1;1564;1564;0;;BB-1023;;buerger;;
nikl_pykl;Nikl Pykl;Urkunden;1;1471;1471;0;StaAKr-0425;;;buerger;;
niklas_bechberg;Niklas Bechberg;Urkunden;1;1459;1459;0;StaAKr-0379;;;buerger;;
niklas_choll;Niklas|Niklas Choll;Urkunden;6;1416;1435;19;StaKr-0212|StaAKr-0180|StaAKr-0184|StaAKr-0188|StaAKr-0258|StaAKr-0259;;;buerger;;
niklas_clamer;Niclaß Clamer;Bürgerbuch;1;1622;1622;0;;BB-2716;;buerger;;
niklas_clar;Niclaß Clar;Bürgerbuch;1;1622;1622;0;;BB-2667;;buerger;;
niklas_der_choll;Niklas|Niklas der Choll;Urkunden;1;1422;1422;0;StaKr-0207;;;buerger;;
niklas_eckinger;Niklas Eckinger;Urkunden;1;1431;1431;0;StaAKr-0229;;;buerger;;
niklas_ekkart;Niklas Ekkart;Urkunden;1;1435;1435;0;StaAKr-0259;;;buerger;;
niklas_ferber;Niclas Ferber;Bürgerbuch;1;1568;1568;0;;BB-1293;;buerger;Schuster;
niklas_frieauf;Niclas Frieauf;Bürgerbuch;1;1547;1547;0;;BB-0228;;buerger;Schuster;
niklas_gmuender;Niklas Gmünder;Urkunden;1;1459;1459;0;StaAKr-0380;;;buerger;;
niklas_guenther;Niklas Günther|Nikolaus Günther;Urkunden;2;1374;1374;0;StaAKr-0046|StaAKr-0047;;;buerger;;
niklas_herbst;Niclaß Herbst;Bürgerbuch;1;1580;1580;0;;BB-1823;;buerger;Hutstepper;
niklas_huss;Niclasz Husz;Bürgerbuch;1;1602;1602;0;;BB-2392;;buerger;;
niklas_kasstl;Niclas Kasstl;Bürgerbuch;1;1549;1549;0;;BB-0319;;buerger;;
niklas_kemauf;Niklas Kemauf;Urkunden;1;1435;1435;0;StaAKr-0261;;;buerger;;
niklas_kierzl;Niclas Khierzl;Bürgerbuch;1;1614;1614;0;;BB-2578;;buerger;Leineweber;
niklas_melnapfl;Niclaß Melnapfl;Bürgerbuch;1;1571;1571;0;;BB-1375;;buerger;Buchbinder;
niklas_muellner;Niklas Müllner;Urkunden;1;1419;1419;0;StaAKr-0196;;;buerger;;
niklas_narzendorfer;Niklas Narzendorfer;Urkunden;1;1421;1421;0;StaAKr-0202;;;buerger;;
niklas_parnnstain;Niclas Parnnstain;Bürgerbuch;1;1552;1552;0;;BB-0467;;buerger;Schuster;
niklas_peutl;Niklas Peutl;Urkunden;1;1419;1419;0;StaAKr-0198;;;buerger;;
niklas_pfleger;Niklas Pfleger;Urkunden;1;1452;1452;0;StaAKr-0311;;;buerger;;
niklas_phleger;Niklas Phleger;Urkunden;1;1457;1457;0;StaAKr-0351;;;buerger;;
niklas_puebenstam;Niklas Puebenstam;Urkunden;1;1425;1425;0;StaAKr-0218;;;buerger;;
niklas_rauch;Niclas Rauch;Bürgerbuch;1;1584;1584;0;;BB-2012;;buerger;Bäcker;
niklas_reinberger;Niklas Reinberger;Urkunden;1;1372;1372;0;StaAKr-0044;;;buerger;;
niklas_reisperg;Niklas Reisperg;Urkunden;1;1418;1418;0;StaAKr-0190;;;buerger;;
niklas_reyenstein;Niklas Reyenstein;Urkunden;1;1419;1419;0;StaAKr-0195;;;buerger;;
niklas_sattler;Niklas Sattler;Urkunden;1;1373;1373;0;StaAKr-0045;;;buerger;;
niklas_schallenberger;Niklas Schallenberger|Nikolaus Schallenberger;Urkunden;2;1415;1422;7;StaAKr-0178|StaAKr-0205;;;buerger;;
niklas_schlesinger;Niklas Schlesinger;Urkunden;1;1547;1547;0;StaAKr-0798;;;buerger;;
niklas_schmid;Niclas Schmid;Bürgerbuch;1;1546;1546;0;;BB-0198;;buerger;;
niklas_spitlmuelner;Niclas Spitlmülner;Bürgerbuch;1;1581;1581;0;;BB-1900;;buerger;;
niklas_stadoeder;Niclasz Stadöder;Bürgerbuch;1;1576;1576;0;;BB-1610;;buerger;;
niklas_steidl;Niclas Steidl;Bürgerbuch;1;1613;1613;0;;BB-2554;;buerger;Bäcker;
niklas_truchsess;Niklas Truchseß;Urkunden;1;1451;1451;0;StaAKr-0304;;;buerger;;
niklas_tyrringers;Niclasen Tyrringers;Bürgerbuch;1;1564;1564;0;;BB-1018;;buerger;Kramer;
niklas_vom_see;Niklas vom See;Urkunden;5;1419;1424;5;StaAKr-0195|StaAKr-0198|StaAKr-0200|StaAKr-0204|StaAKr-0214;;;buerger;;
niklas_von_luetzelburg;Niklas von Lützelburg;Urkunden;5;1456;1464;8;StaAKr-0340|StaAKr-0351|StaAKr-0374|StaAKr-0378|StaAKr-0401;;;buerger;;
niklas_von_rechberg;Niklas von Rechberg;Urkunden;2;1449;1459;10;StaAKr-0301|StaAKr-0379;;;adel;;
nikolaus_1415;Nikolaus;Urkunden;1;1415;1415;0;StaAKr-0176;;;buerger;;
nikolaus_gener;Nikolaus Gener;Urkunden;1;1396;1396;0;StaAKr-0088;;;buerger;;
nikolaus_gfeller;Nikolaus Gfeller;Urkunden;1;1405;1405;0;StaAKr-0132;;;buerger;;
nikolaus_gveller;Nikolaus Gveller;Urkunden;1;1393;1393;0;StaAKr-0077;;;buerger;;
nikolaus_jonas;Nikolaus Jonas;Urkunden;2;1623;1623;0;StAK-Stein-2039|StAK-Stein-2040;;;buerger;;
nikolaus_marnberger;Nikolaus Marnberger;Urkunden;1;1447;1447;0;StAK-UrkKr-0290;;;buerger;;
nikolaus_muehlfelder;Nikolaus Mühlfelder;Urkunden;1;1417;1417;0;StAK-UrkKr-0187;;;buerger;;
nikolaus_panusch;Nikolaus Panusch;Urkunden;1;1398;1398;0;StaAKr-0094;;;buerger;;
nikolaus_romer;Nikolaus Romer;Urkunden;1;1396;1396;0;StaAKr-0089;;;buerger;;
nikolaus_schaffer;Niklas Schaffer|Nikolaus Schaffer;Urkunden;3;1394;1401;7;StaAKr-0079|StaAKr-0082|StaAKr-0118;;;buerger;;
nikolaus_seebeck;Nikolaus Seebeck;Urkunden;1;1407;1407;0;StaAKr-0141;;;buerger;;
nikolaus_von_hoffnin;Nikolaus von Hoffnin;Urkunden;1;1401;1401;0;StaAKr-0120;;;buerger;;
nikolaus_von_waydhofen;Nikolaus von Waydhofen;Urkunden;1;1401;1401;0;StaAKr-0114;;;buerger;;
nikolaus_von_weitra;Nikolaus von Weitra;Urkunden;3;1356;1366;10;StaAKr-0030|StaAKr-0038|StaAKr-0039;;;buerger;;
nikolaus_weispacher;Nikolaus Weispacher;Urkunden;1;1406;1406;0;StaAKr-0135;;;buerger;;
ninianus_ringer;Ninianus Ringer;Bürgerbuch;1;1549;1549;0;;BB-0299;;buerger;;
ochslmair;Ochslmair;Bürgerbuch;1;1564;1564;0;;BB-1012;;buerger;;
offizial_klesel;Offizial Klesel;Urkunden;1;1585;1585;0;StaAKr-0826;;;klerus;;
oiwalt_mosmiar;Oiwalt Mosmiar;Bürgerbuch;1;1608;1608;0;;BB-2460;;buerger;;
ortolf_saelde;Ortolf Sälde;Urkunden;1;1372;1372;0;StaAKr-0044;;;buerger;;
osswalt_graessl;Oßwalt Gräßl;Bürgerbuch;1;1613;1613;0;;BB-2567;;buerger;;
oswald_auer;Oswold Auer;Bürgerbuch;1;1536;1536;0;;BB-0019;;buerger;Fischer;
oswald_draesstaller;Oßwaldt Dräßtaller;Bürgerbuch;1;1622;1622;0;;BB-2726;;buerger;Hauer;
oswald_heindl;Oswald Heindl;Urkunden;1;1526;1526;0;StaAKr-0670d;;;buerger;;
oswald_lindentaller;Oswald Lindentaller;Bürgerbuch;1;1550;1550;0;;BB-0370;;buerger;;
oswald_peunttner;Oßwaldt Peunttner;Bürgerbuch;1;1589;1589;0;;BB-2174;;buerger;Binder;
oswald_seman;Oswald Seman;Bürgerbuch;1;1573;1573;0;;BB-1461;;buerger;Hauer;
oswald_von_eytzing;Oswald von Eytzing;Urkunden;1;1458;1458;0;StaAKr-0357;;;adel;;
oszwalt_holzinger;Oszwalt Holzinger;Bürgerbuch;1;1611;1611;0;;BB-2515;;buerger;;
otman_pfannenstill;Otman Phannenstill;Bürgerbuch;1;1560;1560;0;;BB-0871;;buerger;Weber;
ott_bauer;Ott Pauer;Bürgerbuch;1;1613;1613;0;;BB-2544;;buerger;Sieber;
ott_von_maissau;Ott von Maissau;Urkunden;3;1407;1425;18;StaAKr-0145|StaAKr-0167|StaAKr-0219;;;adel;;
ott_von_topel;Ott von Topel|Ott von Toppl;Urkunden;2;1443;1443;0;StaAKr-0276|StAK-Stein-2012;;;buerger;;
ottman_pfannenstill;Ottman Pfannenstill;Bürgerbuch;2;1565;1567;2;;BB-1047|BB-1154;;buerger;Glaser;
otto_chrainer;Otto Chrainer;Urkunden;1;1400;1400;0;StaAKr-0108;;;buerger;;
otto_chransperger;Otto Chransperger;Urkunden;1;1300;1300;0;StaAK-UrkKr-0005;;;buerger;;
otto_fuehrer;Otto Führer;Urkunden;1;1300;1300;0;StaAK-UrkKr-0005;;;buerger;;
otto_henikein;Otto Henikein;Urkunden;1;1394;1394;0;StaAKr-0078;;;buerger;;
otto_marichpech;Otto Marichpech;Urkunden;1;1405;1405;0;StaAKr-0134;;;buerger;;
otto_neukomm;Otto Neukomm;Urkunden;1;1344;1344;0;StAK-UrkKr-0017;;;buerger;;
otto_pech;Otto Pech;Urkunden;1;1300;1300;0;StaAK-UrkKr-0005;;;buerger;;
otto_salzmann;Otto Salzmann;Urkunden;1;1300;1300;0;StaAK-UrkKr-0005;;;buerger;;
otto_zimmermann;Otto Zimmermann;Urkunden;1;1347;1347;0;StaAKr-0023;;;buerger;;
pampfi_janusch;Pampfi Janusch;Urkunden;1;1527;1527;0;StaAKr-0683;;;buerger;;
pangratz_wenger;Pangratz Wenger;Urkunden;1;1549;1549;0;StaAKr-0804;;;buerger;;
pangratzius_raiger;Pangratzius Raiger|Pangrazen Raiger|Pangrazius|Raiger;Urkunden;9;1547;1549;2;StaAKr-0796|StaAKr-0801|StaAKr-0803|StaAKr-0807|StaAKr-0810|StaAKr-0811|StaAKr-0813|StaAKr-0814|StaAKr-0816;;;buerger;;
pangraz_derffler;Pangraz Derffler;Bürgerbuch;1;1573;1573;0;;BB-1471;;buerger;;
pangraz_fischer;Pangraz Fischer|Panngraz Fischer;Bürgerbuch;2;1554;1554;0;;BB-0557|BB-0570;;buerger;;
pangraz_geyr;Pangraz Geyr;Bürgerbuch;2;1566;1566;0;;BB-1095|BB-1111;;buerger;Kampler;
pangraz_hueber;Pangraz Hueber;Bürgerbuch;1;1545;1545;0;;BB-0158;;buerger;;
pangraz_hugendorffer;Pangraz Hugendorffer;Bürgerbuch;1;1537;1537;0;;BB-0025;;buerger;;
pangraz_muellner;Panngraz Müllner;Bürgerbuch;1;1547;1547;0;;BB-0231;;buerger;;
pangraz_track;Pangraz Trackh;Bürgerbuch;1;1562;1562;0;;BB-0937;;buerger;;
pankraz_pirhinger;Pankraz Pirhinger;Urkunden;1;1451;1451;0;StaAKr-0303;;;buerger;;
pankraz_schlewffer;Pankraz Schlewffer;Urkunden;1;1495;1495;0;StaAKr-0546a;;;buerger;;
pankraz_von_plankenstein;Pankraz von Plankenstein;Urkunden;3;1447;1458;11;StaAKr-0294|StaAKr-0295|StaAKr-0364;;;adel;;
pannis_suaraci;Pannis Suaraci;Bürgerbuch;1;1624;1624;0;;BB-2780;;buerger;;
pater_heinrich;Pater Heinrich;Urkunden;1;1518;1518;0;StaAKr-0598;;;klerus;;
paul_aigner;Paull Aigner;Bürgerbuch;3;1553;1555;2;;BB-0509|BB-0526|BB-0625;;buerger;Fuhrmann;
paul_breuer;Paul Prewer;Bürgerbuch;1;1592;1592;0;;BB-2221;;buerger;;
paul_brunn;Paul Brunn;Urkunden;1;1471;1471;0;StaAKr-0420;;;buerger;;
paul_burger;Paul Burger;Urkunden;1;1486;1486;0;StaAKr-0500;;;buerger;;
paul_dannrer;Paull Dannrer;Bürgerbuch;1;1565;1565;0;;BB-1076;;buerger;Hauer;
paul_diendorffer;Pauln Diendorffer;Bürgerbuch;1;1568;1568;0;;BB-1226;;buerger;;
paul_doernl;Paul Dörndl|Paul Dörnl;Urkunden;2;1516;1516;0;StaAKr-0586|StaAKr-0586a;;;buerger;;
paul_eberwein;Paull Eberwein;Bürgerbuch;1;1565;1565;0;;BB-1063;;buerger;;
paul_engel;Enngel|Paul|Paul Engel|Paulln;Urkunden;6;1481;1484;3;StaAKr-0448|StaAKr-0454|StaAKr-0464|StaAKr-0473|StaAKr-0474|StaAKr-0476;;;buerger;;
paul_faeger;Paul Fäger;Bürgerbuch;1;1592;1592;0;;BB-2225;;buerger;Bäcker;
paul_fischer;Paul Fischer;Bürgerbuch;1;1580;1580;0;;BB-1830;;buerger;Leitgeb;
paul_frayhaimer;Paul|Paul Frayhaimer;Urkunden;2;1527;1540;13;StaAKr-0690|StaAKr-0783;;;buerger;;
paul_hayperger;Paul Hayperger;Bürgerbuch;1;1550;1550;0;;BB-0350;;buerger;Radschmied;
paul_hofer;Paul Hofer;Bürgerbuch;1;1592;1592;0;;BB-2223;;buerger;;
paul_hoffmayer;Paul Hoffmayer;Urkunden;1;1673;1673;0;StaAKr-0850;;;buerger;;
paul_holnhueber;Paul Holnhueber;Bürgerbuch;1;1584;1584;0;;BB-2021;;buerger;;
paul_kampp_von_lengenfeld;Paul Kampp von Lengenfeld;Urkunden;1;1511;1511;0;StaAKr-0579;;;buerger;;
paul_kochel;Paul Köchel;Bürgerbuch;1;1578;1578;0;;BB-1756;;buerger;;
paul_kraudt;Paul Kraudt|Paul Kraut;Bürgerbuch;2;1574;1575;1;;BB-1487|BB-1574;;buerger;Schneider;
paul_krautwurm;Paul Krautwurm|Paul der Krautwurm;Urkunden;6;1359;1382;23;StaAKr-0033|StaAKr-0034|StaAKr-0037|StaAKr-0040|StaAKr-0042|StaAKr-0053;;;buerger;;Die Nennung von 1382 (StaAKr-0053) wird trotz eines Abstands von sechzehn Jahren zur vorherigen Nennung (1366) als dieselbe Person gewertet.
paul_lauber;Paull Lauber;Bürgerbuch;1;1587;1587;0;;BB-2079;;buerger;Bäcker;
paul_leittner;Paull Leittner;Bürgerbuch;1;1582;1582;0;;BB-1934;;buerger;;
paul_lucas;Paul Lucas;Bürgerbuch;1;1551;1551;0;;BB-0428;;buerger;Ziegler;
paul_marckter;Paull Marckhter;Bürgerbuch;1;1615;1615;0;;BB-2617;;buerger;;
paul_maurer;Paul Maurer;Urkunden;1;1401;1401;0;StaAKr-0112;;;buerger;;
paul_maurer_bb1562;Paull Maurer;Bürgerbuch;2;1562;1562;0;;BB-0955|BB-0966;;buerger;;
paul_mayr;Paul Mayr;Bürgerbuch;1;1577;1577;0;;BB-1714;;buerger;;
paul_mitterer;Paul Mitterer;Bürgerbuch;1;1574;1574;0;;BB-1533;;buerger;Weber;
paul_muehl;Paul Mühl;Bürgerbuch;1;1624;1624;0;;BB-2756;;buerger;;
paul_muelbacher;Paulln Mülbachers|Paullus Mülbacher;Bürgerbuch;2;1556;1556;0;;BB-0660|BB-0663;;buerger;Zimmermann;
paul_otta;Paul Otta|Paull Otta|Paulln Otto;Bürgerbuch;4;1557;1557;0;;BB-0698|BB-0710|BB-0727|BB-0742;;buerger;;
paul_peidl;Paull Peidel;Bürgerbuch;1;1571;1571;0;;BB-1383;;buerger;Steinmetz;
paul_perger;Paul Perger;Bürgerbuch;1;1592;1592;0;;BB-2233;;buerger;;
paul_puechner;Paull Puechner;Bürgerbuch;1;1582;1582;0;;BB-1944;;buerger;Bäcker;
paul_refler;Paul Refler;Urkunden;1;1432;1432;0;StaAKr-0237;;;buerger;;
paul_reichl;Paul Reichl;Bürgerbuch;1;1565;1565;0;;BB-1066;;buerger;;
paul_riflmacher;Paul Riflmacher;Bürgerbuch;1;1580;1580;0;;BB-1839;;buerger;Fuhrmann;
paul_sanfager;Paul Sanfager;Bürgerbuch;1;1575;1575;0;;BB-1549;;buerger;Gürtler;
paul_sautaeger;Paul Sautäger;Bürgerbuch;1;1571;1571;0;;BB-1388;;buerger;Barbier;
paul_scheffmann;Paul Scheffmann;Urkunden;1;1454;1454;0;StAK-UrkKr-0318;;;buerger;;
paul_schreiner;Paull Schreiner;Bürgerbuch;1;1563;1563;0;;BB-0972;;buerger;Sieber;
paul_spranger;Paul Spranger;Bürgerbuch;1;1542;1542;0;;BB-0088;;buerger;Schneider;
paul_staindlmair;Paul Staindlmair;Bürgerbuch;1;1595;1595;0;;BB-2264;;buerger;;
paul_starzen;Paull Starzen;Bürgerbuch;1;1555;1555;0;;BB-0640;;buerger;Fleischhacker;
paul_straubaiger;Paul Straubaiger;Bürgerbuch;1;1574;1574;0;;BB-1505;;buerger;;
paul_straubinger;Paul Straubinger;Bürgerbuch;3;1571;1578;7;;BB-1379|BB-1650|BB-1725;;buerger;Messerschmied;
paul_stuelperger;Paul Stuelperger;Bürgerbuch;1;1621;1621;0;;BB-2656;;buerger;;
paul_sunger;Paul Sunger;Bürgerbuch;1;1571;1571;0;;BB-1373;;buerger;;
paul_veyal;Paul Veyal;Urkunden;1;1430;1430;0;StAK-UrkKr-0222;;;buerger;;
paul_winterleitner;Paull Winterleitner;Bürgerbuch;1;1615;1615;0;;BB-2618;;buerger;;
paul_wurm;Paul Wurm;Bürgerbuch;1;1545;1545;0;;BB-0155;;buerger;Messerschmied;
paul_wurmb;Paul Wurmb;Bürgerbuch;2;1568;1571;3;;BB-1250|BB-1356;;buerger;;
paul_zaunsteck;Paul Zaunsteckh;Bürgerbuch;1;1544;1544;0;;BB-0152;;buerger;Binder;
paul_zimerhaeckl;Paull Zimerhackhl|Paull Zimerhäckhl;Bürgerbuch;2;1577;1577;0;;BB-1664|BB-1685;;buerger;;
paull_scheffman;Paull Scheffman;Urkunden;1;1481;1481;0;StaAKr-0456;;;buerger;;
paulus_hemberger;Paulus Hemberger;Urkunden;1;1547;1547;0;StaAKr-0798;;;buerger;;
paulus_kaerlen;Paulus Kärlen;Urkunden;1;1548;1548;0;StaAKr-0800;;;buerger;;
paulus_steyrer;Paulus Steyrer;Bürgerbuch;1;1552;1552;0;;BB-0453;;buerger;Fleischhacker;
peinkirchner_1455;Peinkirchner;Urkunden;1;1455;1455;0;StaAKr-0337;;;buerger;;
perdolt_rohrer;Perdolt Rohrer;Bürgerbuch;1;1624;1624;0;;BB-2757;;buerger;;
peter_1300;Peter;Urkunden;1;1300;1300;0;StaAK-UrkKr-0005;;;buerger;;
peter_1415;Peter;Urkunden;1;1415;1415;0;StaAKr-0177;;;buerger;;
peter_amberger;Petter Amberger;Bürgerbuch;1;1549;1549;0;;BB-0283;;buerger;Schneider;
peter_anthoni;Petter Anthoni;Bürgerbuch;1;1615;1615;0;;BB-2603;;buerger;Maurer;
peter_bauer;Peter Pauer|Peter Paur;Bürgerbuch;2;1589;1589;0;;BB-2131|BB-2151;;buerger;;
peter_berthodi_sophoier;Peter Berthodi Sophoier;Bürgerbuch;1;1545;1545;0;;BB-0156;;buerger;;
peter_brunner;Petter Pruner;Bürgerbuch;3;1558;1559;1;;BB-0756|BB-0764|BB-0799;;buerger;Hauer;
peter_chraft;Peter Chraft;Urkunden;1;1391;1391;0;StaAKr-0070;;;buerger;;
peter_danckler;Peter Danckhler;Bürgerbuch;1;1569;1569;0;;BB-1334;;buerger;Schneider;
peter_eckl;Peter Eckh;Bürgerbuch;1;1563;1563;0;;BB-0993;;buerger;Zirkelschmied;
peter_ehrnbeck;Peter Ehrnbeckh;Bürgerbuch;2;1574;1574;0;;BB-1493|BB-1540;;buerger;;
peter_eisenfraz;Peter Eisenfraz;Urkunden;1;1412;1412;0;StaAKr-0165;;;buerger;;
peter_frannck;Petter Frannckh;Bürgerbuch;1;1547;1547;0;;BB-0224;;buerger;Stadtkoch;
peter_gottschalk;Peter Gottschalk;Urkunden;1;1344;1344;0;StAK-UrkKr-0017;;;buerger;;
peter_gradtner;Peter Gradtner;Bürgerbuch;1;1574;1574;0;;BB-1488;;buerger;Goldschmied;
peter_griessenstock;Peter Griessenstockh;Bürgerbuch;1;1546;1546;0;;BB-0203;;buerger;;
peter_halbmer;Peter Halbmer;Urkunden;1;1448;1448;0;StaAKr-0299;;;buerger;;
peter_hamerschmidt;Peter Hamerschmidt;Bürgerbuch;1;1602;1602;0;;BB-2394;;buerger;;
peter_hankret;Peter Hankret;Urkunden;1;1483;1483;0;StaAKr-0470;;;buerger;;
peter_herwarter;Peter Herwarter;Urkunden;1;1439;1439;0;StaAKr-0272;;;buerger;;
peter_hiebaldt;Petter Hiebaldt;Bürgerbuch;1;1567;1567;0;;BB-1206;;buerger;;
peter_hutner;Peter Hutner;Bürgerbuch;1;1541;1541;0;;BB-0078;;buerger;;
peter_kapeller;Petter Kapeller;Bürgerbuch;1;1549;1549;0;;BB-0326;;buerger;;
peter_karl;Petter Carl;Bürgerbuch;2;1567;1567;0;;BB-1146|BB-1177;;buerger;Bildhauer, Tischler;
peter_kell;Peter Kell;Bürgerbuch;1;1542;1542;0;;BB-0084;;buerger;;
peter_krautwurm;Peter Krautwurm;Urkunden;1;1359;1359;0;StaAKr-0033;;;buerger;;
peter_kren;Peter Khren;Bürgerbuch;1;1613;1613;0;;BB-2569;;buerger;;
peter_kreninger;Peter Khreninger;Bürgerbuch;1;1544;1544;0;;BB-0133;;buerger;Hafner;
peter_krenstetter;Peter Khrenstetter;Bürgerbuch;1;1614;1614;0;;BB-2581;;buerger;;
peter_kroell;Peter Khröll;Bürgerbuch;1;1577;1577;0;;BB-1692;;buerger;Hauer;
peter_krueg;Peter Krueg;Bürgerbuch;1;1579;1579;0;;BB-1816;;buerger;Maler;
peter_lanng;Peter Lanng;Bürgerbuch;1;1568;1568;0;;BB-1275;;buerger;Schuster;
peter_layterpekch;Peter Layterpekch|Peter Laytterpecken;Urkunden;2;1399;1417;18;StaAKr-0097|StaAKr-0189;;;buerger;;
peter_liendl;Peter Liendl;Urkunden;1;1425;1425;0;StaAKr-0218;;;buerger;;
peter_lindemayr;Peter Lindemayr;Bürgerbuch;1;1610;1610;0;;BB-2475;;buerger;;
peter_mader;Peter Mader;Urkunden;1;1449;1449;0;StaAKr-0301;;;buerger;;
peter_mair;Peter Mair;Urkunden;1;1549;1549;0;StaAKr-0808;;;buerger;;
peter_meiringer;Peter Meiringer;Bürgerbuch;1;1557;1557;0;;BB-0738;;buerger;Büchsenschäfter;
peter_muellner;Peter Müllner;Bürgerbuch;1;1544;1544;0;;BB-0130;;buerger;;
peter_nepl;Peter Nepl;Bürgerbuch;1;1592;1592;0;;BB-2190;;buerger;;
peter_neumann;Petter Neuman;Bürgerbuch;1;1613;1613;0;;BB-2556;;buerger;Büchsenmacher;
peter_neustift;Peter Neustift;Urkunden;1;1300;1300;0;StaAK-UrkKr-0005;;;buerger;;
peter_packnecht;Peter Packnecht;Urkunden;1;1400;1400;0;StaAKr-0107;;;buerger;;
peter_painstadl;Peter Painstadl;Bürgerbuch;2;1563;1569;6;;BB-1006|BB-1341;;buerger;Färber;
peter_painstadtl;Peter Painstadtl;Bürgerbuch;1;1574;1574;0;;BB-1504;;buerger;Tuchscherer;
peter_pakcher;Peter Pakcher;Urkunden;1;1425;1425;0;StaAKr-0218;;;buerger;;
peter_pankbaur;Peter Pankbaur;Urkunden;1;1406;1406;0;StaAKr-0136;;;buerger;;
peter_pat;Peter Pat;Bürgerbuch;1;1553;1553;0;;BB-0505;;buerger;;
peter_pehaimb;Peter Pehaimb;Urkunden;1;1400;1400;0;StaAKr-0109;;;buerger;;
peter_peneschauer;Peter Peneschauer;Urkunden;1;1414;1414;0;StaAKr-0171;;;buerger;;
peter_perg;Peter Perg;Bürgerbuch;1;1621;1621;0;;BB-2657;;buerger;;
peter_perkman;Peter Perman;Bürgerbuch;1;1604;1604;0;;BB-2411;;buerger;Maurer;
peter_plank;Peter Plank;Urkunden;1;1522;1522;0;StaAKr-0629b;;;buerger;;
peter_polliteck;Peter Polliteckh;Bürgerbuch;1;1554;1554;0;;BB-0562;;buerger;Kürschner;
peter_polster;Peter Polster;Urkunden;2;1391;1391;0;StaAKr-0071|StaAKr-0072;;;buerger;;
peter_potnnaur;Peter Podnnaur|Peter Potnnaur;Bürgerbuch;2;1579;1579;0;;BB-1780|BB-1790;;buerger;Tuchmacher;
peter_prassler;Peter Prassler|Petter Prassler;Bürgerbuch;2;1560;1560;0;;BB-0822|BB-0845;;buerger;Müller;
peter_rat;Peter Rat;Bürgerbuch;2;1552;1568;16;;BB-0458|BB-1237;;buerger;Bader;
peter_rath;Peter Rath;Bürgerbuch;2;1561;1561;0;;BB-0896|BB-0903;;buerger;Zimmermann;
peter_roemer;Petter Römer;Bürgerbuch;1;1567;1567;0;;BB-1164;;buerger;;
peter_rot;Peter Rot;Bürgerbuch;1;1543;1543;0;;BB-0107;;buerger;;
peter_ruepfordten;Peter Rüpfordten;Bürgerbuch;1;1606;1606;0;;BB-2426;;buerger;;
peter_rumpler;Peter Rumpler|Petern Rumpler;Bürgerbuch;2;1568;1568;0;;BB-1223|BB-1229;;buerger;Barbier;
peter_schmid;Peter Schmid;Urkunden;1;1521;1521;0;StaAKr-0628b;;;buerger;;
peter_schreiner;Peter Schreiner;Urkunden;1;1516;1516;0;StaAKr-0586;;;buerger;;
peter_schuester;Peter Schuesster|Peter Schuester;Bürgerbuch;2;1621;1622;1;;BB-2659|BB-2691;;buerger;Lederer;
peter_schwab;Petter Schwab;Bürgerbuch;1;1567;1567;0;;BB-1163;;buerger;Griffschmied;
peter_seuser;Peter Seuser;Urkunden;2;1471;1473;2;StaAKr-0425|StaAKr-0428;;;buerger;;
peter_spicks;Peter Spickhs;Bürgerbuch;2;1577;1577;0;;BB-1654|BB-1676;;buerger;Nestler;
peter_spitzel;Peter Spitzel|Petern Spitzel;Bürgerbuch;3;1551;1551;0;;BB-0393|BB-0395|BB-0410;;buerger;Schneider;
peter_spizl;Peter Spizl;Bürgerbuch;1;1555;1555;0;;BB-0608;;buerger;Klampferer;
peter_tauckler;Peter Tauckler;Bürgerbuch;1;1574;1574;0;;BB-1504;;buerger;Tuchscherer;
peter_teneyn;Peter Teneyn;Urkunden;1;1415;1415;0;StaAKr-0174;;;buerger;;
peter_von_leubn;Peter von Leubn;Urkunden;4;1423;1425;2;StaKr-0210|StaAKr-0216|StaAKr-0217|StaAKr-0218;;;buerger;;
peter_von_linz;Peter von Linz;Urkunden;3;1444;1452;8;StaAKr-0278|StaAKr-0279|StaAKr-0311;;;buerger;;
peter_von_spitz;Peter von Spitz;Urkunden;1;1399;1399;0;StaAKr-0098;;;buerger;;
peter_wackerhuettl;Peter Wackerhüttl;Urkunden;1;1814;1814;0;StaAKr-0870;;;buerger;;
peter_walchen;Peter Walchen;Urkunden;1;1406;1406;0;StaAKr-0135;;;buerger;;
peter_wayr;Peter Wayrs;Bürgerbuch;1;1606;1606;0;;BB-2436;;buerger;;
peter_weber;Peter Weber|Petter Weber;Bürgerbuch;2;1577;1577;0;;BB-1658|BB-1705;;buerger;Tischler;
peter_wider;Peter Wider;Bürgerbuch;1;1581;1581;0;;BB-1892;;buerger;;
peter_widnerstorffer;Peter Widmerstorffer|Peter Widnerstorffer;Bürgerbuch;3;1568;1568;0;;BB-1240|BB-1243|BB-1269;;buerger;;
peter_wurffl;Peter Wurffl;Urkunden;1;1417;1417;0;StaAKr-0188;;;buerger;;
peter_zheysysser;Petter Zheysysser;Bürgerbuch;1;1587;1587;0;;BB-2086;;buerger;Fasszieher;
petern_painstadls;Petern Painstadls;Bürgerbuch;1;1578;1578;0;;BB-1727;;buerger;Tuchmacher;
petern_painstattl;Petern Painstattl;Bürgerbuch;1;1575;1575;0;;BB-1550;;buerger;;
petronella_tungmaier;Petronella Tungmaier;Urkunden;1;1528;1528;0;StaAKr-0698a;;;buerger;;
petrus_von_lois;Petrus von Lois;Urkunden;1;1421;1421;0;StaAKr-0203;;;buerger;;
pettern_painstattl;Pettern Painstattl;Bürgerbuch;1;1575;1575;0;;BB-1545;;buerger;;
pettern_peidl;Pettern Peidl;Bürgerbuch;1;1567;1567;0;;BB-1191;;buerger;;
pfarrer_georg;Pfarrer Georg;Urkunden;1;1401;1401;0;StaAKr-0120;;;klerus;;
pfarrer_hans;Pfarrer Hans;Urkunden;1;1435;1435;0;StaAKr-0257;;;klerus;;
pfarrer_koerner;Pfarrer Körner;Urkunden;1;1531;1531;0;StaAKr-0719a;;;klerus;;
pfarrer_peter;Pfarrer Peter;Urkunden;2;1442;1454;12;StaAKr-0274|StaAKr-0329;;;klerus;;
pfarrer_schonhering;Pfarrer Schonhering;Urkunden;1;1456;1456;0;StaAKr-0340;;;klerus;;
pfleger_niklas;Pfleger Niklas;Urkunden;1;1463;1463;0;StaAKr-0396;;;buerger;;
philip_frodich;Philip Frodich;Bürgerbuch;1;1568;1568;0;;BB-1264;;buerger;Goldschmied;
philip_hopfengraber;Philiph Höpfengraber;Bürgerbuch;1;1596;1596;0;;BB-2303;;buerger;Gastgeb;
philip_kutler;Philip Kutler;Urkunden;1;1549;1549;0;StaAKr-0807;;;buerger;;
philip_niderholzer;Philip Niderholzer;Bürgerbuch;1;1545;1545;0;;BB-0157;;buerger;Riemer;
philip_schwerzer;Philip Schwerzer;Bürgerbuch;1;1543;1543;0;;BB-0111;;buerger;;
philip_zanckner;Philip Zanckhner;Bürgerbuch;1;1608;1608;0;;BB-2463;;buerger;;
philipp_futer;Philipp Futer|Philipp der Futer;Urkunden;2;1421;1424;3;StaAKr-0203|StaAKr-0216;;;buerger;;
philipp_herscheftl;Philipp Herscheftl;Urkunden;2;1401;1403;2;StaAKr-0120|StaAKr-0126;;;buerger;;
philipp_schwartzer;Philipp Schwartzer;Urkunden;1;1547;1547;0;StaAKr-0798;;;buerger;;
phillip_froeschls;Phillippen Fröschls;Bürgerbuch;1;1562;1562;0;;BB-0945;;buerger;;
phillip_gareiss;Phillip Gareiss;Bürgerbuch;1;1589;1589;0;;BB-2141;;buerger;Messerschmied;
phillip_haider;Phillipp Haider;Bürgerbuch;2;1562;1562;0;;BB-0934|BB-0965;;buerger;Schneider;
phillip_hilleprandt;Phillip Hilleprandt;Bürgerbuch;1;1592;1592;0;;BB-2234;;buerger;;
phillip_hinderholzer;Philip Hinderholzer;Bürgerbuch;1;1536;1536;0;;BB-0016;;buerger;;
phillip_pisch;Phillip Pisch;Bürgerbuch;1;1622;1622;0;;BB-2680;;buerger;Schiffmann;
phillip_schwarzmair;Phillip Schwarzmair;Bürgerbuch;2;1581;1581;0;;BB-1860|BB-1881;;buerger;;
phillip_schwerzer;Philliph Schwerzer;Bürgerbuch;1;1549;1549;0;;BB-0266;;buerger;;
phillip_wallinger;Phillipp Wallinger;Bürgerbuch;1;1616;1616;0;;BB-2624;;buerger;Fleischhacker;
phillip_waltkhircher;Phillip Waltkhircher;Bürgerbuch;1;1563;1563;0;;BB-0993;;buerger;Zirkelschmied;
politus_hasnzayl;Politus Hasnzayl;Urkunden;1;1530;1530;0;StaAKr-0709;;;buerger;;
posing_liechtenstainer;Posing Liechtenstainer;Urkunden;1;1455;1455;0;StaAKr-0337;;;buerger;;
praelat_von_paumgartenberg;Prälat von Paumgartenberg;Urkunden;1;1659;1659;0;StaAKr-0846;;;buerger;;
pranndtmair;Pranndtmair;Bürgerbuch;1;1551;1551;0;;BB-0411;;buerger;Kartenmaler;
prannthueber;Prannthueber;Bürgerbuch;1;1558;1558;0;;BB-0747;;buerger;Fischer;
premysl_ottokar_ii;Ottokar II.;Urkunden;1;1259;1259;0;StAK-UrkKr-0002a;;;buerger;;
prior_johannes;Prior Johannes;Urkunden;1;1481;1481;0;StaAKr-0458;;;klerus;;
priorin_barbara;Priorin Barbara;Urkunden;1;1466;1466;0;StaAKr-0404;;;klerus;;
priorin_clara;Priorin Clara;Urkunden;1;1435;1435;0;StaAKr-0257;;;klerus;;
priorin_dorothea;Priorin Dorothea;Urkunden;1;1401;1401;0;StaAKr-0121;;;klerus;;
probst_bernhart;Probst Bernhart;Urkunden;1;1458;1458;0;StaAKr-0369;;;buerger;;
probst_konrad_hegelswerd_1416;Probst Konrad;Urkunden;1;1416;1416;0;StaAKr-0185;;;buerger;;
probst_konrad_waldhausen_1506;Probst Konrad;Urkunden;1;1506;1506;0;StaAKr-0569;;;buerger;;
probst_wilhelm;Probst Wilhelm;Urkunden;1;1407;1407;0;StaAKr-0138;;;buerger;;
prokop_vom_rabenstain;Prokop vom Rabenstain;Urkunden;1;1458;1458;0;StaAKr-0366;;;buerger;;
propst_heinrich_von_berchtesgaden;Propst Heinrich von Berchtesgaden;Urkunden;1;1339;1339;0;StAK-UrkKr-0015;;;klerus;;
pttern_ratgen;Pttern Ratgen;Bürgerbuch;1;1567;1567;0;;BB-1193;;buerger;Maurer;
purkhart_von_khuenbergk;Purkhart von Khuenbergk;Urkunden;1;1483;1483;0;StaAKr-0466;;;buerger;;
purkhart_von_winden;Purkhart von Winden;Urkunden;1;1407;1407;0;StaAKr-0138;;;buerger;;
quirin_ninasch;Quirin Ninasch;Urkunden;1;1548;1548;0;StaAKr-0801;;;buerger;;
radegkh_1647;Radegkh;Urkunden;1;1647;1647;0;StAK_1647_909_reg;;;buerger;;
radl_1530;Radl;Urkunden;1;1530;1530;0;StaAKr-0708b;;;buerger;;
raetsch;Rätsch;Bürgerbuch;1;1567;1567;0;;BB-1153;;buerger;;
raidlin;Raidlin;Bürgerbuch;1;1547;1547;0;;BB-0207;;buerger;;
rapot_von_rohrndorf;Rapot von Rohrndorf;Urkunden;1;1350;1350;0;StaAKr-0027;;;buerger;;
rapoto_prenner;Rapoto Prenner;Urkunden;1;1300;1300;0;StaAK-UrkKr-0005;;;buerger;;
reichardt_kranz;Reichardt Kranz;Bürgerbuch;1;1567;1567;0;;BB-1173;;buerger;Kramer;
reichart_ligimlanndt;Reichart Ligimlanndt;Bürgerbuch;1;1579;1579;0;;BB-1814;;buerger;Drechsler;
reichart_maeschen;Reichart Mäschen;Bürgerbuch;1;1620;1620;0;;BB-2647;;buerger;;
reicharten_kranzen;Reicharten Kranzen;Bürgerbuch;1;1581;1581;0;;BB-1850;;buerger;;
reichl;Reischl;Bürgerbuch;1;1555;1555;0;;BB-0646;;buerger;;
reinhard_singer;Reinhard Singer;Bürgerbuch;1;1612;1612;0;;BB-2536;;buerger;Drechsler;
reinprecht_von_wallsee;Reinprecht von Wallsee;Urkunden;2;1458;1483;25;StaAKr-0358|StaAKr-0467;;;adel;;
reinprecht_von_wallsee_1355;Reinprecht von Wallsee;Urkunden;1;1355;1355;0;StaAKr-0029;;;adel;;
reisacher;Reisacher;Bürgerbuch;2;1550;1553;3;;BB-0363|BB-0553;;buerger;;
reischl_fleischacker;Reischl Fleischackher;Bürgerbuch;1;1549;1549;0;;BB-0311;;buerger;;
rewein_1300;Rewein;Urkunden;1;1300;1300;0;StaAK-UrkKr-0005;;;buerger;;
rudel_pofla;Rudel Pofla;Urkunden;1;1300;1300;0;StaAK-UrkKr-0005;;;buerger;;
rudlein_zoller;Rudlein Zoller;Urkunden;1;1300;1300;0;StaAK-UrkKr-0005;;;buerger;;
rudolf_angerfelder;Rudolf Angerfelder;Urkunden;1;1406;1406;0;StaAKr-0135;;;buerger;;
rudolf_der_mocz;Rudolf der Mocz;Urkunden;1;1322;1322;0;StAK-UrkKr-0011;;;buerger;;
rudolf_der_pech;Rudolf der Pech;Urkunden;1;1300;1300;0;StaAK-UrkKr-0005;;;buerger;;
rudolf_i;Rudolf I.;Urkunden;3;1277;1412;135;StAK-UrkKr-0003|StAK-UrkKr-0086|StAK-UrkKr-0162;;;dynastie;;
rudolf_ii;Rudolf II.;Urkunden;4;1577;1605;28;StaAKr-0827|StAK-Stein-2033|StAK-Stein-2034|StAK-Stein-2038;;;dynastie;;
rudolf_iii;Rudolf III.;Urkunden;4;1305;1305;0;StaAKr-0007|StaAKr-0008|StaAKr-0873|StAK-Stein-2000;;;dynastie;;
rudolf_iv;Rudolf IV.;Urkunden;9;1358;1412;54;StaAKr-0035|StaAKr-0036|StAK-UrkKr-0032|StAK-UrkKr-0051|StAK-UrkKr-0084|StAK-UrkKr-0086|StAK-UrkKr-0162|StAK-UrkSt-0001|StAK-UrkSt-0003;;;dynastie;;
rudolf_kramer;Rudolf Kramer;Urkunden;1;1300;1300;0;StaAK-UrkKr-0005;;;buerger;;
rudolf_von_schefftenberg;Rudolf von Schefftenberg;Urkunden;1;1422;1422;0;StaAKr-0205;;;buerger;;
rudolf_wilhelmssohn;Rudolf Wilhelmssohn;Urkunden;1;1345;1345;0;StaAKr-0021;;;buerger;;
rudolph_harnstain;Rudolph Harnstain;Bürgerbuch;1;1617;1617;0;;BB-2638;;buerger;;
ruedel_chaser;Ruedel Chaser;Urkunden;1;1401;1401;0;StaAKr-0117;;;buerger;;
ruedels_zollner_von_perkchaim;Ruedels Zollner von Perkchaim;Urkunden;1;1421;1421;0;StaAKr-0200;;;buerger;;
ruediger_1300;Rüdiger;Urkunden;1;1300;1300;0;StaAK-UrkKr-0005;;;buerger;;
ruediger_von_aldersbach;Rüdiger von Aldersbach;Urkunden;1;1340;1340;0;StAK-UrkKr-0016;;;buerger;;
ruediger_von_starhemberg;Rüdiger von Starhemberg;Urkunden;1;1458;1458;0;StaAKr-0360;;;adel;;
ruedl_huettersel;Ruedl Huettersel;Urkunden;1;1398;1398;0;StaAKr-0093;;;buerger;;
ruedl_sperger;Ruedl Sperger;Bürgerbuch;1;1564;1564;0;;BB-1012;;buerger;;
rueger_fasszieher;Rueger Faßzieher;Urkunden;1;1382;1382;0;StaAKr-0056;;;buerger;;
rulannd_neidegker_von_rena;Rulannd Neidegker von Rena;Urkunden;1;1480;1480;0;StaAKr-0444;;;buerger;;
rupprecht_hiplstorfer;Rupprecht Hiplstorfer|Ruprecht Hipplstorfer;Urkunden;2;1519;1526;7;StaAKr-0615|StaAKr-0673a;;;buerger;;
ruprecht_burr;Rueprecht Burr;Bürgerbuch;1;1622;1622;0;;BB-2687;;buerger;;
ruprecht_frech;Rueprecht Frech;Bürgerbuch;2;1550;1560;10;;BB-0373|BB-0840;;buerger;Drechsler;
ruprecht_haslinger;Ruprecht Haslinger;Urkunden;1;1526;1526;0;StaAKr-0670b;;;buerger;;
ruprecht_koller;Rueprecht Koller;Bürgerbuch;1;1550;1550;0;;BB-0366;;buerger;;
ruprecht_obermuelner;Rueprecht Obermülner;Bürgerbuch;2;1575;1575;0;;BB-1547|BB-1560;;buerger;Zimmermann;
ruprecht_reitter;Rupprecht Reitter;Bürgerbuch;1;1580;1580;0;;BB-1834;;buerger;Geiger;
ruprecht_schadauer;Ruprecht Schadauer;Urkunden;1;1552;1552;0;StaAKr-0818;;;buerger;;
ruprecht_seidlperger;Ruprecht Seidlperger;Bürgerbuch;1;1551;1551;0;;BB-0419;;buerger;Feilenhauer;
ruprecht_seiz;Ruprecht Seiz;Bürgerbuch;2;1556;1561;5;;BB-0659|BB-0888;;buerger;Handschuhmacher;
ruprecht_stack;Rueprecht Starckh;Bürgerbuch;1;1567;1567;0;;BB-1194;;buerger;;
ruprecht_von_welz;Ruprecht von Welz;Urkunden;2;1417;1419;2;StaAKr-0189|StaAKr-0192;;;adel;;
sabine_gottschalk;Sabine Gottschalk;Urkunden;1;1344;1344;0;StAK-UrkKr-0017;;;buerger;;
salomon_schmidl;Salomon Schmidl;Bürgerbuch;1;1571;1571;0;;BB-1374;;buerger;Drechsler;
samson_pez;Sambson Pez;Bürgerbuch;1;1563;1563;0;;BB-1000;;buerger;Tischler;
samuel_dieternagl;Samuel Dieternagl;Bürgerbuch;1;1625;1625;0;;BB-2784;;buerger;;
saurer_von_saurburg;Saurer von Saurburg;Urkunden;1;1600;1600;0;StAK-Stein-2037;;;buerger;;
schaidenholzer_1458;Schaidenholzer;Urkunden;1;1458;1458;0;StaAKr-0368;;;buerger;;
schuster_1531;Schuster;Urkunden;1;1531;1531;0;StaAKr-0717a;;;buerger;;
schwester_clara;Schwester Clara;Urkunden;1;1387;1387;0;StaAKr-0067;;;buerger;;
sebalt_mayr;Sebalt Mayr;Bürgerbuch;1;1586;1586;0;;BB-2051;;buerger;;
sebastian_auer;Sebastian Auer;Urkunden;1;1526;1526;0;StaAKr-0671i;;;buerger;;
sebastian_bauer;Sebastian Baur|Wastl Paur;Bürgerbuch;2;1557;1592;35;;BB-0721|BB-2212;;buerger;Fuhrmann;
sebastian_beck;Sebastian Peckh;Bürgerbuch;1;1588;1588;0;;BB-2128;;buerger;Sattler;
sebastian_brunner;Sebastian Prunner;Bürgerbuch;1;1563;1563;0;;BB-1002;;buerger;Bäcker;
sebastian_eder;Sebastian Eder;Bürgerbuch;1;1613;1613;0;;BB-2559;;buerger;;
sebastian_feldtsperger;Sebastian Feldtsperger;Bürgerbuch;1;1573;1573;0;;BB-1406;;buerger;;
sebastian_ferstl;Sebastian Ferstl;Bürgerbuch;1;1581;1581;0;;BB-1903;;buerger;;
sebastian_fridinger;Sebastian Fridinger;Bürgerbuch;1;1611;1611;0;;BB-2485;;buerger;;
sebastian_gauman;Sebastian Gauman;Bürgerbuch;1;1623;1623;0;;BB-2737;;buerger;;
sebastian_hager;Sebastian Hager;Bürgerbuch;2;1553;1573;20;;BB-0531|BB-1407;;buerger;;
sebastian_hochholzer;Sebastian Hochholzer;Bürgerbuch;2;1576;1576;0;;BB-1591|BB-1615;;buerger;;
sebastian_hochzinger;Sebastian Hochzinger;Bürgerbuch;1;1584;1584;0;;BB-2015;;buerger;Turmer;
sebastian_maierhofer;Sebastian Maierhofer;Bürgerbuch;2;1569;1616;47;;BB-1350|BB-2634;;buerger;;
sebastian_mairhauser;Sebastian Mairhauser;Bürgerbuch;1;1571;1571;0;;BB-1381;;buerger;Fleischhacker;
sebastian_mamhofer;Sebastian Mamhofer;Bürgerbuch;2;1561;1562;1;;BB-0911|BB-0952;;buerger;Bürstenbinder;
sebastian_mannhofer;Sebastian Mannhofer;Bürgerbuch;1;1568;1568;0;;BB-1236;;buerger;Schneider;
sebastian_matheiss;Sebastian Matheisz;Bürgerbuch;1;1600;1600;0;;BB-2348;;buerger;;
sebastian_mitterer;Sebastian Mitterer;Bürgerbuch;1;1575;1575;0;;BB-1570;;buerger;Schulmeister;
sebastian_muelbach;Sebastian Mülbach;Bürgerbuch;2;1582;1582;0;;BB-1913|BB-1926;;buerger;;
sebastian_muellner;Sebastian Müllner;Bürgerbuch;1;1597;1597;0;;BB-2319;;buerger;Leinwander;
sebastian_munstrer;Sebastian Munstrer;Bürgerbuch;1;1557;1557;0;;BB-0719;;buerger;Plattner;
sebastian_murnauer;Sebastian Murnauer;Bürgerbuch;2;1588;1588;0;;BB-2094|BB-2117;;buerger;Hauer;
sebastian_nech;Sebastian Nech;Bürgerbuch;1;1567;1567;0;;BB-1140;;buerger;Sattler;
sebastian_ortner;Sebastian Onttner;Bürgerbuch;1;1597;1597;0;;BB-2316;;buerger;;
sebastian_ortpeck;Sebastian Ortpeck;Urkunden;1;1530;1530;0;StaAKr-0707a;;;buerger;;
sebastian_paungartner;Sebastian Paungartner;Bürgerbuch;2;1560;1560;0;;BB-0842|BB-0857;;buerger;Hauer;
sebastian_pfaeffinger;Sebastian Pfoffinger;Bürgerbuch;1;1589;1589;0;;BB-2173;;buerger;Kerzenmacher;
sebastian_pfannenstill;Sebastian Pfannenstill;Bürgerbuch;1;1552;1552;0;;BB-0478;;buerger;Hauer;
sebastian_raisascher;Sebastian Raisascher;Urkunden;1;1549;1549;0;StaAKr-0811;;;buerger;;
sebastian_rath;Sebastian Rath;Bürgerbuch;1;1568;1568;0;;BB-1254;;buerger;;
sebastian_ratl;Sebastian Ratl;Bürgerbuch;1;1576;1576;0;;BB-1631;;buerger;;
sebastian_reisacher;Sebastian Reisacher;Bürgerbuch;1;1549;1549;0;;BB-0304;;buerger;;
sebastian_renner;Sebastian Renner;Bürgerbuch;1;1544;1544;0;;BB-0146;;buerger;;
sebastian_resch;Sebastian Resch;Bürgerbuch;3;1557;1562;5;;BB-0704|BB-0717|BB-0953;;buerger;Riemer;
sebastian_roesch;Sebastian Rösch;Bürgerbuch;1;1571;1571;0;;BB-1370;;buerger;Lebzelter;
sebastian_rosch;Sebastian Rosch;Bürgerbuch;1;1569;1569;0;;BB-1300;;buerger;;
sebastian_rosenhamber;Sebastian Rosenhamber;Bürgerbuch;1;1600;1600;0;;BB-2338;;buerger;;
sebastian_rosenhamer;Sebastian Rosenhamer;Bürgerbuch;1;1610;1610;0;;BB-2476;;buerger;;
sebastian_salztrager;Sebastian Salztrager;Bürgerbuch;1;1579;1579;0;;BB-1812;;buerger;;
sebastian_schertzer;Sebastian Schertzer;Bürgerbuch;1;1569;1569;0;;BB-1315;;buerger;;
sebastian_schmelz;Sebastian Schmelz;Bürgerbuch;1;1562;1562;0;;BB-0956;;buerger;;
sebastian_schwingshaerl;Sebastian Schwingshärl;Bürgerbuch;2;1579;1579;0;;BB-1781|BB-1791;;buerger;Nadler;
sebastian_segn;Sebastian Segn;Bürgerbuch;1;1577;1577;0;;BB-1686;;buerger;;
sebastian_solberger;Sebastian Solberger;Bürgerbuch;1;1606;1606;0;;BB-2435;;buerger;;
sebastian_stainegger;Sebastian Stainegger;Bürgerbuch;1;1564;1564;0;;BB-1015;;buerger;Hutmacher;
sebastian_strasser;Sebastian Strasser;Bürgerbuch;1;1602;1602;0;;BB-2397;;buerger;;
sebastian_tiblingers;Sebastian Tiblingers|Sebastian Toblinger;Bürgerbuch;2;1565;1565;0;;BB-1037|BB-1056;;buerger;Zimmermann;
sebastian_vierlinger;Sebastian Vierlinger;Bürgerbuch;1;1551;1551;0;;BB-0437;;buerger;;
sebastian_vogt;Sebastian Vogt;Urkunden;1;1526;1526;0;StaAKr-0666b;;;buerger;;
sebastian_wagner;Sebastian Wagner;Bürgerbuch;1;1621;1621;0;;BB-2652;;buerger;;
sebastian_weidinger;Sebastian Weidinger;Bürgerbuch;1;1622;1622;0;;BB-2668;;buerger;;
sebastian_wesstermair;Sebastian Wesstermair|Sebastian Westermair;Bürgerbuch;2;1566;1566;0;;BB-1093|BB-1110;;buerger;Gürtler;
sebastian_wildenstainer;Sebastian Wildenstainer;Urkunden;1;1526;1526;0;StaAKr-0666c;;;buerger;;
sebastian_winkler;Sebastian Winkler;Urkunden;1;1549;1549;0;StaAKr-0810;;;buerger;;
sebastian_zotl;Sebastian Zotl;Bürgerbuch;1;1566;1566;0;;BB-1121;;buerger;Schuster;
sebastianus_1673;Sebastianus;Urkunden;1;1673;1673;0;StaAKr-0851;;;buerger;;
seidel_1300;Seidel;Urkunden;1;1300;1300;0;StaAK-UrkKr-0005;;;buerger;;
seifried_1300;Seifried;Urkunden;1;1300;1300;0;StaAK-UrkKr-0005;;;buerger;;
seifried_hartsaid;Seifried Hartsaid;Urkunden;1;1300;1300;0;StaAK-UrkKr-0005;;;buerger;;
seifried_keller;Seifried Keller;Urkunden;1;1300;1300;0;StaAK-UrkKr-0005;;;buerger;;
seiz_meserer;Seiz Meserer;Bürgerbuch;1;1560;1560;0;;BB-0839;;buerger;Goldschmied;
seiz_messerer;Seiz Messerer;Bürgerbuch;3;1553;1568;15;;BB-0501|BB-1139|BB-1217;;buerger;Hutmacher;
seiz_mosser;Seiz Mosser;Bürgerbuch;1;1556;1556;0;;BB-0654;;buerger;;
sewald_nauschl;Sewald Nauschl;Urkunden;1;1523;1523;0;StaAKr-0640a;;;buerger;;
seyfrid_sch;Sch|Seyfrid Sch;Urkunden;1;1406;1406;0;StaAKr-0136;;;buerger;;
seyz_messerer;Seyz Messerer;Bürgerbuch;1;1566;1566;0;;BB-1093;;buerger;Gürtler;
sibolt;Sibolt;Bürgerbuch;1;1547;1547;0;;BB-0215;;buerger;;
sigesmund_zeller;Sigesmund Zeller;Urkunden;1;1547;1547;0;StaAKr-0798;;;buerger;;
sigismund_i;Sigismund I.;Urkunden;2;1411;1433;22;StaAKr-0246|StAK-UrkKr-0164;;;buerger;;
sigismund_i_polen;Sigismund;Urkunden;1;1530;1530;0;StaAKr-0707;;;buerger;;
sigmudnt_behaimb;Sigmudnt Behaimb;Bürgerbuch;1;1573;1573;0;;BB-1402;;buerger;Binder;
sigmund_abstetter;Sigmund Abstetter;Bürgerbuch;2;1568;1568;0;;BB-1234|BB-1296;;buerger;Schneider;
sigmund_augermair;Sigmundt Augermair;Bürgerbuch;1;1573;1573;0;;BB-1408;;buerger;Hauer;
sigmund_barz;Sigmunndt Barz;Bürgerbuch;1;1560;1560;0;;BB-0831;;buerger;Schneider;
sigmund_blimscher;Sigmund Blimscher;Urkunden;1;1549;1549;0;StaAKr-0808;;;buerger;;
sigmund_dietrich;Sigmundt Dietrich;Bürgerbuch;2;1579;1579;0;;BB-1783|BB-1793;;buerger;Leineweber;
sigmund_eberwein;Sigmundt Eberwein;Bürgerbuch;1;1559;1559;0;;BB-0797;;buerger;;
sigmund_fidlers;Sigmunden Fidlers;Bürgerbuch;1;1567;1567;0;;BB-1133;;buerger;Ferrer;
sigmund_freunreiteo;Sigmund Freunreiteo;Bürgerbuch;1;1616;1616;0;;BB-2629;;buerger;;
sigmund_frosch;Sigmundt Frosch;Bürgerbuch;1;1580;1580;0;;BB-1826;;buerger;Fischer;
sigmund_fruzesdorffer;Sigmund Fruzesdorffer;Urkunden;1;1451;1451;0;StaAKr-0304;;;buerger;;
sigmund_fuchs;Sigmund Fuchs;Bürgerbuch;1;1550;1550;0;;BB-0365;;buerger;;
sigmund_garr;Sigmundt Garr;Bürgerbuch;1;1560;1560;0;;BB-0864;;buerger;Schneider;
sigmund_gauz;Sigmund Gauz;Bürgerbuch;1;1555;1555;0;;BB-0602;;buerger;Bäcker;
sigmund_geroltinger;Sigmunndt Geroltinger;Bürgerbuch;1;1559;1559;0;;BB-0817;;buerger;;
sigmund_gluck;Sigmund Gluckh;Bürgerbuch;1;1541;1541;0;;BB-0075;;buerger;;
sigmund_gnumber;Sigmund Gnumber;Bürgerbuch;1;1614;1614;0;;BB-2584;;buerger;Leineweber;
sigmund_grueber;Sigmundt Grueber;Bürgerbuch;2;1579;1579;0;;BB-1777|BB-1788;;buerger;;
sigmund_gruner;Sigmundt Gruner;Bürgerbuch;1;1589;1589;0;;BB-2182;;buerger;Schmied;
sigmund_gschell;Sigmund Gschell;Bürgerbuch;1;1539;1539;0;;BB-0058;;buerger;;
sigmund_haann;Sigmund Haann;Bürgerbuch;1;1616;1616;0;;BB-2629;;buerger;;
sigmund_hager;Sigmund Hager;Urkunden;2;1489;1490;1;StaAKr-0526|StaAKr-0523a;;;buerger;;
sigmund_heinrich;Sigmund Heinrich;Urkunden;1;1549;1549;0;StaAKr-0811;;;buerger;;
sigmund_hofreiter;Sigmundt Hofreiter;Bürgerbuch;1;1561;1561;0;;BB-0915;;buerger;Hauer;
sigmund_holnberger;Sigmund Holnberger;Bürgerbuch;1;1600;1600;0;;BB-2347;;buerger;;
sigmund_huernberger;Sigmundt Hürnberger;Bürgerbuch;1;1574;1574;0;;BB-1527;;buerger;Lederer;
sigmund_kaninger;Sigmundt Kaninger;Bürgerbuch;1;1566;1566;0;;BB-1122;;buerger;Hauer;
sigmund_kazmair;Sigmund Kazmair;Bürgerbuch;1;1552;1552;0;;BB-0484;;buerger;Bäcker;
sigmund_lackenpaur;Sigmund Lackenpaur;Urkunden;1;1542;1542;0;StaAKr-0792;;;buerger;;
sigmund_launtinger;Sigmund Launtinger;Urkunden;1;1526;1526;0;StaAKr-0673a;;;buerger;;
sigmund_lindinger;Sigmund Lindinger;Bürgerbuch;1;1614;1614;0;;BB-2582;;buerger;Hauer;
sigmund_mayr;Sigmund Mair;Bürgerbuch;1;1541;1541;0;;BB-0082;;buerger;Sporer;
sigmund_messerer;Sigmund Messrer;Bürgerbuch;1;1549;1549;0;;BB-0317;;buerger;Schuster;
sigmund_minich;Sigmundt Minich;Bürgerbuch;1;1622;1622;0;;BB-2711;;buerger;Maler;
sigmund_miroskowitz;Sigmund Miroskowitz;Urkunden;3;1485;1485;0;StaAKr-0486|StaAKr-0487|StaAKr-0490;;;buerger;;
sigmund_moetl;Sigmundt Mötl;Bürgerbuch;1;1571;1571;0;;BB-1365;;buerger;Tuchscherer;
sigmund_moyler;Sigmund Moyler;Bürgerbuch;1;1615;1615;0;;BB-2602;;buerger;Goldschmied;
sigmund_muellner;Sigmundt Mülner;Bürgerbuch;1;1600;1600;0;;BB-2342;;buerger;;
sigmund_pannzer;Sigmunndt Pannzer;Bürgerbuch;1;1557;1557;0;;BB-0725;;buerger;Lederer;
sigmund_perlmair;Sigmundt Perlmair|Sigmunndt Perlmair;Bürgerbuch;2;1577;1577;0;;BB-1652|BB-1704;;buerger;Schneider;
sigmund_perner;Sigmund Perner;Urkunden;1;1538;1538;0;StaAKr-0762;;;buerger;;
sigmund_pernfuss;Sigmund Pernfuß;Urkunden;1;1504;1504;0;StaAKr-0566a;;;buerger;;
sigmund_perschlhouer;Sigmund Perschlhouer;Bürgerbuch;1;1547;1547;0;;BB-0230;;buerger;;
sigmund_peucbacher;Sigmund Peucbacher;Bürgerbuch;1;1547;1547;0;;BB-0214;;buerger;;
sigmund_poldens;Sigmundt Poldens;Bürgerbuch;1;1606;1606;0;;BB-2433;;buerger;;
sigmund_prandtner;Sigmundt Prandtner;Bürgerbuch;2;1565;1573;8;;BB-1048|BB-1429;;buerger;Lederer;
sigmund_prensser;Sigmund Prenßer;Urkunden;1;1507;1507;0;StaAKr-0570a;;;buerger;;
sigmund_pruschinkch;Sigmund|Sigmund Pruschinkch;Urkunden;4;1482;1485;3;StaAKr-0461|StaAKr-0462|StaAKr-0484|StaAKr-0485;;;buerger;;
sigmund_roemer;Sigmundt Römer|Sigmundt Römmer;Bürgerbuch;3;1571;1576;5;;BB-1392|BB-1602|BB-1630;;buerger;Gastgeb;
sigmund_satler;Sigmund Satler;Bürgerbuch;2;1562;1565;3;;BB-0953|BB-1041;;buerger;Riemer;
sigmund_schachner;Sigmundt Schachner;Bürgerbuch;3;1553;1559;6;;BB-0506|BB-0524|BB-0791;;buerger;Sattler;
sigmund_scheiblmair;Sigmundt Scheiblmair;Bürgerbuch;1;1565;1565;0;;BB-1064;;buerger;;
sigmund_schmaelzl;Sigmund Schmälzl;Bürgerbuch;1;1584;1584;0;;BB-2026;;buerger;;
sigmund_schwerdt;Sigmundt Schwerdt;Bürgerbuch;1;1592;1592;0;;BB-2217;;buerger;;
sigmund_tenscherz;Sigmundt Tenscherz;Bürgerbuch;1;1577;1577;0;;BB-1711;;buerger;;
sigmund_tyschler;Sigmund Tyschler;Urkunden;1;1530;1530;0;StaAKr-0707a;;;buerger;;
sigmund_vindersberger;Sigmund Vindersberger;Urkunden;1;1526;1526;0;StaAKr-0673a;;;buerger;;
sigmund_von_eytzing;Sigmund von Eytzing;Urkunden;1;1474;1474;0;StaAKr-0431;;;adel;;
sigmund_von_tirol;Erzherzog Sigmund von Tirol;Urkunden;5;1485;1487;2;StaAKr-0491|StaAKr-0492|StaAKr-0496|StaAKr-0504|StAK-UrkKr-0495;;;adel;;
sigmund_vorschover;Sigmund Vorschover;Urkunden;1;1459;1459;0;StaAKr-0386;;;buerger;;
sigmund_walch;Sigmundt Walch;Bürgerbuch;1;1569;1569;0;;BB-1317;;buerger;Hauer;
sigmund_walkham;Sigmundt Walkham;Bürgerbuch;1;1549;1549;0;;BB-0307;;buerger;;
sigmund_wasserburger;Sigmund Wasserburger;Bürgerbuch;1;1551;1551;0;;BB-0396;;buerger;Tischler;
sigmund_weber;Sigmund Wober;Bürgerbuch;2;1551;1551;0;;BB-0422|BB-0424;;buerger;;
sigmund_wendt;Sigmund Wendt;Bürgerbuch;1;1606;1606;0;;BB-2424;;buerger;;
sigmund_widmer;Sigmund Widmer;Bürgerbuch;1;1543;1543;0;;BB-0106;;buerger;;
sigmund_winterberger;Sigmund Winterberger;Urkunden;1;1524;1524;0;StaAKr-0655a;;;buerger;;
sigmund_wuerbm;Sigmundt Wuerbm;Bürgerbuch;1;1611;1611;0;;BB-2487;;buerger;;
sigmund_zaglawer;Sigmundt Zaglawer;Bürgerbuch;1;1549;1549;0;;BB-0274;;buerger;Steinmetz;
sigmund_zipf;Sigmundt Zipf;Bürgerbuch;1;1574;1574;0;;BB-1480;;buerger;;
sigmunndt_schuester;Sigmunndt Schuester;Bürgerbuch;1;1564;1564;0;;BB-1024;;buerger;Bäcker;
sihmundt_schuester;Sihmundt Schuester;Bürgerbuch;1;1562;1562;0;;BB-0951;;buerger;Fasszieher;
silvester_achstern;Silvester Achstern;Bürgerbuch;1;1540;1540;0;;BB-0074;;buerger;Tischler;
silvester_secker;Sillvester Seckher;Bürgerbuch;1;1558;1558;0;;BB-0776;;buerger;Bader;
simon_amman_von_asparn;Simon Amman von Asparn;Urkunden;1;1433;1433;0;StaAKr-0246;;;buerger;;
simon_dietrich;Simon Dietrich;Bürgerbuch;1;1583;1583;0;;BB-1963;;buerger;Leineweber;
simon_grabner;Simon Bramer|Simon Grabmer;Bürgerbuch;2;1577;1577;0;;BB-1662|BB-1683;;buerger;Bäcker;
simon_grueber;Simon Grueber;Bürgerbuch;1;1542;1542;0;;BB-0098;;buerger;Schneider;
simon_gundacker;Simon Gundacker;Urkunden;1;1356;1356;0;StaAKr-0031;;;buerger;;
simon_haug;Simon Haug;Bürgerbuch;1;1620;1620;0;;BB-2648;;buerger;Klampferer;
simon_kaltenperger;Simon Khaltenmperger;Bürgerbuch;1;1622;1622;0;;BB-2727;;buerger;Hauer;
simon_messenpeck;Simon Messenpeckh;Bürgerbuch;1;1539;1539;0;;BB-0063;;buerger;;
simon_pachner;Simon Pachner;Bürgerbuch;1;1540;1540;0;;BB-0066;;buerger;Fleischhacker;
simon_preiller;Simon Preiller;Bürgerbuch;1;1622;1622;0;;BB-2723;;buerger;Bäcker;
simon_scheuber;Simon Scheuber;Urkunden;2;1418;1419;1;StaAKr-0190|StaAKr-0192;;;buerger;;
simon_schweet;Simon Schweet;Bürgerbuch;1;1615;1615;0;;BB-2598;;buerger;Nestler;
simon_soldner;Simon Söldner;Bürgerbuch;1;1615;1615;0;;BB-2613;;buerger;;
simon_stain_von_woesendorf;Simon Stain von Wösendorf;Urkunden;1;1505;1505;0;StaAKr-0566b;;;buerger;;
simon_tundorfer;Simon|Simon Tundorfer;Urkunden;11;1400;1419;19;StaAKr-0110|StaAKr-0116|StaAKr-0165|StaAKr-0169|StaAKr-0171|StaAKr-0173|StaAKr-0176|StaAKr-0180|StaAKr-0189|StaAKr-0190|StaAKr-0191;;;buerger;;
simon_von_lengenfeld;Simon von Lengenfeld;Urkunden;1;1422;1422;0;StaAKr-0206;;;buerger;;
simon_wasserburger;Simon Wasserburger;Bürgerbuch;1;1543;1543;0;;BB-0114;;buerger;Schreiner;
sing_grumber;Sing Grumber;Bürgerbuch;1;1615;1615;0;;BB-2618;;buerger;;
sipfen_lanner;Sipfen Lanner;Urkunden;1;1527;1527;0;StaAKr-0676a;;;buerger;;
sittich_von_zedwitz;Sittich von Zedwitz;Urkunden;2;1474;1474;0;StaAKr-0429|StaAKr-0430;;;adel;;
six_mayr;Six Mair;Bürgerbuch;1;1571;1571;0;;BB-1390;;buerger;Bäcker;
sixt_leim_weinmar;Sixt Leim Weinmar;Bürgerbuch;1;1555;1555;0;;BB-0644;;buerger;;
sixt_schmithauser;Sixt Schmithauser;Bürgerbuch;2;1577;1577;0;;BB-1660|BB-1681;;buerger;Kupferschmied;
sixt_stadberger;Sixt Stadberger;Bürgerbuch;1;1589;1589;0;;BB-2143;;buerger;Schmied;
sixt_stadlperger;Sixt Stadlperger;Bürgerbuch;1;1583;1583;0;;BB-1977;;buerger;Schneider;
sixt_vez;Sizt Vez;Bürgerbuch;1;1566;1566;0;;BB-1103;;buerger;Steinmetz;
sixtus_iv;Sixtus IV.;Urkunden;1;1486;1486;0;StaAKr-0499;;;buerger;;
sixtus_prior_von_melk;Sixtus;Urkunden;1;1580;1580;0;StAK-Stein-2035;;;buerger;;
spitalkaplan_heinrich;Spitalkaplan Heinrich;Urkunden;1;1433;1433;0;StaAKr-0248;;;buerger;;
spitalmeister_prener;Spitalmeister Prener;Urkunden;1;1471;1471;0;StaAKr-0421;;;buerger;;
stacherl;Stacherl;Bürgerbuch;1;1555;1555;0;;BB-0647;;buerger;;
stadtrichter_ludwig;Stadtrichter Ludwig;Urkunden;1;1430;1430;0;StAK-UrkKr-0222;;;buerger;;
startzhausser_1467;Startzhausser;Urkunden;1;1467;1467;0;StaAKr-0406;;;buerger;;
stefan_brunner;Stefan|Stefan Brunner;Urkunden;1;1516;1516;0;StaAKr-0586;;;buerger;;
stefan_hueber;Stefan Hueber;Bürgerbuch;1;1622;1622;0;;BB-2732;;buerger;Fischer;
steffan_der_fuetrer;Steffan der Fuetrer;Urkunden;1;1421;1421;0;StaAKr-0200;;;buerger;;
steffan_gundacker;Steffan Gundacker;Urkunden;1;1356;1356;0;StaAKr-0031;;;buerger;;
steffan_kanzler;Steffan Kanzler;Urkunden;1;1443;1443;0;StaAKr-0276;;;buerger;;
steffan_kolhauner;Steffan Kolhauner;Urkunden;1;1451;1451;0;StaAKr-0303;;;buerger;;
steffan_pfleger;Steffan Pfleger;Urkunden;1;1526;1526;0;StaAKr-0670c;;;buerger;;
steffan_preuer;Steffan Preuer;Urkunden;1;1476;1476;0;StaAKr-0435;;;buerger;;
steffan_schilher;Steffan Schilher;Urkunden;1;1419;1419;0;StaAKr-0192;;;buerger;;
steffan_schneider;Steffan Schneider;Urkunden;1;1419;1419;0;StaAKr-0196;;;buerger;;
steffan_stainpach;Steffan Stainpach;Urkunden;1;1530;1530;0;StaAKr-0710b;;;buerger;;
steffan_sunher;Steffan Sunher;Urkunden;1;1526;1526;0;StaAKr-0671d;;;buerger;;
steffan_tanner;Steffan|Steffan Tanner;Urkunden;2;1471;1473;2;StaAKr-0425|StaAKr-0428;;;buerger;;
steffan_von_jennyg;Steffan von Jennyg;Urkunden;1;1471;1471;0;StaAKr-0423;;;buerger;;
steffan_werdemfelser;Steffan Werdemfelser;Urkunden;1;1485;1485;0;StaAKr-0484;;;buerger;;
steffan_zehenntner;Steffan Zehenntner;Urkunden;1;1507;1507;0;StaAKr-0571;;;buerger;;
steffan_zisscherl;Steffan Zisscherl;Urkunden;1;1438;1438;0;StaAKr-0271;;;buerger;;
steffen_alckhoffer;Steffen Alckhoffer;Bürgerbuch;1;1574;1574;0;;BB-1500;;buerger;Fuhrmann;
stephan_alckouer;Steffan Alckouer;Bürgerbuch;1;1551;1551;0;;BB-0386;;buerger;;
stephan_alkhauer;Stephan Alkhauer;Bürgerbuch;1;1554;1554;0;;BB-0563;;buerger;Schuster;
stephan_allexperger;Stephan Allexperger;Bürgerbuch;1;1580;1580;0;;BB-1840;;buerger;Fuhrmann;
stephan_amerel;Steffan Amerel;Bürgerbuch;1;1610;1610;0;;BB-2474;;buerger;;
stephan_aumair;Steffan Aumair;Bürgerbuch;1;1584;1584;0;;BB-2018;;buerger;Lederer;
stephan_azmansdorff;Steffan Azmansdorff;Bürgerbuch;1;1573;1573;0;;BB-1467;;buerger;Hauer;
stephan_bardt;Stephan Bardt;Bürgerbuch;1;1613;1613;0;;BB-2564;;buerger;;
stephan_beck;Steffan Peckh;Bürgerbuch;1;1602;1602;0;;BB-2387;;buerger;Schneider;
stephan_benediter;Steffan Benediter;Bürgerbuch;1;1607;1607;0;;BB-2447;;buerger;Händler;
stephan_caentlpoeck;Steffan Cäntlpöckh;Bürgerbuch;1;1607;1607;0;;BB-2450;;buerger;;
stephan_danit;Stephan Danit;Bürgerbuch;1;1577;1577;0;;BB-1663;;buerger;Uhrmacher;
stephan_david;Stephan David;Bürgerbuch;3;1579;1583;4;;BB-1774|BB-1913|BB-1954;;buerger;Barbier;
stephan_davit;Stephan Davit;Bürgerbuch;1;1581;1581;0;;BB-1854;;buerger;Tuchscherer;
stephan_eberl;Stephan Eberl;Urkunden;1;1549;1549;0;StaAKr-0816;;;buerger;;
stephan_ernreyter;Steffan Ernreyter;Bürgerbuch;1;1585;1585;0;;BB-2044;;buerger;;
stephan_fischer;Stephan Fischer;Bürgerbuch;1;1615;1615;0;;BB-2612;;buerger;Messner;
stephan_friedorffer;Steffan Friedorffer;Bürgerbuch;1;1535;1535;0;;BB-0014;;buerger;;
stephan_fuchs;Steffan Fuchsz;Bürgerbuch;1;1574;1574;0;;BB-1498;;buerger;Drechsler;
stephan_fuehrer;Fuerer|Fuetrer|Stephan Fuehrer;Urkunden;8;1416;1423;7;StaKr-0210|StaAKr-0183|StaAKr-0188|StaAKr-0197|StaAKr-0199|StaAKr-0201|StaAKr-0204|StaAKr-0209;;;buerger;;
stephan_furtner;Steffan Furtner;Bürgerbuch;2;1576;1576;0;;BB-1593|BB-1617;;buerger;Zimmermann;
stephan_gaerber;Stephan Gärber;Urkunden;1;1548;1548;0;StaAKr-0800;;;buerger;;
stephan_gannsz_von_egelsee;Stephan Gannsz von Egelsee;Urkunden;1;1528;1528;0;StaAKr-0694;;;buerger;;
stephan_garhaimer;Stephan Garhaimer;Bürgerbuch;1;1568;1568;0;;BB-1216;;buerger;Tuchmacher;
stephan_garhamer;Stöffan Garhamer;Bürgerbuch;1;1553;1553;0;;BB-0551;;buerger;;
stephan_grafenpeck;Steffan Grafenpeckh;Bürgerbuch;1;1567;1567;0;;BB-1170;;buerger;Hauer;
stephan_grueber;Steffan Grueber;Bürgerbuch;2;1542;1579;37;;BB-0085|BB-1798;;buerger;Hauer;
stephan_haas;Steffan Hasz;Bürgerbuch;2;1581;1581;0;;BB-1865|BB-1886;;buerger;;
stephan_hamburger;Stephan Hamburger;Urkunden;1;1442;1442;0;StaAKr-0275;;;buerger;;
stephan_hanglmair;Steffan Hanglmair;Bürgerbuch;1;1567;1567;0;;BB-1215;;buerger;Hauer;
stephan_helbm;Steffan Helbm;Bürgerbuch;1;1589;1589;0;;BB-2181;;buerger;;
stephan_huber;Stephan Huber;Urkunden;1;1549;1549;0;StaAKr-0807;;;buerger;;
stephan_huetter;Steffan Huetter;Bürgerbuch;1;1573;1573;0;;BB-1440;;buerger;;
stephan_huetters;Steffan Huetters;Bürgerbuch;1;1564;1564;0;;BB-1020;;buerger;Maurer;
stephan_huttnars;Stephan Huttnars;Bürgerbuch;1;1576;1576;0;;BB-1586;;buerger;Maurer;
stephan_jani;Steffan Jani;Bürgerbuch;1;1614;1614;0;;BB-2590;;buerger;Goldschmied;
stephan_kaltenkhrautter;Steffan Khaltenkhrautter;Bürgerbuch;1;1613;1613;0;;BB-2545;;buerger;;
stephan_kreenauer;Stephan Kreenauer;Bürgerbuch;1;1576;1576;0;;BB-1585;;buerger;Kummetmacher;
stephan_kreenaur;Stephan Kreenaur;Bürgerbuch;1;1578;1578;0;;BB-1726;;buerger;;
stephan_krenauer;Steffan Khrenauer|Steffan Krenauer;Bürgerbuch;3;1568;1568;0;;BB-1219|BB-1222|BB-1274;;buerger;Seiler;
stephan_lackenpauer;Stephan Lackenpauer;Urkunden;1;1542;1542;0;StaAKr-0792;;;buerger;;
stephan_lukner;Steffan Lukner;Bürgerbuch;1;1584;1584;0;;BB-2031;;buerger;Mehlmesser;
stephan_mattschauer;Stephan Mattschauer;Urkunden;1;1448;1448;0;StaAKr-0299;;;buerger;;
stephan_mayr;Steffan Mayr;Bürgerbuch;4;1577;1602;25;;BB-1717|BB-1916|BB-1960|BB-2398;;buerger;Büchsenschäfter;
stephan_mayrhoffer;Steffan Mayrhoffer;Bürgerbuch;1;1597;1597;0;;BB-2323;;buerger;Hauer;
stephan_mitterndoerffer;Stephan Mitterndörffer;Urkunden;1;1448;1448;0;StaAKr-0298;;;buerger;;
stephan_nagl;Steffan Nagl;Bürgerbuch;2;1548;1548;0;;BB-0251|BB-0264;;buerger;;
stephan_pranntmair;Stephan Pranntmair;Bürgerbuch;1;1556;1556;0;;BB-0663;;buerger;Zimmermann;
stephan_pranntner;Stephan Pranntner;Urkunden;1;1548;1548;0;StaAKr-0799;;;buerger;;"Möglicherweise identisch mit der Bürgerbuch-Person ""stephan_pranntner_bb1544"" (dort 1544 registriert, 4 Jahre Abstand): gleicher Name, ""Bürger zu Krems"" in beiden Quellen, kein Widerspruch feststellbar, aber auch kein eindeutiger Beleg. Nicht zusammengeführt."
stephan_pranntner_bb1544;Steffan Pranntner;Bürgerbuch;1;1544;1544;0;;BB-0148;;buerger;Kürschner;
stephan_puxpaemb;Steffan Puxpämb;Bürgerbuch;1;1596;1596;0;;BB-2267;;buerger;Schiffmann;
stephan_rachofer;Stephan Rachofer;Bürgerbuch;1;1582;1582;0;;BB-1917;;buerger;;
stephan_rarhofer;Steffan Rarhofer;Bürgerbuch;3;1568;1568;0;;BB-1230|BB-1247|BB-1263;;buerger;Schneider;
stephan_rarhoffer;Stephan Rarhoffer;Bürgerbuch;1;1583;1583;0;;BB-1955;;buerger;Schneider;
stephan_rot;Steffan Rot;Bürgerbuch;1;1557;1557;0;;BB-0709;;buerger;Weber;
stephan_rudolf;Stephan Rudolf|Stephan Ruedolff;Urkunden;3;1404;1413;9;StaAKr-0130|StaAKr-0159|StaAKr-0166;;;buerger;;
stephan_schmidmger;Steffan Schmidmger;Bürgerbuch;1;1539;1539;0;;BB-0060;;buerger;Messerschmied;
stephan_schneider;Steffan Schneider;Bürgerbuch;2;1556;1556;0;;BB-0656|BB-0674;;buerger;Sieber;
stephan_scholz;Steffan Scholz;Bürgerbuch;1;1554;1554;0;;BB-0563;;buerger;Schuster;
stephan_schreffl;Steffan Schreffl;Bürgerbuch;1;1544;1544;0;;BB-0138;;buerger;Klampferer;
stephan_smyd;Stephan Smyd;Urkunden;1;1404;1404;0;StaAKr-0128;;;buerger;;
stephan_sparnranfft;Steffan Sparnranfft;Bürgerbuch;1;1547;1547;0;;BB-0219;;buerger;;
stephan_stelzer;Steffan Stelzer;Bürgerbuch;1;1611;1611;0;;BB-2520;;buerger;;
stephan_stirlinger;Steffan Stirlinger;Bürgerbuch;1;1542;1542;0;;BB-0096;;buerger;Schlosser;
stephan_stollz;Steffan Stollz;Bürgerbuch;1;1554;1554;0;;BB-0593;;buerger;;
stephan_tallinger;Steffan Tallinger;Bürgerbuch;2;1559;1559;0;;BB-0787|BB-0805;;buerger;;
stephan_tatzt;Stephan Tatzt;Urkunden;1;1410;1410;0;StaAKr-0158;;;buerger;;
stephan_tehenstayn;Stephan Tehenstayn|Thehenststainer;Urkunden;2;1433;1433;0;StaAKr-0242|StaAKr-0243;;;buerger;;
stephan_tuechscherer;Steffan Davit Tuchscherer|Steffan Tuechscherer;Bürgerbuch;2;1575;1575;0;;BB-1552|BB-1565;;buerger;;
stephan_von_eytzing;Eytzing|Stephan von Eytzing;Urkunden;4;1458;1475;17;StaAKr-0357|StaAKr-0368|StaAKr-0372|StaAKr-0432;;;adel;;
stephan_von_spitz;Stephan von Spitz;Urkunden;1;1405;1405;0;StaAKr-0133;;;buerger;;
stephan_von_vemo;Stephan von Vemo;Urkunden;1;1325;1325;0;StaAKr-0012;;;buerger;;
stephan_vorslain;Steffan Vorslain;Bürgerbuch;1;1551;1551;0;;BB-0412;;buerger;Hauer;
stephan_weiss;Stephan Weiß;Bürgerbuch;1;1613;1613;0;;BB-2558;;buerger;;
stephan_westerwurger;Stephan Westerwurger;Urkunden;1;1398;1398;0;StaAKr-0092;;;buerger;;
stephan_zebinger;Steffan Zebinger|Stephan Zebinger|Stephan der Zebinger;Urkunden;5;1410;1459;49;StaKr-0207|StaAKr-0159|StaAKr-0161|StaAKr-0166|StaAKr-0379;;;buerger;;
stephan_zewing;Stephan Zewing;Urkunden;1;1463;1463;0;StaAKr-0396;;;buerger;;
stephann_scholderwein;Stephann Scholderwein;Urkunden;1;1399;1399;0;StaAKr-0099;;;buerger;;
stoeffan_garhaimer;Stöffan Garhaimer;Bürgerbuch;1;1554;1554;0;;BB-0563;;buerger;Schuster;
swannberg_1458;Swannberg;Urkunden;1;1458;1458;0;StaAKr-0366;;;buerger;;
swerzl_herschlein;Swerzl Herschlein;Urkunden;1;1404;1404;0;StaAKr-0131;;;buerger;;
sybolt_pbit;Sybolt Pbit;Urkunden;1;1407;1407;0;StaAKr-0141;;;buerger;;
symon_von_pyela;Symon von Pyela;Urkunden;1;1378;1378;0;StaAKr-0050;;;buerger;;
tallinger_vleischakcher;Tallinger Vleischakcher;Bürgerbuch;1;1563;1563;0;;BB-0975;;buerger;;
taman_hakner;Taman Hakner;Urkunden;1;1458;1458;0;StaAKr-0358;;;buerger;;
taman_schaffer;Taman Schaffer;Urkunden;1;1463;1463;0;StaAKr-0396;;;buerger;;
tanndl;Tanndl;Bürgerbuch;1;1567;1567;0;;BB-1153;;buerger;;
thaman_steungl;Thaman Steungl;Urkunden;1;1485;1485;0;StaAKr-0497;;;buerger;;
theodor_von_dionysia;Theodor von Dionysia;Urkunden;1;1331;1331;0;StAKr-UrkKr-0013;;;buerger;;
theronime_klaempffl;Theronime Khlämpffl;Bürgerbuch;1;1573;1573;0;;BB-1417;;buerger;Schlosser;
thieboll_muellner;Thieboll Mülner;Bürgerbuch;1;1600;1600;0;;BB-2341;;buerger;;
thobias_hochlehner;Thobias Hochlehner;Bürgerbuch;1;1613;1613;0;;BB-2550;;buerger;;
thobias_leuetner;Thobias Leutner;Bürgerbuch;1;1613;1613;0;;BB-2558;;buerger;;
thobias_rehlingl;Thobias Rehlingl;Bürgerbuch;1;1614;1614;0;;BB-2576;;buerger;;
thobias_tieboldt;Thobias Tieboldt;Bürgerbuch;1;1600;1600;0;;BB-2343;;buerger;;
thobiass_franz;Thobiaß Franz;Bürgerbuch;1;1595;1595;0;;BB-2248;;buerger;Weber;
thobiasz_hiertl;Thobiasz Hiertl;Bürgerbuch;1;1612;1612;0;;BB-2529;;buerger;;
thoman_bamberger;Thoman Bamberger;Urkunden;1;1524;1524;0;StaAKr-0655a;;;buerger;;
thoman_frauenberg;Thoman Frauenberg;Urkunden;1;1349;1349;0;StaAKr-0024;;;buerger;;
thoman_kolb;Thoman Kolb;Urkunden;1;1443;1443;0;StAK-Stein-2012;;;buerger;;
thoman_leschnauer;Thoman Leschnauer;Urkunden;1;1526;1526;0;StaAKr-0668a;;;buerger;;
thoman_mautschreiber;Thoman Mautschreiber;Urkunden;1;1391;1391;0;StaAKr-0070;;;buerger;;
thoman_schartner;Thoman Schartner;Urkunden;2;1517;1517;0;StaAKr-0593|StaAKr-0596;;;buerger;;
thoman_spitzenstainer;Thoman Spitzenstainer;Urkunden;1;1526;1526;0;StaAKr-0666b;;;buerger;;
thoman_vogler;Thoman Vogler;Urkunden;1;1524;1524;0;StaAKr-0655a;;;buerger;;
thoman_weinperger;Thoman Weinperger;Urkunden;1;1547;1547;0;StaAKr-0797;;;buerger;;
thoman_wildenstainer;Thoman Wildenstainer;Urkunden;1;1526;1526;0;StaAKr-0666c;;;buerger;;
thomann_nesspock;Thomann Nesspock;Urkunden;1;1539;1539;0;StaAKr-0776;;;buerger;;
thomann_pietschinger;Thomann Pietschinger;Bürgerbuch;1;1622;1622;0;;BB-2686;;buerger;Fasszieher;
thomas_auschofer;Thoman Auschofer;Bürgerbuch;1;1555;1555;0;;BB-0638;;buerger;;
thomas_behaim;Thomas Behaim;Urkunden;1;1539;1539;0;StaAKr-0771;;;buerger;;
thomas_bollreiter;Thomas Bollreiter;Bürgerbuch;1;1564;1564;0;;BB-1023;;buerger;;
thomas_braun;Thoman Praun;Bürgerbuch;2;1578;1578;0;;BB-1734|BB-1750;;buerger;;
thomas_diez;Thoman Diez;Bürgerbuch;2;1568;1568;0;;BB-1235|BB-1281;;buerger;Schneider;
thomas_ebenpaur;Thoman Ebenpaur;Bürgerbuch;1;1596;1596;0;;BB-2272;;buerger;Weber;
thomas_eder;Thoman Eder;Bürgerbuch;1;1563;1563;0;;BB-0979;;buerger;Ringmacher;
thomas_edlinger;Thoman Edlinger;Bürgerbuch;1;1624;1624;0;;BB-2782;;buerger;;
thomas_feywaldt;Thoman Feywaldt;Bürgerbuch;1;1564;1564;0;;BB-1013;;buerger;;
thomas_flosshacker;Thomas Floßhacker;Urkunden;1;1300;1300;0;StaAK-UrkKr-0005;;;buerger;;
thomas_franzl;Thoman Franzl;Bürgerbuch;1;1573;1573;0;;BB-1403;;buerger;Kotzenmacher, Deckenmacher;
thomas_glanz;Thomas Glanz;Urkunden;1;1517;1517;0;StaAKr-0594;;;buerger;;
thomas_grueber;Thoman Grueber;Bürgerbuch;1;1602;1602;0;;BB-2396;;buerger;;
thomas_grunauer;Thoman Grunauer;Bürgerbuch;1;1563;1563;0;;BB-1005;;buerger;Fleischhacker;
thomas_gumpoltzhamer;Thoman Gumpoltzhamer;Bürgerbuch;1;1571;1571;0;;BB-1362;;buerger;;
thomas_hamperger;Thoman Hamperger;Bürgerbuch;1;1548;1548;0;;BB-0263;;buerger;Wagner;
thomas_harbeck;Thoman Harweckh|Thoman Harwegg;Bürgerbuch;2;1625;1625;0;;BB-2785|BB-2790;;buerger;;
thomas_hartmeyer;Thoman Hartmeyer;Bürgerbuch;1;1558;1558;0;;BB-0760;;buerger;;
thomas_heller;Thomas Heller;Urkunden;1;1419;1419;0;StaAKr-0196;;;buerger;;
thomas_hellmann;Thoman Hellmann;Bürgerbuch;1;1611;1611;0;;BB-2509;;buerger;;
thomas_hessenauer;Thoman Hessenauer;Bürgerbuch;1;1576;1576;0;;BB-1608;;buerger;;
thomas_hienermair;Thoman Hienermair;Bürgerbuch;1;1567;1567;0;;BB-1176;;buerger;Schleiffer;
thomas_hoffstetter;Thoman Hoffstetter;Bürgerbuch;2;1574;1574;0;;BB-1486|BB-1520;;buerger;Schmied;
thomas_hueber;Thoman Hueber;Bürgerbuch;1;1561;1561;0;;BB-0896;;buerger;Zimmermann;
thomas_jeger;Thomas Jeger;Urkunden;2;1444;1444;0;StaAKr-0278|StaAKr-0279;;;buerger;;
thomas_kirchschlager;Thomas Kirchschlager;Urkunden;1;1422;1422;0;StaAKr-0206;;;buerger;;
thomas_kneider;Thoman Khneider;Bürgerbuch;1;1622;1622;0;;BB-2688;;buerger;Gerber;
thomas_kremser;Thomas Kremser;Urkunden;1;1419;1419;0;StaAKr-0192;;;buerger;;
thomas_krenn;Thoman Khreen|Thoman Khrenn;Bürgerbuch;2;1553;1553;0;;BB-0510|BB-0541;;buerger;;
thomas_kropff;Thoman Kropf;Bürgerbuch;1;1566;1566;0;;BB-1115;;buerger;Fuhrmann;
thomas_lenzer;Thoman Lenzer;Bürgerbuch;1;1611;1611;0;;BB-2499;;buerger;Seiler;
thomas_lerchenfellder;Thoman Lerchenfellder;Bürgerbuch;1;1559;1559;0;;BB-0813;;buerger;;
thomas_liemain;Thoman Liemain;Bürgerbuch;1;1568;1568;0;;BB-1224;;buerger;;
thomas_losenaphel;Thomas Losenaphel;Urkunden;1;1457;1457;0;StaAKr-0351;;;buerger;;
thomas_maserman;Thoman Maserman;Bürgerbuch;1;1614;1614;0;;BB-2592;;buerger;Binder;
thomas_mayr;Thoman Mayr;Bürgerbuch;2;1564;1597;33;;BB-1027|BB-2322;;buerger;;
thomas_mittner;Thomas Mittner;Bürgerbuch;1;1589;1589;0;;BB-2144;;buerger;Hosenstricker;
thomas_moser;Thoman Moser;Bürgerbuch;2;1592;1596;4;;BB-2196|BB-2307;;buerger;Bäcker;
thomas_mulleutner;Thoman Mulleutner;Bürgerbuch;1;1565;1565;0;;BB-1051;;buerger;Hauer;
thomas_mulreitter;Thoman Mulreitter;Bürgerbuch;1;1567;1567;0;;BB-1132;;buerger;;
thomas_nesslbeck;Thomas Nesslbeck|Thomas Nesslbrecht;Urkunden;3;1539;1542;3;StaAKr-0767|StaAKr-0786|StaAKr-0792;;;buerger;;
thomas_neuquam;Thoman Neüquam;Bürgerbuch;1;1607;1607;0;;BB-2448;;buerger;;
thomas_niderndorffer;Thoman Niderndorffer;Bürgerbuch;1;1567;1567;0;;BB-1202;;buerger;Hauer;
thomas_offenwagner;Thomas Offenwagner;Urkunden;1;1729;1729;0;StAK-Stein-2059;;;buerger;;
thomas_osswalden;Thomas Oßwalden;Bürgerbuch;1;1576;1576;0;;BB-1585;;buerger;Kummetmacher;
thomas_osswaldtt;Thomas Oßwaldtt;Bürgerbuch;1;1576;1576;0;;BB-1589;;buerger;Riemer;
thomas_osswolt;Thomas Oßwolt;Bürgerbuch;1;1571;1571;0;;BB-1362;;buerger;;
thomas_oswaldt;Thoman Oswaldt|Thoman Oßwalt;Bürgerbuch;6;1559;1589;30;;BB-0791|BB-0806|BB-1080|BB-1546|BB-2132|BB-2136;;buerger;Riemer;
thomas_part;Thoman Part;Bürgerbuch;1;1568;1568;0;;BB-1273;;buerger;;
thomas_perger;Thoman Perger;Bürgerbuch;1;1573;1573;0;;BB-1439;;buerger;Kramer;
thomas_poeldinger;Thoman Pöldinger;Bürgerbuch;1;1611;1611;0;;BB-2484;;buerger;Tuchmacher;
thomas_pollreiter;Thoman Pollreiter;Bürgerbuch;2;1555;1555;0;;BB-0597|BB-0632;;buerger;Bogenbauer;
thomas_prechtl;Thoman Prechtl;Bürgerbuch;1;1541;1541;0;;BB-0077;;buerger;;
thomas_purglechner;Thoman Purglechner;Bürgerbuch;1;1560;1560;0;;BB-0836;;buerger;Leineweber;
thomas_ratgeb;Thomas Ratgeb;Urkunden;1;1535;1535;0;StaAKr-0738b;;;buerger;;
thomas_ratl;Thoman Ratl;Bürgerbuch;1;1561;1561;0;;BB-0918;;buerger;Fasszieher;
thomas_reynmar;Thomas Reynmar;Urkunden;1;1424;1424;0;StaAKr-0216;;;buerger;;
thomas_riglai;Thomas Riglai;Urkunden;1;1438;1438;0;StaAKr-0271;;;buerger;;
thomas_rigler;Thomas Rigler;Urkunden;1;1442;1442;0;StaAKr-0274;;;buerger;;
thomas_ringmacher;Thoman Ringmacher;Bürgerbuch;1;1563;1563;0;;BB-1008;;buerger;;
thomas_schaffer;Thomas Schaffer;Urkunden;3;1422;1459;37;StaAKr-0208|StaAKr-0301|StaAKr-0379;;;buerger;;
thomas_schlegl;Thoman Schlegl;Bürgerbuch;1;1551;1551;0;;BB-0406;;buerger;;
thomas_schmidt;Thoman Schmidt;Bürgerbuch;1;1622;1622;0;;BB-2700;;buerger;Fasszieher;
thomas_schnoezinger;Thomas Schnözinger;Bürgerbuch;2;1577;1581;4;;BB-1645|BB-1858;;buerger;;
thomas_schnotzinger;Thoman Schnotzinger;Bürgerbuch;1;1569;1569;0;;BB-1309;;buerger;;
thomas_schuoezinger;Thomas Schuözinger;Bürgerbuch;1;1574;1574;0;;BB-1485;;buerger;;
thomas_seidenpusch;Thoman Seidenpusch;Bürgerbuch;1;1539;1539;0;;BB-0056;;buerger;Tischler;
thomas_seyr;Thoman Seyr;Bürgerbuch;2;1559;1559;0;;BB-0789|BB-0807;;buerger;Fragner;
thomas_sininger;Thoman Sininger;Bürgerbuch;2;1581;1581;0;;BB-1861|BB-1882;;buerger;;
thomas_siwartz;Thomas Siwartz;Urkunden;1;1536;1536;0;StaAKr-0740a;;;buerger;;
thomas_stainprecher;Thoman Stainprecher;Bürgerbuch;1;1538;1538;0;;BB-0038;;buerger;;
thomas_steyrer;Thoman Steyrer;Bürgerbuch;2;1549;1554;5;;BB-0322|BB-0557;;buerger;;
thomas_taettl;Thomas Tättl;Bürgerbuch;1;1575;1575;0;;BB-1553;;buerger;Tuchmacher;
thomas_thanner;Thoman Thanner;Bürgerbuch;1;1561;1561;0;;BB-0879;;buerger;Bäcker;
thomas_thumung;Thoman Thumung;Bürgerbuch;1;1567;1567;0;;BB-1210;;buerger;Hauer;
thomas_trauner;Thoman Trauner;Bürgerbuch;1;1560;1560;0;;BB-0870;;buerger;Schiffmann;
thomas_wanck;Thomann Wanckh;Bürgerbuch;1;1624;1624;0;;BB-2758;;buerger;;
thomas_weichselbaum;Thoman Weichslpaumb;Bürgerbuch;2;1564;1564;0;;BB-1025|BB-1031;;buerger;Teppichmacher;
thomas_weinperger;Thoman Weinperger;Bürgerbuch;1;1543;1543;0;;BB-0103;;buerger;;
thomas_werttinger;Toman Werttinger;Bürgerbuch;1;1607;1607;0;;BB-2438;;buerger;Drechsler;
thomas_widmer;Thoman Widmer;Bürgerbuch;1;1542;1542;0;;BB-0094;;buerger;Koch;
thomas_wisent;Thomas Wisent;Urkunden;1;1446;1446;0;StaAKr-0287;;;buerger;;
thomas_zunckman;Thoman Zunckhman;Bürgerbuch;1;1609;1609;0;;BB-2466;;buerger;Steinmetz;
thomas_zwetler;Thomas Zwetler;Urkunden;1;1454;1454;0;StaAKr-0323;;;buerger;;
thylipranten_wolff;Thylipranten Wolff;Urkunden;1;1468;1468;0;StaAKr-0414;;;buerger;;
tibolt_egerers;Tibolt Egerers;Bürgerbuch;1;1562;1562;0;;BB-0952;;buerger;Bürstenbinder;
tobias_behaim;Thobiasz Behaimb;Bürgerbuch;1;1611;1611;0;;BB-2497;;buerger;Hutmacher;
tobias_roepf;Thobiaß Röpf;Bürgerbuch;1;1596;1596;0;;BB-2296;;buerger;;
tobias_schwarzenperger;Thobias Schwarzenperger|Thobiaß Schwarzenperger;Bürgerbuch;2;1558;1558;0;;BB-0748|BB-0778;;buerger;;
tobiass_franz;Tobiaß Franz;Bürgerbuch;1;1610;1610;0;;BB-2474;;buerger;;
toman_cholb;Toman Cholb;Urkunden;1;1443;1443;0;StaAKr-0276;;;buerger;;
triebsweter;Triebsweter;Bürgerbuch;1;1550;1550;0;;BB-0342;;buerger;;
ullrich_eckhart;Ullrich Eckhart;Urkunden;1;1419;1419;0;StaAKr-0197;;;buerger;;
ulrich_1300;Ulrich;Urkunden;1;1300;1300;0;StaAK-UrkKr-0005;;;buerger;;
ulrich_1401;Ulrich;Urkunden;1;1401;1401;0;StaAKr-0114;;;buerger;;
ulrich_1456;Ulrich;Urkunden;1;1456;1456;0;StaAKr-0342;;;buerger;;
ulrich_1461;Ulrich;Urkunden;1;1461;1461;0;StaAKr-0388;;;buerger;;
ulrich_baumgartenbergerhof;Ulrich Baumgartenbergerhof;Urkunden;1;1322;1322;0;StAK-UrkKr-0011;;;buerger;;
ulrich_breuer;Ulrich Prener;Bürgerbuch;1;1567;1567;0;;BB-1157;;buerger;Beutler;
ulrich_eberwein;Ulrich Eberwein;Bürgerbuch;1;1543;1543;0;;BB-0108;;buerger;;
ulrich_edlinger;Ulrich Edlinger;Urkunden;1;1549;1549;0;StaAKr-0807;;;buerger;;"Möglicherweise identisch mit der Bürgerbuch-Person ""ulrich_edlinger_bb1548"" (dort 1548 registriert, 1 Jahre Abstand): gleicher Name, ""Bürger zu Krems"" in beiden Quellen, kein Widerspruch feststellbar, aber auch kein eindeutiger Beleg. Nicht zusammengeführt."
ulrich_edlinger_bb1548;Uelrich Edlinger;Bürgerbuch;1;1548;1548;0;;BB-0237;;buerger;Kürschner;
ulrich_eytzing_von_eytzingen;Ulrich Eytzing von Eytzingen;Urkunden;1;1452;1452;0;StaAKr-0310;;;adel;;
ulrich_feigel;Ulrich Feigel;Bürgerbuch;1;1543;1543;0;;BB-0125;;buerger;Schneider;
ulrich_fiernkhrannz;Ulrich Fiernkhrannz;Bürgerbuch;1;1579;1579;0;;BB-1800;;buerger;Hauer;
ulrich_foerster;Ulrich Förster;Urkunden;1;1399;1399;0;StaAKr-0098;;;buerger;;
ulrich_freiherr_von_grafenegg;Ulrich Freiherr von Grafenegg;Urkunden;9;1467;1468;1;StaAKr-0405|StaAKr-0406|StaAKr-0407|StaAKr-0408|StaAKr-0409|StaAKr-0412|StaAKr-0413|StaAKr-0414|StaAKr-0415;;;adel;;
ulrich_freiherr_zu_grafenegk;Ulrich Freiherr zu Grafenegk;Urkunden;1;1468;1468;0;StaAKr-0410;;;adel;;
ulrich_gaerber;Ulrich Gärber;Urkunden;1;1345;1345;0;StaAKr-0021;;;buerger;;
ulrich_gerler;Ulrich Gerler;Urkunden;1;1300;1300;0;StaAK-UrkKr-0005;;;buerger;;
ulrich_graesslein;Ulrich Gräßlein;Urkunden;1;1376;1376;0;StaAKr-0048;;;buerger;;
ulrich_grusler;Ulrich Grusler;Urkunden;1;1549;1549;0;StaAKr-0817;;;buerger;;
ulrich_gundacker;Ulrich Gundacker;Urkunden;1;1356;1356;0;StaAKr-0031;;;buerger;;
ulrich_harbeck;Ulrich Harbeckh;Bürgerbuch;1;1620;1620;0;;BB-2649;;buerger;;
ulrich_has;Ulrich Has;Urkunden;1;1473;1473;0;StaAKr-0428;;;buerger;;
ulrich_heisler;Ulrich Heisler;Bürgerbuch;1;1543;1543;0;;BB-0104;;buerger;;
ulrich_huender;Ulrich Hünder;Urkunden;1;1435;1435;0;StaAKr-0257;;;buerger;;
ulrich_kienberger;Ulrich Kienberger;Urkunden;1;1405;1405;0;StaAKr-0133;;;buerger;;
ulrich_kneissl;Ulrich Khneissl;Bürgerbuch;1;1556;1556;0;;BB-0687;;buerger;;
ulrich_koch;Ulrich Khoch;Bürgerbuch;1;1622;1622;0;;BB-2733;;buerger;Fleischhacker;
ulrich_kogler;Ulrich Khogler;Bürgerbuch;2;1582;1597;15;;BB-1942|BB-2333;;buerger;Zimmermann;
ulrich_kremser;Ulrich Kremser;Urkunden;1;1322;1322;0;StAK-UrkKr-0011;;;buerger;;
ulrich_maillandt;Ulrich Maillandt;Bürgerbuch;1;1573;1573;0;;BB-1415;;buerger;Goldschmied;
ulrich_maltzchast;Ulrich Maltzchast;Urkunden;3;1359;1366;7;StaAKr-0033|StaAKr-0034|StaAKr-0040;;;buerger;;
ulrich_misenwech;Ulrich Misenwech;Urkunden;1;1300;1300;0;StaAK-UrkKr-0005;;;buerger;;
ulrich_oler;Ulrich Oler;Bürgerbuch;1;1551;1551;0;;BB-0410;;buerger;Schneider;
ulrich_pauswekchen;Ulrich Pauswekchen;Urkunden;1;1419;1419;0;StaAKr-0191;;;buerger;;
ulrich_payr;Ulrich Payr;Urkunden;1;1386;1386;0;StaAKr-0061;;;buerger;;
ulrich_pikchl;Ulrich Pikchel|Ulrich Pikchl;Urkunden;3;1425;1432;7;StaAKr-0217|StaAKr-0229|StaAKr-0235;;;buerger;;
ulrich_preu;Ulrich Preu;Bürgerbuch;1;1568;1568;0;;BB-1291;;buerger;Beutler;
ulrich_puechfelder;Ulrich Puechfelder;Urkunden;1;1399;1399;0;StaAKr-0098;;;buerger;;
ulrich_rayff;Ulrich Rayff;Urkunden;1;1419;1419;0;StaAKr-0196;;;buerger;;
ulrich_romer;Ulrich Romer;Urkunden;1;1396;1396;0;StaAKr-0089;;;buerger;;
ulrich_schneider;Ulrich|Ulrich Schneider;Urkunden;1;1475;1475;0;StaAKr-0433;;;buerger;;
ulrich_schrannschreiber;Ulrich Schrannschreiber;Urkunden;1;1423;1423;0;StaKr-0211;;;buerger;;
ulrich_sedlmair;Ullrich Sedlmair|Ulrichen Sedlmair;Bürgerbuch;2;1563;1563;0;;BB-0986|BB-0999;;buerger;Schuster;
ulrich_swaebel;Ulrich Swaebel;Urkunden;1;1349;1349;0;StaAKr-0024;;;buerger;;
ulrich_von_dachsperg;Ulrich von Dachsberg|Ulrich von Dachsperg;Urkunden;4;1415;1455;40;StaAKr-0176|StaAKr-0183|StaAKr-0258|StaAKr-0312;;;adel;;
ulrich_von_eytzing;Ulrich von Eytzing;Urkunden;3;1457;1458;1;StaAKr-0355|StaAKr-0356|StaAKr-0357;;;adel;;
ulrich_von_eyzing;Ulrich von Eyzing;Urkunden;1;1532;1532;0;StaAKr-0724;;;adel;;
ulrich_von_st_michael;Ulrich von St. Michael;Urkunden;1;1300;1300;0;StaAK-UrkKr-0005;;;buerger;;
ulrich_von_weitra;Ulrich von Weitra;Urkunden;1;1441;1441;0;StaAKr-0273;;;buerger;;
ulrich_von_znaim;Ulrich von Znaim;Urkunden;3;1400;1403;3;StaAKr-0108|StaAKr-0110|StaAKr-0126;;;buerger;;
ulrich_wabmsperger;Ulrich Wabmsperger;Bürgerbuch;1;1569;1569;0;;BB-1307;;buerger;;
ulrich_wagnsperger;Ulrich Wagnsperger;Bürgerbuch;1;1567;1567;0;;BB-1156;;buerger;;
ulrich_winckler;Ulrich Winckhler;Bürgerbuch;1;1545;1545;0;;BB-0159;;buerger;;
urban_1522;Urban;Urkunden;1;1522;1522;0;StaAKr-0629;;;buerger;;
urban_1528;Urban;Urkunden;1;1528;1528;0;StaAKr-0694;;;buerger;;
urban_abt_von_melk;Urban;Urkunden;1;1580;1580;0;StAK-Stein-2035;;;buerger;;
urban_frauhofer;Urban Frauhofer;Bürgerbuch;2;1582;1582;0;;BB-1916|BB-1948;;buerger;;
urban_heutl;Urban Heutl|Urban Hewtl|Urban Heytl;Urkunden;3;1481;1507;26;StaAKr-0451|StaAKr-0546|StaAKr-0572;;;buerger;;
urban_hoetscher;Urban Hötscher;Bürgerbuch;2;1575;1575;0;;BB-1546|BB-1559;;buerger;Bildhauer;
urban_holtzer;Urban Holtzer;Urkunden;1;1436;1436;0;StaAKr-0265;;;buerger;;
urban_kaltenegger;Urban Kaltenegger;Bürgerbuch;1;1557;1557;0;;BB-0708;;buerger;;
urban_kaltnegger;Urban Khaltnegger;Bürgerbuch;1;1556;1556;0;;BB-0664;;buerger;;
urban_lackner;Urban Luckhner;Bürgerbuch;1;1538;1538;0;;BB-0041;;buerger;;
urban_oswald;Urban Oswalt|Urban Oßwaldt;Bürgerbuch;2;1589;1589;0;;BB-2130|BB-2150;;buerger;Riemer;
urban_pindter;Urban Bindter;Bürgerbuch;1;1573;1573;0;;BB-1446;;buerger;Binder;
urban_prugl;Urban Prugl;Bürgerbuch;1;1565;1565;0;;BB-1077;;buerger;Hafner;
urban_reisacher;Urban Reisacher;Bürgerbuch;1;1614;1614;0;;BB-2594;;buerger;Lederer;
urban_stainberger;Urban Stainberger;Bürgerbuch;1;1622;1622;0;;BB-2682;;buerger;;
urban_streng;Urban Streng|Urban Strenng;Bürgerbuch;4;1575;1576;1;;BB-1551|BB-1564|BB-1581|BB-1604;;buerger;;
urban_von_passau;Urban von Passau;Urkunden;1;1356;1356;0;StaAKr-0031;;;buerger;;
urban_wanthauer;Urban Wanthauer;Urkunden;1;1526;1526;0;StaAKr-0670a;;;buerger;;
urban_windisch;Urban Windisch;Bürgerbuch;1;1549;1549;0;;BB-0282;;buerger;;
urlich_pauckher;Urlich Pauckher;Urkunden;1;1526;1526;0;StaAKr-0670a;;;buerger;;
ursula_harber;Ursula Harber;Urkunden;1;1436;1436;0;StaAKr-0263;;;buerger;;
ursula_pogner;Ursula Pogner;Urkunden;2;1422;1432;10;StaAKr-0208|StaAKr-0235;;;buerger;;
ursula_saurer;Ursula Saurer;Urkunden;1;1565;1565;0;StAK-Stein-2031;;;buerger;;
ursula_schrannschreiber;Ursula Schrannschreiber;Urkunden;1;1423;1423;0;StaKr-0211;;;buerger;;
ursula_zwettler;Ursula Zwettler;Urkunden;1;1539;1539;0;StaAKr-0776;;;buerger;;
utz_forsster;Utz Forsster;Bürgerbuch;1;1558;1558;0;;BB-0746;;buerger;Seiler, Schiffmann;
utz_rinnderer;Utz Rinnderer|Utzen Rinnderer;Bürgerbuch;2;1560;1560;0;;BB-0838|BB-0852;;buerger;Hauer;
valentin_bock;Valtin Bockh;Bürgerbuch;1;1569;1569;0;;BB-1333;;buerger;Sporer;
valentin_clapper;Valentinus Clapper|Vallentinus Clapper;Bürgerbuch;2;1578;1578;0;;BB-1724|BB-1741;;buerger;Fleischhacker;
valentin_crafft;Valtin Crafft;Bürgerbuch;2;1546;1547;1;;BB-0182|BB-0232;;buerger;;
valentin_germhan;Valtin Germhan|Valtin Hermhan;Bürgerbuch;2;1555;1555;0;;BB-0603|BB-0614;;buerger;Schlosser;
valentin_grassauer;Valentin Grassauer;Urkunden;1;1530;1530;0;StaAKr-0708a;;;buerger;;
valentin_halmer;Valentin Halmer;Urkunden;1;1526;1526;0;StaAKr-0670e;;;buerger;;
valentin_hesell;Valltin Hesell;Bürgerbuch;1;1563;1563;0;;BB-0983;;buerger;Schneider;
valentin_heussler;Valthen Heußler;Bürgerbuch;1;1565;1565;0;;BB-1075;;buerger;Schneider;
valentin_kaindl;Valtin Khaindl;Bürgerbuch;1;1588;1588;0;;BB-2102;;buerger;Wagner;
valentin_lakner;Valtin Lakner;Bürgerbuch;2;1583;1583;0;;BB-1955|BB-1968;;buerger;Schneider;
valentin_mittereggen;Valentin Mittereggen;Bürgerbuch;1;1621;1621;0;;BB-2656;;buerger;;
valentin_mittereggers;Valentin Mittereggers;Bürgerbuch;1;1614;1614;0;;BB-2570;;buerger;Zinngießer;
valentin_muellner;Valtin Müller;Bürgerbuch;1;1560;1560;0;;BB-0824;;buerger;Binder;
valentin_pindter;Valentin Pindter;Bürgerbuch;1;1588;1588;0;;BB-2091;;buerger;Hufschmied;
valentin_puels;Valthen Pulsz|Valthen Pülsen|Valthen Pülß;Bürgerbuch;3;1566;1566;0;;BB-1100|BB-1101|BB-1113;;buerger;Bürstenbinder;
valentin_reichart;Valtin Reichart;Bürgerbuch;1;1611;1611;0;;BB-2511;;buerger;;
valentin_schreiber;Valten Schreiber;Bürgerbuch;1;1565;1565;0;;BB-1050;;buerger;Radschmied;
valentin_schwester;Valthen Schwester;Bürgerbuch;1;1566;1566;0;;BB-1116;;buerger;Riemer;
valentin_sixtl;Valentin Sixtl;Bürgerbuch;1;1541;1541;0;;BB-0079;;buerger;Schneider;
vallentin_heldt;Vallentin Heldt;Bürgerbuch;1;1584;1584;0;;BB-2019;;buerger;Kürschner;
valt_schmidthueber;Valt Schmidthueber;Bürgerbuch;1;1605;1605;0;;BB-2416;;buerger;;
valtin_vindinger;Valtin Vindinger;Urkunden;1;1549;1549;0;StaAKr-0809;;;buerger;;
valttin_oelhardt;Valtin Öllhart|Valttin Ölhart;Bürgerbuch;2;1581;1581;0;;BB-1868|BB-1889;;buerger;;
vater_anthoni_karl;Vater Anthoni Karl;Bürgerbuch;1;1566;1566;0;;BB-1084;;buerger;;
veit_annikl;Veit Annikl;Urkunden;1;1528;1528;0;StaAKr-0696a;;;buerger;;
veit_dorffner;Veith Dorffner;Bürgerbuch;1;1573;1573;0;;BB-1455;;buerger;;
veit_edlinger;Veit Edlinger;Bürgerbuch;1;1592;1592;0;;BB-2193;;buerger;;
veit_eisenhuet;Veit Eisenhuet;Bürgerbuch;1;1605;1605;0;;BB-2421;;buerger;;
veit_ensteuefundt;Veitt Ensteüfundt;Bürgerbuch;1;1605;1605;0;;BB-2418;;buerger;;
veit_fuxeder;Veidt Fuxeder;Bürgerbuch;1;1569;1569;0;;BB-1348;;buerger;Bäcker;
veit_gebl;Veit Gebl;Bürgerbuch;1;1550;1550;0;;BB-0377;;buerger;;
veit_geisler;Veith Geisler;Bürgerbuch;1;1611;1611;0;;BB-2526;;buerger;;
veit_haimerl;Vetz Haimerl;Bürgerbuch;1;1587;1587;0;;BB-2067;;buerger;Fuhrmann;
veit_herzog;Veit Hörzog;Bürgerbuch;1;1579;1579;0;;BB-1796;;buerger;;
veit_hueter;Veit Hueter;Bürgerbuch;1;1549;1549;0;;BB-0302;;buerger;Schneider;
veit_kaessl;Veitt Kässl;Bürgerbuch;1;1548;1548;0;;BB-0247;;buerger;Schuster;
veit_klain;Veit Klain;Bürgerbuch;1;1575;1575;0;;BB-1544;;buerger;Schuster;
veit_lechner;Veit Lechner;Bürgerbuch;5;1550;1577;27;;BB-0343|BB-0401|BB-0970|BB-1575|BB-1651;;buerger;Riemer;
veit_lehner;Veit Lehner;Bürgerbuch;2;1567;1615;48;;BB-1151|BB-2615;;buerger;Hutmacher;
veit_lerchner;Veitt Lerchner;Bürgerbuch;1;1576;1576;0;;BB-1616;;buerger;;
veit_parfuesser;Veit Parfuesser;Bürgerbuch;1;1547;1547;0;;BB-0226;;buerger;;
veit_pinters;Veitt Pinter|Veitten Pinters;Bürgerbuch;2;1581;1581;0;;BB-1858|BB-1879;;buerger;;
veit_planck;Veith Planckh;Bürgerbuch;1;1573;1573;0;;BB-1458;;buerger;;
veit_plessner;Veit|Veit Plessner;Urkunden;2;1496;1499;3;StaAKr-0549|StaAKr-0558;;;buerger;;
veit_pucher;Veit Pucher;Urkunden;4;1397;1408;11;StaAKr-0090|StaAKr-0121|StaAKr-0146|StAK-UrkKr-0153;;;buerger;;
veit_puchler;Veith Puchler|Veith Püchler;Bürgerbuch;2;1562;1562;0;;BB-0949|BB-0961;;buerger;Hauer;
veit_puerckhamer;Veit Pürckhamer;Bürgerbuch;1;1538;1538;0;;BB-0037;;buerger;;
veit_raab;Veit Raab;Bürgerbuch;1;1584;1584;0;;BB-2014;;buerger;;
veit_raetsch;Veit Rätsch;Bürgerbuch;1;1566;1566;0;;BB-1080;;buerger;Riemer;
veit_ratsch;Veit Ratsch;Bürgerbuch;1;1568;1568;0;;BB-1248;;buerger;Zinngießer;
veit_reichl;Veit Reichel|Veit Reichl;Bürgerbuch;3;1568;1568;0;;BB-1218|BB-1237|BB-1266;;buerger;Badergeselle;
veit_rumel;Veit Rumel;Bürgerbuch;1;1580;1580;0;;BB-1829;;buerger;Lebzelter;
veit_rutennstock;Veit Rutennstockh;Bürgerbuch;1;1617;1617;0;;BB-2637;;buerger;;
veit_rutscher;Veit Rutscher;Urkunden;1;1549;1549;0;StaAKr-0808;;;buerger;;
veit_scharf;Veit Scharf;Urkunden;1;1531;1531;0;StaAKr-0714b;;;buerger;;
veit_schmidthueber;Veit Schmidthueber;Bürgerbuch;2;1580;1589;9;;BB-1844|BB-2133;;buerger;Binder, Drechsler, Schuster;
veit_schreiber;Veit Schreiber|Veyt Schreiber;Bürgerbuch;3;1560;1582;22;;BB-0820|BB-0843|BB-1919;;buerger;Schuster;
veit_stross;Veith Stroß;Bürgerbuch;1;1621;1621;0;;BB-2654;;buerger;Müller;
veit_uczinger;Veit Uczinger;Urkunden;1;1443;1443;0;StAK-Stein-2012;;;buerger;;
veit_veihel;Veit Veihel;Bürgerbuch;1;1552;1552;0;;BB-0446;;buerger;Zimmermann;
veit_vizinger;Veit Vizinger;Urkunden;1;1443;1443;0;StaAKr-0276;;;buerger;;
veit_von_eberstorff;Veit von Eberstorff;Urkunden;1;1483;1483;0;StaAKr-0469;;;adel;;
veit_voyel;Veyt Voyel;Bürgerbuch;1;1552;1552;0;;BB-0459;;buerger;;
veit_wagner;Veith Wagner;Bürgerbuch;1;1621;1621;0;;BB-2653;;buerger;;
veit_winther;Veith Winther;Bürgerbuch;1;1611;1611;0;;BB-2518;;buerger;;
veit_zeiller;Veitt Zeiller;Bürgerbuch;1;1581;1581;0;;BB-1896;;buerger;;
veith_schreiber;Veith Schreiber;Bürgerbuch;1;1581;1581;0;;BB-1856;;buerger;;
veyt_gebl;Veyt Gebl;Bürgerbuch;1;1552;1552;0;;BB-0454;;buerger;Leineweber;
vez_marquart;Vez Marquart;Bürgerbuch;1;1543;1543;0;;BB-0122;;buerger;;
vicenz_hoffpauer;Vicenz Hoffpauer;Bürgerbuch;2;1574;1574;0;;BB-1500|BB-1513;;buerger;Fuhrmann;
viechhoff_1454;Viechhoff;Urkunden;1;1454;1454;0;StaAKr-0321;;;buerger;;
vigilius_1502;Vigilius;Urkunden;1;1502;1502;0;StaAKr-0566;;;buerger;;
vincenz_mausser;Vincenz Mausser;Bürgerbuch;1;1544;1544;0;;BB-0136;;buerger;Schneider;
vinzenz_pattenperger;Viennz Pattenperger|Viennz Pattnperger;Bürgerbuch;2;1553;1553;0;;BB-0499|BB-0519;;buerger;Leineweber;
volman_pehhacker;Volman Pehhackher;Bürgerbuch;1;1587;1587;0;;BB-2063;;buerger;;
voltin_schwesinger;Voltin Schwesinger;Bürgerbuch;1;1571;1571;0;;BB-1362;;buerger;;
walchun_1300;Walchun;Urkunden;1;1300;1300;0;StaAK-UrkKr-0005;;;buerger;;
walf_klain;Walf Klain;Bürgerbuch;1;1589;1589;0;;BB-2141;;buerger;Messerschmied;
walf_sunner;Walf Sunner;Bürgerbuch;1;1589;1589;0;;BB-2148;;buerger;;
walhasarn_egkenperger;Walhasarn Egkenperger;Urkunden;1;1478;1478;0;StaAKr-0438;;;buerger;;
walter_hertnstain;Walthan Herttenstain;Bürgerbuch;1;1573;1573;0;;BB-1466;;buerger;Kramer;
walthauser_luelger;Walthauser Lülger;Bürgerbuch;1;1580;1580;0;;BB-1836;;buerger;Schneider;
walthauser_messerer;Walthauser Messerer;Bürgerbuch;1;1580;1580;0;;BB-1846;;buerger;Schuster;
walthauser_talman;Walthauser Talman|Walthauser Thallman;Bürgerbuch;2;1568;1568;0;;BB-1221|BB-1235;;buerger;Schneider;
waltheuser_muellner;Waltheuser Müllner;Bürgerbuch;1;1587;1587;0;;BB-2074;;buerger;Drechsler;
walthezarn_eykenperger;Walthezarn Eykenperger;Urkunden;1;1480;1480;0;StaAKr-0443;;;buerger;;
wastl_sternegger;Wastl Sternegger;Bürgerbuch;1;1565;1565;0;;BB-1079;;buerger;Hutmacher;
watzlaw_wultzkho_von_zenaw;Watzlaw Wultzkho von Zenaw;Urkunden;1;1490;1490;0;StaAKr-0529;;;buerger;;
weippot_pehem;Weippot Pehem;Urkunden;1;1410;1410;0;StaAKr-0158;;;buerger;;
weisgot_pehem;Weisgot Pehem;Urkunden;1;1404;1404;0;StaAKr-0129;;;buerger;;
wendelin_hartschmidt;Wenndl Hartschmidt;Bürgerbuch;2;1559;1559;0;;BB-0792|BB-0809;;buerger;Nadler;
wennko_von_rochmanau;Ledwenko von Rochmanau|Wennko von Rochmanau;Urkunden;2;1454;1458;4;StaAKr-0322|StaAKr-0373;;;buerger;;
wennzel_tuerwacher;Wennzel Tuerwacher;Bürgerbuch;1;1543;1543;0;;BB-0120;;buerger;;
wenzel_pfann;Wenzl Pfann;Bürgerbuch;1;1567;1567;0;;BB-1212;;buerger;Schmied;
wenzel_phillip;Wenzl Phillip;Bürgerbuch;2;1582;1582;0;;BB-1914|BB-1932;;buerger;Weißgerber;
wenzl_neustetter;Wenzl Neustetter;Bürgerbuch;1;1596;1596;0;;BB-2271;;buerger;Handschuhmacher;
wenzl_saulick;Wennzl Saulickh;Bürgerbuch;1;1547;1547;0;;BB-0218;;buerger;Seiler;
wenzl_tschinaegg;Wenzl Tschinägg;Bürgerbuch;1;1610;1610;0;;BB-2473;;buerger;;
werhart_nymmervol;Werhart Nymmervol;Urkunden;1;1456;1456;0;StaAKr-0340;;;buerger;;
wernhard_han;Wernhard Han;Urkunden;1;1366;1366;0;StaAKr-0039;;;buerger;;
wernhard_von_passau;Wernhard von Passau;Urkunden;4;1295;1314;19;StaAKr-0004|StaAKr-0006|StAKr-UrkKr-0009|StAKr-UrkKr-0010;;;buerger;;
wernhardt_span;Wernhardt Span;Bürgerbuch;1;1549;1549;0;;BB-0320;;buerger;;
wernhart_teurbanger;Wernhart Teurbanger;Urkunden;1;1447;1447;0;StaAKr-0293;;;buerger;;
wernhart_trongassinger;Wernhart Trongassinger;Urkunden;1;1404;1404;0;StaAKr-0128;;;buerger;;
wernhart_von_eferding;Wernhart von Eferding;Urkunden;1;1419;1419;0;StaAKr-0196;;;buerger;;
wernhart_von_everding;Wernhart von Everding;Urkunden;2;1401;1404;3;StaAKr-0115|StaAKr-0128;;;buerger;;
wernhart_wuerffel;Werhart Würffel|Wernhart Würffel;Urkunden;4;1438;1447;9;StaAKr-0270|StaAKr-0271|StaAKr-0278|StaAKr-0297;;;buerger;;
weygl_maurer;Weygl Maurer;Urkunden;1;1399;1399;0;StaAKr-0097;;;buerger;;
wibold_hueber;Wibold Hueber;Urkunden;1;1526;1526;0;StaAKr-0670c;;;buerger;;
wigolaus_von_volkensdorf;Nikolaus von Volkensdorff|Wigolaus von Volkensdorf;Urkunden;2;1443;1443;0;StaAKr-0276|StAK-Stein-2012;;;adel;;
wilbolt_knittinnger;Wilbolt Knittinnger;Bürgerbuch;1;1552;1552;0;;BB-0448;;buerger;Schuster;
wilghaser_tallman;Wilghaser Tallman;Bürgerbuch;1;1567;1567;0;;BB-1152;;buerger;Schneider;
wilhalbm_pitterstorffer;Wilhalbm Pitterstorffer;Bürgerbuch;1;1569;1569;0;;BB-1300;;buerger;;
wilhalbm_schmidthueber;Wilhalbm Schmidthueber;Bürgerbuch;1;1577;1577;0;;BB-1646;;buerger;Taschner;
wilhalbmen_grassberger;Wilhalbmen Graßberger;Bürgerbuch;1;1575;1575;0;;BB-1553;;buerger;Tuchmacher;
wilhalm_schmidthueber;Wilhalm Schmidthueber;Bürgerbuch;1;1574;1574;0;;BB-1490;;buerger;Glaser;
wilhalm_walch;Wilhalm Walch;Bürgerbuch;1;1538;1538;0;;BB-0042;;buerger;;
wilhalm_widnbeck;Wilhalm Widnbeck;Bürgerbuch;1;1579;1579;0;;BB-1780;;buerger;Tuchmacher;
wilhalmen_pitterstoffers;Wilhalmen Pitterstoffers;Bürgerbuch;1;1578;1578;0;;BB-1723;;buerger;;
wilhelm_albrechten;Wilhalbmen Albrechten;Bürgerbuch;1;1559;1559;0;;BB-0798;;buerger;;
wilhelm_angerpeck;Wilhalbm Angerpeckh;Bürgerbuch;3;1565;1569;4;;BB-1039|BB-1119|BB-1304;;buerger;;
wilhelm_apotheker;Wilhelm Apotheker;Urkunden;1;1344;1344;0;StAK-UrkKr-0017;;;buerger;;
wilhelm_der_freundliche;Herzog Wilhelm|Wilhelm;Urkunden;8;1396;1412;16;StaAKr-0124|StaAKr-0125|StAK-Stein-2006|StAK-UrkKr-0084|StAK-UrkKr-0085|StAK-UrkKr-0086|StAK-UrkKr-0123|StAK-Stein- 2008;;;dynastie;;
wilhelm_ferrer;Wilhelmb Ferrer;Bürgerbuch;1;1615;1615;0;;BB-2601;;buerger;Tuchscherer;
wilhelm_freiherr_von_roggendorf;Wilhelm Freiherr von Roggendorf;Urkunden;1;1536;1536;0;StaAKr-0740;;;adel;;
wilhelm_freiherr_von_roggendorf_und_mollenburg;Wilhelm Freiherr von Roggendorf und Mollenburg;Urkunden;1;1523;1523;0;StAK-UrkKR-0644;;;adel;;
wilhelm_krosperger;Wilhalbm Kersperger|Wilhalbm Krosperger;Bürgerbuch;2;1566;1566;0;;BB-1096|BB-1112;;buerger;Fasszieher;
wilhelm_pebringer;Wilhelm Pebringer;Urkunden;1;1457;1457;0;StaAKr-0352;;;buerger;;
wilhelm_petterstorffer;Wilhalbm Petterstorffer;Bürgerbuch;1;1555;1555;0;;BB-0595;;buerger;;
wilhelm_pittersdorfer;Wilhelm Pittersdorfer;Urkunden;1;1681;1681;0;StaAKr-0854;;;buerger;;
wilhelm_preiss;Wilhalm Preiß;Bürgerbuch;2;1579;1579;0;;BB-1774|BB-1786;;buerger;Barbier;
wilhelm_rainpacher;Wilhelmb Rainpacher;Bürgerbuch;1;1622;1622;0;;BB-2729;;buerger;;
wilhelm_smidhueber;Wilhalbm Schmidthueber|Wilhalbm Smidhueber;Bürgerbuch;2;1569;1569;0;;BB-1306|BB-1311;;buerger;Zimmermann;
wilhelm_topler;Wilhelm Topler;Urkunden;2;1432;1433;1;StaAKr-0239|StaAKr-0249;;;buerger;;
wilhelm_von_bibra;Wilhelm von Bibra;Urkunden;1;1490;1490;0;StaAKr-0525;;;buerger;;
wilhelm_von_liechtenstein;Wilhelm von Liechtenstein;Urkunden;1;1451;1451;0;StaAKr-0304;;;adel;;
wilhelm_von_neydorf;Wilhelm von Neydorf;Urkunden;1;1531;1531;0;StaAKr-0716c;;;buerger;;
wilhelm_von_topel;Wilhelm von Topel|Wilhelm von Toppl;Urkunden;2;1439;1446;7;StaAKr-0272|StaAKr-0286;;;buerger;;
wilhelm_wittenpeck;Wilhalm Pittinpeckh|Wilhalm Wittenpeckh;Bürgerbuch;2;1552;1552;0;;BB-0445|BB-0469;;buerger;Hafner;
wilibald_spiznagl;Wilibaldt Spiznagl;Bürgerbuch;1;1608;1608;0;;BB-2464;;buerger;;
wintperger_1519;Wintperger;Urkunden;1;1519;1519;0;StaAKr-0612;;;buerger;;
wipold_harber;Wilpold Harber|Wiltpold Harber|Wiltpolt Harber|Wipold Harber|Wipolt Harber;Urkunden;6;1436;1471;35;StaAKr-0263|StaAKr-0301|StaAKr-0311|StaAKr-0358|StaAKr-0396|StaAKr-0420;;;buerger;;
witigo_pausack;Witigo Pausack;Urkunden;1;1414;1414;0;StaAKr-0169;;;buerger;;
woelfl_edmair;Wölfl Edmair;Bürgerbuch;1;1558;1558;0;;BB-0743;;buerger;;
wolf_aichinger;Wolf Aichinger;Bürgerbuch;1;1592;1592;0;;BB-2204;;buerger;;
wolf_aigner;Wolff Aigner;Bürgerbuch;1;1596;1596;0;;BB-2266;;buerger;Gürtler;
wolf_andre_abl;Wolf Andre Abl|Wolf Andree Abl.;Urkunden;2;1701;1711;10;StaAKr-0859|StAK-Stein-2055;;;buerger;;
wolf_bauer;Wolf Paur;Bürgerbuch;1;1555;1555;0;;BB-0610;;buerger;Kammmacher;
wolf_beck;Wolf Perkh;Bürgerbuch;1;1621;1621;0;;BB-2651;;buerger;Hafner;
wolf_behaimb;Wolff Behamb;Bürgerbuch;2;1568;1568;0;;BB-1245|BB-1258;;buerger;Hauer;
wolf_bottnnauer;Wolff Bottenmauer|Wolff Bottnnauer;Bürgerbuch;2;1575;1575;0;;BB-1550|BB-1563;;buerger;Tuchmacher;
wolf_breuer;Wolff Breuer|Wolff Preuer;Bürgerbuch;2;1569;1600;31;;BB-1347|BB-2336;;buerger;Kupferschmied;
wolf_brunner;Wolff Prunner;Bürgerbuch;1;1547;1547;0;;BB-0233;;buerger;Glaser;
wolf_christoff_notthelffer;Wolf Christoff Notthelffer;Bürgerbuch;1;1613;1613;0;;BB-2544;;buerger;Sieber;
wolf_christoff_woeckl;Wolff Christoff Wöckhl;Bürgerbuch;1;1608;1608;0;;BB-2458;;buerger;;
wolf_christoffen;Wolff Christoff|Wolff Christoffen;Bürgerbuch;2;1568;1568;0;;BB-1251|BB-1255;;buerger;Haubenmacher;
wolf_denschern;Wolff Denschern;Bürgerbuch;1;1566;1566;0;;BB-1127;;buerger;Binder;
wolf_edlinger;Wolf Edlinger;Bürgerbuch;1;1560;1560;0;;BB-0859;;buerger;;
wolf_eglsperger;Wolf Englsperger;Bürgerbuch;1;1602;1602;0;;BB-2391;;buerger;;
wolf_enzenkhircher;Wolff Enzenkhircher;Bürgerbuch;1;1539;1539;0;;BB-0047;;buerger;;
wolf_ernreich;Wolff Ernreich;Bürgerbuch;1;1569;1569;0;;BB-1349;;buerger;;
wolf_ettemberger;Wolf Ettemberger;Bürgerbuch;1;1589;1589;0;;BB-2161;;buerger;;
wolf_faistenaurer;Wolff Faistenaurer;Bürgerbuch;1;1596;1596;0;;BB-2280;;buerger;;
wolf_feringer;Wolff Feringer;Bürgerbuch;2;1582;1582;0;;BB-1918|BB-1949;;buerger;Schlosser;
wolf_fetaller;Wolff Fetaller;Bürgerbuch;2;1581;1581;0;;BB-1855|BB-1876;;buerger;Fuhrmann;
wolf_fischer;Wolf Vischer;Bürgerbuch;1;1592;1592;0;;BB-2214;;buerger;;
wolf_foerster;Wolff Förster;Bürgerbuch;1;1568;1568;0;;BB-1271;;buerger;Lederer;
wolf_friess;Wolf Fried|Wolf Frieß;Bürgerbuch;2;1622;1622;0;;BB-2675|BB-2696;;buerger;Fasszieher;
wolf_grabner;Wolf Grabner|Wolfganng Grabmer|Wolfganng Grabner;Bürgerbuch;5;1553;1562;9;;BB-0491|BB-0498|BB-0626|BB-0753|BB-0944;;buerger;Bäcker;
wolf_gradt;Wolf Gradt;Bürgerbuch;1;1555;1555;0;;BB-0606;;buerger;Schneider;
wolf_gramor;Wolf Gramor;Bürgerbuch;1;1553;1553;0;;BB-0518;;buerger;Bäcker;
wolf_greitner;Walf Greitner;Bürgerbuch;1;1589;1589;0;;BB-2143;;buerger;Schmied;
wolf_grismair;Wolff Grismair;Bürgerbuch;1;1573;1573;0;;BB-1423;;buerger;;
wolf_grueber;Wolf Gruebner|Wolff Grueber;Bürgerbuch;2;1586;1624;38;;BB-2054|BB-2768;;buerger;;
wolf_haefenperger;Wolf Häfenperger;Bürgerbuch;1;1589;1589;0;;BB-2172;;buerger;;
wolf_haidenreich;Wolffen Haidenreich;Bürgerbuch;1;1565;1565;0;;BB-1040;;buerger;;
wolf_haider;Wolf Haider;Bürgerbuch;1;1567;1567;0;;BB-1139;;buerger;Handschuhmacher, Schuster;
wolf_haltmair;Wolf Haltmair|Wolf Haltmayr;Bürgerbuch;2;1622;1622;0;;BB-2674|BB-2694;;buerger;Maurer;
wolf_haltmayr;Wolf Haltmayr;Bürgerbuch;1;1622;1622;0;;BB-2695;;buerger;;
wolf_hartman;Wolff Hartman;Bürgerbuch;1;1585;1585;0;;BB-2035;;buerger;Gürtler;
wolf_herantinger;Wolf Herantinger;Bürgerbuch;1;1562;1562;0;;BB-0939;;buerger;Weißgerber;
wolf_heyfelder;Wolff Heyfelder;Bürgerbuch;1;1579;1579;0;;BB-1819;;buerger;;
wolf_hoffstetter;Wolff Hofstetter;Bürgerbuch;1;1569;1569;0;;BB-1301;;buerger;;
wolf_hopfner;Wolff Hopfner;Bürgerbuch;1;1582;1582;0;;BB-1943;;buerger;Fleischhacker;
wolf_horandtn;Wolfn Horandtn;Bürgerbuch;1;1568;1568;0;;BB-1231;;buerger;;
wolf_huchss_ruechler;Wolf Huchß Rüchler;Bürgerbuch;1;1615;1615;0;;BB-2607;;buerger;Hutmacher;
wolf_huell;Wolff Hüll;Bürgerbuch;1;1583;1583;0;;BB-1972;;buerger;Taglöhner;
wolf_kaem;Wollff Khäm;Bürgerbuch;1;1563;1563;0;;BB-0996;;buerger;;
wolf_kaiser;Wolff Khaiser;Bürgerbuch;1;1589;1589;0;;BB-2180;;buerger;;
wolf_kalb;Wolff Kalb;Bürgerbuch;1;1578;1578;0;;BB-1761;;buerger;Hafner;
wolf_karl;Wolff Carl;Bürgerbuch;2;1579;1579;0;;BB-1775|BB-1810;;buerger;;
wolf_kazpendl;Wolff Kazpendl;Bürgerbuch;1;1565;1565;0;;BB-1078;;buerger;Klampferer;
wolf_kiendll;Wolff Khiendll;Bürgerbuch;1;1571;1571;0;;BB-1380;;buerger;Goldschmied;
wolf_kierperger;Wolf Khierperger;Bürgerbuch;1;1596;1596;0;;BB-2277;;buerger;Hauer;
wolf_kirchamers;Wolffen Khirchamers;Bürgerbuch;1;1561;1561;0;;BB-0887;;buerger;Kupferschmied;
wolf_kirchmair;Wolf Kirchmair|Wolff Kirchmair;Bürgerbuch;2;1588;1588;0;;BB-2097|BB-2121;;buerger;Hauer;
wolf_kirchperger;Wolf Khierchperger;Bürgerbuch;1;1596;1596;0;;BB-2288;;buerger;Hauer;
wolf_klain;Wolff Khlain;Bürgerbuch;1;1571;1571;0;;BB-1394;;buerger;Beutler;
wolf_kopferle;Wolf Kopferle;Bürgerbuch;2;1568;1568;0;;BB-1221|BB-1235;;buerger;Schneider;
wolf_kraa;Wolf Khraa;Bürgerbuch;1;1622;1622;0;;BB-2722;;buerger;Fischer;
wolf_kren;Wolff Khren;Bürgerbuch;1;1573;1573;0;;BB-1427;;buerger;;
wolf_krenn;Wolf Krenn;Urkunden;1;1549;1549;0;StaAKr-0812;;;buerger;;
wolf_kreuettner;Wolf Khreüttner;Bürgerbuch;1;1589;1589;0;;BB-2163;;buerger;Schmied;
wolf_kreuspeck;Wolff Kreuzpeckh;Bürgerbuch;1;1546;1546;0;;BB-0193;;buerger;Hufschmied;
wolf_lamrer;Wolff Lamrer;Bürgerbuch;1;1549;1549;0;;BB-0285;;buerger;;
wolf_landtsfuerst;Wolf Landtsfürst;Bürgerbuch;1;1596;1596;0;;BB-2299;;buerger;Kerzenmacher;
wolf_lebner;Wolff Lebner;Bürgerbuch;1;1584;1584;0;;BB-2022;;buerger;Hauer;
wolf_lehner;Wolff Lehner;Bürgerbuch;1;1548;1548;0;;BB-0255;;buerger;Schiffmann;
wolf_mayr;Wolff Mayr;Bürgerbuch;1;1567;1567;0;;BB-1172;;buerger;Hauer;
wolf_miendl;Wolff Miendl;Bürgerbuch;1;1568;1568;0;;BB-1286;;buerger;;
wolf_mosshamer;Wolff Moszhamer;Bürgerbuch;1;1597;1597;0;;BB-2315;;buerger;;
wolf_nader;Wolf Nader;Bürgerbuch;1;1622;1622;0;;BB-2706;;buerger;Hauer;
wolf_nadtnperger;Wolf Nadtnperger;Bürgerbuch;1;1586;1586;0;;BB-2061;;buerger;;
wolf_nagl;Wolff Nagl;Bürgerbuch;1;1606;1606;0;;BB-2431;;buerger;;
wolf_neslauer;Wolff Neslauer;Bürgerbuch;1;1611;1611;0;;BB-2500;;buerger;Hufschmied;
wolf_nesterer;Wolf Nesterer|Wolf Nestraer;Bürgerbuch;2;1589;1589;0;;BB-2138|BB-2162;;buerger;Geiger;
wolf_neumair;Wolff Neumayr;Bürgerbuch;1;1568;1568;0;;BB-1280;;buerger;;
wolf_obinger;Wolff Obinger;Bürgerbuch;1;1609;1609;0;;BB-2469;;buerger;;
wolf_palt;Wolff Palt;Bürgerbuch;1;1568;1568;0;;BB-1277;;buerger;;
wolf_pannapalck;Wolf Pannapalckh;Bürgerbuch;1;1551;1551;0;;BB-0405;;buerger;Tischler;
wolf_penckenhauser;Wolff Penckhenhauser;Bürgerbuch;1;1588;1588;0;;BB-2126;;buerger;;
wolf_perger;Wolff Perger;Bürgerbuch;1;1577;1577;0;;BB-1689;;buerger;Fischer;
wolf_pfaeffinger;Wolff Pfäffinger;Bürgerbuch;2;1574;1607;33;;BB-1526|BB-2440;;buerger;Goldschmied;
wolf_pischgater;Wolff Pischgater;Bürgerbuch;1;1583;1583;0;;BB-1986;;buerger;Goldschmied;
wolf_pittersperger;Wolff Pittersperger;Bürgerbuch;1;1578;1578;0;;BB-1760;;buerger;;
wolf_poecklpaur;Wolf Pöckhlpaur;Bürgerbuch;1;1622;1622;0;;BB-2702;;buerger;;
wolf_prandsteter;Wolff Prandsteter;Bürgerbuch;1;1569;1569;0;;BB-1299;;buerger;;
wolf_prandt;Wolff Prandt;Bürgerbuch;1;1581;1581;0;;BB-1895;;buerger;Schuster;
wolf_pranntstetter;Wolffn Prandstetter;Bürgerbuch;1;1568;1568;0;;BB-1233;;buerger;;
wolf_pruckner;Wolff Pruckhner;Bürgerbuch;1;1582;1582;0;;BB-1922;;buerger;;
wolf_puechamer;Wolff Puechamer;Bürgerbuch;1;1579;1579;0;;BB-1802;;buerger;;
wolf_puechhamer;Wolf Puechhamer;Bürgerbuch;1;1581;1581;0;;BB-1851;;buerger;;
wolf_puechhaurer;Wolff Puechhaurer;Bürgerbuch;1;1578;1578;0;;BB-1764;;buerger;;
wolf_pueckl;Wolff Pückhl;Bürgerbuch;1;1611;1611;0;;BB-2516;;buerger;Schlosser;
wolf_puerckhamer;Wolff Perckhamer;Bürgerbuch;1;1568;1568;0;;BB-1216;;buerger;Tuchmacher;
wolf_radtmaenndt;Wolf Radtmantl|Wolff Radtmänndt;Bürgerbuch;2;1587;1588;1;;BB-2081|BB-2123;;buerger;Binder;
wolf_raetsch;Wolff Rätsch;Bürgerbuch;1;1579;1579;0;;BB-1797;;buerger;Zinngießer;
wolf_raetschen;Wolf Rätschen;Bürgerbuch;1;1581;1581;0;;BB-1855;;buerger;Fuhrmann;
wolf_ragez;Wolff Ragez;Bürgerbuch;1;1585;1585;0;;BB-2047;;buerger;Maurer;
wolf_rebwasser;Wolf Rebwasser;Bürgerbuch;1;1552;1552;0;;BB-0461;;buerger;;
wolf_rettenbacher;Wolff Rettenbacher|Wolff Rettenpacher;Bürgerbuch;2;1568;1568;0;;BB-1250|BB-1284;;buerger;Haubenschmidt;
wolf_rizinger;Wolff Rizinger;Bürgerbuch;2;1576;1576;0;;BB-1583|BB-1606;;buerger;Zuckermacher;
wolf_rolman;Wolff Rolman;Bürgerbuch;1;1596;1596;0;;BB-2275;;buerger;Bäcker;
wolf_ropfer;Wolf Ropfer;Bürgerbuch;1;1625;1625;0;;BB-2787;;buerger;;
wolf_schauer;Wolf Schauer;Bürgerbuch;2;1622;1622;0;;BB-2673|BB-2693;;buerger;;
wolf_schmid;Wolff Schmid;Bürgerbuch;1;1569;1569;0;;BB-1339;;buerger;Hauer;
wolf_schon;Wolff Schon;Bürgerbuch;1;1551;1551;0;;BB-0418;;buerger;Glaser;
wolf_schrettl;Wolff Schrettl;Bürgerbuch;1;1582;1582;0;;BB-1952;;buerger;;
wolf_schwarz;Wolff Schwarz;Bürgerbuch;1;1549;1549;0;;BB-0308;;buerger;Schiffmann;
wolf_seidnschwanz;Wolff Seidenschwanz;Bürgerbuch;1;1583;1583;0;;BB-1987;;buerger;Leineweber;
wolf_seyfrider;Wolf Seifrider;Bürgerbuch;1;1553;1553;0;;BB-0517;;buerger;Fleischhacker;
wolf_sigl;Wolf Sigl;Bürgerbuch;1;1583;1583;0;;BB-1964;;buerger;Sattler;
wolf_spaudl;Wolff Spandl;Bürgerbuch;1;1582;1582;0;;BB-1945;;buerger;Hauer;
wolf_specker;Wolff Speckher;Bürgerbuch;1;1574;1574;0;;BB-1522;;buerger;Weber;
wolf_steiger;Wolff Steiger;Bürgerbuch;1;1538;1538;0;;BB-0035;;buerger;Binder;
wolf_storer;Wolf Storer;Bürgerbuch;1;1555;1555;0;;BB-0596;;buerger;Schneider;
wolf_strasser;Wolff Strasser;Bürgerbuch;2;1579;1614;35;;BB-1818|BB-2577;;buerger;Gastgeb;
wolf_strensdorffer;Wolff Strensdorffer;Bürgerbuch;2;1575;1575;0;;BB-1548|BB-1561;;buerger;Riemer;
wolf_stueller;Wolffen Stueller|Wolffganng Stueller;Bürgerbuch;2;1563;1563;0;;BB-0980|BB-0982;;buerger;;
wolf_tenscherz;Wolff Tenscherz;Bürgerbuch;1;1567;1567;0;;BB-1135;;buerger;Binder;
wolf_turner;Wolf Turner;Bürgerbuch;3;1561;1587;26;;BB-0888|BB-1497|BB-2063;;buerger;Schuster;
wolf_vischgatter;Wolff Vischgatter;Bürgerbuch;1;1583;1583;0;;BB-1956;;buerger;Goldschmied;
wolf_vorster;Wolffen Forster;Bürgerbuch;1;1568;1568;0;;BB-1241;;buerger;;
wolf_walchen;Wolf Walchen;Bürgerbuch;1;1581;1581;0;;BB-1848;;buerger;Fleischhacker;
wolf_widman;Wolff Widman;Bürgerbuch;1;1588;1588;0;;BB-2109;;buerger;Hutstepper;
wolf_widmer;Wolff Wibmer;Bürgerbuch;2;1581;1581;0;;BB-1852|BB-1874;;buerger;;
wolf_wildtperger;Wolff Wildperger|Wolff Wildtperger;Bürgerbuch;2;1583;1583;0;;BB-1954|BB-1985;;buerger;Schneider;
wolf_wisinger;Wolff Wisinger;Bürgerbuch;1;1612;1612;0;;BB-2530;;buerger;;
wolf_wissmair;Wolff Wiszmair;Bürgerbuch;2;1575;1575;0;;BB-1553|BB-1566;;buerger;Tuchmacher;
wolf_wullenxerger;Wolf Wullenxerger;Bürgerbuch;1;1588;1588;0;;BB-2088;;buerger;Schneider;
wolf_zweybinger;Wolff Zweybinger;Bürgerbuch;1;1586;1586;0;;BB-2057;;buerger;Maurer;
wolffen_hiendl;Wolffen Hiendl;Bürgerbuch;1;1576;1576;0;;BB-1588;;buerger;Fragner;
wolffen_kazbreininger;Wolffen Kazbreininger;Bürgerbuch;1;1575;1575;0;;BB-1543;;buerger;Hutmacher;
wolffen_kazpreiner;Wolffen Kazpreiner;Bürgerbuch;1;1574;1574;0;;BB-1489;;buerger;Klampferer;
wolffen_kazprinniger;Wolffen Kazprinniger;Bürgerbuch;1;1574;1574;0;;BB-1507;;buerger;Hutmacher;
wolffen_klainpeutler;Wolffen Klainpeutler;Bürgerbuch;1;1578;1578;0;;BB-1729;;buerger;;
wolffen_sigl;Wolffen Sigl;Bürgerbuch;1;1581;1581;0;;BB-1847;;buerger;;
wolffen_strennssdorffer;Wolffen Strennßdorffer;Bürgerbuch;1;1576;1576;0;;BB-1603;;buerger;Pottschmied;
wolffen_thurner;Wolffen Thurner;Bürgerbuch;1;1578;1578;0;;BB-1719;;buerger;Hufschmied;
wolffen_tuermer;Wolffen Tuermer;Bürgerbuch;1;1576;1576;0;;BB-1595;;buerger;Tischler;
wolffen_turner;Wolffen Turner;Bürgerbuch;2;1574;1575;1;;BB-1502|BB-1554;;buerger;Bäcker;
wolffgang_wernner;Wolffgang Wernner;Urkunden;1;1548;1548;0;StaAKr-0799;;;buerger;;
wolfgang_1495;Wolfgang;Urkunden;1;1495;1495;0;StaAKr-0546a;;;buerger;;
wolfgang_1507;Wolfgang;Urkunden;1;1507;1507;0;StaAKr-0570a;;;buerger;;
wolfgang_1507a;Wolfgang;Urkunden;1;1507;1507;0;StaAKr-0572b;;;buerger;;
wolfgang_1509;Wolfgang;Urkunden;1;1509;1509;0;StaAKr-0576;;;buerger;;
wolfgang_achletter;Wolffgang Achletter;Bürgerbuch;1;1544;1544;0;;BB-0129;;buerger;;
wolfgang_aichberger;Wolfgang Aichberger;Urkunden;4;1444;1456;12;StaAKr-0278|StaAKr-0279|StaAKr-0297|StaAKr-0340;;;buerger;;
wolfgang_altenburger;Wolfgang Altenburger;Urkunden;1;1549;1549;0;StaAKr-0813;;;buerger;;
wolfgang_angerer;Wolfgang Angerer;Urkunden;1;1526;1526;0;StaAKr-0671h;;;buerger;;
wolfgang_anzenauers;Wolffgang Anzenauers;Bürgerbuch;1;1566;1566;0;;BB-1083;;buerger;Maurer;
wolfgang_bauer;Wolfganngen Paur;Bürgerbuch;1;1555;1555;0;;BB-0601;;buerger;Kammmacher;
wolfgang_baumgartner;Wolfgang Baumgartner;Urkunden;1;1517;1517;0;StaAKr-0594;;;buerger;;
wolfgang_beck;Wolffganng Peckh;Bürgerbuch;1;1548;1548;0;;BB-0252;;buerger;Schiffmann;
wolfgang_braun;Wolffganng Praun;Bürgerbuch;1;1543;1543;0;;BB-0123;;buerger;;
wolfgang_cienbacher;Wolfgang Cienbacher;Urkunden;1;1531;1531;0;StaAKr-0718a;;;buerger;;
wolfgang_durner;Wolfganng Durner;Bürgerbuch;1;1552;1552;0;;BB-0448;;buerger;Schuster;
wolfgang_eckersperger;Wolffgang Eckersperger;Bürgerbuch;1;1544;1544;0;;BB-0144;;buerger;Hafner;
wolfgang_edmair;Wolfganng Etmair;Bürgerbuch;1;1558;1558;0;;BB-0761;;buerger;;
wolfgang_egger;Wolfgang Egger;Urkunden;1;1549;1549;0;StaAKr-0815;;;buerger;;"Möglicherweise identisch mit der Bürgerbuch-Person ""wolfgang_egger_bb1548"" (dort 1548 registriert, 1 Jahre Abstand): gleicher Name, ""Bürger zu Krems"" in beiden Quellen, kein Widerspruch feststellbar, aber auch kein eindeutiger Beleg. Nicht zusammengeführt."
wolfgang_egger_bb1548;Wolffganng Egger;Bürgerbuch;1;1548;1548;0;;BB-0262;;buerger;;
wolfgang_emerstorfer;Wolfgang Emerstorfer;Urkunden;1;1482;1482;0;StaAKr-0462;;;buerger;;
wolfgang_entznman;Wolfganng Entznman;Bürgerbuch;1;1551;1551;0;;BB-0404;;buerger;;
wolfgang_felinger;Wolfgang Felinger;Urkunden;1;1526;1526;0;StaAKr-0671d;;;buerger;;
wolfgang_frauenfalk;Wolfgang Frauenfalk;Urkunden;1;1528;1528;0;StaAKr-0698a;;;buerger;;
wolfgang_freiherr_von_roggendorf_und_mollenburg;Wolfgang Freiherr von Roggendorf und Mollenburg;Urkunden;1;1523;1523;0;StAK-UrkKR-0644;;;adel;;
wolfgang_fuchs;Wolffganng Fuchs;Bürgerbuch;1;1549;1549;0;;BB-0301;;buerger;;
wolfgang_greilen;Wolfgang Greilen;Urkunden;1;1549;1549;0;StaAKr-0816;;;buerger;;
wolfgang_grienauer;Wolffganng Grienauer;Bürgerbuch;1;1547;1547;0;;BB-0211;;buerger;;
wolfgang_gruendlinger;Wolffgang Gruendlinger|Wolffganngen Ginndlinger;Bürgerbuch;2;1563;1563;0;;BB-0973|BB-0978;;buerger;Kürschner;
wolfgang_haslinger;Wolfgang Haslinger;Urkunden;2;1526;1526;0;StaAKr-0670b|StaAKr-0670d;;;buerger;;
wolfgang_hohenwarter;Wolfgang Hohenwarter|Wolfgang Hohenwarther;Urkunden;3;1457;1463;6;StaAKr-0351|StaAKr-0374|StaAKr-0396;;;buerger;;
wolfgang_holzleytter;Wolfgang Holzleytter;Urkunden;1;1470;1470;0;StaAKr-0419;;;buerger;;
wolfgang_hueter;Wolfganng Hueter;Bürgerbuch;1;1550;1550;0;;BB-0338;;buerger;Lederer;
wolfgang_im_hoff;Wolfgang im Hoff;Urkunden;1;1518;1518;0;StaAKr-0598;;;buerger;;
wolfgang_irrpaur;Wolfganng Irrpaur;Bürgerbuch;1;1551;1551;0;;BB-0387;;buerger;Färber;
wolfgang_judenpacher;Wolffgang Judenpacher;Bürgerbuch;1;1546;1546;0;;BB-0187;;buerger;;
wolfgang_kadlberger;Wolfgang Kadlberger;Urkunden;1;1497;1497;0;StaAKr-0552;;;buerger;;
wolfgang_kaempl;Wolfgang Kämpl;Bürgerbuch;1;1559;1559;0;;BB-0786;;buerger;Hutmacher;
wolfgang_kaeuner;Wolfgang Käuner;Urkunden;1;1534;1534;0;StaAKr-0735a;;;buerger;;
wolfgang_kappler;Wolfgang Kappler;Urkunden;1;1530;1530;0;StaAKr-0706;;;buerger;;
wolfgang_karlinger;Wolfgang Karlinger;Urkunden;5;1524;1534;10;StaAKr-0648|StaAKr-0699|StaAKr-0706|StaAKr-0719|StaAKr-0737;;;buerger;;
wolfgang_katzperinnger;Wolffgang Katzperinnger;Bürgerbuch;1;1565;1565;0;;BB-1044;;buerger;;
wolfgang_kaupl;Wolfgang Kaupl;Bürgerbuch;1;1558;1558;0;;BB-0749;;buerger;Kupferschmied;
wolfgang_kindperger;Wolffganng Khindperger;Bürgerbuch;1;1539;1539;0;;BB-0064;;buerger;;
wolfgang_klampfl;Wolfganng Khlampfl|Wolfganngen Khlämpfl;Bürgerbuch;3;1556;1556;0;;BB-0657|BB-0658|BB-0675;;buerger;Schlosser;
wolfgang_koeck;Wolfganng Khöckh;Bürgerbuch;2;1561;1561;0;;BB-0895|BB-0925;;buerger;Tischler;
wolfgang_koernparn;Wolfgang Körnparn;Urkunden;1;1530;1530;0;StaAKr-0710a;;;buerger;;
wolfgang_kopferl;Wolfganng Khopherl|Wolfganngen Khopferl;Bürgerbuch;2;1560;1560;0;;BB-0841|BB-0854;;buerger;Schneider;
wolfgang_korn;Wolffganng Khorn;Bürgerbuch;1;1545;1545;0;;BB-0165;;buerger;;
wolfgang_krenauer;Wolfganng Krenauer;Bürgerbuch;1;1551;1551;0;;BB-0431;;buerger;Seiler;
wolfgang_kreuspeck;Wolffganng Kreuspeckh;Bürgerbuch;1;1546;1546;0;;BB-0181;;buerger;Binder;
wolfgang_kuntz_von_laytendorf;Wolfgang Kuntz von Laytendorf;Urkunden;1;1531;1531;0;StaAKr-0716d;;;buerger;;
wolfgang_kurzhalz;Wolffganng Khurzhalz;Bürgerbuch;1;1546;1546;0;;BB-0173;;buerger;;
wolfgang_leutner;Wolfgang Leutner;Urkunden;1;1525;1525;0;StaAKr-0660a;;;buerger;;
wolfgang_linck;Wolffganng Linckh;Bürgerbuch;1;1546;1546;0;;BB-0179;;buerger;Barbier;
wolfgang_maser;Wolffganng Maser;Bürgerbuch;1;1545;1545;0;;BB-0168;;buerger;;
wolfgang_matsheber;Wolfgang Matsheber;Urkunden;1;1525;1525;0;StaAKr-0660;;;buerger;;
wolfgang_maurer;Wolfgang Maurer;Urkunden;1;1531;1531;0;StaAKr-0716c;;;buerger;;
wolfgang_mayr;Wolffgang Mayr;Bürgerbuch;1;1567;1567;0;;BB-1149;;buerger;Hauer;
wolfgang_mehenwarter;Wolfgang Mehenwarter;Urkunden;1;1456;1456;0;StaAKr-0340;;;buerger;;
wolfgang_meilersdorfer;Wolfgang Meilersdorfer;Urkunden;1;1485;1485;0;StAK-UrkKr-0495;;;buerger;;
wolfgang_meilesdorffer_zum_achstain;Wolfgang Meilesdorffer zum Achstain;Urkunden;1;1480;1480;0;StaAKr-0444;;;buerger;;
wolfgang_nepl;Wolfganng Nepl;Bürgerbuch;2;1561;1561;0;;BB-0884|BB-0905;;buerger;Nadler;
wolfgang_ortpeck;Wolfgang Ortpeck;Urkunden;1;1530;1530;0;StaAKr-0707a;;;buerger;;
wolfgang_pacher;Wolfgang Pacher;Urkunden;1;1507;1507;0;StaAKr-0572a;;;buerger;;
wolfgang_painhaster;Wolfgang Painhaster;Urkunden;1;1531;1531;0;StaAKr-0714a;;;buerger;;
wolfgang_pair;Wolfgang Pair;Urkunden;1;1525;1525;0;StaAKr-0660b;;;buerger;;
wolfgang_pallnperger;Wolfgang Pallnperger;Urkunden;1;1552;1552;0;StaAKr-0818;;;buerger;;
wolfgang_peinhofer;Wolfganng Peinhofer;Bürgerbuch;1;1552;1552;0;;BB-0465;;buerger;Hauer;
wolfgang_perger;Wolfganng Perger;Bürgerbuch;4;1550;1562;12;;BB-0355|BB-0444|BB-0950|BB-0964;;buerger;Hauer;
wolfgang_perk;Wolfgang Perk;Urkunden;1;1538;1538;0;StaAKr-0762;;;buerger;;
wolfgang_pernnauer;Wolffganng Pernnauer;Bürgerbuch;1;1547;1547;0;;BB-0229;;buerger;;
wolfgang_peuerbeck;Wolffganng Peuerbeckh;Bürgerbuch;1;1537;1537;0;;BB-0024;;buerger;;
wolfgang_pocken;Wolfgang Pocken;Urkunden;1;1530;1530;0;StaAKr-0707a;;;buerger;;
wolfgang_polhaim;Wolfgang Polhaim;Urkunden;1;1507;1507;0;StaAKr-0572;;;buerger;;
wolfgang_portmayr;Wolfgang Portmayr;Urkunden;1;1524;1524;0;StaAKr-0655a;;;buerger;;
wolfgang_potemperger;Wolfgang Potemperger;Urkunden;1;1463;1463;0;StaAKr-0396;;;buerger;;
wolfgang_prantzmair;Wolfgang Prantzmair;Urkunden;1;1531;1531;0;StaAKr-0718a;;;buerger;;
wolfgang_prenbauer;Wolfgang Prenbauer;Urkunden;1;1483;1483;0;StaAKr-0470;;;buerger;;
wolfgang_preuntl;Wolfgang Preuntl;Urkunden;1;1526;1526;0;StaAKr-0671c;;;buerger;;
wolfgang_puchhammer;Wolfgang Puchhammer;Bürgerbuch;2;1581;1581;0;;BB-1849|BB-1856;;buerger;;
wolfgang_purckhauser;Wolffgang Purckhauser;Bürgerbuch;1;1539;1539;0;;BB-0048;;buerger;;
wolfgang_raidl;Wolffganngl Raidl;Bürgerbuch;1;1539;1539;0;;BB-0059;;buerger;Messerschmied;
wolfgang_rauhenperger;Wolffganng Rauhenperger;Bürgerbuch;1;1546;1546;0;;BB-0186;;buerger;;
wolfgang_reichl;Wolffgang Reichl;Bürgerbuch;2;1565;1566;1;;BB-1043|BB-1126;;buerger;;
wolfgang_renner;Wolffganng Ronner;Bürgerbuch;1;1538;1538;0;;BB-0040;;buerger;;
wolfgang_retzer;Wolfgang Retzer;Urkunden;1;1481;1481;0;StaAKr-0451;;;buerger;;
wolfgang_rot;Wolffgang Rot;Bürgerbuch;1;1544;1544;0;;BB-0134;;buerger;Weißgerber;
wolfgang_sallich;Wolffgang Sallich;Bürgerbuch;1;1581;1581;0;;BB-1907;;buerger;;
wolfgang_schaisdorffer;Wolfgang Schaisdorffer;Bürgerbuch;1;1558;1558;0;;BB-0748;;buerger;;
wolfgang_schallinger;Wolfgang Schallinger;Urkunden;1;1523;1523;0;StaAKr-0643;;;buerger;;
wolfgang_schenndler;Wolfganng Schenndler;Bürgerbuch;1;1561;1561;0;;BB-0933;;buerger;Fischer;
wolfgang_schernhanner;Wolfgang Schernhanner|Wolfgang Schwernhanner;Urkunden;3;1442;1457;15;StaAKr-0275|StaAKr-0297|StaAKr-0351;;;buerger;;
wolfgang_scheustorffer;Wolffganng Scheustorffer;Bürgerbuch;1;1549;1549;0;;BB-0296;;buerger;;
wolfgang_schmid;Wolfgang Schmid;Urkunden;1;1531;1531;0;StaAKr-0717a;;;buerger;;
wolfgang_schwaertzl;Wolfganng Schwärtzl;Bürgerbuch;2;1553;1553;0;;BB-0512|BB-0543;;buerger;;
wolfgang_schwaizer;Wolfgang Schwaizer;Urkunden;1;1534;1534;0;StaAKr-0735a;;;buerger;;
wolfgang_seyfrider;Wolfganng Seyfrider;Bürgerbuch;1;1553;1553;0;;BB-0495;;buerger;Fleischhacker;
wolfgang_stainpresser;Wolfgang Stainpresser;Urkunden;1;1507;1507;0;StaAKr-0572a;;;buerger;;
wolfgang_stanspeck;Wolfgang Stanspeck;Urkunden;1;1530;1530;0;StaAKr-0705a;;;buerger;;
wolfgang_stegraiff;Wolffganng Stegraiff;Bürgerbuch;1;1539;1539;0;;BB-0049;;buerger;;
wolfgang_stegrer;Wolfgang Stegrer;Bürgerbuch;1;1553;1553;0;;BB-0500;;buerger;Binder;
wolfgang_sterer;Wolffganng Sterer;Bürgerbuch;1;1549;1549;0;;BB-0293;;buerger;;
wolfgang_steyrecker;Wolfgang Steyrecker|Wolfgang Steyricker;Urkunden;2;1534;1538;4;StaAKr-0736|StaAKr-0757;;;buerger;;
wolfgang_strobl;Wolfganng Strobl;Bürgerbuch;1;1553;1553;0;;BB-0529;;buerger;;
wolfgang_sweintzer;Wolfgang Sweintzer;Urkunden;1;1471;1471;0;StaAKr-0420;;;buerger;;
wolfgang_swenter;Wolfgang Swenter;Urkunden;1;1526;1526;0;StaAKr-0671f;;;buerger;;
wolfgang_tanckl;Wolfganng Tanckl;Bürgerbuch;1;1552;1552;0;;BB-0442;;buerger;;
wolfgang_teibler;Wolfganng Teibler;Bürgerbuch;2;1560;1560;0;;BB-0825|BB-0847;;buerger;Fleischhacker;
wolfgang_thuermer;Wolfgang Thuermer;Bürgerbuch;1;1559;1559;0;;BB-0786;;buerger;Hutmacher;
wolfgang_thuerner;Wolfgang Thuerner;Bürgerbuch;1;1559;1559;0;;BB-0792;;buerger;Nadler;
wolfgang_thurner;Wolfgang Thurner;Bürgerbuch;1;1560;1560;0;;BB-0820;;buerger;Schuster;
wolfgang_trebinger;Wolfgang Trebinger;Urkunden;1;1482;1482;0;StaAKr-0462;;;buerger;;
wolfgang_tuerk;Wolfgang Türk;Urkunden;1;1511;1511;0;StaAKr-0581;;;buerger;;
wolfgang_tuermer;Wolfganng Tuermer;Bürgerbuch;1;1552;1552;0;;BB-0473;;buerger;Schuster;
wolfgang_tungmaier;Wolfgang Tungmaier;Urkunden;1;1528;1528;0;StaAKr-0698a;;;buerger;;
wolfgang_vautler;Wolfganng Vautler;Bürgerbuch;1;1554;1554;0;;BB-0588;;buerger;Zimmermann;
wolfgang_von_roggendorf;Wolfgang von Roggendorf;Urkunden;1;1532;1532;0;StaAKr-0724;;;adel;;
wolfgang_von_rukchendorf;Wolfgang von Rukchendorf;Urkunden;1;1451;1451;0;StaAKr-0304;;;buerger;;
wolfgang_von_stokchern;Wolfgang von Stokchern;Urkunden;1;1451;1451;0;StaAKr-0304;;;buerger;;
wolfgang_von_wallsee;Wolfang von Wallsee|Wolfgang von Wallsee;Urkunden;6;1454;1463;9;StaAKr-0325|StaAKr-0329|StaAKr-0338|StaAKr-0355|StaAKr-0356|StaAKr-0396;;;adel;;
wolfgang_wazl;Wolffganng Wazl;Bürgerbuch;1;1536;1536;0;;BB-0017;;buerger;;
wolfgang_weber;Wolfgang Weber;Urkunden;1;1526;1526;0;StaAKr-0674;;;buerger;;
wolfgang_wehenwarter;Wolfgang Wehenwarter;Urkunden;1;1452;1452;0;StaAKr-0311;;;buerger;;
wolfgang_weichler;Wolfganng Weichler;Bürgerbuch;1;1560;1560;0;;BB-0827;;buerger;Maurer;
wolfgang_weyspot;Wolfgang Weyspot;Urkunden;5;1432;1433;1;StaAKr-0235|StaAKr-0237|StaAKr-0241|StaAKr-0242|StaAKr-0243;;;buerger;;
wolfgang_wintberger;Wofgang Wintperger|Wolfgang Wintberger;Urkunden;3;1508;1517;9;StaAKr-0578|StaAKr-0593|StaAKr-0596;;;buerger;;
wolfgang_wisinger;Wolfgang Wiesinger|Wolfgang Wisinger;Urkunden;3;1523;1549;26;StaAKr-0802|StaAKr-0811|StaAKr-0640a;;;buerger;;
wolfgang_wittiber;Wolfgang Wittiber|Wolfgangen Wittiber;Urkunden;3;1526;1537;11;StaAKr-0670e|StaAKr-0671e|StaAKr-0774a;;;buerger;;
wolfgang_zehendhuber;Wolfgang Zehendhuber;Urkunden;1;1512;1512;0;StaAKr-0581a;;;buerger;;
wolfgang_zeuchpaur;Wolfganng Zeuchpaur;Bürgerbuch;1;1551;1551;0;;BB-0383;;buerger;;
wolfgang_ziegler;Wolffganng Ziegler;Bürgerbuch;2;1549;1555;6;;BB-0291|BB-0599;;buerger;;
wolfgang_zirisues;Wolfganng Zirisues|Wolfganng Zirisuesz;Bürgerbuch;2;1551;1551;0;;BB-0400|BB-0416;;buerger;;
wolfgangen_1546;Wolfgangen;Urkunden;1;1546;1546;0;StaAKr-0795;;;buerger;;
wolfgangen_haidlberger;Wolfgangen Haidlberger|Wolfgangen Haidlperger;Urkunden;2;1526;1527;1;StaAKr-0676|StaAKr-0690;;;buerger;;
wolfhart_pibracher;Wolfhart Pibracher;Urkunden;2;1391;1391;0;StaAKr-0071|StaAKr-0072;;;buerger;;
wolfhartin_von_mautern;Wolfhartin von Mautern;Urkunden;1;1300;1300;0;StaAK-UrkKr-0005;;;buerger;;
wuelfing_lichtenegker;Wülfing Lichtenegker;Urkunden;1;1447;1447;0;StaAKr-0293;;;buerger;;
wunderlich;Wunderlich;Bürgerbuch;1;1555;1555;0;;BB-0645;;buerger;;
zacharias_krauss;Zacheriasz Khreusz;Bürgerbuch;1;1571;1571;0;;BB-1391;;buerger;Bäcker;
zacharias_penelginger;Zacharias Penelginger;Urkunden;1;1485;1485;0;StaAKr-0496;;;buerger;;
zacharias_rauch;Achazier Rauch;Bürgerbuch;1;1567;1567;0;;BB-1214;;buerger;Lederer;
zacharias_schutz;Zacharias Schuz;Bürgerbuch;1;1582;1582;0;;BB-1928;;buerger;Zinngießer;
zacharias_seiz;Zachariaß Seiz;Bürgerbuch;1;1624;1624;0;;BB-2779;;buerger;;
zacharias_wenigl;Zacharias Wenigl;Bürgerbuch;1;1602;1602;0;;BB-2378;;buerger;Schulmeister;
zacharys_weingl;Zacharys Weingl;Bürgerbuch;1;1616;1616;0;;BB-2629;;buerger;;
zdenko_von_sternberg;Zdenko von Sternberg;Urkunden;2;1464;1464;0;StaAKr-0400|StaAKr-0402;;;adel;;
zelem_dopowitz;Zelem Dopowitz;Urkunden;1;1474;1474;0;StaAKr-0429;;;buerger;;
zimprecht_baier;Zimprecht Baier;Bürgerbuch;1;1547;1547;0;;BB-0234;;buerger;;
zacharias_hauerwassen;Zacharias Hauerwassen*;Verlassenschaftsinventare;1;1671;1671;0;;;VI-0001;buerger;Äußerer Rat, Wirt;
matthias_schmidt_2;Matthias Schmidt;Verlassenschaftsinventare;1;1671;1671;0;;;VI-0002;buerger;Schmied;
judith_walcherin;Judith Walcherin;Verlassenschaftsinventare;1;1671;1671;0;;;VI-0003;buerger;Eisenhändlerin;
nicolaus_grollickh;Nicolaus Grollickh*;Verlassenschaftsinventare;1;1672;1672;0;;;VI-0004;buerger;Tuchmacher;
clara_rosina_millerin_vorhin_scharrerin;Clara Rosina Millerin, vorhin Scharrerin;Verlassenschaftsinventare;1;1672;1672;0;;;VI-0005;buerger;Witwe;
hanns_georg_masko;Hanns Georg Masko;Verlassenschaftsinventare;1;1672;1672;0;;;VI-0006;buerger;Innerer Rat;
elisabetha_jaeritschin_geborene_wengerin;Elisabetha Järitschin, geborene Wengerin*;Verlassenschaftsinventare;1;1672;1672;0;;;VI-0007;buerger;Handelsfrau;
paul_loivrechten;Paul Loivrechten;Verlassenschaftsinventare;1;1673;1673;0;;;VI-0008;buerger;Fleischhacker;
philipp_jacob_scherrer;Philipp Jacob Scherrer;Verlassenschaftsinventare;1;1673;1673;0;;;VI-0009;buerger;Schneider;
sabina_engelhartin_vorhero_spoeckherin;Sabina Engelhartin, vorhero Spöckherin;Verlassenschaftsinventare;1;1673;1673;0;;;VI-0010;buerger;;
philipp_gabriel_kripp_es;Philipp Gabriel Kripp(es);Verlassenschaftsinventare;1;1674;1674;0;;;VI-0011;buerger;Innerer Rat;
veit_pockh;Veit Pockh;Verlassenschaftsinventare;1;1675;1675;0;;;VI-0012;buerger;Lederer;
adam_hoechenauer;Adam Höchenauer;Verlassenschaftsinventare;1;1675;1675;0;;;VI-0013;buerger;Fasszieher;
johann_mayr;Johann Mayr;Verlassenschaftsinventare;1;1675;1675;0;;;VI-0014;buerger;Eisenhändler;
veit_hochstoetter;Veit Hochstötter;Verlassenschaftsinventare;1;1675;1675;0;;;VI-0015;buerger;Schlosser;
anna_regina_altmanin_hievor_kippesin;Anna Regina Altmanin, hievor Kippesin;Verlassenschaftsinventare;1;1675;1675;0;;;VI-0016;buerger;;
elias_wagner;Elias Wagner*;Verlassenschaftsinventare;1;1676;1676;0;;;VI-0017;buerger;Gschmeidler;
anna_christina_liechin;Anna Christina Liechin;Verlassenschaftsinventare;1;1677;1677;0;;;VI-0018;buerger;Schlosserin;
nicolaus_egermayr;Nicolaus Egermayr;Verlassenschaftsinventare;1;1677;1677;0;;;VI-0019;buerger;Branntweiner;
martin_graff;Martin Graff;Verlassenschaftsinventare;1;1678;1678;0;;;VI-0020;buerger;Schulmeister;
sophia_schmaelzlin;Sophia Schmälzlin;Verlassenschaftsinventare;1;1678;1678;0;;;VI-0021;buerger;Sporrerin;
simon_baertl;Simon Bärtl;Verlassenschaftsinventare;1;1678;1678;0;;;VI-0022;buerger;Schiffmeister;
andre_ambstoetter;Andre Ambstötter;Verlassenschaftsinventare;1;1679;1679;0;;;VI-0023;buerger;Innerer Rat;
bartholomaeus_eggartner;Bartholomäus Eggartner;Verlassenschaftsinventare;1;1679;1679;0;;;VI-0024;buerger;Innerer Rat;
christoph_scharnagl;Christoph Scharnagl;Verlassenschaftsinventare;1;1679;1679;0;;;VI-0025;buerger;Innerer Rat;
andre_maximilian_fleischer;Andre Maximilian Fleischer;Verlassenschaftsinventare;1;1690;1690;0;;;VI-0026;buerger;Äußerer Rat;
karl_wengemayr;Karl Wengemayr;Verlassenschaftsinventare;1;1690;1690;0;;;VI-0027;buerger;Greißler;
bartholomaeus_eggartner_2;Bartholomäus Eggartner*;Verlassenschaftsinventare;1;1690;1690;0;;;VI-0028;buerger;Innerer Rat;
matthias_raittner;Matthias Raittner;Verlassenschaftsinventare;1;1691;1691;0;;;VI-0029;buerger;;
sebastian_conrad_scharrer;Sebastian Conrad Scharrer;Verlassenschaftsinventare;1;1691;1691;0;;;VI-0030;buerger;Äußerer Rat;
georg_andre_rabrath;Georg Andre Rabrath;Verlassenschaftsinventare;1;1691;1691;0;;;VI-0031;buerger;Jurist, Stadtschreiber;
anna_catharina_schoenthanin_hievor_leutmanslehnerin;Anna Catharina Schönthanin, hievor Leutmanslehnerin;Verlassenschaftsinventare;1;1692;1692;0;;;VI-0032;buerger;Äußerer Rat;
anna_catharina_schoenthanin_hievor_leutmanslehnerin_2;Anna Catharina Schönthanin, hievor Leutmanslehnerin*;Verlassenschaftsinventare;1;1693;1693;0;;;VI-0033;buerger;Äußerer Rat;
johann_daniel_piath;Johann Daniel Piath*;Verlassenschaftsinventare;1;1694;1694;0;;;VI-0034;buerger;Pfundlederer;
martin_freysleben;Martin Freysleben;Verlassenschaftsinventare;1;1694;1694;0;;;VI-0035;buerger;Müller;
elias_muth;Elias Muth;Verlassenschaftsinventare;1;1694;1694;0;;;VI-0036;buerger;Innerer Rat;
catharina_sutterin;Catharina Sutterin;Verlassenschaftsinventare;1;1695;1695;0;;;VI-0037;buerger;;
hans_georg_lang;Hans Georg Lang;Verlassenschaftsinventare;1;1695;1695;0;;;VI-0038;buerger;;
margaret_khuermerin;Margaret Khürmerin;Verlassenschaftsinventare;1;1696;1696;0;;;VI-0039;buerger;Kamplmacherin;
eva_fridrichin;Eva Fridrichin;Verlassenschaftsinventare;1;1698;1698;0;;;VI-0040;buerger;;
andre_liechtenschopf;Andre Liechtenschopf;Verlassenschaftsinventare;1;1699;1699;0;;;VI-0041;buerger;Schneider;
anton_niglbaur;Anton Niglbaur;Verlassenschaftsinventare;1;1710;1710;0;;;VI-0042;buerger;Maler;
salomon_ebeller;Salomon Ebeller;Verlassenschaftsinventare;1;1711;1711;0;;;VI-0043;buerger;Schneidermeister;
barbara_khlapfenbergerin;Barbara Khlapfenbergerin;Verlassenschaftsinventare;1;1713;1713;0;;;VI-0044;buerger;Fleischhackerin;
franz_grienauer;Franz Grienauer;Verlassenschaftsinventare;1;1713;1713;0;;;VI-0045;buerger;Fassziehermeister;
anna_maria_muehrin;Anna Maria Muehrin;Verlassenschaftsinventare;1;1713;1713;0;;;VI-0046;buerger;;
maria_magdalena_wolfin_hievor_reinprechtin;Maria Magdalena Wolfin, hievor Reinprechtin;Verlassenschaftsinventare;1;1713;1713;0;;;VI-0047;buerger;Müllerin;
eva_catharina_daunterlaunin;Eva Catharina Daunterlaunin;Verlassenschaftsinventare;1;1714;1714;0;;;VI-0048;buerger;Bindermeisterin;
maria_dorothea_schwaighoferin_geweste_von_trebersburg;Maria Dorothea Schwaighoferin, geweste von Trebersburg;Verlassenschaftsinventare;1;1714;1714;0;;;VI-0049;buerger;Witwe Innerer Rat;
maria_eggerin;Maria Eggerin;Verlassenschaftsinventare;1;1714;1714;0;;;VI-0050;buerger;Schiffknechtin;
georg_wilhelm_penhell_und_seine_frau_maria_barbara;Georg Wilhelm Penhell und seine Frau Maria Barbara*;Verlassenschaftsinventare;1;1715;1715;0;;;VI-0051;buerger;Tuchhändler;
maria_barbara_weinzierlin;Maria Barbara Weinzierlin;Verlassenschaftsinventare;1;1715;1715;0;;;VI-0052;buerger;Pfaidlerin;
anna_maria_grabenbergerin;Anna Maria Grabenbergerin;Verlassenschaftsinventare;1;1715;1715;0;;;VI-0053;buerger;Witwe Stadtrichter;
eva_maria_krackherin;Eva Maria Krackherin;Verlassenschaftsinventare;1;1715;1715;0;;;VI-0054;buerger;Riemerin;
eva_zwickhin;Eva Zwickhin;Verlassenschaftsinventare;1;1716;1716;0;;;VI-0055;buerger;;
hanns_sinthaler;Hanns Sinthaler;Verlassenschaftsinventare;1;1716;1716;0;;;VI-0056;buerger;Greißler;
hanns_garttler_und_seine_frau_maria_magdalena;Hanns Garttler und seine Frau Maria Magdalena*;Verlassenschaftsinventare;1;1716;1716;0;;;VI-0057;buerger;Hauer;
judith_catharina_schaezbergerin;Judith Catharina Schäzbergerin;Verlassenschaftsinventare;1;1717;1717;0;;;VI-0058;buerger;;
anna_rosina_beerin_hievor_eysin;Anna Rosina Beerin, hievor Eysin;Verlassenschaftsinventare;1;1717;1717;0;;;VI-0059;buerger;;
barbara_regina_lindnerin_gebohrne_rieblin;Barbara Regina Lindnerin, gebohrne Rieblin;Verlassenschaftsinventare;1;1718;1718;0;;;VI-0060;buerger;Hauerin;
michael_thalhammer;Michael Thalhammer;Verlassenschaftsinventare;1;1718;1718;0;;;VI-0061;buerger;Wirt;
bartholomaeus_plesch;Bartholomäus Plesch;Verlassenschaftsinventare;1;1718;1718;0;;;VI-0062;buerger;Greißler;
christoph_poegner;Christoph Pögner;Verlassenschaftsinventare;1;1719;1719;0;;;VI-0063;buerger;Wirt;
johann_joseph_probstl;Johann Joseph Probstl;Verlassenschaftsinventare;1;1719;1719;0;;;VI-0064;buerger;Eisenhändler;
anna_sophia_gindlin;Anna Sophia Gindlin;Verlassenschaftsinventare;1;1719;1719;0;;;VI-0065;buerger;;
zacharias_anschiringer;Zacharias Anschiringer;Verlassenschaftsinventare;1;1719;1719;0;;;VI-0066;buerger;Bindermeister;
maria_salome_raebsaellin;Maria Salome Räbsällin;Verlassenschaftsinventare;1;1719;1719;0;;;VI-0067;buerger;;
barbara_steindlin;Barbara Steindlin;Verlassenschaftsinventare;1;1719;1719;0;;;VI-0068;buerger;Hauerin;
