signatur;datum;datum_normiert;datum_unsicher;jahr;orte;orte_unsicher;regest;personen;personen_id;personen_unsicher;kategorien;unsicherheit_anmerkung;foto_ordner
StaAKr-0001;1108 IX 6;1108_09_06;nein;1108;Tulln|Göttweig|Mautern an der Donau;nein;1108 IX 6, Tulln König Heinrich V. schenkt dem Stifte Götweig die Insel Mautarnergmerk auf der Donau Source Regest: Harry Kühnel, Stadtarchiv Krems. Urkunden 1108-1844 (Krems 1960);Heinrich V.;heinrich_v;nein;Religion|Vermögen und Finanzen;;StaAKr-0001
StaAKr-0001a;1214;1214_00_00;ja;1214;Passau|Gobelsburg|Haindorf bei Langenlois|Grafendorf bei Gobelsburg|Zeiselberg bei Gobelsburg;nein;1214, Krems Bischof Manegold von Passau gestattet mit Zustimmung des Dechants Konrad von Krems, daß in der Kapelle von Gobelsburg. Haindorf Grafendorf und Zeiselberg pfarrkirliche Funktionen ausgeübt werden können. Source Regest: Harry Kühnel, Stadtarchiv Krems. Urkunden 1108-1844 (Krems 1960);Manegold von Passau|Konrad von Krems;manegold_von_passau|konrad_von_krems;nein;Religion;Datierung unsicher: Nur Jahresangabe im Quellentext überliefert, kein exaktes Tages-/Monatsdatum.;StaAKr-0001a
StaAKr-0001b;um 1230;1230_00_00;ja;1230;Marquartsurfar|St. Georgen an der Traisen;ja;um 1230, Krems Vergleich zwischen dem Dechant Konrad von Krems und dem Probst von St.Georgen über die Kirche in Marquensurfar. Source Regest: Harry Kühnel, Stadtarchiv Krems. Urkunden 1108-1844 (Krems 1960);Konrad;konrad_1230;nein;Religion;"Ortsidentifikation unsicher: Marquartsurfar (nicht eindeutig aus dem Regest-Text ableitbar) | Datierung unsicher: Nur ungefähre Datierung (""um 1230"") überliefert, kein exaktes Jahr.";StaAKr-0001b
StaAKr-UrkKr-0002;1250;1250_00_00;ja;1250;Krems;nein;1250, Krems ( in Chrembs ) Die Bürgerschaft von Krems und Stein ( universitas civium in Chrembs et in Stain ) stimmt zu ( arbitramur ), alle Freiheiten und Rechte ( omnem libertatem et singula iura ), die Kaiser Heinrich [II.] der Kirche St. Veit in Krems ( ecclesiam Sancti Viti in Chrembs ) gegeben hat, wie sie in den Privilegien des Kaisers ( ipsius regali privilegis ) festgeschrieben sind, anzuerkennen, da der Patron und das Seelenheil erfordern, dieser Sache angemessene Anerkennung ( condignam reverentiam totis viribus ) entgegenzubringen. Source Regest: Stadtarchiv Krems, 2020.;Heinrich II.;heinrich_ii;nein;Politik|Religion;Datierung unsicher: Nur Jahresangabe im Quellentext überliefert, kein exaktes Tages-/Monatsdatum.;StaAKr-UrkKr-0002
StAK-UrkKr-0002a;1259 XI 17;1259_11_17;nein;1259;Emmersdorf an der Donau;nein;1259 XI 17, Krems ( Chrembs ) König Ottokar [II. Premysl] von Böhmen erteilt ( duximus faciendam ) aus Freigiebigkeit und Gnade ( libertatem et gratiam ) allen Untertanen von Emmersdorf an der Donau ( universis hominibus suis in Eymersdorf ) aufgrund ihrer Not und Schwierigkeiten ( deffectus varios et pressuras ) alle Rechte ( omnibus iuribus ) vollständig und ohne Abschläge ( ex integro et in pleno ), wie sie die die Städte Krems und Stein ( quo gaudent in Chrems et in Steyn ) auf der Donau ( super danubio ) innehaben. Die Begünstigten sollen alle verliehenen Rechte ungestört genießen. Source Regest: Stadtarchiv Krems, 2020.;Ottokar II.;premysl_ottokar_ii;nein;Politik|Rechtswesen;;StAK-UrkKr-0002a
StAK-UrkKr-0003;1277 VI 12;1277_06_12;nein;1277;Wien|Krems;nein;1277 VI 12 [Insert] / 1472 II 5 [Vidimus], Wien (Wienne) [Insert] / Wien (Wienn) [Vidimus] Matthias, Abt des Schottenstifts in Wien, vidimiert (geben ... unser Vidimus) Bürgermeister, Rat und der gesamten Bürgerschaft der Stadt Krems (Krembs) auf deren Bitten die im Volltext inserierte Urkunde König Rudolfs [I.], nachdem die Supplikanten die lateinische Pergamenturkunde durch einen Boten (sanndtpoten) an den Aussteller überbringen haben lassen, damit dieser sie rechtsmäßig beglaubige (ware zeugnu?ss und vidimus u?nder u?nnserm Insigil geben), sobald er sie gelesen und für echt (in geschrifft und Insigiln gerechten) befunden hat. Insert: König Rudolf [I.] verleiht (duximus concedendam) der Bürgerschaft von Krems (Cives de Chrembsa) aufgrund von deren bedingungsloser Treue und der Unerschütterlichkeit ihrer Demut, die die Begünstigten gegenüber König und Reich entgegengebracht haben, und auch, da der Aussteller aufgrund der Not und den Beschädigungen der Stadt (civitatisque ipsorum indigneciam et ruinam) Mitleid empfindet (compatimur), alle Rechte, Freiheiten und Zugehörungen (iuribus, libertatibus et eiusdem attinentiis universis) auf der steinernen Mautbrücke (Mutam Pontis sublapide) in Krems, solange sie diese für den Schutz und die Befestigung der Stadt (munienda sive firmanda ipsa Civitate) benötigen, sofern das durch die Maut eingenommene Geld (Mute Pecunia) durch ehrliche und treue Männern für nichts anderes als den Wiederaufbau und für ein einziges Jahr eingenommen wird. Siegler: der Aussteller. Quelle Regest: Stadtarchiv Krems, 2020.;Abt Matthias|Rudolf I.;abt_matthias|rudolf_i;nein;Politik|Stadt und Raum|Vermögen und Finanzen|Wirtschaft;;StAK-UrkKr-0003
StaAKr-0004;1295 X 28;1295_10_28;nein;1295;Passau;nein;1295 X 28, Krems Bischof Wernhard von Passau bestätigt die Erlaubnis des Dechants und Pfarrers Gottgfried von Krems, dass an dem wiedererrichteten Bürgerspitale daselbst ein Priester angestellte werden dürfe. Source Regest: Harry Kühnel, Stadtarchiv Krems. Urkunden 1108-1844 (Krems 1960);Wernhard von Passau|Gottgfried von Krems;wernhard_von_passau|gottgfried_von_krems;nein;Gesundheit|Religion|Soziales Leben;;StaAKr-0004
StAK-UrkKr-0004a;1296 XII 28;1296_12_28;nein;1296;Krems;nein;1296 XII 28, Krems ( in Chremsa ) Herzog Albrecht [I.] von Österreich bestätigt ( approbamus ) den Kürschnern in Krems ( cerdonum in Chrems ) die Rechte und rechtmäßigen Gewohnheiten ( iura et honestas consuetudines ), die sie bis dahin ehrbar geführt haben, und gewährt ( concedentes ) ihnen aus besonderer Gnade, das Privileg der Zunftbildung in ihrem Handwerk ( privilegio consortis seu fraternitatis in suo artificio ) zu genießen, dass, wenn jemand durch sie in die Zunft aufgenommen wird, ein Pfund Pfennige ( una libra denarum ) in die Lade der Ledererzunft ( ad cecham fraternitatis predictorum cerdonum ), ein Eimer ( urna ) Wein zur Verpflegung ( solacio ) sowie dem Stadtrichter ( iudici loci ), der zu dieser Zeit amtiert, ein halbes Pfund Pfennige ( dimidia libra denarum ) gegeben werden soll, auf dass er Mitglied ( particeps ) mit allen Rechten und Privilegien ( omnibus iuribus et graciis ) der Zunft sei. Source Regest: Stadtarchiv Krems, 2020.;Albrecht I.;albrecht_i;nein;Rechtswesen|Wirtschaft;;StAK-UrkKr-0004a
StaAK-UrkKr-0005;1300;1300_00_00;ja;1300;Mautern an der Donau;nein;Anfang des 14. Jhdts. Zinsrotel mit einem Verzeichnis jener Untertanen in der Stadt Krems , die zu Michaelis Burgrecht ( pue?rchrecht ) den Kranken ( siechen ) [im Bürgerspital der Stadt Krems ] übergibt. Genannt sind Heinrich der Ircher , Seifried der Keller ( Celler ), Rudolf der Kramer ( chramer ), Rudlein Zoller , Rudolf der Pech , das Stift Zwettl ( hern von Zwetel ), Berthold der Schneider ( Sneider ), der lange Walchun , der Grabmeister , das Unghaurn -Haus, der Salman -Keller, der Zaizmaer , Konrad der Durst ( Du?rst ), Andreas Mühldorfer ( Muldorfer ), Friedrich der Haller , der Pausman , erneut Rudolf der Pech , Friedrich der Eisner , Heinrich der Harmlast , Otto der Salzmann ( Salzman ), Peter , Hildebrand ( Hilprant ), Rewein , Friedrich der Stein ( Stain ), Konrad der Öler , Ulrich von St. Michael ( sand Michel ), Frenchin von Radendorf , Gerbirg Leubserin , Rudel Pofla , Ludwig in dem alten Spital , die Zuntin , Albrecht der Ringberger ( Ringwerger ), die Ehefrau von Otto Pech, Seidel die Ehefrau von Seifried Hartsaid, Ulrich Misenwech, Thomas der Floßhacker (Vlezhacher), die Zwaimanin, die krumme (chrump) Weberin, Berthold Wagenknecht (wagenchnecht), der Stichler, der Gefsl, Gisela Graserin, Eberhard in der Chue, die Ulreichin, der reiche Ulrich, Peter der Neustift, Seifried der Sohn von Rüdiger, Heinrich der Gereuter (Chreuter), der Manichman, Dietmar Prenner, Berthold der Part, der Parss, der Seefelder (Sevelder), Otto der Chransperger, Markhard der Rent, die Marincherin, Rapoto der Prenner, Heinrich der Sohn von Gottschalk, der Graniwan, Wolfhartin von Mautern (Meutarn), Lehentz Reinold, Heinrich der Chunter, Hildebrand der Junge, der Westerburger, Otto der Führer (Fuerer), die Herbortin, der Alram sowie Ulrich Gerler. Quelle Regest: Stadtarchiv Krems, 2020.;Heinrich Ircher|Seifried Keller|Rudolf Kramer|Rudlein Zoller|Rudolf der Pech|Berthold Schneider|Walchun|Konrad Durst|Andreas Mühldorfer|Friedrich Haller|Friedrich Eisner|Heinrich Harmlast|Otto Salzmann|Peter|Hildebrand|Rewein|Friedrich Stein|Konrad Öler|Ulrich von St. Michael|Frenchin von Radendorf|Gerbirg Leubserin|Rudel Pofla|Ludwig|Albrecht Ringberger|Otto Pech|Seidel|Seifried Hartsaid|Ulrich Misenwech|Thomas Floßhacker|Berthold Wagenknecht|Gisela Graserin|Eberhard|Ulrich|Peter Neustift|Seifried|Rüdiger|Heinrich Gereuter|Dietmar Prenner|Berthold Part|Otto Chransperger|Markhard Rent|Rapoto Prenner|Heinrich|Gottschalk|Wolfhartin von Mautern|Lehentz Reinold|Heinrich Chunter|Hildebrand Junge|Otto Führer|Alram|Ulrich Gerler;heinrich_ircher|seifried_keller|rudolf_kramer|rudlein_zoller|rudolf_der_pech|berthold_schneider|walchun_1300|konrad_durst|andreas_muehldorfer|friedrich_haller|friedrich_eisner|heinrich_harmlast|otto_salzmann|peter_1300|hildebrand_1300|rewein_1300|friedrich_stein|konrad_oeler|ulrich_von_st_michael|frenchin_von_radendorf|gerbirg_leubserin|rudel_pofla|ludwig_1300|albrecht_ringberger|otto_pech|seidel_1300|seifried_hartsaid|ulrich_misenwech|thomas_flosshacker|berthold_wagenknecht|gisela_graserin|eberhard_1300|ulrich_1300|peter_neustift|seifried_1300|ruediger_1300|heinrich_gereuter|dietmar_prenner|berthold_part|otto_chransperger|markhard_rent|rapoto_prenner|heinrich_1300|gottschalk_1300|wolfhartin_von_mautern|lehentz_reinold|heinrich_chunter|hildebrand_junge|otto_fuehrer|alram_1300|ulrich_gerler;nein;Gesundheit|Soziales Leben|Vermögen und Finanzen;Datierung unsicher: Nur Jahresangabe im Quellentext überliefert, kein exaktes Tages-/Monatsdatum.;StaAK-UrkKr-0005
StaAKr-0006;1301 IV 22;1301_04_22;nein;1301;Sankt Pölten|Passau;nein;1301 IV 22, St. Pölten Bischof Wernhard von Passau gewährt zu Ehren der heil. Maria einen Ablass und lässt diesen durch Dechant Gotfried im Kremser Dechanat verkünden. Source Regest: Harry Kühnel, Stadtarchiv Krems. Urkunden 1108-1844 (Krems 1960);Wernhard von Passau|Dechant Gotfried;wernhard_von_passau|dechant_gotfried;nein;Religion;;StaAKr-0006
StaAKr-0007;1305 VI 24;1305_06_24;nein;1305;Wien;nein;1305 VI 24, Wien Herzog Rudolf III. betätigt den Städten Krems und Stein ihre alte Rechte und verleiht ihnen die Rechte der Stadt Wien. Source Regest: Harry Kühnel, Stadtarchiv Krems. Urkunden 1108-1844 (Krems 1960);Rudolf III.;rudolf_iii;nein;Politik|Rechtswesen;;StaAKr-0007
StaAKr-0008;1305 VI 24;1305_06_24;nein;1305;Wien;nein;1305 VI 24, Wien Herzog Rudolf III. gibt den Städten Krems und Stein die Rechte der Wiener Bürger Source Regest: Harry Kühnel, Stadtarchiv Krems. Urkunden 1108-1844 (Krems 1960);Rudolf III.;rudolf_iii;nein;Politik|Rechtswesen;;StaAKr-0008
StaAKr-0873;1305 VI 24;1305_06_24;nein;1305;Wien;nein;1305 VI 24, Wien Herzog Rudolf III. verleiht den Städten Krems und Stein das Wiener Stadtrecht von 1278 (Stadtrecht II).;Rudolf III.;rudolf_iii;nein;Politik|Rechtswesen;;StaAKr-0873
StAK-Stein-2000;1305 VI 24;1305_06_24;nein;1305;Krems|Stein;nein;Herzg Rudolf III. bestätigt die Rechte der Städte Krems und Stein und verleiht diesen außerdem das Wiener Stadtrecht.;Rudolf III.;rudolf_iii;nein;Politik|Rechtswesen;;StAK-Stein-2000
StAKr-UrkKr-0009;1314 VII 1;1314_07_01;nein;1314;Mautern an der Donau|Passau;nein;1314 VII 1, Mautern (Mautarn) Bischof Wernhard ( W[ern]hardus ) von Passau erteilt einen Ablass ( relaxamus ) an alle diejenigen, die die Frauenbergkirche in Krems ( ecc[lesi]am beate v[ir]ginis in Chrems in monte ), die zur Diözese Passau gehört ( Pat[aviensis] dyocesis ), an den vier Marienfesten ( in quatuor festivitatibus glo[rio]se v[ir]ginis Marie ) und am Jahrestag der Kircheneinweihung besuchen. Dieser Ablass umfasst vierzig Tage ( quadraginta dies c[ri]minaliu[m] ). Weiters bestätigt ( confirmantes ) der Aussteller alle Ablässe, die seine Vorgänger, die ehrenwerten Erzbischöfe und Bischöfe dieser kirche ( Passau ) gewährt haben. reverendi archiep[iscop]i et ep[iscopi] p[re]d[i]c[t]e Ecc[lesi]e ) gewährt haben. Source Regest: Rosa Magits, September 2024;Wernhard von Passau;wernhard_von_passau;nein;Religion;;StAKr-UrkKr-0009
StAKr-UrkKr-0010;1314 VII 1;1314_07_01;nein;1314;Passau;nein;1314 VII 1, Mautern ( Mautarn ) Bischof Wernhard ( W[er]nhardus ) von Passau erteilt einen Ablass ( relaxamus ) an diejenigen, die die St.-Veits-Kirche in Krems ( Ecc[lesi]am beati Viti in Chrems ) am Tag der Kirchenpatrone, am Jahrestag der Einweihung und den zur Kirche gehörigen Friedhof und Karner ( cimiteriu[m] seu carnariu[m] d[i]c[t]e ecc[lesi]e ) am Montag ( secunda feria ) besuchen, um für die Verstorbenen zu beten. Dieser Ablass umfasst vierzig Tage ( Quadraginta dies c[ri]minaliu[m] ). Weiters bestätigt ( confirmantes ) der Aussteller alle Ablässe, die seine Vorgänger, die ehrenwerten Erzbischöfe und Bischöfe von Passau ( reverendi patres d[omi]ni Archiep[iscop]i et ep[iscop]i ) gewährt haben. Source Regest: Rosa Magits, September 2024.;Wernhard von Passau;wernhard_von_passau;nein;Religion;;StAKr-UrkKr-0010
StAK-UrkKr-0011;1322 III 12;1322_03_12;nein;1322;Baumgartenberg;nein;1322 III 12 [1322 IV 24?] Markhard ( Marichart ), Bürger von Krems auf der Hülben ( Huliben ), stiftet ( geben han ) mit Zustimmung seiner Frau Mechthild ( Matz ), seiner Tochter Elisabeth ( Elspeten ) und seinem Sohn Konrad ( Chunras ) dem Kloster Baumgartenberg ( Powngartenperig ) seine Hofstatt auf der Hülben, die er von den Juden gekauft hat, zu Seelgerät, unter der Bedingung, dass die Hofstatt zu seinen Lebzeiten und denen seiner genannten Familienmitglieder noch ihnen gehören soll, nach dem Tod aller aber ungehindert an das Kloster fällt. Siegler: Leopold auf dem Markt , Stadtrichter von Krems und Stein . Zeugen: Bartholomä , Rudolf der Mocz , Lorenz von Urfahr , Konrad der Rote , Bernhard der Ramungch , Ulrich im Baumgartenbergerhof , Konrad im Waldhauserhof , Ulrich der Kremser . Source Regest: Stadtarchiv Krems, 2020.;Markhard Hülben|Mechthild Hülben|Elisabeth Hülben|Konrad Hülben|Leopold Markt|Bartholomä|Rudolf der Mocz|Lorenz von Urfahr|Konrad der Rote|Bernhard Ramungch|Ulrich Baumgartenbergerhof|Konrad Waldhauserhof|Ulrich Kremser;markhard_huelben|mechthild_huelben|elisabeth_huelben|konrad_huelben|leopold_markt|bartholomae_1322|rudolf_der_mocz|lorenz_von_urfahr|konrad_der_rote|bernhard_ramungch|ulrich_baumgartenbergerhof|konrad_waldhauserhof|ulrich_kremser;nein;Religion|Stadt und Raum|Vermögen und Finanzen;;StAK-UrkKr-0011
StaAKr-0012;1325 III 31;1325_03_31;nein;1325;Rom, Italien;nein;1325 III 31, Rom Bischof Jakob von Mothone und Bischof Stephan von Vemo verleihen auf Bitten des Kremser Bürgers Bartlolomeus den Besuchern der Kirche zum hl. Veit in Krems für bestimmte Fasttage einen 40 tägigen Ablass. Source Regest: Harry Kühnel, Stadtarchiv Krems. Urkunden 1108-1844 (Krems 1960);Jakob von Mothone|Stephan von Vemo|Bartlolomeus;jakob_von_mothone|stephan_von_vemo|bartlolomeus_1325;nein;Religion;;StaAKr-0012
StAKr-UrkKr-0013;1331 X 6;1331_10_06;nein;1331;Krems;nein;1331 X 6, Stein ( in Stain ) Bischof Theodor ( Theoder[us] ) von Dionysia ( Dyonisien[sis] ) aus dem Zisterzienserorden gewährt ( relaxamus ) denjenigen, die die Frühmesse in der St.-Veit-Kirche in Krems ( in Eccl[es]ia sancti Viti Chremse ) besuchen oder sich dem Erhalt, der Beleuchtung und der Ausstattung der Kirche annehmen und beim Läuten der Abendglocken bestimmte Gebete sprechen, einen vierzigtägigen Ablass (quadraginta dies). Source Regest: Rosa Magits, 2024;Theodor von Dionysia;theodor_von_dionysia;nein;Religion;;StAKr-UrkKr-0013
StaAKr-0014;1337 IV 12;1337_04_12;nein;1337;Rom, Italien;nein;1337 IV 12, Rom Die Bischöfe Bonus von Calis und Uguitius von Sutri verleihen auf Bitten des Kremser Bürgers Johannes, den an bestimmten Heiligenfesten die Kirche zum hl. Veit und die Frauenkirche auf dem Berge zu Krems besuchenden einen 40 - tägigen Ablass. Source Regest: Harry Kühnel, Stadtarchiv Krems. Urkunden 1108-1844 (Krems 1960);Bischof Bonus von Calis|Bischof Uguitius von Sutri|Johannes;bischof_bonus_von_calis|bischof_uguitius_von_sutri|johannes_1337;nein;Religion;;StaAKr-0014
StAK-UrkKr-0015;1339 VII 13;1339_07_13;nein;1339;Wien;nein;1339 VII 13, Wien ( ze Wienne ) Herzog Albrecht [II.] von Österreich erklärt ( wöllen ) gegenüber seinem Kaplan, Propst Heinrich von Berchtesgaden, jetzt und in Zukunft alle Güter, die das Kloster in Österreich gekauft hat, vor Schaden ( gwalt ) und Unrecht zu schützen ( vogt unnd scherm sein ... fristen und  schirmen ). Siegler: der Aussteller. Source Regest: Stadtarchiv Krems, 2020.;Albrecht II.|Propst Heinrich von Berchtesgaden;albrecht_ii|propst_heinrich_von_berchtesgaden;nein;Rechtswesen|Religion|Vermögen und Finanzen;;StAK-UrkKr-0015
StAK-UrkKr-0016;1340 III 12;1340_03_12;nein;1340;Gneixendorf;nein;"1340 III 12 Leukhard ( Leukart ), die Witwe von Konrad Schuster ( Schu?zters ) am Korngries in Krems , verkauft ( verchauft han ) und bestätigt ( hab ... bestetigt ) mit Zustimmung all ihrer Erben und im Besitz ihrer Kräfte sowie mit Erlaubnis des Grundherrn ( pu?rchherren ), Bruder erbern ) mit Zustimmung all ihrer Erben und im Besitz ihrer Kräfte  sowie mit Erlaubnis des Grundherrn (pu?rchherren), Bruder Rüdiger ( Rueger ) von Aldersbach , derzeit Hofmeister im Aldersbacher Hof in Gneixendorf ) dem erbern Priester, dem alten Gneusendorf ) dem alten Bartholomäus ), um vier Pfund Wiener Pfennige ein halbes Pfund Wiener Pfennige auf ihrem Haus am Korngries, die jährlich am Martinstag an den jeweiligen Pfleger des Zwölf-Apostel-Altars ( Bertelmen ) abzuführen sind, um vier Pfund Wiener Pfennige. Das Geld soll zur jährlichen Erneuerung der Kerzen aufgewendet werden. Dem Aldersbacher Hof in Gneixendorf müssen jährlich zu Michaelis dreißig Wiener Pfennige abgeführt werden. Wird die Abgabe nicht am festgesetzten Tag entrichtet, verfällt der Kauf nach dem Burgrecht (so vervelt sich wandel dar auf, als purchrechts recht ist) und dem Gewohnheitsrecht in Österreich. Der jeweilige Pfleger des Zwölf-Apostel-Altars hat auch die Berechtigung (gewalt), die Ausstellerin oder den- oder diejenigen, die nach ihr Nutz und Gewähr am betreffenden Haus haben (in nutz und in gewer). Wenn die Ausstellerin ein anderes halbes Pfund kauft, das gesichert ist (pfenden). Wenn die Ausstellerin ein anderes halbes Pfund, das gesichert ist (daz als sicher un[d] als gewis leit), hat sie darauf uneingeschränkte Ansprüche und Rechte (voln gewalt und recht).Siegler: Rüdiger von Aldersbach; Dechant Konrad von Krems; Hans, Judenrichter von Krems mangels Siegel der Ausstellerin. Quelle Regest: Stadtarchiv Krems, 2020.";Leukhard Schuster|Konrad Schuster|Rüdiger von Aldersbach|Bartholomäus|Bertelmen|Dechant Konrad|Hans Judenrichter;leukhard_schuster|konrad_schuster_krems_1340|ruediger_von_aldersbach|bartholomaeus_1340|bertelmen_1340|dechant_konrad|hans_judenrichter;nein;Religion|Stadt und Raum|Vermögen und Finanzen;;StAK-UrkKr-0016
StAK-UrkKr-0017;1344 II 22;1344_02_22;nein;1344;Gneixendorf;nein;"1344 II 22 Peter Gottschalk ( Gotschalich ) und seine Ehefrau Sabine ( Sabey ), verkaufen und geben ( v[er]chauffet und gegeben haben ) und bestätigen ( haben ... bestett ) mit Zustimmung und Erlaubnis ( gunst ) aller Erben ihrem Grundherrn ( H[er]ren ), Dechant Konrad , sowie dessen Bruderschaft zu deren Ausstattung ( in ier tzech ) ein Pfund Wiener Pfennige ewige Gült ( gult ) um sieben Pfund Pfennige, die sie vollständig erhalten haben. Die Gült kommt mit Zustimmung des Bergmeisters ( P[er]chmaist[er]s ), Otto der Neukomm ( Neuchu?mes ), Bürger von Stein ( Stayn ), von einem Weingarten, der ein Joch groß ist und am Goldberg ) liegt und von dem jährlich zu Michaelis acht Pfennig Burgrecht ( Pu?rchrecht ) abzuführen sind, weiters von einem Weingarten am Helbling , der ein Joch groß ist und von dem jährlich fünf Pfennig Burgrecht abzuführen sind, und schließlich von einem Weingarten an gleicher Stelle ( da pei ), den man Lehrmeister ( Lermaist[er] ) nennt, drei Viertel groß ist und von dem jährlich zwei Pfennig zu entrichten sind. Für den Verkauf dieses Weingartens hat der Bergmeister, Bruder Engelhart, Hofmeister im Aldersbacherhof (Alderspekcher Hof) in Gneixendorf (Gnaeussendorf), seine Zustimmung erteilt. Von diesem sollen die Aussteller oder wer auch immer den Weingarten künftig innehat jährlich am Martinstag die Abgaben zahlen, andernfalls verfällt nach dem Burgrecht in Österreich der Kauf (v[er]vellet sich wandel dar auf nach Pu?rchrechtz recht). Die sieben Pfund, um die die Gült gekauft wurde, wurde der Bruderschaft für das Seelenheil des verstorbenen Hofmeisters Ulrich) und des gestiftet. Siegler: Wilhelm des Apothekers (Apoteker) (Wilhelm des Apothekers) gestiftet. Siegler: Wilhelm den Apotheker) gestiftet. Siegler: Apoteker) gestiftet. ÖsterreichSiegler: Otto der Neukomm; Bruder Engelhart; Jans von Weitra (Weyt[ra]), Jans von Weitra und Judenrichter von Krems (Chrems).Siegler: Otto der Neukomm; Bruder Engelhart; Jans von Weitra (Weyt[ra]), Richter und Judenrichter von Krems (Chrems). Quelle Regest: Stadtarchiv Krems, 2020.";Peter Gottschalk|Sabine Gottschalk|Dechant Konrad|Otto Neukomm|Bruder Engelhart|Hofmeister Ulrich|Wilhelm Apotheker|Jans von Weitra;peter_gottschalk|sabine_gottschalk|dechant_konrad|otto_neukomm|bruder_engelhart|hofmeister_ulrich|wilhelm_apotheker|jans_von_weitra;nein;Grund und Boden|Religion|Vermögen und Finanzen|Wirtschaft;;StAK-UrkKr-0017
StaAKr-0018;1344 VII 25;1344_07_25;nein;1344;Melk;nein;1344 VII 25, Krems Heinrich der Mager und Berta seine Frau schenken dem Spital zu Krems ihr Haus auf der Krems bei dem Brücklein sowie zwei Joch Weingärten, das eine auf der Melker Peunt, das andere auf der Haid, dafür gestattet ihnen der Rat, diese Güte zu benützen zur Verbesserung ihrer Pfründe, welche sie vom Spital beziehen. Source Regest: Harry Kühnel, Stadtarchiv Krems. Urkunden 1108-1844 (Krems 1960);Heinrich Mager|Berta Mager;heinrich_mager|berta_mager;nein;Soziales Leben|Stadt und Raum|Vermögen und Finanzen;;StaAKr-0018
StaAKr-0019;1344 XII 06;1344_12_06;nein;1344;Ybbs an der Donau;nein;1344 XII 06 Konrad der Schyller, Bürger zur Ybbs und Marta, seine Hausfrau verkaufen Heinrich dem Krautwuerm, Bürger zu Krems und seiner Gattin Jutta ihren Weingarten auf dem Weinzierlberg um 31 Pfund Pfen. Source Regest: Harry Kühnel, Stadtarchiv Krems. Urkunden 1108-1844 (Krems 1960);Konrad Schyller|Marta Schyller|Heinrich Krautwurm|Jutta Krautwurm;konrad_schyller|marta_schyller|heinrich_krautwurm|jutta_krautwurm;nein;Stadt und Raum|Vermögen und Finanzen|Wirtschaft;;StaAKr-0019
StaAKr-0020;1344 XII 21;1344_12_21;nein;1344;Rehberg bei Krems;nein;1344 XII 21 Konad der Sparenranft von Rehberg und sein Weib Gertrud schenken dem Spital Krems zu Ihrem Seelenheil 60 Pen. Gülten und zwei Eimer Weingülten, die jährlich von ihrem Weingarten an dem Pframbach, genannt das Gaertel zu entrichten sind. Source Regest: Harry Kühnel, Stadtarchiv Krems. Urkunden 1108-1844 (Krems 1960);Konad Sparenranft|Gertrud Sparenranft;konad_sparenranft|gertrud_sparenranft;nein;Religion|Soziales Leben|Vermögen und Finanzen|Wirtschaft;;StaAKr-0020
StaAKr-0021;1345 III 6;1345_03_06;nein;1345;Krems;nein;1345 III 6 Rudolf, Wilhelms Sohn und sein Weib Gertrud beurkunden, dass sie dem Spital zu Krems jährlich zu St. Martin 60 Pfen. Burgrecht von einem halben Joch Weingarten auf dem Oberen Wartberg dienen sollen, welches ihnen der Oberste Spitalmeister, Ulrich der Gärber um den genannten Zins überlassen hat Source Regest: Harry Kühnel, Stadtarchiv Krems. Urkunden 1108-1844 (Krems 1960);Rudolf Wilhelmssohn|Gertrud Wilhelmssohn|Ulrich Gärber;rudolf_wilhelmssohn|gertrud_wilhelmssohn|ulrich_gaerber;nein;Soziales Leben|Vermögen und Finanzen|Wirtschaft;;StaAKr-0021
StaAKr-0022;1347 III 11;1347_03_11;nein;1347;Krems;nein;"1347 III 11 Der Bürger Koloman von Stein verpflichtet sich eidlich, dem Rate und den Bürgern von Krems und Stein, dass er keinen irgendwie schädigen werde; sollte er es doch tun, so möge ihn der Stadtrichter rufen und strafen. Im Falle der Flucht, wäre er vogelfrei. Überdies dürfe er über ein Jahr hindurch im Burgfrieden beider Städte keine Waffen tragen (Urfehdebrief). Source Regest: Harry Kühnel, Stadtarchiv Krems. Urkunden 1108-1844 (Krems 1960)";Koloman von Stein;koloman_von_stein;nein;Politik|Rechtswesen;;StaAKr-0022
StaAKr-0023;1347 VIII 15;1347_08_15;nein;1347;Krems;nein;1347 VIII 15, Krems Heinrich der Schneider und seine Hausfrau Katharina beurkunden, daß sie die Gülte (Rente) von 6 Pf. welche sie jährlich an den Dechant Konrad und die Priesterbruderschaft zu dienen hatten, abgelöst haben, so daß dieser Zins nun von dem Weingarten Otto des Zimmermanns zu zahlen ist. Doch haben sie noch 60 Pf. Gülten zu Georgi an die Bruderschaft zu dienen und diese legen sie auf ihr Haus zu Krems, aber unter Vorbehalt der Ablösung. Source Regest: Harry Kühnel, Stadtarchiv Krems. Urkunden 1108-1844 (Krems 1960);Heinrich Schneider|Katharina Schneider|Dechant Konrad|Otto Zimmermann;heinrich_schneider|katharina_schneider|dechant_konrad|otto_zimmermann;nein;Religion|Vermögen und Finanzen;;StaAKr-0023
StaAKr-0024;1349 I 6;1349_01_06;nein;1349;Stratzing bei Krems;nein;1349 I 6 Heinrich in dem Winkel zu Stratzing und sein Weib Katharina beurkunden, daß ihnen Herr Thoman auf unserer Frauen - Berge und Herr Ulrich, der Swaebel, derzeit Ratsherrn und Oberste Spitalmeister zu Krems einen Weingarten zu Stratzing zu Burgrecht um den jährlichen Dienst von neun Schilling Pf. überlassen haben. Source Regest: Harry Kühnel, Stadtarchiv Krems. Urkunden 1108-1844 (Krems 1960);Heinrich Winkel|Katharina Winkel|Thoman Frauenberg|Ulrich Swaebel;heinrich_winkel|katharina_winkel|thoman_frauenberg|ulrich_swaebel;nein;Soziales Leben|Vermögen und Finanzen|Wirtschaft;;StaAKr-0024
StAKr-UrkKr-0025;1349 VIII 28;1349_08_28;nein;1349;Neulengbach;nein;1349 VIII 28, Neulengbach ( ze Lengbach ) Herzog Albrecht [II.] von Österreich bestimmt ( wellen ), dass die ungerechtfertigte Maut und Abgaben ( mautt und zins ) an der Brücke über den Kamp ( Champpe ), die man die Lange Brücke ( Langpru?k ) nennt, wie sie bisher eingehoben wurden, fortan nicht mehr eingenommen werden dürfen und niemand mehr Maut zahlen oder dazu gezwungen werden darf, nachdem die Bürger von Krems ( Chrems ) beweisen konnten, dass die Einnahme nicht rechtmäßig ist, nachdem diese nur für Reparaturarbeiten ( pezzerung ) an der Brücke gedacht war. Siegler: der Aussteller. Source Regest: Stadtarchiv Krems, 2020.;Albrecht II.;albrecht_ii;nein;Rechtswesen|Stadt und Raum|Vermögen und Finanzen|Wirtschaft;;StAKr-UrkKr-0025
StaAKr-0026;1349 IX 29;1349_09_29;nein;1349;;nein;1349 IX 29 Abel der Krammer, Ekklin Eidam und seien Hausfrau Katharina stiften eine jährliche Gült von vier St. Wachs zur Beleuchtung des St. Peters- Altares von einem Weingarten auf dem Chotmansperig. Source Regest: Harry Kühnel, Stadtarchiv Krems. Urkunden 1108-1844 (Krems 1960);Abel Krammer|Ekklin Eidam|Katharina Eidam;abel_krammer|ekklin_eidam|katharina_eidam;nein;Religion|Vermögen und Finanzen|Wirtschaft;;StaAKr-0026
StaAKr-Hollenburg-0001;1350;1350_00_00;ja;1350;;nein;noch kein Regest vorhanden;;;ja;;Datierung unsicher: Nur Jahresangabe im Quellentext überliefert, kein exaktes Tages-/Monatsdatum.;StaAKr-Hollenburg-0001
StaAKr-0027;1350 XI 11;1350_11_11;nein;1350;;nein;1350 XI 11 Heinrich der Krautwurm herzoglicher Schlüssler zu Krems überlässt als oberster Spitalmeister von Krems 3 Viertel Weingärten gelegen in der Olerinn dem Rapot von Rohrndorf und seiner Tochter Margaretha auf Lebenszeit zu Burgrecht um 3 Schilling Pfen. die jährlich zu St. Martin an das Spital zu entrichten sind. Source Regest: Harry Kühnel, Stadtarchiv Krems. Urkunden 1108-1844 (Krems 1960);Heinrich Krautwurm|Rapot von Rohrndorf|Margaretha von Rohrndorf;heinrich_krautwurm|rapot_von_rohrndorf|margaretha_von_rohrndorf;nein;Soziales Leben|Vermögen und Finanzen|Wirtschaft;;StaAKr-0027
StaAKr-0028;1352 XI 29;1352_11_29;nein;1352;Krems;nein;1352 XI 29 Heinrich der Krautwurm herzoglicher Schlüssler zu Krems überlässt als oberster Spitalmeister ein halbes Joch Weingarten, gelegen an dem Aufeneck, dem Heinrich dem Payer und seine Erben zu Burgrecht (Grundrecht) gegen einen Dienst von 32. Pfen, die jährlich am St. Kolomannstag an das Spital zu zahlen sind. Source Regest: Harry Kühnel, Stadtarchiv Krems. Urkunden 1108-1844 (Krems 1960);Heinrich Krautwurm|Heinrich Payer;heinrich_krautwurm|heinrich_payer;nein;Soziales Leben|Vermögen und Finanzen|Wirtschaft;;StaAKr-0028
StaAKr-0029;1355 IV 22;1355_04_22;nein;1355;Osterhofen|Wallsee;nein;1355 IV 22 Herzog Albrecht II. befiehlt dem Reinprecht von Wallsee, im Hofe des Klosters Osterhofen zu Krems das Bierbrauen zu verbieten. Source Regest: Harry Kühnel, Stadtarchiv Krems. Urkunden 1108-1844 (Krems 1960);Albrecht II.|Reinprecht von Wallsee;albrecht_ii|reinprecht_von_wallsee_1355;nein;Religion|Verwaltung|Wirtschaft;;StaAKr-0029
StaAKr-0030;1356 III 6;1356_03_06;nein;1356;Weitra;nein;1356 III 6 Nikolaus von Weitra, Judenrichter zu Krems und Katharina seine Hausfrau verkaufen Heinrich dem Krautwurm, herzoglichen Schlüssler zu Krems 8 Pfund Pfen. Burgrechtsgülden gelegen auf verschiedenen Häusern und Grundstücken in und um Krems. Source Regest: Harry Kühnel, Stadtarchiv Krems. Urkunden 1108-1844 (Krems 1960);Nikolaus von Weitra|Katharina von Weitra|Heinrich Krautwurm;nikolaus_von_weitra|katharina_von_weitra|heinrich_krautwurm;nein;Rechtswesen|Vermögen und Finanzen;;StaAKr-0030
StaAKr-0031;1356 XI 30;1356_11_30;nein;1356;Ybbs an der Donau|Passau|Gneixendorf;nein;1356 XI 30 Simon,Richter und Mautner zu Ybbs, Gundacker und Urban von Passau sowie Heinrich und Steffan, Söhne Ulrich des Gundackers beurkunden, daß ihr verstorbener Vater dem Spital zu Krems einen Hof zu Gneixendorf und einen Weingarten auf dem Lintperg vermacht hat, und daß diese Güter von ihnen dem obersten Spitalmeister Heinrich dem Krautwurm übergeben wurden. Source Regest: Harry Kühnel, Stadtarchiv Krems. Urkunden 1108-1844 (Krems 1960);Simon Gundacker|Urban von Passau|Heinrich Gundacker|Steffan Gundacker|Ulrich Gundacker|Heinrich Krautwurm;simon_gundacker|urban_von_passau|heinrich_gundacker|steffan_gundacker|ulrich_gundacker|heinrich_krautwurm;nein;Soziales Leben|Vermögen und Finanzen|Wirtschaft;;StaAKr-0031
StAK-UrkSt-0001;1358 XI 30;1358_11_30;nein;1358;Stein;nein;Herzog Rudolf [IV.] von Österreich erteilt den Bürgern von Stein (Stain) aufgrund ihrer Bedürfnisse die Gnade (die gnad getan), die Wagenmaut in Stein künftig selbst einnehmen zu dürfen, um sie zum Wohle der Stadt zu verwenden. Er befiehlt (wellen), dass der Burggraf von Krems und Stein sie daran nicht hindern darf, bis der Aussteller es widerruft (widerschaffen).Siegler: der Aussteller.;Rudolf IV.;rudolf_iv;nein;Politik|Wirtschaft;;StAK-UrkSt-0001
StAK-UrkKr-0032;1359 IV 11;1359_04_11;nein;1359;Krems;nein;1359 IV 11, Krems ( ze Krems ) Herzog Rudolf [IV.] von Österreich genehmigt ( die gnad getan haben und tu?n ) in seinem Namen sowie in denen seiner Brüder, den Herzögen Friedrich [III.] , Albrecht [III.] und Leopold [III.] , aus kaiserlicher Macht, die ihm aus dem Reich im Land Österreich zuteil wurde, den Bürgern der Stadt Krems ( Krems ), in der Stadt jährlich am St.-Jakobs-Tag bzw. eine Woche davor oder danach einen Jahrmarkt abzuhalten, mit allen Rechten und Freiheiten, wie sie andere Jahrmärkte im Land Österreich haben. Er befiehlt ( gebieten ) allen Untertanen, die mit dieser Urkunde verliehenen Gnaden nicht zu missachten. Wer diese aber beachtet, steht in der Anerkennung ( huld und gnad ) des Ausstellers. Siegler: der Aussteller. Source Regest: Stadtarchiv Krems, 2020.;Rudolf IV.|Friedrich Habsburg|Albrecht III.|Leopold III.;rudolf_iv|friedrich_iii_1347|albrecht_iii|leopold_iii;nein;Politik|Rechtswesen|Wirtschaft;;StAK-UrkKr-0032
StAK-UrkSt-0003;1359 VII 3;1359_07_03;nein;1359;Krems|Stein;nein;Herzog Rudolf [IV.] von Österreich befiehlt (gebieten ... und wellen) dem Burggrafen von Krems (Khrembs), in seinem Namen zu verordnen, dass in der Stadt Stein (Stain) niemand Wein ausschenken oder eine ähnliche Tätigkeit (arbait) ausüben darf, sofern er nicht die Steuern der Stadt mitträgt und Wach- und andere Dienste versieht, die üblich sind (gewenlich da ze leiden sind). Er befiehlt (mainen), dass die Bürger von Stein die entsprechenden Bestimmungen der Urkunden (brief) seines Vaters, Herzog Albrecht [II.], und von ihm selbst einzuhalten. Wer gegen diese handelt, handelt gegen den Aussteller selbst.Siegler: der Aussteller.;Rudolf IV.|Albrecht II.;rudolf_iv|albrecht_ii;nein;Vermögen und Finanzen|Verwaltung|Wirtschaft;;StAK-UrkSt-0003
StaAKr-0033;1359 XII 6;1359_12_06;nein;1359;Krems;nein;1359 XII 6 Jans von Stein, Ulrichs des Maltzchasten Eidam und seine Hausfrau Anna schulden dem Paul Chrautwurm und seinem Bruder Peter 100 Pfund Pfen. und geben ihm dafür zum Pfande einen Weingarten und setzen die Tilgung fest. Source Regest: Harry Kühnel, Stadtarchiv Krems. Urkunden 1108-1844 (Krems 1960);Jans von Stein|Ulrich Maltzchast|Anna von Stein|Paul Krautwurm|Peter Krautwurm;jans_von_stein|ulrich_maltzchast|anna_von_stein|paul_krautwurm|peter_krautwurm;nein;Vermögen und Finanzen|Wirtschaft;;StaAKr-0033
StaAKr-0034;1359 XII 21;1359_12_21;nein;1359;Krems;nein;1359 XII 21 Jans von Stein, Ulrichs des Maltzchasten Eidam erneuert mit Paul dem Chrautwurm und seinem Bruder den Vertrag über einen Weingarten wegen Burchrechtsangelegenheiten. Source Regest: Harry Kühnel, Stadtarchiv Krems. Urkunden 1108-1844 (Krems 1960);Jans von Stein|Ulrich Maltzchast|Paul Krautwurm;jans_von_stein|ulrich_maltzchast|paul_krautwurm;nein;Rechtswesen|Vermögen und Finanzen|Wirtschaft;;StaAKr-0034
StaAKr-0036;1360 VII 20;1360_07_20;nein;1360;Wien;nein;1360 VII 20, Wien Privilegium Herzg Rudolf IV. betreffend die Ausfertigung von Urkunden über Immobilgeschäfte durch den Rat beider Städte. Source Regest: Harry Kühnel, Stadtarchiv Krems. Urkunden 1108-1844 (Krems 1960);Rudolf IV.;rudolf_iv;nein;Rechtswesen|Vermögen und Finanzen|Verwaltung;;StaAKr-0036
StaAKr-0035;1360 VIII 20;1360_08_20;nein;1360;Wien;nein;1360 VIII 20, Wien Privilegium Herzg Rudolf IV. betreffend die Ablösung der Burgrechte. Source Regest: Harry Kühnel, Stadtarchiv Krems. Urkunden 1108-1844 (Krems 1960);Rudolf IV.;rudolf_iv;nein;Politik|Rechtswesen|Vermögen und Finanzen;;StaAKr-0035
StaAKr-0037;1361 II 21;1361_02_21;nein;1361;Krems;nein;1361 II 21 Jans, des Maltzchasten Eidam von Stein und seinen Hausfrau schulden Paul dem Chrautwurm. herzogl. Schlüßler zu Krems 32 Pfund. Pfen. und verpfänden einen Weingarten. Source Regest: Harry Kühnel, Stadtarchiv Krems. Urkunden 1108-1844 (Krems 1960);Jans von Stein|Paul Krautwurm;jans_von_stein|paul_krautwurm;nein;Rechtswesen|Vermögen und Finanzen|Wirtschaft;;StaAKr-0037
StaAKr-0038;1363 VIII 10;1363_08_10;nein;1363;Weitra;nein;1363 VIII 10 Nikolaus von Weitra, Oberster Spitalmeister zu Krems verkauft eine dem Spital gehörige Gaststätte in Stein an der Mautstatt an Heinrich den Nothöpf um eine jährliche Rente von 3 Schilling Pfen., welche die Besitzer an das Spital zu entrichten hatten. Source Regest: Harry Kühnel, Stadtarchiv Krems. Urkunden 1108-1844 (Krems 1960);Nikolaus von Weitra|Heinrich Nothöpf;nikolaus_von_weitra|heinrich_nothoepf;nein;Soziales Leben|Vermögen und Finanzen|Wirtschaft;;StaAKr-0038
StaAKr-0039;1366 I 6;1366_01_06;nein;1366;Schlickendorf, Krems|Weitra;nein;1366 I 6 Konrad Drämel und Wernhard Han, sein Eidam, beide von Schlickendorf verkaufen 5 Schillinge Pfen. Burgrechtsrenten auf ihrem Lehen zu Schlickendorf um 5 Pfund Pfen. Dem Nikolaus von Weitra, Judenrichter und Spitalmeister zu Krems für das Kremser Spital.Die Rente soll ablösbar sein. Source Regest: Harry Kühnel, Stadtarchiv Krems. Urkunden 1108-1844 (Krems 1960);Konrad Drämel|Wernhard Han|Nikolaus von Weitra;konrad_draemel|wernhard_han|nikolaus_von_weitra;nein;Soziales Leben|Vermögen und Finanzen;;StaAKr-0039
StaAKr-0040;1366 VI 15;1366_06_15;nein;1366;Krems;nein;1366 VI 15, Krems Richter und Rat von Krems und Stein beurkunden, daß Anna die Tochter Ulrichs des Malnchasten und Gattin Jans des Aeblein vor dem Rate ihren Weingarten für eine verfallene Schuld von 250 Pfund. Pfen. dem Paul Krautwurmm Schlüßler zu Krems zu Sigen überlassen hat. Source Regest: Harry Kühnel, Stadtarchiv Krems. Urkunden 1108-1844 (Krems 1960);Anna Maltzchast|Ulrich Maltzchast|Jan der Aeblein|Paul Krautwurm;anna_maltzchast|ulrich_maltzchast|jan_der_aeblein|paul_krautwurm;nein;Rechtswesen|Vermögen und Finanzen|Wirtschaft;;StaAKr-0040
StaAKr-0041;1366 IX 29;1366_09_29;nein;1366;Krems;nein;1366 IX 29 Friedrich der Dünswert, Bürger zu Krems und sein Weib beurkunden, daß sie von ihrem Haus in der Lederergasse zu Krems jährlich 1/2 Pfund Pfen. Burgrecht an Stelle der Söhne Heinrichs des Bäcker zu Krems nach ihrer Großmutter, Diemuet der Wolfhartin Wunsche an das Spital zu zahlen haben, unter welcher Bedigung das Haus von den 3 Brüdern an sie verkauft wurde. Die Rente sollte jedch ablösbar sein. Source Regest: Harry Kühnel, Stadtarchiv Krems. Urkunden 1108-1844 (Krems 1960);Friedrich Dunswert|Heinrich Bäcker|Diemuet Wolfhart;friedrich_dunswert|heinrich_baecker|diemuet_wolfhart;nein;Soziales Leben|Vermögen und Finanzen|Wirtschaft;;StaAKr-0041
StaAKr-0042;1366 XI 11;1366_11_11;nein;1366;Krems;nein;1366 XI 11 Jans Hagen, des Malschasten Eidam, seine Hausfrau Anna und sein Sohn Gregor, Kaplan im Förthof verkaufen einen Weingarten an Paul den Krautwurm, Schlüßler und Ratsherr zu Krems. Source Regest: Harry Kühnel, Stadtarchiv Krems. Urkunden 1108-1844 (Krems 1960);Jans Hagen|Anna Hagen|Gregor Hagen|Paul Krautwurm|Maltzchast;jans_hagen|anna_hagen|gregor_hagen|paul_krautwurm|maltzchast_1366;nein;Vermögen und Finanzen|Wirtschaft;;StaAKr-0042
StAK-UrkKr-0043;1371 I 10;1371_01_10;nein;1371;Wien;nein;1371 I 10, Wien ( ze Wienn ) Herzog Albrecht [III.] von Österreich befiehlt ( enbotten haben ) Richter, Rat und der gesamten Bürgerschaft der Städte Krems und Stein ( ze Krems und ze Stain ), dem Kaiser [ Karl IV. ] und dessen Tochter [ Elisabeth ], der Ehefrau des Ausstellers, schriftlich den Huldigungseid zu leisten ( sweret, gewertig zu sein ), und zwar nach dem dieser Urkunde angeschlossenen Formular ( sag ) aller Eidschreiben ( briefe ), die diese diesbezüglich vom Aussteller und dessen Bruder, dem Herzog Leopold [III.] erhalten haben. Siegler: der Aussteller. Source Regest: Stadtarchiv Krems, 2020.;Albrecht III.|Karl IV.|Elisabeth|Leopold III.;albrecht_iii|karl_iv|elisabeth_1371|leopold_iii;nein;Politik|Verwaltung;;StAK-UrkKr-0043
StaAKr-0044;1372 VIII 03;1372_08_03;nein;1372;Krems;nein;1372 VIII 03 Heinrich der Dürrenhofer, Bürger und Ratsherr zu Krems einerseits und Jungfrau Katharina, Ortolfs des Sälden ?Tochter von Krems sowie ihr Pfleger und Verweser Niklas der Reinberger, Bürger zu Stein andererseits, welche mit einander Erbschaftsstreit haben, wobei sie bereits bis zum Landmarschall gegangen, verpflichten sich unter großer Geldstrafe, dem Schiedsspruch des Richters und Rates beider Städte sowie des Burggrafen von Krems, welchen der Landmarshall die Streitschlichtung übertragen, Folge zu leisten. Source Regest: Harry Kühnel, Stadtarchiv Krems. Urkunden 1108-1844 (Krems 1960);Heinrich Dürrenhofer|Katharina Sälde|Ortolf Sälde|Niklas Reinberger;heinrich_duerrenhofer|katharina_saelde|ortolf_saelde|niklas_reinberger;nein;Rechtswesen|Vermögen und Finanzen;;StaAKr-0044
StaAKr-0045;1373 VIII 10;1373_08_10;nein;1373;Krems;nein;1373 VIII 10 Leopold, des seligen Niklas des Sattlers Schwiegersohn, der ob schwerer Freveltat gefangen ward, verpflichtet sich für seine Freilassung eidlich, dass Landgerichtsgebiet von Krems und Stein so solang zu meiden, bis der Rat bis der die Rückkehr gestattet. Im entgegengesetzten Falle sei er beider Augen verlustig. Source Regest: Harry Kühnel, Stadtarchiv Krems. Urkunden 1108-1844 (Krems 1960);Leopold|Niklas Sattler;leopold_1373|niklas_sattler;nein;Bevölkerung und Bevölkerungsgruppen|Rechtswesen;;StaAKr-0045
StaAKr-0046;1374 V 25;1374_05_25;nein;1374;Krems;nein;1374 V 25 Nikolaus Günther von Weinzierl, der für ein Verbrechen mit dem Tod bestraft werden sollte, schwört den beiden Städten Urfehde. Source Regest: Harry Kühnel, Stadtarchiv Krems. Urkunden 1108-1844 (Krems 1960);Nikolaus Günther;niklas_guenther;nein;Rechtswesen;;StaAKr-0046
StaAKr-0047;1374 V 31;1374_05_31;nein;1374;Rehberg bei Krems;nein;1374 V 31 Ott, Hofmeister des Fürstenzellerhofes in dem Dörflein innerhalb Rehbergs und andere Männer leisten für Niklas Günther Bürgschaft falls dieser die Bürger von Krems und Stein schädigt und seiner nicht habhaft werden. Source Regest: Harry Kühnel, Stadtarchiv Krems. Urkunden 1108-1844 (Krems 1960);Hofmeister Ott|Niklas Günther;hofmeister_ott|niklas_guenther;nein;Rechtswesen;;StaAKr-0047
StaAKr-0048;1376 III 12;1376_03_12;nein;1376;Krems;nein;1376 III 12 Heinrich der Paeshefen, Bürger zu Krems, der wegen seines Stiefvaters Ulrichs des Gräßleins beiden Städten Unrecht zugefügt, gefangen genommen wurde und bestraft werden sollte, schwört Urfehde. Source Regest: Harry Kühnel, Stadtarchiv Krems. Urkunden 1108-1844 (Krems 1960);Heinrich Paeshefen|Ulrich Gräßlein;heinrich_paeshefen|ulrich_graesslein;nein;Rechtswesen;;StaAKr-0048
StaAKr-0049;1377 V 25;1377_05_25;nein;1377;Krems;nein;1377 V 25 Marchart der Treperger, Pfarrer zu Krems und der Rat beider Städte verfügen, daß Spital zu Krems, dem Priester der St. Magdalenenkapelle daselbst welcher die zum Lebensunterhalte nicht mehr ausreichenden Güter seiner Pfründe dem Spital übergeben, jährlich 12 Pfund Pfen. zahlen solle, wofür dieser dann an 3 Tagen der Woche ind der Spitalkapelle Messe lesen muß. Source Regest: Harry Kühnel, Stadtarchiv Krems. Urkunden 1108-1844 (Krems 1960);Marchart Treperger;marchart_treperger;nein;Religion|Soziales Leben|Vermögen und Finanzen;;StaAKr-0049
StaAKr-0050;1378 XII 6;1378_12_06;nein;1378;;nein;1378 XII 6 Der Rat und die Bürger von Krems und Stein beurkunden, daß die Erben nach Symon von Pyela, der dem Spital zu Krems 2 Pfund Pfen. Renten hinterlassen, diese Summe derart anlegten, daß jährlich 6 Schilling von einem Hause auf dem Neusiedl in Stein zu dienen sind und für die 10 Schillinge das Spital als Eigenbesitz eine Wechselbank und ein Gewölbe auf dem Hohen Markte erhielt.Um dieses Geld musste der Spitameister jeden Aschermittwoch den Siechen eine Tonne Häringe kaufen. Source Regest: Harry Kühnel, Stadtarchiv Krems. Urkunden 1108-1844 (Krems 1960);Symon von Pyela;symon_von_pyela;nein;Gesundheit|Soziales Leben|Vermögen und Finanzen;;StaAKr-0050
StAK-UrkKr-0051;1378 XII 20;1378_12_20;nein;1378;Wien|Göttweig;nein;"1378 XII 20, Wien (ze Wienn) Herzog Albrecht [III.] von Österreich entscheidet (sprechen) im Streit (chrieg un[d] sto?zz) zwischen dem erb(er)n geistlichen lieb(e)n ande?chtigen (Abt und Konvent von Stift Göttweig) und der gesamten Bürgerschaft der beiden Städte Kotweig) und der gesamten Bürgerschaft der beiden Städte Krems (Stein (ze Krems un[d] ze Stain) gegenüber dem Schlüsselhof (Slu?zzelhof) in Krems nach der von ains werdes weg[e]n) gegenüber dem Schlüsselhof (Slu?zzelhof) in Krems nach der Nawfart, der Doppelstadt überlassen hat, und zwar bis zur Göttweiger Insel (uncz an des a?pts werd), dass diese Streitigkeiten fortan von beiden Seiten beigelegt werden sollen. Er entscheidet (Rudolf [IV.]) weiters, dass Abt und Konvent von Göttweig jene Hälfte der Insel, die der Länge nach an ihre eigene Insel grenzt, behalten sollen; die andere Hälfte soll den Städten Krems und Stein gehören. Das Fischereirecht (sprechen) weiters, erstens, dass Abt und Konvent von Göttweig die Hälfte der Insel, die der Länge nach an ihre eigene Insel grenzt, behalten sollen; die andere Hälfte soll den Städten Krems und Stein gehören. Das Fischereirecht (Vischwaid) im geschaid, das man Altach nennt und auf der Insel liegt, soll ebenfalls zu gleichen Hälften geteilt werden. Der Aussteller befiehlt (gebieten ... un[d] well[e]n) beiden Parteien, die Entscheidungen einzuhalten. Siegler: der Aussteller. Quelle Regest: Stadtarchiv Krems, 2020.";Albrecht III.|Rudolf IV.;albrecht_iii|rudolf_iv;nein;Rechtswesen|Religion|Stadt und Raum|Wirtschaft;;StAK-UrkKr-0051
StaAKr-0052;1379 I 20;1379_01_20;nein;1379;Wien|Lilienfeld;nein;1379 I 20, Wien Die Herzoge Albrecht III. und Leopold verkaufen ihren Schlüßelhof zu Krems an das Stift Lilienfeld um 100 Pfund Pfen. Source Regest: Harry Kühnel, Stadtarchiv Krems. Urkunden 1108-1844 (Krems 1960);Albrecht III.|Leopold IV.;albrecht_iii|leopold_iv;nein;Religion|Stadt und Raum|Vermögen und Finanzen;;StaAKr-0052
StaAKr-0053;1382 III 2;1382_03_02;nein;1382;Wien;nein;1382 III 2, Wien Herzog Albrecht III. bestätigt die Stiftung Paul des Krautwurms von Krems, daß nämlich vom Ertrage eines Weingartens eine arme Jungfrau ausgestattet werde. Source Regest: Harry Kühnel, Stadtarchiv Krems. Urkunden 1108-1844 (Krems 1960);Albrecht III.|Paul der Krautwurm;albrecht_iii|paul_krautwurm;nein;Religion|Soziales Leben|Vermögen und Finanzen;;StaAKr-0053
StaAKr-0054;1382 VI 23;1382_06_23;nein;1382;Krems;nein;1382 VI 23, Krems Agnes die Sefelderin, Jansen Gundakers Tochter übergibt dem Rate der Stadt Krems die Lehenschaft über die Sankt Johannes- und Katharinenkapelle auf dem Hohen Markte. Source Regest: Harry Kühnel, Stadtarchiv Krems. Urkunden 1108-1844 (Krems 1960);Agnes Sefelder|Jansen Gundaker;agnes_sefelder|jansen_gundaker;nein;Religion|Vermögen und Finanzen;;StaAKr-0054
StAK-UrkSt-0004;1382 VIII 7;1382_08_07;nein;1382;Stein|Blindenberg;nein;Herzog Albrecht [III.] von Österreich befiehlt (emphlhen haben und emphelhen) dem Rat der Stadt Stein (Stain), die Zeche der Schiffleute (zech d[er] Schefle?ut) in Stein auf ewig zu verwalten (underwinden) und diese innezuhaben, wie es bisher der Fall war. Die Empfänger sollen dem erb(er)n Priester Heinrich oder dessen nachfolgenden Kaplänen der Frauen-Messe auf dem Blindenberg (Plintenperg) von der Zeche jene Beträge auszahlen, um die Abhaltung der Messen und Gottesdienste nicht zu behindern. Der Aussteller gebietet (gebieten), nicht dagegen zu handeln. Wer dies tut, handelt unter Androhung einer Strafe gegen den Aussteller.Siegler: der Aussteller.;Albrecht III.|Heinrich;albrecht_iii|heinrich_1382;nein;Religion|Verwaltung|Wirtschaft;;StAK-UrkSt-0004
StAK-UrkKr-0055;1382 X 8;1382_10_08;nein;1382;Wien;nein;1382 X 8, Wien ( ze Wienn ) Herzog Albrecht [III.] von Österreich bestimmt ( mainen und wellen ), dass der Schlüsselhof ( Slusselhof ) in Krems ( Chrems ) innerhalb seiner Umfassungsmauern für seine ehrbaren Angelegenheiten ( umb erlich getat ) alle Freiheiten ( freyung ) behalten soll, wie er sie schon immer gehabt hat. Der Aussteller legt ( mainen ) aber weiter fest, dass außerhalb der Mauer keine derartigen Freiheiten herrschen sollen. Für alle Vorkommnisse, die innerhalb der Freiung und außerhalb passieren, bestimmt ( mainen und wellen ) er, dass niemand außer der Stadtrichter von Krems darüber Gericht halten darf, wer auch immer zum jeweiligen Zeitpunkt das Amt innehat. Siegler: der Aussteller. Source Regest: Stadtarchiv Krems, 2020.;Albrecht III.;albrecht_iii;nein;Rechtswesen|Verwaltung;;StAK-UrkKr-0055
StaAKr-0056;1382 XI 11;1382_11_11;nein;1382;Krems;nein;1382 XI 11 Rueger der Faßzieher von Weinzierl und Kathrina seine Frau überlassen dem Kaplan des Frauenaltares in der Kremser Pfarrkirche ihren Weingarten, da sie die Gülten, welche davon an den Altar zu zahlen waren, durch Jahre nicht entrichteten. Source Regest: Harry Kühnel, Stadtarchiv Krems. Urkunden 1108-1844 (Krems 1960);Rueger Faßzieher|Kathrina Faßzieher;rueger_fasszieher|kathrina_fasszieher;nein;Religion|Vermögen und Finanzen|Wirtschaft;;StaAKr-0056
StaAKr-0057;1383 I 31;1383_01_31;nein;1383;Krems;nein;1383 I 31 Bruder Johann von dem Berge, der Prior und der Convent, der Dominikaner zu Krems beurkunden, daß Jakob der Müllner bei dem Hölltor ihrem Kloster 1/2 Pf. Renten gegeben, wofür zu ihrem Gedächtnis ein Jahrtag abgehalten werden sollte. Source Regest: Harry Kühnel, Stadtarchiv Krems. Urkunden 1108-1844 (Krems 1960);Johann von dem Berge|Jakob Müllner;johann_von_dem_berge|jakob_muellner;nein;Religion|Vermögen und Finanzen;;StaAKr-0057
StaAKr-0058;1385 VII 12;1385_07_12;nein;1385;Krems;nein;1385 VII 12 Herzog Albrecht III. befiehlt allen Geistlichen ihre nicht priviligeierten Häuser zu Krems gemäß dem Stadtrechte binnen Jahresfrist zu verkaufen. Source Regest: Harry Kühnel, Stadtarchiv Krems. Urkunden 1108-1844 (Krems 1960);Albrecht III.;albrecht_iii;nein;Bevölkerung und Bevölkerungsgruppen|Rechtswesen|Religion|Stadt und Raum|Vermögen und Finanzen;;StaAKr-0058
StaAKr-0059;1385 XI 30;1385_11_30;nein;1385;Krems;nein;1385 XI 30 Chacz Leubel von Krems, der ob eines Verbechens seine Augen verlieren sollte, aber begnadigt wurde, schwört Uhrfehde. Source Regest: Harry Kühnel, Stadtarchiv Krems. Urkunden 1108-1844 (Krems 1960);Chacz Leubel;chacz_leubel;nein;Rechtswesen;;StaAKr-0059
StaAKr-0060;1386 II 2;1386_02_02;nein;1386;Gedersdorf;nein;1386 II 2 Katharina, Friedrich des Rüschleins Witwe, Bürgerin zu Krems vermacht ihren halben Weingarten, genannt die Loterpeunt oberhalb Gedersdorf dem Spital zu Krems. Source Regest: Harry Kühnel, Stadtarchiv Krems. Urkunden 1108-1844 (Krems 1960);Katharina Rüschlein|Friedrich Rüschlein;katharina_rueschlein|friedrich_rueschlein;nein;Soziales Leben|Vermögen und Finanzen|Wirtschaft;;StaAKr-0060
StaAKr-0061;1386 V 25;1386_05_25;nein;1386;Admont;nein;1386 V 25 Bruder Ulrich der Payr von Admont, Hofmeister dieses Klosters zu Krems beurkundet, daß Friedrich der Dunswert, Bürger, Ratsherr und Oberster Spitalmeister zu Krems mit Bewilligung des Klosters 3 Schillinge Renten abgelöst hat, welche das Spital jährlich von dem langen Haus im Spital an den Admonter Hof zu entrichten hatte. Source Regest: Harry Kühnel, Stadtarchiv Krems. Urkunden 1108-1844 (Krems 1960);Ulrich Payr|Friedrich Dunswert;ulrich_payr|friedrich_dunswert;nein;Religion|Soziales Leben|Vermögen und Finanzen;;StaAKr-0061
StaAKr-0062;1386 VII 11;1386_07_11;nein;1386;Krems;nein;1386 VII 11 Hans der Zugwatmeister, der vom Kremser Stadtgericht ob eines Verbrechens bestraft werden sollte, schwört Urfehde. Source Regest: Harry Kühnel, Stadtarchiv Krems. Urkunden 1108-1844 (Krems 1960);Hans Zugwatmeister;hans_zugwatmeister;nein;Rechtswesen;;StaAKr-0062
StaAKr-0063;1386 VIII 20;1386_08_20;nein;1386;Krems;nein;1386 VIII 20 Lorenz der Jörger, welcher vom Kremser Stadtgericht zum Tode verurteilt wurde, schwört Urfehde. Source Regest: Harry Kühnel, Stadtarchiv Krems. Urkunden 1108-1844 (Krems 1960);Lorenz Jörger;lorenz_joerger;nein;Rechtswesen;;StaAKr-0063
StaAKr-0064;1386 X 23;1386_10_23;nein;1386;Wösendorf in der Wachau;nein;1386 X 23 Lorenz Reybau von Wösendorf, der mehrere Juden von Krems geschlagen, schwört Urfehde. Source Regest: Harry Kühnel, Stadtarchiv Krems. Urkunden 1108-1844 (Krems 1960);Lorenz Reybau;lorenz_reybau;nein;Rechtswesen|Religion;;StaAKr-0064
StaAKr-0065;1387 II 17;1387_02_17;nein;1387;Krems;nein;1387 II 17 Heirich der Full von Weinzierl, der ob eines Verbrechens zu Krems eingesperrt und vom Stadtgericht verurteilt wurde, schwört Urfehde. Source Regest: Harry Kühnel, Stadtarchiv Krems. Urkunden 1108-1844 (Krems 1960);Heirich Full;heirich_full;nein;Rechtswesen;;StaAKr-0065
StaAKr-0066;1387 II 28;1387_02_28;nein;1387;Krems;nein;1387 II 28 Marquart der Treperger, Pfarrer zu Krems beurkundet, daß Götz der Schneider, Bürger zu Krems an die Kremser Pfarrkirche zu einem Jahrtag ein Pfund Pfen. Burgrechtsdienste gestiftet hat, die er gelegt hat auf ein Haus zu Krems in der nidern Straße an der Wegscheid. Wird der Jahrtag an dem bestimmten Tag nicht gehalten, so fällt das Geld dem Kremser Spital zu. Source Regest: Harry Kühnel, Stadtarchiv Krems. Urkunden 1108-1844 (Krems 1960);Götz Schneider|Marchart Treperger;goetz_schneider|marchart_treperger;nein;Religion|Soziales Leben|Vermögen und Finanzen;;StaAKr-0066
StaAKr-0067;1387 III 10;1387_03_10;nein;1387;Dürnstein;nein;1387 III 10 Schwester Clara, die Äbtissin und der Konvent des Frauenklosters zu Dürnstein verkaufen dem Rate und den Bürgern zu Krems zum Nutzen der Stadt 30 Pfen. Burgrechtsdienste, die zu Krems auf einem Haus in dem Pintmarkt gelegen sind. Source Regest: Harry Kühnel, Stadtarchiv Krems. Urkunden 1108-1844 (Krems 1960);Schwester Clara;schwester_clara;nein;Religion|Vermögen und Finanzen|Wirtschaft;;StaAKr-0067
StAK-UrkKr-0068;1390 VII 5;1390_07_05;nein;1390;Wien;nein;1390 VII 5, Wien ( ze Wienn ) Herzog Albrecht [III.] von Österreich befiehlt ( emphelh[e]n ... und well[e]n ) allen seinen Hauptleuten, Herren, Rittern und Knechten, Burggrafen, Pflegern, Richtern, Räten, Bürgern und allen anderen Amtsleuten und Untertanen , die Bürger von Stein und Krems ( von Sta?yn und von Krems ) in Person wie deren Besitztümer ( mit irm leib und gu?t ) leben und arbeiten zu lassen und sie weder in der Stadt noch auf dem Land zu behindern und ihnen Sachen und Wege zu verbieten. Wenn jemand einen Bürger klagt ( Hiett ... ichts ze sprechen ), so soll er das vor dem Stadtrichter von Stein und Krems tun, und nirgendwo sonst. Wem das versagt wird ( das Recht da v[er]tzuge ), der soll verhaftet werden und dem Aussteller oder dessen Anweisungen ( gesche?fte ) unterworfen sein. Siegler: der Aussteller. Source Regest: Stadtarchiv Krems, 2020.;Albrecht III.;albrecht_iii;nein;Politik|Rechtswesen;;StAK-UrkKr-0068
StAK-UrkSt-0005a;1390 VII 5;1390_07_05;nein;1390;Stein|Krems;nein;Herzog Albrecht [III.] von Österreich befiehlt (Emphelhen ... und wöllen) allen Hauptleuten, Herren, Rittern und Knechten, Burggrafen, Pflegern, Richter, Räten, Bürgern und allen anderen Amtleuten und Untertanen, die Bürger von Stein und Krems (von Stain und von Khrembs), über ihre Person und ihren Besitz (leib und guett) frei bestimmen (wandlen und arbeiten) zu lassen und sie weder in den Städten, noch auf dem Land aufzuhalten oder ihnen irgendwelche Dinge zu verbieten. Sollte einer der Bürger vor Gericht müssen, darf allein der Richter von Stein und Krems und niemand sonst Recht sprechen. Wenn jedoch jemand eine Klage hat, sollen die Bürger verhaftet und es dem Richter und dem Aussteller gemeldet werden.;Albrecht III.;albrecht_iii;nein;Politik|Rechtswesen;;StAK-UrkSt-0005a
StaAKr-0069;1391 IV 21;1391_04_21;nein;1391;Krems;nein;1391 IV 21 Hanns der Notleich, Bürger zu Krems und seine minderjährigen Geschwister stiften das ewige Licht vor den St. Achatiusaltar in der Pfarrkirche zu Krems. Source Regest: Harry Kühnel, Stadtarchiv Krems. Urkunden 1108-1844 (Krems 1960);Hanns der Notleich;hanns_der_notleich;nein;Religion|Vermögen und Finanzen;;StaAKr-0069
StaAKr-0070;1391 XI 13;1391_11_13;nein;1391;Passau;nein;1391 XI 13 Friedrich Glachsperger, Bürger zu Stein, Peter Chraft von Passau und Thoman Mautschreiber zu Stein verkaufen dem Spital zu Krems einen Weingarten um 2 Pfund Pfen. jährl. Gülten, die aber vom Spital an die Pfarrkirchen zu Krems und Stein zu entrichten sind. Source Regest: Harry Kühnel, Stadtarchiv Krems. Urkunden 1108-1844 (Krems 1960);Friedrich Glachsperger|Peter Chraft|Thoman Mautschreiber;friedrich_glachsperg|peter_chraft|thoman_mautschreiber;nein;Religion|Soziales Leben|Vermögen und Finanzen|Wirtschaft;;StaAKr-0070
StaAKr-0072;1391 XI 24;1391_11_24;nein;1391;Gedersdorf;nein;1391 XI 24 Marquart Treperger, Pfarrer zu Krems verpflichtet sich und seine Nachfolger alljährlich am St. Kolomanstag für Wolfhart dem Pibracher, Peter dem Polster und beider Gemahlin Anna einen feierlichen Jahrtag zu begehen. Dafür sollte der Kremser Pfarrer jährlich am selben Tage ein Pfund. Pfen. Burgrechtsdienste von den Gütern des Kremser Spitals erhalten, dem wiederum zu diesem Zwecke ein Weingarten an Gedersdorf am Stein übergeben wurde. Source Regest: Harry Kühnel, Stadtarchiv Krems. Urkunden 1108-1844 (Krems 1960);Wolfhart Pibracher|Peter Polster|Anna Polster;wolfhart_pibracher|peter_polster|anna_polster;nein;Religion|Vermögen und Finanzen|Wirtschaft;;StaAKr-0072
StaAKr-0071;1391 XI 24;1391_11_24;nein;1391;Krems;nein;1391 XI 24, Stein Martin Chorner, Dechant und Pfarrer zu Stein verpflichtet sich und seine Nachfolger alljährlich am St. Kolomanstage einen feierlichen Jahrtag zu begehen für Wolfhart den Pibracher, Peter den Polster und deren beider Hausfrau Anna, wofür die jährlich von den Weingärten des Kremser Bürgerspitals ein Pfund Pfen. erhalten. Source Regest: Harry Kühnel, Stadtarchiv Krems. Urkunden 1108-1844 (Krems 1960);Martin Chorner|Wolfhart Pibracher|Peter Polster|Anna Polster;martin_chorner|wolfhart_pibracher|peter_polster|anna_polster;nein;Religion|Soziales Leben|Vermögen und Finanzen;;StaAKr-0071
StaAKr-0075;1392;1392_00_00;ja;1392;Krems;nein;1392 Martin Chorner, Dechant und Pfarrer zu Stein verpflichtet sich und seine Nachfolger, für Frau Kunigunde, Friedrich des Christen, des Stadtrichters Gattin am St. Scholastikertage einen feierlichen Jahrtag in der Steiner Kirche abzuhalten. Dafür hat Friedrich der Christ gestiftet 1 Pfund Pfen. Burgrechte, gelegen auf  einem Weingarten in Stein auf dem Geirsperg, genannt die Jüdin. Source Regest: Harry Kühnel, Stadtarchiv Krems. Urkunden 1108-1844 (Krems 1960);Martin Chorner|Kunigunde Christ|Friedrich Christ;martin_chorner|kunigunde_christ|friedrich_christ;nein;Religion|Vermögen und Finanzen;Datierung unsicher: Nur Jahresangabe im Quellentext überliefert, kein exaktes Tages-/Monatsdatum.;StaAKr-0075
StaAKr-0073;1392 II 16;1392_02_16;nein;1392;Gneixendorf|Baumgartenberg;nein;1392 II 16, Krems Katharina, Herleins des Hasen Weib und Konrads des Salzer Schwester zu Krems schenkt nach ihrem Tode den Weingarten zu Gneixendorf gelegen unter dem Steg, welchen sie zu Burgrecht vom Kloster Baumgartenberg besaß, zu selben Rechte dem Spital zu Krems. Source Regest: Harry Kühnel, Stadtarchiv Krems. Urkunden 1108-1844 (Krems 1960);Katharina Hase|Herlein Hase|Konrad Salzer;katharina_hase|herlein_hase|konrad_salzer;nein;Religion|Soziales Leben|Vermögen und Finanzen|Wirtschaft;;StaAKr-0073
StaAKr-0074a-g;1392 III 12;1392_03_12;nein;1392;Krems;nein;1392 III 12 Die Stadt Stein klagt bei Herzog Albrecht III. die Rehberger wegen Nichtbezahlung der Brotmaut zu Krems. Source Regest: Harry Kühnel, Stadtarchiv Krems. Urkunden 1108-1844 (Krems 1960);Albrecht III.;albrecht_iii;nein;Rechtswesen|Vermögen und Finanzen|Wirtschaft;;StaAKr-0074a-g
StAK-UrkKr-0076;1393 I 21;1393_01_21;nein;1393;Wien|Rehberg bei Krems;nein;1393 I 21, Wien ( ze Wienn ) Herzog Albrecht [III.] von Österreich befiehlt ( emphelhen ) Richter und Rat der Städte Krems und Stein ( ze Krems und ze Stain ), den Einnehmer der Brotmaut ( Protmawtter ) in Krems anzuhalten, die Brotmaut von den Bäckern aus Rehberg ( Rechperg ), die diese noch vom vergangenen Jahr schuldig sind, unverzüglich einzunehmen, wie auch künftig jede Maut einzufordern, die Untertanen ( Le?ute ) anderer geistlichen und weltlichen Herren zahlen. Wer sich widersetzt, den sollen die Emfpänger festhalten und zur Abgabe zwingen. Siegler: der Aussteller. Source Regest: Stadtarchiv Krems, 2020.;Albrecht III.;albrecht_iii;nein;Vermögen und Finanzen|Verwaltung|Wirtschaft;;StAK-UrkKr-0076
StaAKr-0077;1393 IV 24;1393_04_24;nein;1393;Langenlois|Rohrendorf;nein;1393 IV 24 Nikolaus der Gveller, Bürger zu Langenlois und seine Frau Anna verkaufen einen Weingarten zu Rohrendorf an der Frankenleitten an Meister Hans den Maler zu Krems und seiner Frau Margaretha. Source Regest: Harry Kühnel, Stadtarchiv Krems. Urkunden 1108-1844 (Krems 1960);Nikolaus Gveller|Anna Gveller|Hans Maler|Margaretha Maler;nikolaus_gveller|anna_gveller|hans_maler|margaretha_maler;nein;Vermögen und Finanzen|Wirtschaft;;StaAKr-0077
StaAKr-0078;1394 V 25;1394_05_25;nein;1394;Zwettl;nein;1394 V 25 Abt Albrecht und das Kloster Zwettl verzichten auf die 2 Eimer Weindienst von dem Spitalsweingarten zu Krems auf der Leimgrube gegen 3 Schillinge Pfen. Burgrechtsdienste, welche ihnen dafür der Rat und Hans Raydel, der Spitalmeister angewiesen haben von dem Baumgarten Otto des Henikein gelegen an dem Rennweg zwischen unseren Gärten, eine Rente, die einst Liebhart der Peck dem Spital auf dem Spital von dem Weingarten fernerhin den Grundrechtszins an das Kloster entrichten. Source Regest: Harry Kühnel, Stadtarchiv Krems. Urkunden 1108-1844 (Krems 1960);Abt Albrecht|Hans Raydel|Otto Henikein|Liebhart Peck;abt_albrecht|hans_raidel|otto_henikein|liebhart_peck;nein;Religion|Soziales Leben|Vermögen und Finanzen|Wirtschaft;;StaAKr-0078
StaAKr-0079;1394 VII 15;1394_07_15;nein;1394;Krems;nein;1394 VII 15 Hans Notlich, Bürger zu Krems und seine Frau Katharine verkaufen 82 1/2 Pfen. Burgrechtsrenten, gelegen auf verschiedenen Häusern in beiden Städten und auf Grundstücken in deren Umgebung Nikolaus dem Schaffer zu Krems und an seine Frau Katharina. Source Regest: Harry Kühnel, Stadtarchiv Krems. Urkunden 1108-1844 (Krems 1960);Hans Notlich|Katharine Notlich|Nikolaus Schaffer|Katharina Schaffer;hans_notlich|katharine_notlich|nikolaus_schaffer|katharina_schaffer;nein;Vermögen und Finanzen|Wirtschaft;;StaAKr-0079
StaAKr-0080;1394 VIII 17;1394_08_17;nein;1394;Passau;nein;1394 VIII 17 Hainzel, Badknecht von Passau, der vom Richter und Rat beider Städte wohlverdiente Buße und Gefängnisstrafe erhielt, wurde freigelassen und schwört Urfehde. Source Regest: Harry Kühnel, Stadtarchiv Krems. Urkunden 1108-1844 (Krems 1960);Hainzel Badknecht;hainzel_badknecht;nein;Rechtswesen;;StaAKr-0080
StaAKr-0081;1395 I 23;1395_01_23;nein;1395;Horn im Waldviertel|Senftenberg;nein;1395 I 23 Hans von Pölan, Burggraf zu Horn verkuf einen Weingarten bei Krems in der Rottau an Dietrich Wyseniten, gesessen bei Senftenberg um 36 Pfund Pfen. Source Regest: Harry Kühnel, Stadtarchiv Krems. Urkunden 1108-1844 (Krems 1960);Hans von Pölan|Dietrich Wyseniten;hans_von_poelan|dietrich_wyseniten;nein;Vermögen und Finanzen|Wirtschaft;;StaAKr-0081
StaAKr-0082;1396 II 17;1396_02_17;nein;1396;Wagram;nein;1396 II 17 Georg von Wagram, welcher Nikolaus dem Schaffer, Bürger zu Krems aus seinem Kleidergewölbe 3 1/2 Ellen Tuch gestohlen und deshalb zu Krems ins Gefängnis geworfen wurde, schwört Urfehde. Source Regest: Harry Kühnel, Stadtarchiv Krems. Urkunden 1108-1844 (Krems 1960);Georg von Wagram|Nikolaus Schaffer;georg_von_wagram|nikolaus_schaffer;nein;Rechtswesen|Wirtschaft;;StaAKr-0082
StaAKr-0083;1396 VIII 18;1396_08_18;nein;1396;Mautern an der Donau|Passau;nein;1396 VIII 18, Mautern Bischof Georg von Passau verleiht allen, welche beim Altar des hl. Udalrich in der Frauenkirche zu Krems an bestimmten Tagen beten oder zur Beleuchtung desseleben etwas geben 40 Tage Ablaß. Source Regest: Harry Kühnel, Stadtarchiv Krems. Urkunden 1108-1844 (Krems 1960);Bischof Georg von Passau;bischof_georg_von_passau;nein;Religion;;StaAKr-0083
StAK-UrkKr-0084;1396 VIII 26;1396_08_26;nein;1396;Wien|Hall|Marktschellenberg|Korneuburg;ja;1396 VIII 26, Wien ( ze Wienne ) Die Herzöge Wilhelm und Albrecht [IV.] von Österreich befehlen ( gebieten ... und wellen ) den erb(er)n weysen Richter, Mauteinnehmer ( Mawttern ), Rat und der gesamten Bürgerschaft der Städte Krems und Stein ( ze Krems und ze Stain ), kein Salz aus Hall oder Schellenberg in Stein passieren ( furfuren ) zu lassen, sondern dafür zu sorgen, dass es niedergelegt wird, wie es schon immer der Fall war. Einzig die Bürger von Korneuburg ( Newnburg markthalben ) dürfen mit dem Salz, das ihnen gehört, vorbeifahren, weil sie das Recht dazu erhalten haben. Sollte jemand passieren wollen, soll er aufgehalten und gezwungen werden, das Salz in Stein niederzulegen und zu verkaufen ( vertun ), wie es immer gewesen ist. Wenn die Empfänger jemanden durchfahren lassen, verstoßen sie damit gegen die Bestimmungen ( aller der mazz ), die Herzog Rudolf [IV.] in seiner Urkunde ( briff ) befohlen ( enpholich[e]n ) hat. Siegler: der Aussteller. Source Regest: Stadtarchiv Krems. Urkunden 1108-1844 (Krems 1960).;Herzog Wilhelm|Albrecht IV.|Rudolf IV.;wilhelm_der_freundliche|albrecht_iv|rudolf_iv;nein;Politik|Verwaltung|Wirtschaft;"Ortsidentifikation unsicher: vermutlich Marktschellenberg (Regest nennt ""Schellenberg"")";StAK-UrkKr-0084
StAK-UrkKr-0085;1396 VIII 30;1396_08_30;nein;1396;Wien;nein;1396 VIII 30, Wien ( ze Wienn ) Die Herzöge Wilhelm und Albrecht [IV.] von Österreich genehmigen und verlegen ( gegeben und gelegt, geben und legen ) den erb(er)n Bürgern von Krems ( Krems ) auf deren Bitte den Jahrmarkt, der bislang jährlich am St.-Jakobs-Tag in der Stadt abgehalten wurde, jedoch am ursprünglichen Datum nicht gewinnbringend und nützlich ( ko?mleich noch nuczleich ) war, und den der Vorfahr der Aussteller, Herzog Albrecht [III.] , den Empfängern mit allen Rechten, wie sie andere Jahrmärkte im Land Österreich ( Osterr[eich] ) haben, gewährt hat, auf den Simon-und-Judas-Tag, mit allen Rechten, Gnaden, Freiheiten und Gewohnheiten ( Rechten, gnaden, freyhaitt[e]n und and[er]n lo?bleichen gewonhaitten ), wie sie andere Städte in Österreich auf ihren Jahrmärkten haben. Die Aussteller befehlen ( gebiet[e]n ) allen Untertanen, die Bestimmungen dieses Privilegs einzuhalten und nicht zu behindern. Wer dagegen verstößt, handelt gegen die Aussteller. Siegler: die Aussteller. Regest: Harry Kühnel, Stadtarchiv Krems. Urkunden 1108-1844 (Krems 1960);Herzog Wilhelm|Albrecht IV.|Albrecht III.;wilhelm_der_freundliche|albrecht_iv|albrecht_iii;nein;Politik|Wirtschaft;;StAK-UrkKr-0085
StAK-UrkKr-0086;1396 VIII 30;1396_08_30;nein;1396;Wien;nein;1396 VIII 30, Wien (ze Wienn) Die Herzöge Wilhelm und Albrecht [IV.] von Österreich bestätigen (vernewet und bestettet, vernew[er]n und beste?tten) aus fürstlicher Macht den erbern weysen Bürgern der Städte Krems und Stein (ze Kremms und ze Stain) auf deren Bitte sowie aufgrund von deren Diensten und Treue alle Urkunden und Handfesten (brief und hantvesten), die sie von König Rudolf [I.], den Herzögen Albrecht [III.] und Rudolf [IV.] sowie anderen Herzögen von Österreich, den verstorbenen Vorgängern der Aussteller, über ihre Rechte, Freiheiten und Gewohnheitsrechte (Recht und freyhait und gu?t gewonheyt) erhalten haben. Sie bestimmen (mayne[n] und wellen), dass die bestätigten Urkunden in allen Einzelheiten (pu?ntten und artikeln) jetzt und künftig vollständig eingehalten werden sollen und dass niemand die Empfänger in der Ausübung dieser Rechte behindert (kain irrung, hindernu?ss noch beswe?rung tu?). Die Aussteller befehlen (gepiet[e]n) allen geistlichen und weltlichen, adeligen und nichtadeligen Hauptleuten, Landherren, Rittern und Knechten, Pflegern, Burggrafen, Richtern, Mautnern, Zöllnern und allen anderen Amtsleuten und Untertanen in den Ländern der Herzöge, die Bürger von Krems und Stein auf keine Art in den Rechten dieser und aller Urkunden (briefen und urkunden) zu behindern, bei Bezahlung jener Strafe (peen), wie sie in den jeweiligen Urkunden festgeschrieben ist. Siegler: die Aussteller. Quelle Regest: Stadtarchiv Krems, 2020.;Herzog Wilhelm|Albrecht III.|Rudolf I.|Albrecht IV.|Rudolf IV.;wilhelm_der_freundliche|albrecht_iii|rudolf_i|albrecht_iv|rudolf_iv;nein;Politik|Rechtswesen;;StAK-UrkKr-0086
StaAKr-0087;1396 IX 14;1396_09_14;nein;1396;Stockerau;nein;1396 IX 14 Katharina Männdleins des Weissen Hausfrau zu Stockerau und Kunczel, beider Sohn, schwören beiden Städten Urfehde ob der Gefängnisstrafe Männdel des Weissen im Stadtgerichte daselbst. Quelle Regest: Harry Kühnel, Stadtarchiv Krems. Urkunden 1108-1844 (Krems 1960);Katharina Weisse|Männdlein Weisse|Kunczel Weisse;katharina_weisse|maenndlein_weisse|kunczel_weisse;nein;Rechtswesen;;StaAKr-0087
StaAKr-0088;1396 X 18;1396_10_18;nein;1396;Weinzierl;nein;1396 X 18, Krems Nikolaus der Gener von Weinzierl und seine Hausfrau Elsbeth verkaufen ein Pfund Pfen. jährliche Rente um 8 Pfund an den Kirchenmeister der Kremser Pfarrkirche in den Sagrer daselbst, die am Martinsberg von einer Hofstätte und einem Weingarten zu dienen sind, welche um die 8 Pfund aus eines Juden Pfandschaft gelöst wurden. Source Regest: Harry Kühnel, Stadtarchiv Krems. Urkunden 1108-1844 (Krems 1960);Nikolaus Gener|Elsbeth Gener;nikolaus_gener|elsbeth_gener;nein;Religion|Vermögen und Finanzen|Wirtschaft;;StaAKr-0088
StaAKr-0089;1396 X 27;1396_10_27;nein;1396;Krems;nein;1396 X 27 Dorothea, Ulrichs des Romer Witwe und Frau Nikolaus des Römer, gibt nach dem Willemn ihres Mannes zu ihrere Familie Seelenheil ein halbes Pfund Pfen. jährl. Rente von einem Weingarten in den Sagrer der Pfarrkirche zu Krems. Source Regest: Harry Kühnel, Stadtarchiv Krems. Urkunden 1108-1844 (Krems 1960);Dorothea Romer|Ulrich Romer|Nikolaus Romer;dorothea_romer|ulrich_romer|nikolaus_romer;nein;Religion|Vermögen und Finanzen|Wirtschaft;;StaAKr-0089
StaAKr-0090;1397 VIII 31;1397_08_31;nein;1397;Krems;nein;1397 VIII 31, Krems Georg Slissenberger, welcher dem Stadtrichter Veit dem Pücher 4 Ellen Tuch aus einem Gewölbe gestohlen hat und deshalb gefangen genommen wurde und hingerichtet werden sollte, schwört Urfehde. Source Regest: Harry Kühnel, Stadtarchiv Krems. Urkunden 1108-1844 (Krems 1960);Georg Slissenberger|Veit Pucher;georg_slissenberger|veit_pucher;nein;Rechtswesen;;StaAKr-0090
StaAKr-0091;1398 III 12;1398_03_12;nein;1398;Krems;nein;1398 III 12, Krems Margaretha, Konrad des Reicherspergers Witwe schenkt dem Predigerkloster zu Krems 10 Pfund Pfen. zur Abhaltung eines Jahrestages für sie und ihre Verwandten und gibt ihnen zur Sicherheit des Geldes auch ein Fleischtisch auf dem hohen Markt. Source Regest: Harry Kühnel, Stadtarchiv Krems. Urkunden 1108-1844 (Krems 1960);Margaretha Reichersperger|Konrad Reichersperger;margaretha_reichersperger|konrad_reichersperger;nein;Religion|Vermögen und Finanzen;;StaAKr-0091
StaAKr-0092;1398 VI 16;1398_06_16;nein;1398;Krems;nein;1398 VI 16 Afra, Johanns des Westerwurgers Wittwe und ihr Sohn Stephan der Westerwurger verkaufen ihren Weingarten in der Kremsleiten um 135 Pfund Pfen. an Michael den Genkrammer. Source Regest: Harry Kühnel, Stadtarchiv Krems. Urkunden 1108-1844 (Krems 1960);Afra Westerwurger|Johann Westerwurger|Stephan Westerwurger|Michael Genkrammer;afra_westerwurger|johann_westerwurger|stephan_westerwurger|michel_geiokramer;nein;Vermögen und Finanzen|Wirtschaft;;StaAKr-0092
StaAKr-0093;1398 VII 1;1398_07_01;nein;1398;Krems;nein;1398 VII 1, Krems Ruedl Huettersel, der ob eines Verbrechens ins Gefängnis geworfen und vom Stadtgericht bestraft werden sollte, schwört Urfehde. Source Regest: Harry Kühnel, Stadtarchiv Krems. Urkunden 1108-1844 (Krems 1960);Ruedl Huettersel;ruedl_huettersel;nein;Rechtswesen;;StaAKr-0093
StaAKr-0094;1398 VII 15;1398_07_15;nein;1398;Krems;nein;1398 VII 15, Krems Nikolaus Panusch der Beckenknecht, den Friedrich der Laurer zu Krems gefangen nehmen ließ wegen eines Verbrechens, für das er mit dem Tode bestraft hätte werden müssen, schwört beiden Städten Urfehde. Source Regest: Harry Kühnel, Stadtarchiv Krems. Urkunden 1108-1844 (Krems 1960);Nikolaus Panusch|Friedrich Laurer;nikolaus_panusch|friedrich_laurer;nein;Rechtswesen;;StaAKr-0094
StaAKr-0095;1398 VIII 13;1398_08_13;nein;1398;Krems;nein;1398 VIII 13, Krems Graf Hans von Werdenberg, den die Bürger beider Städte allein mit einem Knaben aufgehalten haben während des Krieges in Österreich, schwört sowohl beiden Städten als auch dem Herzog und dem ganzen Lande deshalb Urfehde. Source Regest: Harry Kühnel, Stadtarchiv Krems. Urkunden 1108-1844 (Krems 1960);Hans Werdenberg;hans_werdenberg;nein;Politik|Rechtswesen;;StaAKr-0095
StaAKr-0096;1398 VIII 16;1398_08_16;nein;1398;Pinkafeld;ja;1398 VIII 16, Krems Hans Wisanangst von Perchtholzdorf auf der Pinkka, der wegen unerlaubten Würfelspiels zu Krems ins Gefängnis geworfen wurde und bestraft werden sollte, schwört Urfehde. Source Regest: Harry Kühnel, Stadtarchiv Krems. Urkunden 1108-1844 (Krems 1960);Hans Wisanangst;hans_wisanangst;nein;Rechtswesen;"Ortsidentifikation unsicher: vermutlich Pinkafeld (Regest nennt ""Pinkka"")";StaAKr-0096
StaAKr-0097;1399 I 8;1399_01_08;nein;1399;Krems;nein;1399 I 8, Krems Weygl der Maurer, Bürger zu Krems und seine Frau Anne verkaufen ihren zu Burgrecht besitzenden Weingarten mit Erlaubnis des Burgherrn Marquarts Treperger, Pfarrer zu Krems um 94 Pfund Pfen. und um 1 Gulden Leikauf an Peter deb Laytterpecken, Bürger zu Krems. Source Regest: Harry Kühnel, Stadtarchiv Krems. Urkunden 1108-1844 (Krems 1960);Weygl Maurer|Anne Maurer|Peter Laytterpecken;weygl_maurer|anne_maurer|peter_layterpekch;nein;Vermögen und Finanzen|Wirtschaft;;StaAKr-0097
StaAKr-0098;1399 III 17;1399_03_17;nein;1399;Spitz an der Donau|Gleink;ja;1399 III 17, Krems Peter von Spitz, Ulrich des Försters Eidam, welcher Albrecht den Pyber, Hofmeister im Gleinkerhofe und Widenrichter zu Krems, im Hause Ulrichs des Puechfelder auf der Hulben überfallen wollte, aber durch den Hausherrn gehindert und festgenommen wurde, um an seinem Leib gebüßt zu werden, schwört Urfehde. Source Regest: Harry Kühnel, Stadtarchiv Krems. Urkunden 1108-1844 (Krems 1960);Peter von Spitz|Ulrich Förster|Albrecht Pyber|Ulrich Puechfelder;peter_von_spitz|ulrich_foerster|albrecht_pyber|ulrich_puechfelder;nein;Rechtswesen;"Ortsidentifikation unsicher: vermutlich Gleink (Regest nennt ""Gleinkerhofe"")";StaAKr-0098
StaAKr-0099;1399 VI 14;1399_06_14;nein;1399;Rossatzbach;nein;1399 VI 14, Krems Hansl, Stephanns des Scholderweins Sohn von Rossatzbach, der wegen eines Diebstahls in Krems verhaftet und hingerichtet werden sollte, schwört beiden Urfehde. Source Regest: Harry Kühnel, Stadtarchiv Krems. Urkunden 1108-1844 (Krems 1960);Hansl Scholderwein|Stephann Scholderwein;hansl_scholderwein|stephann_scholderwein;nein;Bevölkerung und Bevölkerungsgruppen|Rechtswesen;;StaAKr-0099
StaAKr-0100;1399 VI 28;1399_06_28;nein;1399;Aggsbach|Langenlois;nein;1399 VI 28, Krems Michael Tell von Aggsbach und sein Weib Margret, die wegen eines Diebstahls in Langenlois verhaftet und in das Gericht nach Krems gebracht wurden, sollten hingerichtet werden, doch begnadigt schwören sie Urfehde. Source Regest: Harry Kühnel, Stadtarchiv Krems. Urkunden 1108-1844 (Krems 1960);Michael Tell|Margret Tell;michael_tell|margret_tell;nein;Bevölkerung und Bevölkerungsgruppen|Rechtswesen;;StaAKr-0100
StAK-UrkKr-0101;1399 VII 16;1399_07_16;nein;1399;Wien;nein;1399 VII 16, Wien ( ze Wienn ) Bürgermeister und Rat der Stadt Wien ( Wienn ) verordnen ( Ist unser maynung ), dass [ Bürgermeister, Richter und Rat der Städte Krems und Stein ( Krems und Stayn )], nachdem sie das Schreiben ( Brief ) der Empfänger gelesen haben, in dem diese berichtet haben, dass die Krems er Kaufmannschaft nicht rechtmäßig ( unpilleich ) die Maut in Wien bezahlen mussten, und ihre beanspruchten Rechte dargelegt haben, mit allen Privilegien ( briefen ) bis eine Woche nach dem St.-Stephans-Tag [10. August 1399] nach Wien reisen sollen. Dann sind die Aussteller dazu bereit, den Empfängern in ihren Anliegen entgegenzukommen. Siegler: die Aussteller. Source Regest: Stadtarchiv Krems, 2020.;;;nein;Politik|Rechtswesen|Wirtschaft;;StAK-UrkKr-0101
StaAKr-0102;1399 VIII 05;1399_08_05;nein;1399;Passau;nein;1399 VIII 05, Krems Hennsl Schiedl von Passau, derzeit des Choler Knecht, der sich in der Trunkenheit gegen ehrbare Fauen zu Stein auf der Straße und in Häusern sowie im Stadtgerichtsgebiet unzüchtig benommen hatte und ergriffen wurde, sollte nach dem Urteil des geschworenen Rates hingerichtet werden, wird aber begnadigt und schwört beiden Städten sowie den Dörfern Unter- und Oberloiben Urfehde.;Hennsl Schiedl|Choler;hennsl_schiedl|choler_1399;nein;Rechtswesen;;StaAKr-0102
StaKr-0103;1399 XII 21;1399_12_21;nein;1399;;nein;noch kein Regest vorhanden;;;ja;;;StaKr-0103
StaAKr-0104;1400 VI 3;1400_06_03;nein;1400;Laufen an der Salzach;nein;1400 VI 3, Krems Hainreich Chornhauff von Krems, wegen Beschädigung eines Bürgers von Laufen vom Stadtrichter beider Städte ins Gefängnis geworfen,schwört den Städten und den Bürgern von Laufen Urfehde, nachdem er auf Bitten der Herzogin Beatrix, der Witwe Albrechts II. und nach dem Willen Herzog Albrechts III. begnadigt worden.;Hainreich Chornhauff|Herzogin Beatrix|Albrecht II.|Albrecht III.;hainreich_chornhauff|beatrix_von_zollern|albrecht_ii|albrecht_iii;nein;Politik|Rechtswesen;;StaAKr-0104
StaAKr-0105;1400 VI 4;1400_06_04;nein;1400;Krems;nein;1400 VI 4 Anna Kuchprein, Bürgerin von Krems, vermacht von ihrem Haus und Hofsatt jährlich 1/2 Pfund Pfennige dem Spital zu Krems. Zeugen: Marchart Treberger, Pfarrer von Krems, Albrecht Pyber, Widenwächter daselbst, Hans Nöstlein von Lois. Source Regest: Harry Kühnel, Stadtarchiv Krems. Urkunden 1108-1844 (Krems 1960);Anna Kuchprein|Albrecht Pyber|Hans Nöstlein|Machart Treperger;anna_kuchprein|albrecht_pyber|hans_noestlein|marchart_treperger;nein;Bevölkerung und Bevölkerungsgruppen|Soziales Leben|Vermögen und Finanzen;;StaAKr-0105
StaAKr-0106;1400 VII 19;1400_07_19;nein;1400;Krems;nein;"1400 VII 19, Krems Urfehde. Erhard Holm von Krems verpflichtet sich mit Leib und Leben, den Städten Krems und Stein nichts schlimmes zu tun. Richte er aber dennoch einen Schaden an, dann sei er nicht nur dem Gerichte verfallen, sondern auch sein Vater Georg und sein Vetter Koloman auf der Wegscheid hätte je 32 Pfund Wr. Pfn. dem Herzog in Österreich und den beiden Städten; 10 Pfund Wr. Pf. dem Richter. Zeugen: Jakob Hulber, Georg und Koloman Olm. Source Regest: Harry Kühnel, Stadtarchiv Krems. Urkunden 1108-1844 (Krems 1960)";Erhard Holm|Jakob Hulber|Koloman Holm|Georg Holm;erhard_holm|jakob_hulber|koloman_holm|georg_holm;ja;Rechtswesen;"Personenidentifikation unsicher: vermutlich Koloman Holm (Regest nennt ""Koloman""); vermutlich Georg Holm (Regest nennt ""Georg"")";StaAKr-0106
StaAKr-0107;1400 VIII 2;1400_08_02;nein;1400;Krems;nein;"1400 VIII 2, Krems Urfehde. Peter Packnecht verpflichtet sich mit Leib und Gut den Städten Krems und Stein keinen Schaden zuzufügen. Zeugen; Albrecht Pyber, Widenrichter in Krems, Jakob Selden, Bürger daselbst. Source Regest: Harry Kühnel, Stadtarchiv Krems. Urkunden 1108-1844 (Krems 1960)";Peter Packnecht|Albrecht Pyber|Jakob Salden;peter_packnecht|albrecht_pyber|jakob_salden;ja;Rechtswesen;"Personenidentifikation unsicher: vermutlich Jakob Salden (Regest nennt ""Jakob"")";StaAKr-0107
StaAKr-0108;1400 X 31;1400_10_31;nein;1400;Rom, Italien;nein;1400 X 31 Otto Chrainer, Bürger zu Krems und seine Frau Agnes setzen vor ihrer Pilgerreise nach Rom die Pfarrkirche in Krems als Universalerbe ein. Zeugen: Ulrich von Znaim, Richter beider Städte, Jakob Hulber, Bürger von Krems. Source Regest: Harry Kühnel, Stadtarchiv Krems. Urkunden 1108-1844 (Krems 1960);Otto Chrainer|Agnes Chrainer|Ulrich von Znaim|Jakob Hulber;otto_chrainer|agnes_chrainer|ulrich_von_znaim|jakob_hulber;nein;Religion|Vermögen und Finanzen;;StaAKr-0108
StaAKr-0109;1400 XI 9;1400_11_09;nein;1400;;nein;"1400 XI 9, Krems Urfehde. Peter Pehaimb von Brünn und seine Frau Margarete verpflichten sich gegen Entlassung aus dem Gefängnis, in das sie ""etlicher Inzucht wegen"" geworfen wurden, den Städten Krems und Stein keinen Schaden zuzufügen. Zeugen: Albrecht Piber, Widenrichter, Jakob Salden, Bürger zu Krems. Source Regest: Harry Kühnel, Stadtarchiv Krems. Urkunden 1108-1844 (Krems 1960)";Peter Pehaimb|Margarete Pehaimb|Albrecht Pyber|Jakob Salden;peter_pehaimb|margarete_pehaimb|albrecht_pyber|jakob_salden;nein;Rechtswesen;;StaAKr-0109
StaAKr-0110;1400 XII 13;1400_12_13;nein;1400;Krems;nein;1400 XII 13 Katharina Frostlein, Bürgerin zu Krems vermacht ihren dritthalb Joch großen Weingarten der Pfarrkirche von Krems. Zeugen: Ulrich von Znaim, Richter beider Städte, Simon Trindorffer, Judenwächter. Source Regest: Harry Kühnel, Stadtarchiv Krems. Urkunden 1108-1844 (Krems 1960);Katharina Frostlein|Ulrich von Znaim|Simon Tundorfer;katharina_frostlein|ulrich_von_znaim|simon_tundorfer;ja;Religion|Vermögen und Finanzen|Wirtschaft;"Personenidentifikation unsicher: vermutlich Simon Tundorfer (Regest nennt ""Simon"")";StaAKr-0110
StaAKr-0111;1401 II 1;1401_02_01;nein;1401;Krems;nein;1401 II 1 Die drei Brüder Jakob, Hans und Konrad Hulber geben 17 Wr. Pfen. Burgrecht dem Kremser Sital. Source Regest: Harry Kühnel, Stadtarchiv Krems. Urkunden 1108-1844 (Krems 1960);Jakob Hulber|Hans Hulber|Konrad Hulber;jakob_hulber|hans_hulber|konrad_hulber;nein;Soziales Leben|Vermögen und Finanzen;;StaAKr-0111
StaAKr-0112;1401 II 22;1401_02_22;nein;1401;Krems;nein;1401 II 22 Paul Maurer, Bürger zu Krems und Katharina, seine Frau verkaufen mit Erlaubnis des Pfarrers Treberger von Krems 40 Pfennige dem Spital, die auf ihrem Haus auf dem Korngrieß gelegen sind. Zeugen: Marchart Treberger, Pfarrer von Krems, Albrecht Pyber, Widenrichter daselbst. Source Regest: Harry Kühnel, Stadtarchiv Krems. Urkunden 1108-1844 (Krems 1960);Paul Maurer|Katharina Maurer|Albrecht Pyber|Machart Treperger;paul_maurer|katharina_maurer|albrecht_pyber|marchart_treperger;nein;Soziales Leben|Vermögen und Finanzen|Wirtschaft;;StaAKr-0112
StaAKr-0113;1401 III 12;1401_03_12;nein;1401;Senftenberg;nein;1401 III 12 Dietrich Wisent von Senftenberg und seine Frau Elsbet verkaufen ihren Weingarten (1/2 Joch) der Frau Margarete Haidel, Witwe nach Hans Raidel. Zeugen: Friedrich Pfarrer von Senftenberg, Hans Hulber, Burggraf daselbst. Source Regest: Harry Kühnel, Stadtarchiv Krems. Urkunden 1108-1844 (Krems 1960);Dietrich Wisent|Elsbet Wisent|Margarete Haidel|Hans Raidel|Friedrich Pfarrer|Hans Hulber;dietrich_wisent|elsbet_wisent|margarete_haidel|hans_raidel|friedrich_pfarrer|hans_hulber;nein;Vermögen und Finanzen|Wirtschaft;;StaAKr-0113
StaAKr-0114;1401 III 22;1401_03_22;nein;1401;;nein;"1401 III 22, Krems Urfehde. Nikolaus von Waydhofen schwört, niemand in Krems und Stein feindlich zu sein. Er hatte einen armen, frommen Mann seinen Beutel mit ""Pfennig"" gestohlen. Zeugen: Ulrich, Bürger von Krems, Albrecht Piber, Widenrichter daselbst. Source Regest: Harry Kühnel, Stadtarchiv Krems. Urkunden 1108-1844 (Krems 1960)";Nikolaus von Waydhofen|Ulrich|Albrecht Pyber;nikolaus_von_waydhofen|ulrich_1401|albrecht_pyber;ja;Rechtswesen;"Personenidentifikation unsicher: vermutlich Albrecht Pyber (Regest nennt ""Albrecht"")";StaAKr-0114
StaAKr-0115;1401 III 28;1401_03_28;nein;1401;Krems;nein;1401 III 28 Michael von Sebarn, Bürger zu Stein und seine Frau Margarete verkaufen ihr Gärtchen vor dem Reinspertor nächst der Ringmauer mit Einwilligung des Pfarrers in Stein, Hans Neunburger, an Wernhart von Everding und seine Frau Anna. Source Regest: Harry Kühnel, Stadtarchiv Krems. Urkunden 1108-1844 (Krems 1960);Michael von Sebarn|Margarete von Sebarn|Hans Neunburger|Wernhart von Everding|Anna von Everding;michael_von_sebarn|margarete_von_sebarn|hans_neunburger|wernhart_von_everding|anna_von_everding;nein;Religion|Stadt und Raum|Vermögen und Finanzen;;StaAKr-0115
StaAKr-0116;1401 IV 23;1401_04_23;nein;1401;Rom, Italien|Eggenburg;nein;"1401 IV 23 Urfehde Michael Wetz des Kürschners der sein Weib ermordete; er muß sich zu einer Bußfahrt nach Rom verpflichten. Zeugen: Simon Tundorfer, Judenrichter zu Krems, Martin der Eggenburger. Source Regest: Harry Kühnel, Stadtarchiv Krems. Urkunden 1108-1844 (Krems 1960)";Michael Wetz|Simon Tundorfer|Martin Eggenburger;michael_wetz|simon_tundorfer|martin_eggenburger;nein;Rechtswesen|Religion;;StaAKr-0116
StaAKr-0117;1401 V 31;1401_05_31;nein;1401;Langenlois;nein;1401 V 31 Vergleich zwischen Hermann Gisperger und seiner Frau Katharina und Ruedel Chaser und seiner Frau Anna mit Friedrich dem Müller von Langenlois. Source Regest: Harry Kühnel, Stadtarchiv Krems. Urkunden 1108-1844 (Krems 1960);Hermann Gisperger|Katharina Gisperger|Ruedel Chaser|Anna Chaser|Friedrich Müller;hermann_gisperger|katharina_gisperger|ruedel_chaser|anna_chaser|friedrich_mueller;nein;Rechtswesen;;StaAKr-0117
StaAKr-0118;1401 VII 15;1401_07_15;nein;1401;Krems;nein;1401 VII 15, Krems Christian Volkmanns Urfehde, sich an beiden Städten nicht zu rächen. Zeugen: Niklas Schaffer, Bürger in Krems, Albrecht Pyber, Widenrichter daselbst. Source Regest: Harry Kühnel, Stadtarchiv Krems. Urkunden 1108-1844 (Krems 1960);Christian Volkmann|Niklas Schaffer|Albrecht Pyber;christian_volkmann|nikolaus_schaffer|albrecht_pyber;ja;Rechtswesen;"Personenidentifikation unsicher: vermutlich Albrecht Pyber (Regest nennt ""Albrecht"")";StaAKr-0118
StaAKr-0119;1401 VII 29;1401_07_29;nein;1401;Salzburg|Gföhl|Berchtesgaden;nein;"1401 VII 29, Salzburg Gregor, Erzbischof von Salzburg erinnert Richter und Rat an die Reachte des Eisentürhofes, den er von den Berchtesgadener Chroherren Kaufte; für seinen Hofmeister Leonhart von Gföhl, der sich gegen die Bürger vergangen hat, bittet er um Nachsicht, denn er wünsche, daß dieser mit ihnen ""freundl. lebe und handle"": Source Regest: Harry Kühnel, Stadtarchiv Krems. Urkunden 1108-1844 (Krems 1960)";Erzbischof Gregor|Hofmeister Leonhart;erzbischof_gregor|hofmeister_leonhart;nein;Rechtswesen|Religion|Vermögen und Finanzen;;StaAKr-0119
StaAKr-0120;1401 IX 21;1401_09_21;nein;1401;Gobelsburg|Gerersdorf|Eggenburg;ja;"1401 IX 21 Georg, Pfarrer zu Gobelsburg und Jakob Meyraser, Verweser für den Pfleger von Gobelsburg Andres Gruber tun kund, daß Hans Gerersdorffer aus Espesdorf für seinen Ziehsohn Erhart, Sohn weiland des Nikolaus von Hoffnin Gerersdorf, die Zahlung einer Geldschuld verlange, die auf einem 2 Joch großen Weingarten in Geresdorf ""an der Haide"" gelegen sei und die dessen ehemaliger Besitzer Hans Dorner kontrahierte (Burgrecht 10 Wr. Pfen. nach Gobelsburg), der ein Kremser Bürger war.  Martin der Egenburger Philipp der Herscheftl. beide Bürger von Krems und Pfleger der Güter der St. Veitspfarrkirche daselbst berichten, daß Hans Dorn und seine Frau Margarethe den Weingarten der kirche vermacht hätten.Die Herrschaft Gobelsburg entscheidet nun dahin, daß die beiden Pfleger 12 Pfund Wr. Pfen. den jungen Erhart zu zahlen hätten, der Weingarten jedoch bei der Pfarrkirche bleibe und Erhart alle Ansprüche darauf entsagen solle. Source Regest: Harry Kühnel, Stadtarchiv Krems. Urkunden 1108-1844 (Krems 1960).";Pfarrer Georg|Jakob Meyraser|Andres Gruber|Hans Gerersdorffer|Erhart|Nikolaus von Hoffnin|Hans Dorner|Philipp Herscheftl|Hans Dorn|Margarethe Dorn|Martin Eggenburger;pfarrer_georg|jakob_meyraser|andres_gruber|hans_gerestorffer|erhart_1401|nikolaus_von_hoffnin|hans_dorner|philipp_herscheftl|hans_dorn|margarethe_dorn|martin_eggenburger;ja;Rechtswesen|Religion|Vermögen und Finanzen|Wirtschaft;"Ortsidentifikation unsicher: Eggenburg (nicht eindeutig aus dem Regest-Text ableitbar) | Personenidentifikation unsicher: vermutlich Martin Eggenburger (Regest nennt ""Martin"")";StaAKr-0120
StaAKr-0121;1401 XII 3;1401_12_03;nein;1401;Imbach;nein;1401 XII 3 Margaete Raidlein, Bügerin zu Krems stiftet mit einem Weingarten (1/2 Joch) einen Jahrtag in der Kremser Pfarrkirche. Zeugen: Dorothea, Priorin von Imbach, Veit Pucher, Richter beider Städte. Source Regest: Harry Kühnel, Stadtarchiv Krems. Urkunden 1108-1844 (Krems 1960);Margaete Raidlein|Priorin Dorothea|Veit Pucher;margaete_raidlein|priorin_dorothea|veit_pucher;nein;Religion|Vermögen und Finanzen|Wirtschaft;;StaAKr-0121
StaAKr-0122;1402 IX 3;1402_09_03;nein;1402;Krems;nein;1402 IX 3 Vergleich zwischen Krems und Stein in Handelsangelegenheiten. Source Regest: Harry Kühnel, Stadtarchiv Krems. Urkunden 1108-1844 (Krems 1960);;;nein;Politik|Rechtswesen|Wirtschaft;;StaAKr-0122
StAK-UrkKr-0123;1403 I 3;1403_01_03;nein;1403;Wien;nein;1403 I 3, Wien ( ze Wienn ) Die Herzöge Wilhelm und Albrecht [IV.] von Österreich begünstigen ( haben ... die gnad getan und tu?n ) Richter, Rat und der Bürgerschaft der Städte Krems und Stein ( ze Krems und ze Stain ), nachdem ihnen zugetragen und auch bewiesen wurde, dass zahlreiche Einwohner ( leu?t ) der Städte Krems und Stein ( ze Krems und ze Stain ), die mit Wein, Salz und anderen Gütern handeln ( arbaitten ), Häuser besitzen und bewohnen, jedoch Steuern und andere Lasten nicht mittragen wollen ( in Stewr Wacht und and[er]n notdurfften ... nicht mit leiden wellen ), wie es Gewohnheit ist ( als vormaln ist herko?men ), wodurch die Stadt belastet ( vast beswe?ret ) wird, dass diese Einwohner alle Steuer- und andere Lasten nach ihren Kräften ( nach seinen staten ) mittragen müssen, wie es andere Bürger auch tun und wie es schon immer getan wurde. Wer sich dem widersetzt, handelt gegen die Aussteller. Siegler: die Aussteller. Source Regest: Stadtarchiv Krems, 2020.;Herzog Wilhelm|Albrecht IV.;wilhelm_der_freundliche|albrecht_iv;nein;Politik|Vermögen und Finanzen|Verwaltung|Wirtschaft;;StAK-UrkKr-0123
StaAKr-0124;1403 I 4;1403_01_04;nein;1403;Krems|Gföhl;nein;1403 I 4 Die Herzöge Wilhelm und Albrecht befehlen dem Lienhart von Gföhl, Richter beider Städte das rückständige Angelt mit allem Nachdrucke einzutreiben. Source Regest: Harry Kühnel, Stadtarchiv Krems. Urkunden 1108-1844 (Krems 1960);Herzog Wilhelm|Albrecht IV.|Lienhart von Gföhl;wilhelm_der_freundliche|albrecht_iv|lienhart_von_gfoehl;nein;Vermögen und Finanzen|Verwaltung|Wirtschaft;;StaAKr-0124
StaAKr-0125;1403 I 24;1403_01_24;nein;1403;Wien|Salzburg|Herzogenburg|Freising|Hollenburg;nein;1403 I 24, Wien Die Herzoge Wilhelm und Albrecht verlangen von den beiden Städten Bericht, wie es sich dem Uferrecht bei St. Georgen unterhalb Hollenburg verhalte, das sowohl der Probst von Herzogenburg und der Mistinger als auch die Hochstifter Salzburg und Freising für sich beanspruchen. Source Regest: Harry Kühnel, Stadtarchiv Krems. Urkunden 1108-1844 (Krems 1960);Herzog Wilhelm|Albrecht IV.;wilhelm_der_freundliche|albrecht_iv;nein;Rechtswesen|Stadt und Raum|Verwaltung;;StaAKr-0125
StaAKr-0126;1403 VII 11;1403_07_11;nein;1403;Eggenburg|Znojmo;nein;1403 VII 11 Martin der Eggenburger und Philipp Herscheftl beurkunden für Frau Margarete Raidlien und ihre Nachkommen einen Jahrtag am Sonntag nach Allerheiligen. Beide Mitglieder des Rates und Kirchenmeister. Zeugen: Ulrich von Znaim, Mitglied des Rates. Source Regest: Harry Kühnel, Stadtarchiv Krems. Urkunden 1108-1844 (Krems 1960);Martin Eggenburger|Philipp Herscheftl|Margarete Raidlien|Ulrich von Znaim;martin_eggenburger|philipp_herscheftl|margaete_raidlein|ulrich_von_znaim;nein;Religion|Vermögen und Finanzen;;StaAKr-0126
StaAKr-0127;1403 XI 11;1403_11_11;nein;1403;Lilienfeld;nein;1403 XI 11, Lilienfeld Abt Konrad von Lilienfeld und der Konvent verkaufen ihren Hof in Krems, genannt den Herzogs- oder Schlüsselhof nächst der Mauer an der Donau, den sie von den Herzogen Albrecht und Leopold erworben haben, mit allen Rechten dem Hans Potlein von Gossing um 124 Pfund Wr. Pfen. Source Regest: Harry Kühnel, Stadtarchiv Krems. Urkunden 1108-1844 (Krems 1960);Konrad von Lilienfeld|Albrecht IV.|Leopold IV.|Hans Potlein von Gossing;konrad_von_lilienfeld|albrecht_iv|leopold_iv|hans_potlein_von_gossing;nein;Religion|Vermögen und Finanzen|Wirtschaft;;StaAKr-0127
StaAKr-0128;1404 III 24;1404_03_24;nein;1404;Mautern an der Donau|Eferding|Baumgarten am Tullnerfeld;ja;1404 III 24, Mautern Wernhart Trongassinger und Elsbet seine Frau bestätigen den Verkauf ihrer beiden Weingärten in Baumgarten und in der alten Päunt dem Wernhart von Everding und seiner Frau Anna. Zeugen: Abt Peter von Göttweig, Stephan Smyd, Mitglied des Rates in Mautern. Source Regest: Harry Kühnel, Stadtarchiv Krems. Urkunden 1108-1844 (Krems 1960);Wernhart Trongassinger|Elsbet Trongassinger|Wernhart von Everding|Anna von Everding|Abt Peter|Stephan Smyd;wernhart_trongassinger|elsbet_trongassinger|wernhart_von_everding|anna_von_everding|abt_peter|stephan_smyd;nein;Vermögen und Finanzen|Wirtschaft;Ortsidentifikation unsicher: Eferding (nicht eindeutig aus dem Regest-Text ableitbar);StaAKr-0128
StaAKr-0129;1404 IV 2;1404_04_02;nein;1404;Gneixendorf|Stratzing bei Krems;ja;1404 IV 2, Krems Gilg von Gneixendorf vermacht seiner Frau Katharina und ihrem Erben außer dem, was sie in die Ehe brachte, 3/4 Weingarten am alten Gebling und 1 1/2 Joch Acker im Startzingerfeld. Zeugen: Martin der Egenburger, Rat und oberster Spitalmeister in Krems, Weisgot Pehem, Bürger von Krems. Source Regest: Harry Kühnel, Stadtarchiv Krems. Urkunden 1108-1844 (Krems 1960);Gilg von Gneixendorf|Katharina von Gneixendorf|Martin Eggenburger|Weisgot Pehem;gilg_von_gneixendorf|katharina_von_gneixendorf|martin_eggenburger|weisgot_pehem;nein;Bevölkerung und Bevölkerungsgruppen|Vermögen und Finanzen|Wirtschaft;Ortsidentifikation unsicher: Stratzing bei Krems (nicht eindeutig aus dem Regest-Text ableitbar);StaAKr-0129
StaAKr-0130;1404 VIII 14;1404_08_14;nein;1404;Weinzierl;nein;"1404 VIII 14 Artl Salzer von Weinzierl ""pey Chrems"" und seine Frau Margarete verkaufen um 6 Pfund Wr. Pfen. jährlich 6 Schill. Wr. Pfen. zu dem Licht des Nachts im Langhaus des Kremser Spitals von ihrem halben Lehen. Zeugen: Stephan Rudolf, Bürger zu Stein und herzogl. Schlüßler, Albrecht Pyber, Widenrichter zu Krems. Source Regest: Harry Kühnel, Stadtarchiv Krems. Urkunden 1108-1844 (Krems 1960)";Artl Salzer|Margarete Salzer|Stephan Rudolf|Albrecht Pyber;artl_salzer|margarete_salzer|stephan_rudolf|albrecht_pyber;nein;Religion|Soziales Leben|Vermögen und Finanzen;;StaAKr-0130
StaAKr-0131;1404 IX 25;1404_09_25;nein;1404;Hadersdorf am Kamp;nein;"1404 IX 25 Der Jude Swerzl, Herschleins Sohn von Hadersdorf, klagt den Kremser Weber Hans Liechtenberger, der ihm mit Einwilligung des Pfarrers Treberger 5 1/2 Pfund Wr. Pfen. schuldete und flüchtig ward; auf die Vorladung erschien er nicht. Der Burgherr Dechant Treberger, Lichtenbergers Haus lag ""auf der Widen"", setzte dem Spruche des Gerichtes gemäß den Juden in ""Nutz und Gewähr"". Source Regest: Harry Kühnel, Stadtarchiv Krems. Urkunden 1108-1844 (Krems 1960)";Swerzl Herschlein|Hans Liechtenberger|Machart Treperger;swerzl_herschlein|hans_liechtenberger|marchart_treperger;nein;Rechtswesen|Religion|Vermögen und Finanzen;;StaAKr-0131
StaAKr-0132;1405 I 30;1405_01_30;nein;1405;Gföhl|Langenlois|Eggenburg;nein;1405 I 30, Krems Herman Schad, Pfleger zu Krems, Jörg Geyr von Gföhl, Nikolaus Gfeller von Lois und Martin Egenburger vergleichen sich mit Hainrich Parz und Hans Greusnicker für deren letzt. Frauen Katharina und Anna, den Töchtern Lienharts von Gföhl, über dessen Verlassenschaft. Source Regest: Harry Kühnel, Stadtarchiv Krems. Urkunden 1108-1844 (Krems 1960);Herman Schad|Jörg Geyr von Gföhl|Nikolaus Gfeller|Martin Eggenburger|Hainrich Parz|Hans Greusnicker|Katharina Greusnicker|Anna Greusnicker|Lienhart von Gföhl;herman_schad|joerg_geyr_von_gfoehl|nikolaus_gfeller|martin_eggenburger|hainrich_parz|hans_greusnicker|katharina_greusnicker|anna_greusnicker|lienhart_von_gfoehl;nein;Bevölkerung und Bevölkerungsgruppen|Rechtswesen|Vermögen und Finanzen;;StaAKr-0132
StaAKr-0133;1405 III 3;1405_03_03;nein;1405;Spitz an der Donau;nein;"1405 III 3 Ulrich Kienberger verkauft seinen Weingarten (3 1/2 Joch) zwischen den Städten, gen. d. ""Pach"" um 240 Pfund Wr. Pfen. und 12 Pfen. Burgrecht jährl. für sein Haus am Hohen Markt, dem Spital in Krems. Zeugen: Herman Schad von Lengenfeld, Pfleger zu Krems, Stephan von Spitz, Richter beider Städte. Source Regest: Harry Kühnel, Stadtarchiv Krems. Urkunden 1108-1844 (Krems 1960)";Ulrich Kienberger|Herman Schad|Stephan von Spitz;ulrich_kienberger|herman_schad|stephan_von_spitz;nein;Soziales Leben|Vermögen und Finanzen|Wirtschaft;;StaAKr-0133
StaAKr-0134;1405 XI 3;1405_11_03;nein;1405;Hasendorf;nein;1405 XI 3, Krems Urfehde des Hans Katringer von Hasendorf und Bernhard, den beiden Städten keinen Schaden zu tun. Zeugen: Otto der Marichpech. Source Regest: Harry Kühnel, Stadtarchiv Krems. Urkunden 1108-1844 (Krems 1960);Hans Katringer|Bernhard|Otto Marichpech;hans_katringer|bernhard_1405|otto_marichpech;nein;Rechtswesen;;StaAKr-0134
StaAKr-0135;1406 IV 26;1406_04_26;nein;1406;Wien;nein;1406 IV 26 Rudolf Angerfelder, Bürgermeister von Wien, Konrad Angerfelder und Nikolaus Weispacher, Mitglieder des Wiener Rats, verkaufen nach dem letzten Willen des Michel Geiokramer und mit Einwilligung der Frau Beatrix von Zelking einen Weingarten in der Kremsleiten um 100 Pfund Wr. Pfen. dem Peter Walchen und seiner Frau Barbara. Source Regest: Harry Kühnel, Stadtarchiv Krems. Urkunden 1108-1844 (Krems 1960);Rudolf Angerfelder|Konrad Angerfelder|Nikolaus Weispacher|Michel Geiokramer|Beatrix von Zelking|Peter Walchen|Barbara Walchen;rudolf_angerfelder|konrad_angerfelder|nikolaus_weispacher|michel_geiokramer|beatrix_von_zelking|peter_walchen|barbara_walchen;nein;Vermögen und Finanzen|Wirtschaft;;StaAKr-0135
StaAKr-0136;1406 V 13;1406_05_13;nein;1406;;nein;1406 V 13 Margarete, Seyfrieds d. Sch. Schwester und Peter Pankbaur in Krems und des letzteren Frau Katharina, Heinrich von Oberloiben und Elsbet, Heizlains Frau aus Ob. Loiben verkaufen der Kirche zu Krems einen Weingarten in der Kremsleiten um 26 Wr. Pfd. Zeugen: Friedrich Glachsperg, Richter beider Städte. Source Regest: Harry Kühnel, Stadtarchiv Krems. Urkunden 1108-1844 (Krems 1960);Peter Pankbaur|Katharina von Oberloiben|Heinrich von Oberloiben|Elsbet Heizlain|Friedrich Glachsperg|Margarete Sch|Seyfrid Sch;peter_pankbaur|katharina_von_oberloiben|heinrich_von_oberloiben|elsbet_heizlain|friedrich_glachsperg|margarete_sch|seyfrid_sch;ja;Religion|Vermögen und Finanzen|Wirtschaft;"Personenidentifikation unsicher: vermutlich Margarete Sch (Regest nennt ""Margarete""); vermutlich Seyfrid Sch (Regest nennt ""Sch"")";StaAKr-0136
StAK-Stein-2006;1406 VI 6;1406_06_06;nein;1406;Weitra|Zwettl|Neupölla|Eggenburg|Stein;nein;Herzog Wilhelm befiehlt den Kaufleuten von Weitra, Zwettl, Neu-Pölla und Eggenburg, ihre Waren nur beim Mauthhaus in Stein niederzulegen.;Wilhelm;wilhelm_der_freundliche;nein;Vermögen und Finanzen|Wirtschaft;;StAK-Stein-2006
StaAKr-0137;1406 VIII 6;1406_08_06;nein;1406;Zwettl;nein;"1406 VIII 6 Ulrich, Abt von Zwettl und der Konvent verkaufen einen Weingarten zu Krems in der Kremsleiten, gen. die ""Rörn"" um 26 Pfund Wr. Pf. dem Hans Zeller; ursprünglich war er im Besitze Hans Walters. Source Regest: Harry Kühnel, Stadtarchiv Krems. Urkunden 1108-1844 (Krems 1960)";Abt Ulrich|Hans Zeller|Hans Walters;abt_ulrich|hans_zeller|hans_walters;nein;Religion|Vermögen und Finanzen|Wirtschaft;;StaAKr-0137
StaAKr-0568;1406 VIII 15;1406_08_15;nein;1406;Bamberg;nein;1406 VIII 15 Notariatsinstrument des Georgius Spies, Kleriker von Bamberg. Source Regest: Harry Kühnel, Stadtarchiv Krems. Urkunden 1108-1844 (Krems 1960);Georgius Spies;georgius_spies;nein;Rechtswesen;;StaAKr-0568
StaAKr-0138;1407 XII 11;1407_12_11;nein;1407;Wien|Passau|Stift Garsten;nein;1407 XII 11, Wien Die Stände berichten über die Vormundschaft Herzog Leopolds über Albrecht V. und warnen vor solchen Berichten. Zeugen: Georg, Bischof von Passau, Florian, Abt zu Gesten, Wilhelm, Probst zu Wien, Friedrich von Wallsee, Hofmeister, Georg von Puchheim, Hofmeister des Herzog Ernst, Purkhart von Winden, Kaspar von Starchenberger, der Bürgermeister von Wien. Source Regest: Harry Kühnel, Stadtarchiv Krems. Urkunden 1108-1844 (Krems 1960);Leopold IV.|Albrecht V.|Bischof Georg|Abt Florian|Probst Wilhelm|Friedrich von Wallsee|Georg von Puchheim|Purkhart von Winden|Kaspar von Starchenberger;leopold_iv|albrecht_v|bischof_georg_hohenlohe_1407|abt_florian|probst_wilhelm|friedrich_von_wallsee|georg_von_puchhaim|purkhart_von_winden|kaspar_von_starchenberger;nein;Politik|Verwaltung;;StaAKr-0138
StAK-UrkKr-0139;1407 XII 11;1407_12_11;nein;1407;Wien;nein;1407 XII 11, Wien ( ze Wienn ) Herzog Ernst von Österreich befiehlt ( Begern ) [ Richter, Rat und den Bürgern der Städte Krems und Stein ( ze Krems und ze Stain )], nachdem die erwirdigen , ersamen und andechtigen Prälaten sowie die Herren und Städte in Österreich [unter und] ob der Enns über die Streitigkeiten ( hendl ) zwischen ihnen sowie dem Aussteller und seinem Bruder, Herzog Leopold [IV.] , wegen der Vormundschaft über den noch minderjährigen Herzog Albrecht [V.] , seinen Verwandten ( vettern ), ihre Nachrichten verbreiten werden, niemand anderen darüber berichten zu lassen und diese Sachen nicht zu glauben. Siegler: der Aussteller. Source Regest: Stadtarchiv Krems, 2020.;Ernst I.|Leopold V.|Albrecht V.;ernst_i|leopold_v|albrecht_v;nein;Politik|Verwaltung;;StAK-UrkKr-0139
StAK-UrkKr-0140;1407 XII 13;1407_12_13;nein;1407;Wien;nein;1407 XII 13, Wien ( ze Wienn ) Herzog Ernst von Österreich befiehlt (emphelhen) [Richter, Rat und den Bürgern der Städte Stein und Krems (zu Stain und Krems)], sich auf die Kämpfe (le?ff), die im Land Österreich begonnen haben, mit der Bevölkerung und allen Bedürfnissen (mit volke und allen and[er]n sachen und nottu?rften) bestmöglich vorzubereiten (darnach richtet). Wenn jemand den Aussteller, seinen Verwandten (vettern) [Albrecht IV.] und sein Land bedroht (wolt beswe?ren oder dringen), sollen die Empfänger, sobald der Aussteller es befiehlt, bereit sein und mit allen verfügbaren Kräften (mit ganczer macht) dem Aussteller und seinem Verwandten zur Seite stehen. Er befiehlt (mainen) weiters, zwei oder drei der besten Bürger mit Vollmachten (mit vollem gwalt) zu Mariä Lichtmess zum Landtag (tag) zu entsenden, der wegen Herzog Leopold [IV.], der Vormundschaft und anderen dringenden Angelegenheiten (notdurft) abgehalten wird. Dazu wurden auch andere Prälaten, Herren, Ritter, Knechte und Städte hinbeordert. Siegler: der Aussteller. Quelle Regest: Stadtarchiv Krems, 2020.;Ernst I.|Albrecht IV.|Leopold IV.;ernst_i|albrecht_iv|leopold_iv;nein;Politik|Verwaltung;;StAK-UrkKr-0140
StaAKr-0141;1407 XII 15;1407_12_15;nein;1407;Eggenburg|Freising;ja;1407 XII 15, Eggenburg Die Ritterschaft und Bischof Bertold von Freysing (Anhänger Herzog Leopolds) schicken Herman Schad den Städten und bitten seinen Ausführungen zu glauben. Zeugen: Bertold, Bischof von Freising, Johann, Burggraf zu Maidburg, Hans Heidegg, Kammermeister, Nikolaus Seebeck, Sybolt Pbit. Source Regest: Harry Kühnel, Stadtarchiv Krems. Urkunden 1108-1844 (Krems 1960);Bischof Bertold|Johann|Hans Heidegg|Nikolaus Seebeck|Sybolt Pbit|Herman Schad;bischof_bertold|johann_1407|hans_heidegg|nikolaus_seebeck|sybolt_pbit|herman_schad;ja;Politik;"Ortsidentifikation unsicher: vermutlich Hardegg (Regest nennt ""Heidegg"") | Personenidentifikation unsicher: vermutlich Herman Schad (Regest nennt ""Herman"")";StaAKr-0141
StaAKr-0142;1407 XII 16;1407_12_16;nein;1407;Krems;nein;"1407 XII 16 Herzog Ernst befiehlt den beiden Städten Verteidigungsanstalten zu treffen, damit sie ""versorgt"" sein; brauchten sie aber einen Hauptmann und Volk, so werde er ihnen beides senden. Source Regest: Harry Kühnel, Stadtarchiv Krems. Urkunden 1108-1844 (Krems 1960)";Ernst I.;ernst_i;nein;Politik|Verwaltung;;StaAKr-0142
StAK-UrkKr-0143;1407 XII 20;1407_12_20;nein;1407;Wien;nein;1407 XII 20, Wien ( ze Wienn ) Herzog Ernst von Österreich berichtet ( lass[e]n ew wiss[e]n ) [ Richter, Rat und der Bürgerschaft der Städte Krems und Stein ( ze Krems und ze Stain )], dass er bei seinem Bruder, Herzog Leopold [IV.] war, ohne ein Ergebnis zu erzielen ( an alles ende von Im geschaid[e]n ), weshalb er davon ausgeht, dass Leopold und dessen Ritterschaft den Aussteller, seinen Verwandten ( vett[er]n ) Herzog Albrecht [V.] sowie sein Land und seine Untertanen ( leu?t ) angreifen wird. Da der Aussteller sich aber verteidigen ( widerzehalt[e]n ) wird, befiehlt er ( emphelh[e]n ... und well[e]n ) den Städten, vorbereitet ( bey ew[er] warnu[n]g ) zu sein und sich nach dem Verlauf der Kriegshandlungen ( leu?ff ) zu richten. Siegler: der Aussteller. Source Regest: Stadtarchiv Krems, 2020.;Ernst I.|Herzog Leopold IV.|Albrecht V.;ernst_i|herzog_leopold_iv|albrecht_v;nein;Politik|Rechtswesen;;StAK-UrkKr-0143
StaAKr-0144;1407 XII 21;1407_12_21;nein;1407;Freising|Zelking;nein;1407 XII 21 Hans von Zelking warnt beide Städte vor einem Überfall von Seiten des Bischofs von Freising und den Anhängern Leopolds, der Ritterschaft. Source Regest: Harry Kühnel, Stadtarchiv Krems. Urkunden 1108-1844 (Krems 1960);Hans von Zelking|Leopold IV.;hans_von_zelking|leopold_iv;nein;Politik|Rechtswesen;;StaAKr-0144
StaAKr-0145;1407 XII 25;1407_12_25;nein;1407;Horn im Waldviertel|Maissau;nein;1407 XII 25, Horn Ott von Maissau, oberster Marschall in Österreich, ersucht die Städte ihrem Herrn Herzog Albrecht treu zu sein und auf gute Bewachung der Städte zu achten. Source Regest: Harry Kühnel, Stadtarchiv Krems. Urkunden 1108-1844 (Krems 1960);Ott von Maissau|Albrecht V.;ott_von_maissau|albrecht_v;nein;Politik|Verwaltung;;StaAKr-0145
StaAKr-0146;1407 XII 29;1407_12_29;nein;1407;Wien|Wallsee;nein;1407 XII 29, Wien Friedrich von Wallsee und Georg von Puchhaim ersuchen beide Städte, Veit Pucher, den sie ihnen in d. Angelegenheiten Herzog Albrechts geschickt haben zu glauben. Source Regest: Harry Kühnel, Stadtarchiv Krems. Urkunden 1108-1844 (Krems 1960);Friedrich von Wallsee|Georg von Puchhaim|Veit Pucher|Albrecht V.;friedrich_von_wallsee|georg_von_puchhaim|veit_pucher|albrecht_v;nein;Politik|Verwaltung;;StaAKr-0146
StaAKr-0147;1408 I 3;1408_01_03;nein;1408;Wien|Korneuburg;nein;"1408 I 3, Wien Friedrich von Wallsee und Georg von Puchhaim loben die Treue der Städte gegenüber ihren Herrn und befehlen, 2 oder 3 Abgesandte nach Korneuburg zu senden, wo Verhandlungen zwischen Herzog Leopold und Herzog Ernst stattfinden sollten; inzwischen hatten die Waffen zu ruhen. Source Regest: Harry Kühnel, Stadtarchiv Krems. Urkunden 1108-1844 (Krems 1960)";Friedrich von Wallsee|Georg von Puchhaim|Leopold IV.|Ernst I.;friedrich_von_wallsee|georg_von_puchhaim|leopold_iv|ernst_i;nein;Politik|Verwaltung;;StaAKr-0147
StAK-UrkKr-0148;1408 I 3;1408_01_03;nein;1408;Wien;nein;1408 I 3, Wien ( zu Wyenn ) Herzog Ernst von Österreich befiehlt ( empfelhen ... und wellen ) [ Richter und Rat der Städte Krems und Stein ( Krems und Stan )], unmittelbar nach Erhalt dieses Schreibens ( brief ) vier Ratsmitglieder zu ihm zu schicken, da er mit ihnen Dringendes ( geno?tiges ) bezüglich seines Verwandten ( vettern ) [ Albrecht V. ] zu besprechen hat. Die Empfänger dürfen die Anordnung nicht ignorieren. Siegler: der Aussteller. Source Regest: Stadtarchiv Krems, 2020.;Ernst|Albrecht V.;ernst_1408|albrecht_v;nein;Politik|Verwaltung;;StAK-UrkKr-0148
StAK-UrkKr-0149;1408 I 10;1408_01_10;nein;1408;Korneuburg|Seisenegg;nein;1408 I 10, Korneuburg ( ze Korn Newnburg ) Herzog Leopold [IV.] von Österreich befiehlt ( Begern ) [ Richter, Rat und den Bürgern der Städte Krems und Stein ( ze Krembs und ze Stain )], Konrad dem Wehinger und Hans dem Seusenegger ( Sewsenegg[er] ) und allen, die mit ihnen unterwegs sind, denen der Aussteller befohlen hat, den Empfängern seine Ansichten zu berichten, Glauben zu schenken und danach zu handeln. Siegler: der Aussteller. Source Regest: Stadtarchiv Krems, 2020.;Leopold IV.|Konrad Wehinger|Hans Seusenegger;leopold_iv|konrad_wehinger|hans_seusenegger;nein;Politik|Verwaltung;;StAK-UrkKr-0149
StAK-UrkKr-0150;1408 I 10;1408_01_10;nein;1408;Korneuburg;nein;1408 I 10, Korneuburg ( zu Korn Newnburg ) Herzog Leopold [IV.] von Österreich befiehlt und fordert ( emphelh[e]n und begern ) [ von Bürgermeister, Richter und Rat der Städte Krems und Stein ( zu Krembs und zu Stain )], Hermann dem Schaden , dem er befohlen hat, die Ansichten des Ausstellers den Empfängern zu übermitteln, Glauben zu schenken. Siegler: der Aussteller. Source Regest: Stadtarchiv Krems, 2020.;Leopold IV.|Herman Schad;leopold_iv|herman_schad;ja;Politik|Verwaltung;"Personenidentifikation unsicher: vermutlich Herman Schad (Regest nennt ""Hermann"")";StAK-UrkKr-0150
StAK-UrkKr-0151;1408 I 13;1408_01_13;nein;1408;Korneuburg|Wien;nein;1408 I 13, Korneuburg ( ze Korn Newnburg ) Die Herzöge Ernst und Leopold [IV.] von Österreich befehlen ( emphelhen ) [ Richter und Rat der Städte Krems und Stein ( ze Krembs und ze Stain )], zwei Ratsmitglieder mit dem Stadtsiegel ( ewr Stet Insigeln ) unverzüglich ( bey tag und nacht an alles verczieh[e]n ) zu ihm nach Wien ( Wienn ) zu schicken, um den Friedensvertrag ( Taiding ), der zwischen den Ausstellern zum Vorteil ( Nutz und fromen ) von Land und Untertanen ( leu?tt) geschlossen wurde, damit zu versiegeln. Siegler: die Aussteller. Source Regest: Stadtarchiv Krems, 2020.;Ernst I.|Leopold IV.;ernst_i|leopold_iv;nein;Politik|Verwaltung;;StAK-UrkKr-0151
StAK-UrkKr-0152;1408 I 15;1408_01_15;nein;1408;Klosterneuburg;nein;1408 I 15, Klosterneuburg (Kloster-Newnburg) Herzog Ernst von Österreich erklärt ( lazzen ... wissen ) [ Richter, Rat und den Bürgern der Städte Krems und Stein ( zu Krems und Stain )], dass er sich mit seinem Bruder, Herzog Leopold [IV.] , verglichen hat ( bericht und u?berain worden ), und bezweifelt nicht, dass die Empfänger das gerne hören, weswegen er sich auch bedankt, dass die Städte sich in den Streitigkeiten ( Sachen ) enthalten haben. Weiters befiehlt ( begern ) er, die Stadtsiegel ( ewre Insigel ) unverzüglich nach Wien ( Wienn ) zu schicken, um den Friedensschluss ( berichtung ) gemeinsam mit anderen landesfürstlichen Städten zu bezeugen, wie der Aussteller und sein Bruder das schon am Vortag geschrieben haben. Siegler: der Aussteller. Source Regest: Stadtarchiv Krems, 2020.;Ernst I.|Leopold IV.;ernst_i|leopold_iv;nein;Politik;;StAK-UrkKr-0152
StAK-UrkKr-0153;1408 I 22;1408_01_22;nein;1408;Wien|Zöbing;nein;1408 I 22, Wien ( ze Wienn ) Herzog Leopold [IV.] von Österreich befiehlt ( emphelhen ... und wellen ) [ Richter und Rat der Städte Krems und Stein ( ze Krembs und Stain )], dem Zöbinger ( Cebinge?r ) mit der Autorität des Ausstellers anzuordnen ( schaffet und ... haltet ), Veit dem Pucher ( Veytlein dem Pu?cher ) das Judengericht ohne Verzug abzutreten und zu überantworten sowie sämtliche Renten und Gülten, die er vom Gericht eingenommen und empfangen hat, zurückzugeben ( widergebe und kere ), nachdem der Aussteller Pucher selbst schon aufgefordert hat, das Gericht nach Anordnung der Mandate ( brief ), die er vom Aussteller erhalten hat, zu übernehmen ( verweis[e]n ). Siegler: der Aussteller. Source Regest: Stadtarchiv Krems, 2020.;Leopold IV.|Veit Pucher;leopold_iv|veit_pucher;nein;Rechtswesen|Religion|Verwaltung;;StAK-UrkKr-0153
StAK-UrkKr-0154;1408 II 10;1408_02_10;nein;1408;Göttweig|Wiener Neustadt;nein;1408 II 10, Wiener Neustadt ( zu der Newnstat ) Herzog Leopold [IV.] von Österreich befiehlt ( Emphelh[e]n ... und wellen ) [ Bürgermeister, Richter und Rat der Städte Krems und Stein ( zu Krembs und zu Stain )], Jobst Hofkirchner , dem er geschrieben hat, nicht mehr anzugreifen und das Kloster Göttweig ( zum Ko?twig ) abzutreten und zu räumen, was dieser auch schon längst getan hätte, wenn er sich über die Donau ( Tu?naw ) zurückziehen könnte, mit allen Soldaten ( Gesell[e]n und Dyener ) sicher und ohne Hindernisse über die Donau und durch die beiden Städte ziehen ( kom[men] und reyten ) zu lassen und ihnen keinen Schaden zuzufügen ( in u?bel nichtes zu schaf[fe]n habet ). Bei Nichtbeachtung der Anordnung und wenn die Durchziehenden in irgendeiner Weise behindert ( beswe?ret ) werden, handeln die Empfänger gegen die Gnade ( huld und gnad ) des Ausstellers. Siegler: der Aussteller. Source Regest: Stadtarchiv Krems, 2020.;Leopold IV.|Jobst Hofkirchner;leopold_iv|jobst_hofkirchner;nein;Politik|Rechtswesen|Stadt und Raum|Verwaltung;;StAK-UrkKr-0154
StaAKr-0155;1408 III 9;1408_03_09;nein;1408;Purgstall an der Erlauf;ja;1408 III 9, Burgstall a. H: Friedrich von Wallsee warnt die Städte vor einer feindlichen Überrumpelung. Source Regest: Harry Kühnel, Stadtarchiv Krems. Urkunden 1108-1844 (Krems 1960);Friedrich von Wallsee;friedrich_von_wallsee;nein;Politik|Rechtswesen;"Ortsidentifikation unsicher: vermutlich Purgstall an der Erlauf (Regest nennt ""Burgstall a. H"")";StaAKr-0155
StaAKr-0156;1408 VI 23;1408_06_23;nein;1408;Langenlois;nein;1408 VI 23, Langenlois Jakob d. Seld und Mertt der Peck, Bürger von Lois verpflichten sich von ihren Weingärten im hl. Graben (5 Pfund Burgrecht dem Konrad Kopf zu Lois) und in der Auleiten (3 Pfund Burgrecht dem Kapellan Leopold zu St. Nikolaus in Lois) mit Einwilligung der Burgherrn dem Spital zu Krems jährlich am St. Martinstag 7 Schilling zu widmen. Zeugen: Leopold, Kaplan zu St. Nikolaus, Hans Leutbein, Richter zu Lois. Source Regest: Harry Kühnel, Stadtarchiv Krems. Urkunden 1108-1844 (Krems 1960);Jakob Seld|Mertt Peck|Konrad Kopf|Kaplan Leopold|Hans Leutbein;jakob_seld|mertt_peck|konrad_kopf|kaplan_leopold|hans_leutbein;nein;Religion|Soziales Leben|Vermögen und Finanzen|Wirtschaft;;StaAKr-0156
StaK-UrkKr-0157;1408 VIII 14;1408_08_14;nein;1408;Freising|Wien;nein;1408 VIII 14, Wien ( ze Wienn ) Herzog Leopold [IV.] von Österreich erklärt ( lass[e]n ... wissen ) Richter, Rat und den Bürgern der Städte Krems und Stein ( ze Krembs und Stain ), dass er dem Erwirdigen Berthold , Bischof von Freising , seinem Vertrauten ( freunde ) und Kanzler , befohlen hat, die landesfürstlichen Städte Krems und Stein für ihn und seinen Verwandten ( Vettern ) [ Albrecht V. ] zu besetzen und zu versorgen, um sie vor Schaden zu bewahren. Er befiehlt ( Emphelhen ) den Empfängern, während der Besetzung und in allen diesbezüglichen Angelegenheiten gehorsam zu sein, wie sie es gegenüber dem Aussteller und seinem Verwandten schuldig sind. Er wird dies anerkennen und Hilfe schicken, wenn es notwendig ist ( durfft geschicht ). Siegler: der Aussteller. Source Regest: Stadtarchiv Krems, 2020.;Leopold IV.|Berthold|Albrecht V.;leopold_iv|berthold_1408|albrecht_v;nein;Politik|Verwaltung;;StaK-UrkKr-0157
StaAKr-0158;1410 I 17;1410_01_17;nein;1410;Zwettl;nein;"1410 I 17, Krems Stephan Tatzt, Bürger von Krems und seine Frau Margarethe verkaufen mit Bewilligung des Burgherrn, Abtes Friedrich von Zwettl ihren Weingarten in der Kremsleiten (Burgrecht dem Hofmeister des Zwettlerhofes in Weinzierl 10 Pfen.) dem Kremser Bürger Hans Pehem, gesessen "" bei der prukk außerhalb des prinktores"" und seiner Frau Katharina um 80 Pfund Wr. Pf. und einen Gulden. Zeugen: Friedrich, Abt von Zwettl, Weippot Pehem, Mitglied des Kremser Rats und Bürger. Source Regest: Harry Kühnel, Stadtarchiv Krems. Urkunden 1108-1844 (Krems 1960)";Stephan Tatzt|Margarethe Tatzt|Friedrich von Zwettl|Hans Pehem|Katharina Pehem|Weippot Pehem;stephan_tatzt|margarethe_tatzt|friedrich_von_zwettl|hans_pehem|katharina_pehem|weippot_pehem;nein;Vermögen und Finanzen|Wirtschaft;;StaAKr-0158
StaAKr-0159;1410 VIII 24;1410_08_24;nein;1410;Hofarnsdorf|Weinzierl;ja;"1410 VIII 24, Krems Stephan Ruedolff, Bürger zu Stein, beurkundet die Morgengabe seines Schwiegersohns Stephan des Zebinger, Mitglied des Kremser Rats und Bürger daselbst einen Weingarten (2 1/2 Joch) genannt der ""Mürringer"" in der Kremsleiten Burgrecht dem Zwettlerhof in Weinzierl 12 Pfen., 12 1/2 Pfen. dem Salzburgerhof, Hans Ödenpacher, Hofmeister des niederen Hofes in Arnsdorf 10 Pfen., dem Lehner Amt, Albrecht dem Leitgeb, Amtmann zu Weinzierl mit Erlaubnis aller Burgherrn für 200 Pfund Wr. Pfn. 100 Pfund davon gibt er seiner Tochter Agnes als Heimsteuer. Source Regest: Harry Kühnel, Stadtarchiv Krems. Urkunden 1108-1844 (Krems 1960)";Stephan Ruedolff|Stephan Zebinger|Hans Ödenpacher|Albrecht Leitgeb|Agnes Leitgeb;stephan_rudolf|stephan_zebinger|hans_oedenpacher|albrecht_leitgeb|agnes_leitgeb;nein;Bevölkerung und Bevölkerungsgruppen|Vermögen und Finanzen|Wirtschaft;Ortsidentifikation unsicher: Hofarnsdorf (nicht eindeutig aus dem Regest-Text ableitbar);StaAKr-0159
StaAKr-0160;1411 I 8;1411_01_08;nein;1411;Lilienfeld|Stratzing bei Krems;nein;"1411 I 8, Krems Konrad Grabner und seine Frau Elsbet von Stratzing verpflichten sich, jährlich 2 Pfund Wr. Pfen. von ihrem halben Wiengarten zu Stratzing, genannt der ""Gundolt"" (Bugrecht des Abt Hans von Lilienfeld und sein Hof zu Weinzierl 6 Pfen.) dem Spital in Krem szu reichen. Zeugen: Hans, Abt zu Lilienfeld, Jobst der Wasloff, Mitglied des Kremser Rats und Bürger daselbst. Source Regest: Harry Kühnel, Stadtarchiv Krems. Urkunden 1108-1844 (Krems 1960)";Konrad Grabner|Elsbet Grabner|Abt Hans|Jobst Wasloff;konrad_grabner|elsbet_grabner|abt_hans|jobst_wasloff;nein;Religion|Soziales Leben|Vermögen und Finanzen|Wirtschaft;;StaAKr-0160
StaAKr-0161;1411 IX 9;1411_09_09;nein;1411;Rehberg bei Krems|Imbach;nein;"1411 IX 9, Krems Stephan der Zebinger, Mitglied des Kremser Rats und Bürger stiftet einen Altar im Kremser Spital mit ""Gunst und Willen"" Marchart Trebergers, Pfarrers in Krems, gweiht der hl. Dreifaltigkeit; der Kaplan dieses Altares erhielt jährlich 16 Pfund Wr. Pf. von Zebingers Gütern: von einer Mühle und Garten zwischen Rehberg und Imbach, einem Weingarten gen. "" Wenkehel"", einem Weingarten gen. ""Setzel"", einem Weingarten in Imbach ""in dem Schiekchen"", einem Weingarten den. Übelakchein, einem Weingarten in Imbach in dem Weintal, von einem Baumgarten zu der Mühle gehörig, von einem Haus in Krems ""Zwischen der Spitalprezz u. d. Laitterpekchen"". Als ersten Kaplan bestimmt er seinen Vetter Friedrich von Zebinger. Nach Stephans Tode hat der Pfarrer der Pfarrkirche in Krems das Ernennungsrecht des Kaplans. Source Regest: Harry Kühnel, Stadtarchiv Krems. Urkunden 1108-1844 (Krems 1960)";Stephan Zebinger|Friedrich Zebinger|Marchart Treperger;stephan_zebinger|friedrich_zebinger|marchart_treperger;ja;Religion|Soziales Leben|Vermögen und Finanzen;"Personenidentifikation unsicher: vermutlich Marchart Treperger (Regest nennt ""Marchart"")";StaAKr-0161
StAK-UrkKr-0164;1411 X 31;1411_10_31;nein;1411;Visegrád;nein;1411 X 31, [Blindenburg/Visegrád] (zu der Burg) König Sigismund verkündet (verkunden) [Bürgermeister, Richter, Rat und der gesamten Bürgerschaft der Städte Krems und Stein], dass er zur Ehre Gottes, zum allgemeinen Vorteil (gemeynen nutz) und um Land und Leuten Frieden und Ruhe (gemach) zu bringen, Albrecht [V.], Herzog von Österreich, seinem künftigen Schwiegersohn (sun), dem Erbherrn der Empfänger, mit der durchluchtigisten Elisabeth (Elsbeten) seine Tochter zur Ehefrau versprochen hat, wodurch er Albrecht künftig als seinen Sohn annehmen und dessen Land und Leute mit Gunst, Hilfe und Schutz (beschermung) versehen wird, in der Hoffnung, dass beide Länder und deren Einwohner künftig in Frieden und mit Vorteilen leben, wie sich auch schon sein Vater, König Karl [IV.] mit dem Haus Österreich verbunden hat, wodurch der Aussteller auch dem verstorbenen Herzog Albrecht [III.], seinem Verwandten (oheimen) bis zu dessen Tod sehr verbunden war. Er ordnet daher an (begeren), Albrecht als ihrem Erbherrn künftig gehorsam und untertänig zu sein, wie sie es bisher treu und folgsam (erberglich, getrulich und folliclich) getan haben und auch die Vorfahren der Empfänger an den früheren Landesfürsten taten. Im Gegenzug wird der Aussteller die Empfänger und alle anderen, die die Ehrerbietung erbringen, in ihren Angelegenheiten unterstützen (furderlich und gunstlich geneyßen laßen). Siegler: der Aussteller. Quelle Regest: Stadtarchiv Krems, 2020.;Sigismund I.|Albrecht III.|Albrecht V.|Elisabeth|Elsbeten|Karl IV.;sigismund_i|albrecht_iii|albrecht_v|elisabeth_1411|elisabeth_1411|karl_iv;nein;Politik;;StAK-UrkKr-0164
StAK-Stein-2007;1412 I 31;1412_01_31;nein;1412;Krems|Stein|Korneuburg;nein;Herzog Albrecht V. bestätigt den Bürgern von Krems und Stein das Salzniederlagsrecht, von dem nur die Stadt Korneuburg ausgenommen ist.;Albrecht V.;albrecht_v;nein;Vermögen und Finanzen|Wirtschaft;;StAK-Stein-2007
StAK-Stein-2008;1412 II 2;1412_02_02;nein;1412;Stein|Krems;nein;Herzog Albrecht V. bestätigt den Bürgern zu Stein, das von den Herzogen Wilhem und Albrecht IV. genehmigte Übereinkommen zwischen den Städten Krems und Stein über den Salzhandel.;Albrecht V.|Wilhelm|Albrecht IV.;albrecht_v|wilhelm_der_freundliche|albrecht_iv;nein;Vermögen und Finanzen|Wirtschaft;;StAK-Stein-2008
StAK-UrkKr-0162;1412 III 6;1412_03_06;nein;1412;Wien;nein;1412 III 6, Wien (ze Wienn) Herzog Albrecht [V.] von Österreich bestätigt (haben ... beste?tt und bewe?ret) als Landesfürst aus fürstlicher Gnade (gu?tikait) den Erbe?rn weisen Bürgern und allen Untertanen von Krems und Stein (zu Krem[m]s und ze Stain) auf deren Bitte und nachdem sie eine Urkunde (Hantvesten) vorgebracht haben, in der die verstorbenen Herzöge Wilhelm und Albrecht [III.] die Urkunden (brief) und Privilegien der Verwandten und Vorfahren (herren vetter und vater) des Ausstellers, die die Städte über ihre Rechte und Freiheiten erhalten haben, bestätigt haben, die inserierte Urkunde mit gesamtem Inhalt (in allen pu?nden und Artikeln). Er befiehlt (gepieten) allen gegenwärtigen und künftigen Untertanen bei Androhung schwerer Ungnade sowie der Zahlung jener Strafen (peen), die in den Urkunden festgeschrieben sind, die Bürger von Krems und Stein sowie deren Nachkommen in ihren Rechten und Freiheiten nicht zu behindern. Insert: Die Herzöge Wilhelm und Albrecht [IV.] von Österreich bestätigen (vernewet und beste?ttet, vernewen und beste?tten) aus fürstlicher Macht den erbe?rn weisen Bürgern der Städte Krems und Stein (ze Krem[m]s und ze Stain) auf deren Bitte sowie aufgrund von deren Diensten und Treue alle Urkunden und Handfesten (brief und hantvesten), die sie von König Rudolf [I.], den Herzögen Albrecht [III.] und Rudolf [IV.] sowie anderen Herzögen von Österreich, den verstorbenen Vorgängern der Aussteller, über ihre Rechte, Freiheiten und Gewohnheitsrechte (rechten, freihait[e]n und gu?t gewonhaiten) erhalten haben. Sie bestimmen (maynen und wellen), dass die bestätigten Urkunden in allen Einzelheiten (pu?ntten und artikeln) jetzt und künftig vollständig eingehalten werden sollen und dass niemand die Empfänger in der Ausübung dieser Rechte behindern darf (kain irrung, hindernu?ss noch beswe?rung tu?). Daher befehlen (gepieten … und wellen) sie allen geistlichen und weltlichen, adeligen und nichtadeligen Hauptleuten, Landherren, Rittern und Knechten, Pflegern, Burggrafen, Richtern, Mautnern, Zöllnern und allen anderen Amtsleuten und Untertanen in den Ländern der Herzöge, denen diese Urkunde gezeigt wird, bei Androhung schwerer Ungnade sowie der festgeschriebenen Strafen (peen), die Bürger von Krems und Stein nicht in der Ausübung dieser bestätigten Privilegien zu behindern, noch dies irgendjemandem zu gestatten. Siegler: der Aussteller. Quelle Regest: Stadtarchiv Krems, 2020.;Rudolf I.|Rudolf IV.|Albrecht III.|Albrecht IV.|Albrecht V.;rudolf_i|rudolf_iv|albrecht_iii|albrecht_iv|albrecht_v;nein;Politik|Rechtswesen;;StAK-UrkKr-0162
StaAKr-0163;1412 VII 26;1412_07_26;nein;1412;Wien;nein;"1412 VII 26, Wien Herzog Albrecht von Österreich fordert die Städte Krems und Stein auf, am St. Lorenztag Rechenschaft über die Steuern zu geben, die ihnen auferlegt wurden. (Aussteuer für des Herzogs Schwester Margarete, Schild ""ga Marnhern"" (Mähren), Landfriedenssteuer. Source Regest: Harry Kühnel, Stadtarchiv Krems. Urkunden 1108-1844 (Krems 1960)";Albrecht V.|Margarete;albrecht_v|margarete_1412;nein;Vermögen und Finanzen|Verwaltung;;StaAKr-0163
StaAKr-0165;1412 XI 10;1412_11_10;nein;1412;Krems;nein;1412 XI 10, Krems Urfehde. Peter Eisenfraz verpflichtet sich gegen Freilassung aus dem Gefängnis weder dem Richter und Rat und den Inwohnern der beiden Städte, noch den Mitgliedern des Feldgerichtes einen Schaden zuzufügen. Zeugen: Simon der Tuendorffer, Widenrichter zu Krems, Jobst der Washoffer, Bürger daselbst. Source Regest: Harry Kühnel, Stadtarchiv Krems. Urkunden 1108-1844 (Krems 1960);Peter Eisenfraz|Simon Tundorfer|Jobst Wasloff;peter_eisenfraz|simon_tundorfer|jobst_wasloff;ja;Rechtswesen;"Personenidentifikation unsicher: vermutlich Simon Tundorfer (Regest nennt ""Simon""); vermutlich Jobst Wasloff (Regest nennt ""Jobst"")";StaAKr-0165
StaAKr-0166;1413 IV 27;1413_04_27;nein;1413;Tulln;nein;1413 IV 27 Agnes die Zebingerin, Bürgerin von Krems, Stephan Rudolfs von Stein Tochter, vermacht testamentarisch ihren Weingarten im Kremstal, zwischen der Osterhofer- und Chazpetreus Mühle, den Städten Krems und Stein zu einer Stiftung für arme, fromme Jungfrauen. Solange aber ihre Schwestern Anna und Dorothea am Leben sind, soll die erstere 60 Pfund Wr. Pfen., die zweite Kloserfrau in Tulln, jährlich 2 Pfund Wr. Pfen. erhalten. Zeugen: Stephan der Zebinger, Stephan der Rudolf, Hans Leutbein und Jobst Washof, beide Mitglieder des Kremser Rates. Source Regest: Harry Kühnel, Stadtarchiv Krems. Urkunden 1108-1844 (Krems 1960);Agnes die Zebingerin|Stephan Rudolf|Anna Zebinger|Dorothea Zebinger|Stephan der Zebinger|Hans Leutbein|Jobst Wasloff;agnes_die_zebingerin|stephan_rudolf|anna_zebinger|dorothea_zebinger|stephan_zebinger|hans_leutbein|jobst_wasloff;ja;Religion|Soziales Leben|Vermögen und Finanzen;"Personenidentifikation unsicher: vermutlich Jobst Wasloff (Regest nennt ""Jobst"")";StaAKr-0166
StaAKr-0167;1413 XI 1;1413_11_01;nein;1413;Pöggstall|Niederlaufing;ja;1413 XI 1, Pöggstall Ott von Maissau, oberster Marschall und oberster Schenk in Österreich bestätigt, daß nach dem Tode des Hans Wupel seines Amtmannes zu Pöckstall, Michel Geschechsennot ein Drittel des Zehents zu Nieder- Laufing erhalten soll. Source Regest: Harry Kühnel, Stadtarchiv Krems. Urkunden 1108-1844 (Krems 1960);Ott von Maissau|Hans Wupel|Michel Geschechsennot;ott_von_maissau|hans_wupel|michel_geschechsennot;nein;Vermögen und Finanzen|Wirtschaft;"Ortsidentifikation unsicher: vermutlich Niederlaufing (Regest nennt ""Laufing"")";StaAKr-0167
StaAKr-0168;1413 XI 23;1413_11_23;nein;1413;Zwettl|Ulrichskirchen;nein;1413 XI 23, Krems Hans der Zeller, Pfleger zu Ulrichskirchen, verkauft mit Erlaubnis des Burgherrn, Abt Friedrich von Zwettl, seinen Weingarten in der Kremsleiten (Burgrecht dem Stifte Zwettl 3 Wr.Pf.) der Frau Katharina Leutbein, Bürgerin zu Krems um 5 Pfund Wr.Pf. Zeugen: Friedrich, Abt von Zwettl, Jobst der Washof, Rat und Bürger von Krems. Source Regest: Harry Kühnel, Stadtarchiv Krems. Urkunden 1108-1844 (Krems 1960);Hans der Zeller|Friedrich|Katharina Leutbein|Jobst Wasloff;hans_der_zeller|friedrich_1413|katharina_leutbein|jobst_wasloff;ja;Rechtswesen|Vermögen und Finanzen|Wirtschaft;"Personenidentifikation unsicher: vermutlich Jobst Wasloff (Regest nennt ""Jobst"")";StaAKr-0168
StAK-UrkKr-0175;1414;1414_00_00;ja;1414;Wien;nein;1415 III 1, Wien ( ze Wienn ) Herzog Albrecht [V.] von Österreich quittiert ( sagen ... ledig ) nach Inhalt ( sag ) des Amtsregisters den Bürgern von Krems und Stein ( ze Krembs und ze Stain ), das Gericht sowie das Ungeld, die sie im vergangenen Jahr 1414 gepachtet ( in bestands weis ) hatten, vollständig und ehrlich bezahlt ( verraitt ) zu haben, wodurch keine der beiden Parteien der anderen noch etwas schuldet. Siegler: der Aussteller. Source Regest: Stadtarchiv Krems, 2020.;Albrecht V.;albrecht_v;nein;Rechtswesen|Vermögen und Finanzen|Verwaltung;"Datierung unsicher: Diskrepanz zwischen Datumsfeld (""1414"") und im Regest genannter Datierung (""1415 III 1"") – vermutlich unterschiedliche Jahresanfangsstile (z. B. Weihnachtsstil) oder Erfassungsungenauigkeit; nicht abschließend geklärt.";StAK-UrkKr-0175
StaAKr-0169;1414 I 27;1414_01_27;nein;1414;;nein;1414 I 27, Krems Urfehde. Haintzl Freynstain von Lois und Agnes seine Frau und Elsbet seine Mutter versprechen, daß Haintzl weder den Städten Krems und Stein, noch Christian d. Teufel von Weinzierl einen Schaden zufügen wird. Zeugen: Simon Tundorffer, Widenrichter zu Krems, Witigo der Pausack, Bürger zu Krems. Source Regest: Harry Kühnel, Stadtarchiv Krems. Urkunden 1108-1844 (Krems 1960);Haintzl Freynstain|Agnes Freynstain|Elsbet Freynstain|Christian Teufel|Witigo Pausack|Simon Tundorfer;haintzl_freynstain|agnes_freynstain|elsbet_freynstain|christian_teufel|witigo_pausack|simon_tundorfer;ja;Rechtswesen;"Personenidentifikation unsicher: vermutlich Simon Tundorfer (Regest nennt ""Simon"")";StaAKr-0169
StaAKr-0170;1414 III 14;1414_03_14;nein;1414;Wien;nein;1414 III 14, Wien Beatrix, Herzogin von Österreich bestätigt den Empfang von 20 Pfund Wr. Pfen. aus den Erträgnissen des Stadtgerichtes, die ihr jährlich zu M. Lichtmeß zu zahlen sind. Source Regest: Harry Kühnel, Stadtarchiv Krems. Urkunden 1108-1844 (Krems 1960);Herzogin Beatrix;beatrix_von_zollern;nein;Rechtswesen|Vermögen und Finanzen;;StaAKr-0170
StaAKr-0171;1414 III 30;1414_03_30;nein;1414;Krems;nein;1414 III 30, Krems Urfehde Peter Peneschauers und seiner Frau Anna. Sie verpflichten sich auch, nicht in Burgfrieden beider Städte zu wohnen. Zeugen: Simon der Tundorffer, Widenrichter zu Krems und Hans der Winffel, Bürger daselbst. Source Regest: Harry Kühnel, Stadtarchiv Krems. Urkunden 1108-1844 (Krems 1960);Peter Peneschauer|Anna Peneschauer|Hans Winffel|Simon Tundorfer;peter_peneschauer|anna_peneschauer|hans_winffel|simon_tundorfer;ja;Bevölkerung und Bevölkerungsgruppen|Rechtswesen;"Personenidentifikation unsicher: vermutlich Simon Tundorfer (Regest nennt ""Simon"")";StaAKr-0171
StAK-UrkKr-0172;1414 IV 2;1414_04_02;nein;1414;Wien;nein;1414 IV 2, Wien ( ze Wienn ) Herzog Albrecht [V.] von Österreich quittiert ( sagen ... ledig ) nach Inhalt ( sag ) des Amtsregisters den Bürgern von Krems und Stein ( ze Krembs und ze Stain ), das Weinungeld sowie das Gericht, die sie im vergangenen Jahr 1413 gepachtet ( in bestands weis ) hatten, vollständig und ehrlich bezahlt ( verraitt ) zu haben, wodurch keine der beiden Parteien der anderen noch etwas schuldet. Siegler: der Aussteller. Source Regest: Stadtarchiv Krems, 2020.;Albrecht V.;albrecht_v;nein;Vermögen und Finanzen|Verwaltung|Wirtschaft;;StAK-UrkKr-0172
StaAKr-0173;1414 XI 11;1414_11_11;nein;1414;Rehberg bei Krems;nein;"1414 XI 11, Krems Schuldbrief. Georg Hendorffer schuldet dem Ulrich, Kaplan des Elisabethaltares im Kremser Spital 11 Pfund Wr.Pfen. Zur Sicherstellung des Geldes legt er es auf 2 Weingärten in der ""Sumerleiten"" (Burgrecht dem Jakob Gramer in Rehberg 2 Pfen,) Zeugen: Jakob Gramer, Simon Tundorfer, Bürger zu Krems. Source Regest: Harry Kühnel, Stadtarchiv Krems. Urkunden 1108-1844 (Krems 1960)";Georg Hendorffer|Kaplan Ulrich|Jakob Gramer|Simon Tundorfer;georg_hendorffer|kaplan_ulrich|jakob_gramer|simon_tundorfer;nein;Religion|Vermögen und Finanzen|Wirtschaft;;StaAKr-0173
StaAKr-0174;1415 II 6;1415_02_06;nein;1415;Rohrendorf;nein;"1415 II 6, Krems Konrad der Pelsteil von Neundorf und seine Frau Anna verkaufen mit Einwilligung des Burgherrn, des Hofmeisters Peter Teneyn im Melkerhof zu Rohrendorf, 1 Pfund jährlichen Dienstes von 2 Weingärten im ""Tailand"" und ""Wolfsgraben"" um 8 Pfund der Pfarrkirche St. Veit in Krems (Kirchenmeister Hans Leutbein). Source Regest: Harry Kühnel, Stadtarchiv Krems. Urkunden 1108-1844 (Krems 1960)";Konrad Pelsteil|Anna Pelsteil|Peter Teneyn|Hans Leutbein;konrad_pelsteil|anna_pelsteil|peter_teneyn|hans_leutbein;nein;Religion|Vermögen und Finanzen|Wirtschaft;;StaAKr-0174
StaAKr-0176;1415 III 9;1415_03_09;nein;1415;Admont|Engelszell;nein;"1415 III 9, Krems Hans Panswek, Bürger zu Krems verkauft einer Geldschuld wegen mit Einwilligung der Burgherrn Konrads des Gässlers, Hofmeister im Admonterhof zu Krems und Nikolaus, Hofmeister im Engelszellerhof in Weinzierl 2 1/2 Joch Weingarten im ""Morttal"" der edlen Frau von Margarete von Wallsee, Witwe Ulrichs von Dachsperg um 130 Pf. und 2 Gulden. Zeugen: Konrad der Gässler, Widenrichter Simon Tundorffer, Hans Leutbein, Bürger. Source Regest: Harry Kühnel, Stadtarchiv Krems. Urkunden 1108-1844 (Krems 1960)";Hans Panswek|Konrad der Gässler|Nikolaus|Margarete von Wallsee|Ulrich von Dachsperg|Hans Leutbein|Simon Tundorfer;hans_panswek|konrad_der_gaessler|nikolaus_1415|margarete_von_wallsee|ulrich_von_dachsperg|hans_leutbein|simon_tundorfer;ja;Rechtswesen|Vermögen und Finanzen|Wirtschaft;"Personenidentifikation unsicher: vermutlich Simon Tundorfer (Regest nennt ""Simon"")";StaAKr-0176
StaAKr-0177;1415 V 28;1415_05_28;nein;1415;Langenlois|Gerersdorf;nein;"1415 V 28, Krems Hans Prunnse, Priester, schenkt seine Güter, Haus in Krems gelegen ""am Eck gegen den Veits Freithof"" und eine Anzahl von Weingärten dem 14 Nothelfer - Altar in der Kremser Frauenkirche; dafür sollen allwöchentlich 3 Messen gelesen werden; jede Messeversäumnis büßt der Kaplan mit 12 Pfen. für die Armen im Spital. Zeugen: Marchart Treberger, Pfarrer in Krems, Andreas Pranpekch, Hofmeister im Eisentürhof, Peter, Kaplan in der Pfarrkirche zu Lois, Hans Gerestorffer, Hans Leutbein im Rat von Krems. Source Regest: Harry Kühnel, Stadtarchiv Krems. Urkunden 1108-1844 (Krems 1960)";Hans Prunnse|Andreas Pranpekch|Peter|Hans Gerestorffer|Hans Leutbein|Marchart Treperger;hans_prunnse|andreas_pranpekch|peter_1415|hans_gerestorffer|hans_leutbein|marchart_treperger;ja;Religion|Soziales Leben|Vermögen und Finanzen;"Personenidentifikation unsicher: vermutlich Marchart Treperger (Regest nennt ""Marchart"")";StaAKr-0177
StaAKr-0178;1415 IX 23;1415_09_23;nein;1415;Imbach;nein;1415 IX 23 Hans der Fuerer von Imbach und seine Frau Anna verkaufen ihren Weingarten (1 1/2 Viertel, 2 1/2 Pfen. Burgrecht und 3 Pfen. Dienst dem Kloster zu Imbach) der Frau Dorothea, Tochter Berchtold des Stadlers, Witwe des Nikolaus Schallenberger um 40 Pfund und 10 Gulden. Zeugen: Priorin von Imbach, Martin Trestorffer, Schaffner zu Imbach. Source Regest: Harry Kühnel, Stadtarchiv Krems. Urkunden 1108-1844 (Krems 1960);Hans Fuerer|Anna Fuerer|Dorothea Stadler|Berchtold Stadler|Nikolaus Schallenberger|Martin Trestorffer;hans_fuerer|anna_fuerer|dorothea_stadler|berchtold_stadler|niklas_schallenberger|martin_trestorffer;nein;Religion|Vermögen und Finanzen|Wirtschaft;;StaAKr-0178
StaAKr-0179;1415 X 31;1415_10_31;nein;1415;Krems;nein;1415 X 31, Krems Jobst Washauer, Stadtrichter zu Krems uns Stein entscheidet ein Streit zwischen der St. Veitspfarre und der Frauenkirche, vertreten durch den Kirchenmeister Hans Leutbein und Georg Fleischhacker um das Erbe der Frau Margarethe Raidlein zu Gunsten der ersteren. Source Regest: Harry Kühnel, Stadtarchiv Krems. Urkunden 1108-1844 (Krems 1960);Hans Leutbein|Georg Fleischhacker|Margarethe Raidlein|Jobst Wasloff;hans_leutbein|georg_fleischhacker|margaete_raidlein|jobst_wasloff;ja;Rechtswesen|Religion|Vermögen und Finanzen;"Personenidentifikation unsicher: vermutlich Jobst Wasloff (Regest nennt ""Jobst"")";StaAKr-0179
StaAKr-0180;1416 II 9;1416_02_09;nein;1416;Krems;nein;1416 II 9, Krems Jakob der Glatzner, Bürger von Krems und seine Frau Katharina verkaufen 12 Schilling Wr. Pfen. jährlich zu dienen von ihrem Haus in Krems (Burgrecht d. Spital 2 Pfen.) um 16 Pfund Wr. Pf. Dem Spital zu Krems. (Spitalmeister Niklas d. Choll). Zeugen: Hans Leutbein, Mitglied des Rates, Simon Tundorffer, Widenrichter. Source Regest: Harry Kühnel, Stadtarchiv Krems. Urkunden 1108-1844 (Krems 1960);Jakob Glatzner|Katharina Glatzner|Niklas Choll|Hans Leutbein|Simon Tundorfer;jakob_glatzner|katharina_glatzner|niklas_choll|hans_leutbein|simon_tundorfer;ja;Soziales Leben|Vermögen und Finanzen|Wirtschaft;"Personenidentifikation unsicher: vermutlich Simon Tundorfer (Regest nennt ""Simon"")";StaAKr-0180
StAK-UrkKr-0181;1416 III 21;1416_03_21;nein;1416;Wien;nein;1416 III 21, Wien ( ze Wienn ) Herzog Albrecht [V.] von Österreich quittiert ( sagen ... ledig ) nach Inhalt ( sag ) des Amtsregisters den Bürgern von Krems und Stein ( ze Kre?mbs und ze Stain ), das Weinungeld sowie das Gericht mit allen Zugehörungen, die sie im vergangenen Jahr 1415 gepachtet ( in Bestands weis ) hatten, vollständig und ehrlich bezahlt ( v[er]raitt ) zu haben, wodurch keine der beiden Parteien der anderen noch etwas schuldet. Siegler: der Aussteller. Source Regest: Stadtarchiv Krems, 2020.;Albrecht V.;albrecht_v;nein;Vermögen und Finanzen|Verwaltung|Wirtschaft;;StAK-UrkKr-0181
StAK-UrkKr-0182;1416 IV 8;1416_04_08;nein;1416;Wien;nein;1416 IV 8, Wien ( ze Wyenn ) Herzog Albrecht [V.] erteilt Richter, Rat , Bürgern und Gemeinde der beiden Städte Krems und Stein ( zu Krems und zu Stain ) auf deren Bitte hin und aufgrund des daraus erwachsenden Nutzen ( durch gemains nuczs willen, der daraus beko?me ) die Gnade ( die genad getan und tu?en ), jährlich aus ihrer Mitte ( under In ) einen Bürgermeister für jede Stadt ( in yegleicher derselben Stet ) zu wählen und zu haben ( welen und haben mu?gen ), wie es in anderen Städten Österreich s üblich ist ( als … sit und gewonhait sey ), sofern dieser dafür geeignet ist ( nucz und gu?t darczu? sein ) und das städtische Wohlergehen fördert ( nucz und frumen … fu?r sich nemen und treiben ). Er muss dem Herzog einen Schwur leisten und ihm huldigen ( swern und huldigen ), wie es in anderen landesfürstlichen Städten Gewohnheit ist. Dieses Recht gilt ungehindert bis zum Widerruf des Herzogs . Siegler: der Aussteller. Source Regest: Stadtarchiv Krems, 2019.;Albrecht V.;albrecht_v;nein;Politik|Verwaltung;;StAK-UrkKr-0182
StaAKr-0183;1416 IV 30;1416_04_30;nein;1416;;nein;"1416 IV 30, Krems Hans Leutbein, Kirchenmeister der St. Veitspfarrkirche verkauft von wegen ""Geprechen und Notdurfft"" der gen. Kirche ein halbes Pfund Wr. Pf., jährlich zu geben der Frau Margarete von Wallsee, Witwe Ulrichs von Dachsperg um 10 Pfund Wr. Pfen. Diese stiftet mit dem 1/2 Pfund einen Jahrtag am Sonntag Invocavit: Dem Pfarrer sollen davon 60, den 3 Gesellen 36, dem Schulmeister 12 und dem Meßner ebenfalls 12 Pfen. für das Geläute gehören. Zeugen: Hans Leutbein, Stephan der Fuehrer, Mitglied des Rates und Bürger. Source Regest: Harry Kühnel, Stadtarchiv Krems. Urkunden 1108-1844 (Krems 1960)";Hans Leutbein|Margarete von Wallsee|Ulrich von Dachsperg|Stephan Fuehrer;hans_leutbein|margarete_von_wallsee|ulrich_von_dachsperg|stephan_fuehrer;nein;Religion|Vermögen und Finanzen;;StaAKr-0183
StaAKr-0184;1416 IX 23;1416_09_23;nein;1416;Wösendorf in der Wachau;nein;1416 IX 23 Hans von Leubein von Wösendorf und seine Frau Anna verkaufen 1 Joch Weingarten am alten Gebling mit Erlaubnis d. Burgherrn Niklas d. Choll, oberster Spitalmeister in Krems (Burgrecht 2 Pfen., 60 Pfen. Dienst dem Spital jährlich) Konrad der Fleischhacker, Bürger zu Krems und seiner Frau Kunigunde um 20 Pfund Wr. Pfen. Source Regest: Harry Kühnel, Stadtarchiv Krems. Urkunden 1108-1844 (Krems 1960);Niklas Choll|Konrad Fleischhacker|Kunigunde Fleischhacker|Hans Leutbein|Anna Leutbein;niklas_choll|konrad_fleischhacker|kunigunde_fleischhacker|hans_leutbein|anna_leutbein;ja;Rechtswesen|Vermögen und Finanzen|Wirtschaft;"Personenidentifikation unsicher: vermutlich Hans Leutbein (Regest nennt ""Hans""); vermutlich Anna Leutbein (Regest nennt ""Anna"")";StaAKr-0184
StaAKr-0185;1416 XII 4;1416_12_04;nein;1416;Engelszell|Imbach;nein;"1416 XII 4, Krems Heinrich Eineter verkauft 2 Weingärten am alten Gebling, 1 1/2 Joch, gen. der Chuchenmeister, Burgrecht 5 Pfen. den Klosterfrauen zu Imbach, 9 Viertel am ""Chobl"", Burgrecht den geistl. Herrn von Heglwerd in dem Hof zu Weinzierl 8 Pfn. Und den Herrn von Engelszell. auf ihrem Hof zu Weinzierl 4 Pfen., der Frau Margareta von Wallsee um 255 Pfund Wr. Pfen. Zeigen: der Verkäufer, Clara von Werd, Priorin von Imbach, Konrad, Probst zu Hegelswerd, Christian, Abt zu Engelszell, Kaspar der Order, Schlüssler zu Krems. Source Regest: Harry Kühnel, Stadtarchiv Krems. Urkunden 1108-1844 (Krems 1960)";Heinrich Eineter|Margareta von Wallsee|Clara von Werd|Probst Konrad|Abt Christian|Kaspar Order;heinrich_eineter|margarete_von_wallsee|clara_von_werd|probst_konrad_hegelswerd_1416|abt_christian|kaspar_order;nein;Religion|Vermögen und Finanzen|Wirtschaft;;StaAKr-0185
StAK-UrkKr-0186;1417 III 23;1417_03_23;nein;1417;Wien;nein;1417 III 23, Wien ( ze Wienn ) Herzog Albrecht [V.] von Österreich quittiert ( sagen ... ledig ) nach Inhalt ( sag ) des Amtsregisters den Bürgern von Krems und Stein ( ze Krems und ze Stain ), das Ungeld sowie das Gericht mit allen Zugehörungen, die sie im vergangenen Jahr 1416 gepachtet ( in Bestands Weis ) hatten, vollständig und ehrlich bezahlt ( verraitt ) zu haben, wodurch keine der beiden Parteien der anderen noch etwas schuldet. Siegler: der Aussteller. Source Regest: Stadtarchiv Krems, 2020.;Albrecht V.;albrecht_v;nein;Vermögen und Finanzen|Verwaltung|Wirtschaft;;StAK-UrkKr-0186
StAK-UrkKr-0187;1417 III 24;1417_03_24;nein;1417;Wien;nein;1417 III 24, Wien (ze Wienn) Herzog Albrecht [V.] von Österreich befiehlt ( Empfelhen ... und wellen ) Nikolaus Mühlfelder ( Mulvelder ), sofort nach Krems ( Krems ) zu reisen und dort dem Rat der Städte Krems und Stein ( Stain ) , den die Bürger beider Städte gewählt haben und der dem Aussteller als Landesfürsten noch keinen Eid abgelegt hat, anstelle des Ausstellers die Huldigung abzunehmen, wie es üblich ist und bisher immer geschehen ist. Siegler: Der Aussteller. Source Regest: Stadtarchiv Krems, 2020.;Albrecht V.|Nikolaus Mühlfelder;albrecht_v|nikolaus_muehlfelder;nein;Politik|Verwaltung;;StAK-UrkKr-0187
StaAKr-0188;1417 IV 23;1417_04_23;nein;1417;Krems;nein;1417 IV 23, Krems Peter Wurffl, Bürger zu Krems stiftet mit einem Pfund Wr. Pf. jährlich von seinem Haus in Krems bei der Schmidgasse mit Erlaubnis des Burgherrn Niklas d. Choll, oberster Spitalmeister, 2 Jahrtage, im Advent und zw. Ostern und Pfingsten. Zeugen: Hans Leutbein, Mitglied des Rats und Bürger zu Krems, Steffan der Fuetrer, Mitglied des Rats und Bürger daselbst. Source Regest: Harry Kühnel, Stadtarchiv Krems. Urkunden 1108-1844 (Krems 1960);Peter Wurffl|Niklas Choll|Hans Leutbein|Stephan Fuehrer;peter_wurffl|niklas_choll|hans_leutbein|stephan_fuehrer;ja;Religion|Soziales Leben|Vermögen und Finanzen;"Personenidentifikation unsicher: vermutlich Stephan Fuehrer (Regest nennt ""Fuetrer"")";StaAKr-0188
StaAKr-0189;1417 VII 2;1417_07_02;nein;1417;Passau|Weinzierl;nein;"1417 VII 2, Krems Peter der Layterpekch, ein Kremser Bürger und seine Frau Katharina stiften mit ein Pfund Pf. von einem Weingarten im Weinzierlberg mit Einwilligung des Burgherrn Ruprecht von Welz, Chorherrn und Kanzler zu Passau und Pfarrer zu Krems einen Jahrtag in der Woche nach St. Laurenzius; nach dem Tode der Stifter fällt der Weingarten an die Pfarrkirche. Zeugen: Der Burgherr und Simon Tundorffer, Mitglied des Rats. Source Regest: Harry Kühnel, Stadtarchiv Krems. Urkunden 1108-1844 (Krems 1960)";Peter Layterpekch|Katharina Layterpekch|Ruprecht von Welz|Simon Tundorfer;peter_layterpekch|katharina_layterpekch|ruprecht_von_welz|simon_tundorfer;ja;Religion|Vermögen und Finanzen|Wirtschaft;"Personenidentifikation unsicher: vermutlich Simon Tundorfer (Regest nennt ""Simon"")";StaAKr-0189
StaAKr-0190;1418;1418_00_00;ja;1418;Weinzierl;nein;1418, Krems Simon Scheuber von Weinzierl stiftet jährlich 1 Pfund Wr. Pf. von seinem Weingarten auf der Rasbamp dem Spital in Krems mit Erlaubnis des Bugherrn Niklas d. Reisperg, Hofmeister im Admonterhof in Krems. Zeugen: der Burgherr und Simon Tundorffer, Mitglied des Rats. Source Regest: Harry Kühnel, Stadtarchiv Krems. Urkunden 1108-1844 (Krems 1960);Simon Scheuber|Niklas Reisperg|Simon Tundorfer;simon_scheuber|niklas_reisperg|simon_tundorfer;ja;Religion|Soziales Leben|Wirtschaft;"Personenidentifikation unsicher: vermutlich Simon Tundorfer (Regest nennt ""Simon"") | Datierung unsicher: Nur Jahresangabe im Quellentext überliefert, kein exaktes Tages-/Monatsdatum.";StaAKr-0190
StaAKr-0191;1419 VI 16;1419_06_16;nein;1419;Imbach;nein;1419 VI 16, Krems Hans und Ulrich die Pauswekchen verkaufen mit Erlaubnis der Burgfrau Clara d. Werderin, Priorin in Imbach 3 Viertel Weingärten im Kobl der Frau Margarethe von Wallsee. Zeugen: Simon Tundorffer, die Burgfrau, Jobst Washauer, Judenrichter und Mitglied des Rats, Hanns Pausweckchen. Source Regest: Harry Kühnel, Stadtarchiv Krems. Urkunden 1108-1844 (Krems 1960);Hans Pauswekchen|Ulrich Pauswekchen|Clara von Werd|Margarete von Wallsee|Simon Tundorfer|Jobst Wasloff;hans_pauswekchen|ulrich_pauswekchen|clara_von_werd|margarete_von_wallsee|simon_tundorfer|jobst_wasloff;ja;Religion|Vermögen und Finanzen|Wirtschaft;"Personenidentifikation unsicher: vermutlich Simon Tundorfer (Regest nennt ""Simon""); vermutlich Jobst Wasloff (Regest nennt ""Jobst"")";StaAKr-0191
StaAKr-0192;1419 VII 24;1419_07_24;nein;1419;Mautern an der Donau|Gneixendorf|Wiener Neustadt;ja;"1419 VII 24, Krems Hans Hekchl, Bürger von Neustadt und seine Mutter Katharina verkaufen mit Erlaubnis des Burgherrn Ruprecht von Welz, Pfarrer zu Krems, ihr Haus, das an den St. Veitsfriedhof stoßt mit seinem Gärtlein (48 Pfen. Burgrecht) und ihren Keller und den Marstall (Burgrecht 6 Pfen., Vogtrecht in d. Stadtgericht 12 Pfen., 5 Schilling 12 Pfen. Dienst in den Nikolaihof in Mautern) und ihren Weingarten gen. die ""Regensburgerin"" 1 1/2 Joch gelegen bei den Siechen zu St. Anton, Burgrecht d. Simon des Scheuber 20 Pfen., Steffan d. Schilher von Gneixendorf 1 Pfen., Thomas d. Kremser 20 Pfen., um 700 Pfund der Frau Margarethe von Wallsee. Source Regest: Harry Kühnel, Stadtarchiv Krems. Urkunden 1108-1844 (Krems 1960)";Hans Hekchl|Katharina Hekchl|Ruprecht von Welz|Simon Scheuber|Steffan Schilher|Thomas Kremser|Margarete von Wallsee;hans_hekchl|katharina_hekchl|ruprecht_von_welz|simon_scheuber|steffan_schilher|thomas_kremser|margarete_von_wallsee;nein;Grund und Boden|Privatvermögen|Wirtschaft;"Ortsidentifikation unsicher: vermutlich Wiener Neustadt (Regest nennt ""Neustadt"")";StaAKr-0192
StaAKr-0193;1419 X 7;1419_10_07;nein;1419;Krems;nein;1419 X 7, Krems Heinrich Ebmetter und seine Frau Elsbet verpflichten sich, alle Urkunden, die sich auf den Schlüsselhof beziehen sowie alle zugehörigen Güter nach Verkauf desselben an Konrad den Glanast und seine Frau Dorothe zu übergeben. Zeugen: Hans d. Prelach, Feldrichter und Hans d. Waydorf, beide Bürger von Krems. Source Regest: Harry Kühnel, Stadtarchiv Krems. Urkunden 1108-1844 (Krems 1960);Heinrich Ebmetter|Elsbet Ebmetter|Konrad Glanast|Dorothea Glanast|Hans Prelach|Hans Waydorf;heinrich_ebmetter|elsbet_ebmetter|konrad_glanast|dorothea_glanast|hans_prelach|hans_waydorf;nein;Rechtswesen|Vermögen und Finanzen|Wirtschaft;;StaAKr-0193
StaAKr-0194;1419 X 7;1419_10_07;nein;1419;Weinzierl|Werfenstein;nein;1419 X 7, Krems Heinrich Ebmetter und Elsbet seine Frau verkaufen mit Erlaubnis des Burgherrn Georg Pintters, Hofmeister im Lilienfelderhof zu Weinzierl ihren Baumgarten in Krems nächst dem Herzogshof Kunrad dem Glanast, Pfleger zu Werfenstein und seiner Frau Dorothea. Siegler: Der Verkäufer, Jobst Washauer, Judenrichter, Martin d. Tumelstainer, Stadtrichter beider Städte, Hans der Pielacher, Feldrichter innerhalb des Kamps. Source Regest: Harry Kühnel, Stadtarchiv Krems. Urkunden 1108-1844 (Krems 1960);Heinrich Ebmetter|Elsbet Ebmetter|Georg Pintter|Konrad Glanast|Dorothea Glanast|Martin Tumelstainer|Hans Pielacher|Jobst Wasloff;heinrich_ebmetter|elsbet_ebmetter|georg_pintter|konrad_glanast|dorothea_glanast|martin_tumlstain|hans_pielacher|jobst_wasloff;ja;Vermögen und Finanzen|Wirtschaft;"Personenidentifikation unsicher: vermutlich Jobst Wasloff (Regest nennt ""Jobst"")";StaAKr-0194
StaAKr-0195;1419 XI 7;1419_11_07;nein;1419;Langenlois;nein;1419 XI 7, Krems Urfehde des Niklas Reyenstein, Schusters aus der Kremsergasse in Lois. Zeugen: Hans Pielach, Feldrichter, Niklas vom See, Bürger zu Krems. Source Regest: Harry Kühnel, Stadtarchiv Krems. Urkunden 1108-1844 (Krems 1960);Niklas Reyenstein|Hans Pielach|Niklas vom See;niklas_reyenstein|hans_pielacher|niklas_vom_see;nein;Rechtswesen;;StaAKr-0195
StaAKr-0196;1419 XI 11;1419_11_11;nein;1419;Eggenburg|Gars am Kamp|Plank;nein;"1419 XI 11 Konrad Schuster von Eggenburg und seine Frau Kunigunde und Steffan Schneider von Gars und seine Frau Dorothea und Niklas Müllner von Stalkch und seine Frau Katharina und Ulrich Rayff von Plank und seine Frau Margarete und Thomas Heller von Plank und Katharina seine Frau und Katharina, Heinrichs des Unger Frau von Krems vergleichen sich über die Hinterlassenschaft ihrer ""muem"" Anna, die Frau ihres Schwagers Wernhart von Eferding in Stein. Zeugen: Martin Tumlstain, Stadtrichter, Kaspar d. Oder, Mitglied des Rates. Source Regest: Harry Kühnel, Stadtarchiv Krems. Urkunden 1108-1844 (Krems 1960)";Konrad Schuster|Kunigunde Schuster|Steffan Schneider|Dorothea Schneider|Niklas Müllner|Katharina Müllner|Ulrich Rayff|Margarete Rayff|Thomas Heller|Katharina Heller|Heinrich Unger|Katharina Unger, Anna von Eferding|Wernhart von Eferding|Martin Tumlstain|Kaspar Oder;konrad_schuster_eggenburg_1419|kunigunde_schuster|steffan_schneider|dorothea_schneider|niklas_muellner|katharina_muellner|ulrich_rayff|margarete_rayff|thomas_heller|katharina_heller|heinrich_unger|katharina_unger_anna_von_eferding|wernhart_von_eferding|martin_tumlstain|kaspar_oder;nein;Bevölkerung und Bevölkerungsgruppen|Rechtswesen|Vermögen und Finanzen;;StaAKr-0196
StaAKr-0197;1419 XI 26;1419_11_26;nein;1419;Krems;nein;"1419 XI 26, Krems Ullrich, Hanns des Eckharts Sohn von Seldendorf schwört Urfehde; er war wegen Dieberei festgenommen worden. Zeugen: Hans der Weydorfelder, Stefan der Fuerer. Source Regest: Harry Kühnel, Stadtarchiv Krems. Urkunden 1108-1844 (Krems 1960)";Ullrich Eckhart|Hanns Eckhart|Hans Weydorfelder|Stephan Fuehrer;ullrich_eckhart|hanns_eckhart|hans_weidenfelder|stephan_fuehrer;ja;Rechtswesen;"Personenidentifikation unsicher: vermutlich Stephan Fuehrer (Regest nennt ""Fuerer"")";StaAKr-0197
StaAKr-0198;1419 XII 19;1419_12_19;nein;1419;Pottendorf|Eisenerz;ja;"1419 XII 19, Krems Niklas Peutl ""von der eisernen Stadt"" wird vom Herzog auf Bitten der Frau Margarete von Dachsperg und ihrer Tochter Kunigunde von Potendorf gegen Urfehde aus dem Kremser Gefängnis entlassen, wohin ihn Leopold von Eckartsau gebracht hatte. Zeugen: Hans der Pielacher, Feldrichter, Niklas vom See, Bürger von Krems. Source Regest: Harry Kühnel, Stadtarchiv Krems. Urkunden 1108-1844 (Krems 1960)";Niklas Peutl|Margarete von Dachsperg|Kunigunde von Potendorf|Leopold von Eckartsau|Hans Pielacher|Niklas vom See;niklas_peutl|margarete_von_dachsperg|kunigunde_von_potendorf|leopold_von_eckartsau|hans_pielacher|niklas_vom_see;nein;Rechtswesen;"Ortsidentifikation unsicher: Pottendorf (nicht eindeutig aus dem Regest-Text ableitbar); Eisenerz (nicht eindeutig aus dem Regest-Text ableitbar)";StaAKr-0198
StaAKr-0199;1420 VI 8;1420_06_08;nein;1420;Krems;nein;1420 VI 8, Krems Urfehde Kunz von Gumpolts und Jerachs von Schönfeld. Bes. auf Bitten der Herren von Neuhaus und Hartneid von Lichtenstein von Nikolsburg. Zeugen: Steffan der Fuetrer, Hans der Weidenfelder, beide Kremser Bürger. Source Regest: Harry Kühnel, Stadtarchiv Krems. Urkunden 1108-1844 (Krems 1960);Kunz von Gumpolts|Jerachs von Schönfeld|Hans Weidenfelder|Stephan Fuehrer;kunz_von_gumpolts|jerachs_von_schoenfeld|hans_weidenfelder|stephan_fuehrer;ja;Rechtswesen;"Personenidentifikation unsicher: vermutlich Stephan Fuehrer (Regest nennt ""Fuetrer"")";StaAKr-0199
StaAKr-0200;1421 II 1;1421_02_01;nein;1421;Krems;nein;1421 II 1, Krems Urfehde Ruedels Zollner von Perkchaim. Zeugen: Niklas vom See, Martin Getring, Steffan der Fuetrer. Source Regest: Harry Kühnel, Stadtarchiv Krems. Urkunden 1108-1844 (Krems 1960);Ruedels Zollner von Perkchaim|Niklas vom See|Martin Getring|Steffan der Fuetrer;ruedels_zollner_von_perkchaim|niklas_vom_see|martin_getring|steffan_der_fuetrer;nein;Rechtswesen;;StaAKr-0200
StaAKr-0201;1421 III 8;1421_03_08;nein;1421;Krems;nein;1421 III 8, Krems Urfehde des Hans Frank der Scherer. Zeugen: Steffan Fuetrer, Martin Gatring. Source Regest: Harry Kühnel, Stadtarchiv Krems. Urkunden 1108-1844 (Krems 1960);Hansfrank Scherer|Martin Gatring|Stephan Fuehrer;hansfrank_scherer|martin_gatring|stephan_fuehrer;ja;Rechtswesen;"Personenidentifikation unsicher: vermutlich Stephan Fuehrer (Regest nennt ""Fuetrer"")";StaAKr-0201
StaAKr-0202;1421 IV 12;1421_04_12;nein;1421;Wolfpassing bei Tulln|Passau|Zeiselmauer|Weinzierl;nein;"1421 IV 12, Krems Niklas Narzendorfer verkauft ein Joch Weingarten gen. der ""Rotl"" (Grunddienst dem Kloster Imbach),  5 Pfen. und 1 Pfund Pfen. dem Hof von Alderspach in Weinzierl, mit einem Joch Weingarten zu Woflpassing bei Tulln, gen. der ""Haug"", Burgrecht 1 Eimer Most nach Passau in dessen Hofmarkt nach Zeiselmauer. Zeugen: Priorin Clara von Werderin in Imbach, Kaspar der Oder, Mitglied des Rates und Bürger in Krems. Source Regest: Harry Kühnel, Stadtarchiv Krems. Urkunden 1108-1844 (Krems 1960)";Niklas Narzendorfer|Clara von Werd|Kaspar Oder;niklas_narzendorfer|clara_von_werd|kaspar_oder;nein;Religion|Vermögen und Finanzen|Wirtschaft;;StaAKr-0202
StaAKr-0203;1421 IX 27;1421_09_27;nein;1421;Langenlois;nein;1421 IX 27, Krems Urfehde Jakobs Etrann, eines Juden, der zum Christentum übergetreten war und sich wieder der Religion seiner Väter zugekehrt hatte. Zeugen: Philipp der Futer, Bürger von Krems, Petrus von Lois, Bürger von Stein. Source Regest: Harry Kühnel, Stadtarchiv Krems. Urkunden 1108-1844 (Krems 1960);Jakob Etrann|Philipp der Futer|Petrus von Lois;jakob_etrann|philipp_futer|petrus_von_lois;nein;Rechtswesen|Religion;;StaAKr-0203
StaAKr-0204;1421 XI 13;1421_11_13;nein;1421;Krems;nein;1421 XI 13, Krems Laurenz Waziher von Krems Urfehde, der von Unzucht wegen in das Gefängnis gekommen war. Zeugen: Steffan der Fuetrer, Mitglied des Rats, Niklas von See, Bürger von Krems. Source Regest: Harry Kühnel, Stadtarchiv Krems. Urkunden 1108-1844 (Krems 1960);Laurenz Waziher|Niklas vom See|Stephan Fuehrer;laurenz_waziher|niklas_vom_see|stephan_fuehrer;ja;Rechtswesen;"Personenidentifikation unsicher: vermutlich Stephan Fuehrer (Regest nennt ""Fuetrer"")";StaAKr-0204
StaAKr-0205;1422 III 2;1422_03_02;nein;1422;Imbach|Senftenberg;nein;"1422 III 2 Frau Dorothea, Witwe Niklas des Schallenberger, vermacht ihren Weingarten 1 1/2 Viertel, gen. das ""Grübel"" in Imbach (Burgrecht 1 1/2 Pfen. dem Kloster zu Imbach) der Frau Margarete Weilend, Witwe Rudolfs von Schefftenberg. Zeugen: Clara die Werderin, Priorin von Imbach, Martin Gattringer, Bürger zu Krems. Source Regest: Harry Kühnel, Stadtarchiv Krems. Urkunden 1108-1844 (Krems 1960)";Dorothea Schallenberger|Niklas Schallenberger|Margarete Weilend|Rudolf von Schefftenberg|Clara von Werd|Martin Gattringer;dorothea_schallenberger|niklas_schallenberger|margarete_weilend|rudolf_von_schefftenberg|clara_von_werd|martin_gatring;nein;Religion|Vermögen und Finanzen|Wirtschaft;;StaAKr-0205
StaAKr-0206;1422 V 25;1422_05_25;nein;1422;Lengenfeld;nein;1422 V 25, Krems Simon von Lengenfeld, Prior des Predigerklosters in Krems und dessen Konvent verpflichten sich für Thomas Kirchschlager, der 15 Pfund Wr. Pf. zum Bau des Klosters hergab, einen Jahrtag mit gesungener Seelenmesse zu halten. Siegler: Prior und Konvent. Source Regest: Harry Kühnel, Stadtarchiv Krems. Urkunden 1108-1844 (Krems 1960);Simon von Lengenfeld|Thomas Kirchschlager;simon_von_lengenfeld|thomas_kirchschlager;nein;Religion|Vermögen und Finanzen;;StaAKr-0206
StaKr-0207;1422 VII 9;1422_07_09;nein;1422;Zwettl;nein;"1422 VII 9, Krems Katharina Leutwein, Hans Leutweins Witwe, Bürgerin von Krems, stiftet für sich und ihren Gemahl 11 Schilling von einem Weingarten in der Kremsleiten, gen. die ""Rorb"" (Burgrecht dem Zwettlerhof in Weinzierl 3 Pfen.) den sie der Pfarrkirche schenkt, einen Jahrtag in der Woche nach Weihnachten. Zeugen: Friedrich, Abt von Zwettl, Niklas Koll, herzogl. Schlüssler, Widenrichter und Mitglied des Rates zu Krems, Steffan Zebinger, Bürger daselbst.";Abt Friedrich|Steffan Zebinger|Katharina Leutbein|Hans Leutbein|Niklas der Choll;abt_friedrich|stephan_zebinger|katharina_leutbein|hans_leutbein|niklas_der_choll;ja;Religion|Vermögen und Finanzen|Wirtschaft;"Personenidentifikation unsicher: vermutlich Katharina Leutbein (Regest nennt ""Katharina""); vermutlich Hans Leutbein (Regest nennt ""Hans""); vermutlich Niklas der Choll (Regest nennt ""Niklas"")";StaKr-0207
StaAKr-0208;1422 XI 9;1422_11_09;nein;1422;Krems;nein;1422 XI 9, Krems Martin Tumelstein, beider Städte Stadtrichter entscheidet einen Streit zwischen der Pfarrkirche St. Veit, vertreten durch Thomas d. Schaffer, Mitglied des Kremser Rats und Kirchenmeister und Ursula Pognerin, wegen eines Dienstes von 6 Pfund von ihrem Haus. Source Regest: Harry Kühnel, Stadtarchiv Krems. Urkunden 1108-1844 (Krems 1960);Martin Tumelstein|Thomas Schaffer|Ursula Pogner;martin_tumlstain|thomas_schaffer|ursula_pogner;nein;Rechtswesen|Religion|Vermögen und Finanzen;;StaAKr-0208
StaAKr-0209;1422 XI 25;1422_11_25;nein;1422;Eggendorf am Walde;nein;1422 XI 25, Krems Urfehde Jeny von Eckendorf. Er wird vornehmlich auf die Bitten seiner kleinen Kinder freigelassen. Zeugen: Steffan der Fuetrer, Hans der Weidenfelder, beide Kremser Bürger. Source Regest: Harry Kühnel, Stadtarchiv Krems. Urkunden 1108-1844 (Krems 1960);Jeny von Eckendorf|Hans Weidenfelder|Stephan Fuehrer;jeny_von_eckendorf|hans_weidenfelder|stephan_fuehrer;ja;Rechtswesen;"Personenidentifikation unsicher: vermutlich Stephan Fuehrer (Regest nennt ""Fuetrer"")";StaAKr-0209
StaKr-0210;1423 I 24;1423_01_24;nein;1423;Dürnstein;nein;1423 I 24, Krems Urfehde Heirich Waldners, der wegen gefährlicher Drohung eingesperrt war. Zeugen: Steffan d. Fuetrer, Bürger von Krems, Peter von Leubn, Bürger zu Stein.;Heirich Waldner|Peter von Leubn|Stephan Fuehrer;heirich_waldner|peter_von_leubn|stephan_fuehrer;ja;Rechtswesen;"Personenidentifikation unsicher: vermutlich Stephan Fuehrer (Regest nennt ""Fuetrer"")";StaKr-0210
StaKr-0211;1423 II 22;1423_02_22;nein;1423;Baumgartenberg;nein;1423 II 22, Krems Anna Paumbollin,Witwe Georg Paumbols verkauft ihren Weingarten, 1 Joch, am äußeren Hutberg mit Erlaubnis des Burgherrn Steffan, Abtes zu Baumgartenberg (Burgrecht in dessen Hof zu Krems 30 Pfen.) dem Ulrich dem Schrannschreiber und seiner Frau Ursula. Zeugen: Abt Steffan, Jobst Washauer, Mitglied des Kremser Rates.;Anna Paumbol|Georg Paumbol|Abt Steffan|Ulrich Schrannschreiber|Ursula Schrannschreiber|Jobst Wasloff;anna_paumbol|georg_paumbol|abt_steffan|ulrich_schrannschreiber|ursula_schrannschreiber|jobst_wasloff;ja;Vermögen und Finanzen|Wirtschaft;"Personenidentifikation unsicher: vermutlich Jobst Wasloff (Regest nennt ""Jobst"")";StaKr-0211
StaKr-0212;1423 IV 13;1423_04_13;nein;1423;Weinzierl;nein;"1423 IV 13, Krems Anna die Nüslin, Hans Nüsls von Weinzierl Witwe, verkauft 1 Pfund ""ewigen Gelds"" von ihrem 1/2 Joch Weingarten in der Frechau mit Einwilligung des Burgherrn Niklas d. Koll, Mitglied des Rates und oberster Spitalmeister zu Krems (Burgrecht 15 Pfen.) dem Spital zu Krems. Zeugen: Der Burgherr, Martin Egenburger, Mitglied des Rates und Kirchenmeister bei St. Veit.";Anna die Nüsl|Hans Nüsl|Martin Eggenburger|Niklas Choll;anna_die_nuesl|hans_nuesl|martin_eggenburger|niklas_choll;ja;Soziales Leben|Vermögen und Finanzen|Wirtschaft;"Personenidentifikation unsicher: vermutlich Niklas Choll (Regest nennt ""Niklas"")";StaKr-0212
StaAKr-0213;1424 VI 26;1424_06_26;nein;1424;Wien|Baumgartenberg;nein;1424 VI 26, Wien Graf Johannes von Schaunberg, Oberster Landmarschall in Österreich entscheidet einen Streit zwischen dem Kloster Baumgartenberg und den Städten Krems und Stein eines Hauses wegen, zu Gunsen der Städte auf Grund ihrer Privilegien. Source Regest: Harry Kühnel, Stadtarchiv Krems. Urkunden 1108-1844 (Krems 1960);Johannes von Schaunberg;johannes_von_schaunberg;nein;Rechtswesen|Religion|Vermögen und Finanzen;;StaAKr-0213
StaAKr-0214;1424 VIII 14;1424_08_14;nein;1424;Otzesdorf;nein;1424 VIII 14, Krems Urfehde Hans des Schusters von Otzesdorf. (Dieberei). Zeugen: Niklas vom See, Bürger von Krems. Source Regest: Harry Kühnel, Stadtarchiv Krems. Urkunden 1108-1844 (Krems 1960);Hans Schuster|Niklas vom See;hans_schuster|niklas_vom_see;nein;Rechtswesen;;StaAKr-0214
StAK-UrkKr-0215;1424 XII 20;1424_12_20;nein;1424;Wien;nein;1424 XII 20, Wien ( ze Wienn ) Herzog Albrecht [V.] von Österreich erklärt ( lassen ... wissen ) Richter, Rat und den Bürgern der Städte Krems und Stein ( Krems und Stain ), dass er Ludwig dem Hainberger ( Haimperge?r ), Bürger von Krems , befohlen hat, das Gericht von Krems und Stein zu übernehmen ( verwes[e]n ). Er befiehlt ( emphelhen ... und wellen ), diesem in allen Angelegenheiten, die einem Richter unterstehen ( beygestendig ), gehorsam zu sein, wie sie es bei vorangegangenen Richter n waren und wie es immer schon gewesen ist. Siegler: der Aussteller. Source Regest: Stadtarchiv Krems, 2020.;Albrecht V.|Ludwig Hainberger;albrecht_v|ludwig_hainberger;nein;Politik|Rechtswesen|Verwaltung;;StAK-UrkKr-0215
StaAKr-0216;1424 XII 28;1424_12_28;nein;1424;Dürnstein;nein;1424 XII 28, Krems Urfehde Thomas Reynmars von Krems. Zeugen: Peter von Leubn, Bürger von Stein, Philipp der Füter, Bürger zu Krems. Source Regest: Harry Kühnel, Stadtarchiv Krems. Urkunden 1108-1844 (Krems 1960);Thomas Reynmar|Peter von Leubn|Philipp Futer;thomas_reynmar|peter_von_leubn|philipp_futer;nein;Rechtswesen;;StaAKr-0216
StaAKr-0217;1425 III 9;1425_03_09;nein;1425;Krems;nein;1425 III 9, Krems Urfehde der Katharina Erdinger von Stein, die wegen Zauberei im Kerker lag. Zeugen: Peter von Leubn, Bürger zu Stein, Ulrich d. Pikchel, Bürger daselbst. Source Regest: Harry Kühnel, Stadtarchiv Krems. Urkunden 1108-1844 (Krems 1960);Katharina Erdinger|Peter von Leubn|Ulrich Pikchel;katharina_erdinger|peter_von_leubn|ulrich_pikchl;nein;Rechtswesen;;StaAKr-0217
StaAKr-0218;1425 III 17;1425_03_17;nein;1425;Ybbs an der Donau|Dürnstein;nein;1425 III 17, Krems Urfehde des Niklas Puebenstam des Peter Liendl, des Matl Trager, die von wegen Peter d. Pakcher zu Ybbs eingesperrt wurden. Zeugen: Peter von Leubn, Jakob d. Mett, beide Steiner Bürger. Source Regest: Harry Kühnel, Stadtarchiv Krems. Urkunden 1108-1844 (Krems 1960);Niklas Puebenstam|Peter Liendl|Matl Trager|Peter Pakcher|Peter von Leubn|Jakob Mett;niklas_puebenstam|peter_liendl|matl_trager|peter_pakcher|peter_von_leubn|jakob_mett;nein;Rechtswesen;;StaAKr-0218
StaAKr-0219;1425 VI 11;1425_06_11;nein;1425;Horn im Waldviertel|Zwettl|Fritzelsdorf bei Herzogenburg;ja;"1425 VI 11, Horn Ott von Maissau, oberster Marschall und Schank in Österreich befiehlt den Städten Krems und Stein wegen der ""Hussengefah"" unverzüglich 80 Mann nach Zwettl zu senden, wo sie dem Hauptmann Friedrich d. Fritzestorf unterstehen sollten. Source Regest: Harry Kühnel, Stadtarchiv Krems. Urkunden 1108-1844 (Krems 1960)";Ott von Maissau|Friedrich Fritzestorf;ott_von_maissau|friedrich_fritzestorf;nein;Politik|Rechtswesen;Ortsidentifikation unsicher: Fritzelsdorf bei Herzogenburg (nicht eindeutig aus dem Regest-Text ableitbar);StaAKr-0219
StAK-UrkKr-0220;1425 XII 23;1425_12_23;nein;1425;Wien;nein;1425 XII 23, Wien ( zu Wienn ) Herzog Albrecht [V.] von Österreich befiehlt ( Emphelhelh[e]n [sic!] ... und wellen ) [ Richter, Rat und den Bürgern der Städte Krems und Stein ( zu Krems und Stain )], da die Hussiten ( hussen ) große Schäden im Land verursacht haben und werden und man sich verteidigen muss ( ob man sich des nicht widerhielte ), innerhalb von drei Wochen, also bis zum Sonntag nach dem Erhards-Tag [= 13. Jänner 1426], unverzüglich zwei Bevollmächtigte ( mit vollem gewalt ) zum Aussteller zu schicken, wie er auch andere Prälaten, Herren, Ritter, Knechte und Städte zu sich beordert ( zu uns haben besandt ) hat, um zu beraten ( uberain werden ), wie man sich gegen die Hussiten ( ketzern ) verteidigen kann, damit das Land nicht weiterhin verheert ( verderbt und gewuchst ) wird. Siegler: der Aussteller. Source Regest: Stadtarchiv Krems, 2020.;Albrecht V.;albrecht_v;nein;Politik|Verwaltung;;StAK-UrkKr-0220
StaAKr-0227;1430;1430_00_00;ja;1430;Sachsengang|Liebnitz|Raabs an der Thaya|Blumenau|Trebic, Tschechien;ja;1430 Urfehde des Hans von Blumenau und des Georg Spazierer von Trebings. Zeugen: Meinhart d. Sachsengang zu Liebnitz und Friedrich Garas, Pfleger zu Raabs. Source Regest: Harry Kühnel, Stadtarchiv Krems. Urkunden 1108-1844 (Krems 1960);Hans von Blumenau|Georg Spazierer|Meinhart Sachsengang|Friedrich Garas;hans_von_blumenau|georg_spazierer|meinhart_sachsengang|friedrich_garas;nein;Rechtswesen;"Ortsidentifikation unsicher: vermutlich Trebic (Regest nennt ""Trebings"") | Datierung unsicher: Nur Jahresangabe im Quellentext überliefert, kein exaktes Tages-/Monatsdatum.";StaAKr-0227
StAK-UrkKr-0221;1430 II 14;1430_02_14;nein;1430;Wien;nein;1430 II 14, Wien ( ze Wienn ) Herzog Albrecht [V.] von Österreich quittiert ( sagen ... ledig ) den Bürgern der Städte Krems und Stein ( zu Krems und zu Stain ), das Ungeld und das Gericht, das sie von Weihnachten 1427 bis Weihnachten 1429, also für zwei Jahre, gepachtet ( in Bestands weis ) hatten, vollständig und ehrlich bezahlt ( verrait ) zu haben. Er erlässt ( nachlassen ) ihnen nach Inhalt ( sag ) des Amtsregisters 512 Pfund und 52 Pfennig, die die Hussiten aus Böhmen ( ketzer von Behem ) Schaden am Ungeld verursacht haben, weshalb bei keiner der beiden Parteien Raitung oder Ausstände ( Remanenczen ) übrig sind. Siegler: der Aussteller. Source Regest: Stadtarchiv Krems, 2020.;Albrecht V.;albrecht_v;nein;Vermögen und Finanzen|Verwaltung|Wirtschaft;;StAK-UrkKr-0221
StAK-UrkKr-0222;1430 IV 25;1430_04_25;nein;1430;Wien;nein;1430 IV 25, Wien ( ze Wienn ) Bürgermeister, Richter und Rat der Stadt Wien bitten ( Bitt[e]n ) [den Rat der Städte Stein und Krems ( Stain und Krembs )], den Erber[n] Stadtrichter Ludwig zu ersuchen, jene 8 fl. Strafe ( wandl ), die dieser dem Fischer Paul Veyal , einem Einwohner ( mitboner ) von Wien , auferlegt hat, nachdem Veyal im Scherz ( von ains Schimpfs weg[e]n ) im [ Krems er] Bad von mehreren Frauen mit kaltem Wasser begossen und durch seinen Schreck ( von erkomnu?ss und erschreknu?ss wegen ) seine Wade ( sein Wadel ) vor den Frauen entblößt wurde, woraufhin sein Besitz beschlagnahmt wurde ( in verbot genomen ) und er das Geld ausborgen musste, aufzuheben. Die Aussteller empfinden dies als ungerecht ( unfreuntleich ). Source Regest: Stadtarchiv Krems, 2020.;Stadtrichter Ludwig|Paul Veyal;stadtrichter_ludwig|paul_veyal;nein;Bevölkerung und Bevölkerungsgruppen|Rechtswesen;;StAK-UrkKr-0222
StaAKr-0223;1430 IV 28;1430_04_28;nein;1430;Hollenburg;nein;1430 IV 28 Vergleich in einem Erbschaftsstreit zwischen Katharina, Christian d. Lederpekchen Witwe in Weiten für ihren Enkel Kaspar und den anderen Verwandten über das Erbgut Friedrich Summers, Kaspars Vater, Richter zu Weiten. Zeugen: Georg Hochsteter, Hans d. Rayder, Pfleger zu Hollenburg. Source Regest: Harry Kühnel, Stadtarchiv Krems. Urkunden 1108-1844 (Krems 1960);Katharina Lederpekchen|Christian Lederpekchen|Kaspar Summer|Friedrich Summer|Georg Hochsteter|Hans Rayder;katharina_lederpekchen|christian_lederpekchen|kaspar_summer|friedrich_summer|georg_hochsteter|hans_rayder;nein;Bevölkerung und Bevölkerungsgruppen|Rechtswesen|Vermögen und Finanzen;;StaAKr-0223
StAK-UrkKr-0224;1430 V 10;1430_05_10;nein;1430;Wien|Hadersdorf am Kamp|Ybbs an der Donau;nein;1430 V 10, Wien ( ze Wienn ) Herzog Albrecht [V.] von Österreich verkauft ( zu kauff[e]n geb[e]n haben und geben ) Michael dem Waldner von Hadersdorf ( Hederstorf ) und dessen Ehefrau Katharina sowie Michael dem Wagner und dessen Ehefrau Anna ein Haus in Krems ( Krems ), das an das Bürgerspital grenzt ( an das Spital geleg[e]n ), früher die Synagoge ( Juden Schu?l ) war und Joseph dem Juden von Ybbs ( Ibs ) gehört hatte, ehe es durch diesen an den Aussteller gelangt ist, um 120 Pfund Pfennige, unter der Bedingung, dass die genannten Eheleute ( Konleut ) das Haus mit allen Zugehörungen fortan kaufweise innehaben, mit allen Vorteilen ( frumen ), wie es dem Kaufrecht und dem Recht der Stadt Krems entspricht, sofern die Abgaben ( dienst ), die schon immer davon zu entrichten waren, auch an die Städte [ Krems und Stein ] bezahlt werden. Dafür wird der Aussteller ihr Schutz ( h[er]re und scherm ) vor allem Unrecht sein. Siegler: der Aussteller. Source Regest: Stadtarchiv Krems, 2020.;Albrecht V.|Michael Waldner|Katharina Waldner|Michael Wagner|Anna Wagner|Joseph der Jude;albrecht_v|michael_waldner|katharina_waldner|michael_wagner|anna_wagner|joseph_der_jude;nein;Bevölkerung und Bevölkerungsgruppen|Rechtswesen|Religion|Stadt und Raum|Vermögen und Finanzen;;StAK-UrkKr-0224
StaKr-0225;1430 X 16;1430_10_16;nein;1430;Passau|Mautern an der Donau;nein;1430 X 16, Krems Hanns, Probst und Dechant und der Konvent von St. Nikola bei Passau verkaufen ihre beiden Häuser in Krems am St. Veitsfriedhof und am tägl. Markt, die zuletzt Frau Margarete von Wallsee zu Leibgeding hatte (Dienst 5 Sch., 15 Pf. in den Hof des Klosters Mautern) mit Erlaubnis des Burgherren Heinrich d. Prapacher, Verwesers der Kremser Pfarrkirche (Burgrecht 6 Pfen. Vogtrecht 12 Pfen. der obengen. Frau Marg. v. Wallsee) Siegler: Propst und Konvent von St. Nikola, Heinrich der Prapacher, die Städte Kems und Stein.;Dechant Hanns|Margarete von Wallsee|Heinrich Prapacher;dechant_hanns|margarete_von_wallsee|heinrich_prapacher;nein;Religion|Stadt und Raum|Vermögen und Finanzen;;StaKr-0225
StAK-UrkKr-0226;1430 XII 19;1430_12_19;nein;1430;Wien;nein;1430 XII 19, Wien ( ze Wienn ) Herzog Albrecht [V.] von Österreich befiehlt ( Emphelhen ) [ Richter und Rat von Krems ( Krems )], Deichselwägen, die aus Böhmen ( Behem ) um Salz kommen ( nach Salcz heraus varent ), nicht leichtfertig in die Stadt zu lassen, sondern Acht zu geben, um keinen Schaden zu erleiden, nachdem er gehört hat, dass diese in böser Absicht kommen ( in sche?den und v[er]retnu?ss ko?men ) könnten. Siegler: der Aussteller. Source Regest: Stadtarchiv Krems, 2020.;Albrecht V.;albrecht_v;nein;Politik|Rechtswesen|Wirtschaft;;StAK-UrkKr-0226
StAK-UrkKr-0228;1431 V 12;1431_05_12;nein;1431;Wien;nein;1431 V 12, Wien ( ze Wienn ) Herzog Albrecht [V.] von Österreich befiehlt ( ist uns[er] maynung ) [ Ludwig dem Hainberger ( Haynperger )], Richter [von Krems und Stein ( zu Krems und ze Stain )], in dessen Streit ( hanndlung ) mit dem Untertanen ( holden ) Feiertager ( Veirtager ) die Entschuldigung ( genu?g ze tu?n ) anzunehmen, nachdem der Aussteller gehört hat, der Empfänger habe diese Genugtuung in der Gegenwart ehrbarer Leute nicht ohne herzögliche Anordnung ( Gesche?fft und haissen ) akzeptieren wollen. Siegler: der Aussteller. Source Regest: Stadtarchiv Krems, 2020.;Albrecht V.|Ludwig Hainberger|Feiertager;albrecht_v|ludwig_hainberger|feiertager_1431;nein;Rechtswesen|Verwaltung;;StAK-UrkKr-0228
StaAKr-0229;1431 V 25;1431_05_25;nein;1431;Burghausen|Röschitz|Thaya;ja;1431 V 25, Krems Urfehde Niklas Eckinger von Burghausen. Er hatte sich längere Zeit bei den Feinden bei Taya und Röschitz aufgehalten. Zeugen: Konrad d. Rueler, Ulrich d. Pikchl. Source Regest: Harry Kühnel, Stadtarchiv Krems. Urkunden 1108-1844 (Krems 1960);Niklas Eckinger|Konrad Rueler|Ulrich Pikchl;niklas_eckinger|konrad_rueler|ulrich_pikchl;nein;Rechtswesen;"Ortsidentifikation unsicher: vermutlich Thaya (Regest nennt ""Taya"")";StaAKr-0229
StaAKr-0230;1431 VI 16;1431_06_16;nein;1431;Wien|Nürnberg;nein;"1431 VI 16, Wien Albrecht V. befiehlt den Städten 300 fl. Für den Krieg gegen die Hussiten schleunig zu senden, der in Nürnberg beschlossen wurde; dagegen brauchen die Bürger nicht ins Feld ziehen. Source Regest: Harry Kühnel, Stadtarchiv Krems. Urkunden 1108-1844 (Krems 1960)";Albrecht V.;albrecht_v;nein;Politik|Vermögen und Finanzen;;StaAKr-0230
StaAKr-0231;1431 VI 20;1431_06_20;nein;1431;Krems;nein;1431 VI 20, Krems Urteil des Richters und Rates beider Städte in einer Erbschaftsfrage. Siegler: Ludwig Hainperger, Richter. Source Regest: Harry Kühnel, Stadtarchiv Krems. Urkunden 1108-1844 (Krems 1960);Ludwig Hainberger;ludwig_hainberger;nein;Rechtswesen|Vermögen und Finanzen;;StaAKr-0231
StAK-UrkKr-0232;1431 XI 19;1431_11_19;nein;1431;Wien;nein;1431 XI 19, Wien ( ze Wienn ) Herzog Albrecht [V.] von Österreich verkündet ( Bekennen ), dass das [nicht überlieferte] angeschlossene Urteil vor seinen Rat gelangt ist, in dem der Angeklagte ( Antwu?rtter ) mit unbescholtenen Zeugen ( geleunten leuten ) vor dem Rat beider Städte Krems und Stein seine Aussage ( weysung ) getätigt hat und der Rat zu Recht geurteilt hat, er solle [das nicht bekannte Streitobjekt] innehaben. Siegler: der Aussteller. Source Regest: Stadtarchiv Krems, 2020.;Albrecht V.;albrecht_v;nein;Rechtswesen|Verwaltung;;StAK-UrkKr-0232
StAK-UrkKr-0233;1432 I 28;1432_01_28;nein;1432;Wien|Korneuburg|Kreuzenstein;nein;1432 I 28 Herzog Albrecht [V.] befiehlt ( Emphelhen ... und beg[er]n mit ernst ) Richter und Rat der Stadt Krems , ihren Scharfrichter ( Czüchtig[er] ) nach Korneuburg ( Newnbu?rg ) zu schicken, und zwar in Begleitung einer Person, die sicherstellt, dass er bis dorthin und von dort wieder zurück kommt, um dort jemanden hinzurichten ( nach seinen schulden richt und straffe ), nachdem diese Person eines Verbrechens ( Übeltat ) wegen festgenommen und dem Hofmarschall [ Johann von Rohrbach ] nach Kreuzenstein ( Greytschenstain ) überstellt wurde. Danach hätte er in Korneuburg ( Korn Newnburg ) hingerichtet werden sollen, allerdings sei der [ Wien er] Scharfrichter verstorben. Siegler: der Aussteller. Source Regest: Stadtarchiv Krems, 2022.;Albrecht V.|Johann von Rohrbach;albrecht_v|johann_von_rohrbach;nein;Rechtswesen|Verwaltung;;StAK-UrkKr-0233
StaAKr-0234;1432 II 25;1432_02_25;nein;1432;Wien;nein;1432 II 25, Wien Berchtold von Mangen, Hubmeister in Österreich, befiehlt den Städten in des Herzogs Namen, die beiden Raten der Hussitensteuer zu zahlen. Source Regest: Harry Kühnel, Stadtarchiv Krems. Urkunden 1108-1844 (Krems 1960);Berchtold von Mangen;berchtold_von_mangen;nein;Politik|Vermögen und Finanzen|Verwaltung;;StaAKr-0234
StaAKr-0235;1432 V 19;1432_05_19;nein;1432;Krems;nein;1432 V 19, Krems Urfehde der Ursula Pognerin, Frau des Hans Kulbinger, die wegen des Todschlags an Hans d. Brunner, Schuster, eingesperrt war.Zeugen: Ulrich Pikchl, Bürger zu Stein, Wolfgang d. Weypot, Bürger zu Krems. Source Regest: Harry Kühnel, Stadtarchiv Krems. Urkunden 1108-1844 (Krems 1960);Ursula Pogner|Hans Kulbinger|Hans Brunner|Ulrich Pikchl|Wolfgang Weyspot;ursula_pogner|hans_kulbinger|hans_brunner|ulrich_pikchl|wolfgang_weyspot;nein;Rechtswesen;;StaAKr-0235
StaAKr-0236;1432 VIII 4;1432_08_04;nein;1432;Wien;nein;1432 VIII 4, Wien Albrecht V. bestätigt den Verkauf des Herzogshofes in Krems von Heinrich Ebmeter und seine Frau Elsbet an Konrad Glanast und seiner Frau Dorothea. Source Regest: Harry Kühnel, Stadtarchiv Krems. Urkunden 1108-1844 (Krems 1960);Albrecht V.|Elsbet Ebmetter|Konrad Glanast|Dorothea Glanast|Heinrich Ebmetter;albrecht_v|elsbet_ebmetter|konrad_glanast|dorothea_glanast|heinrich_ebmetter;ja;Stadt und Raum|Vermögen und Finanzen;"Personenidentifikation unsicher: vermutlich Heinrich Ebmetter (Regest nennt ""Heinrich"")";StaAKr-0236
StaAKr-0237;1432 VIII 11;1432_08_11;nein;1432;Krems;nein;1432 VIII 11, Krems Urfehde des Paul des Refler von Krems. Zeugen: Jakob der Slater, Wolfgang der Weyspot. Beide Bürger von Krems. Source Regest: Harry Kühnel, Stadtarchiv Krems. Urkunden 1108-1844 (Krems 1960);Paul Refler|Jakob Slater|Wolfgang Weyspot;paul_refler|jakob_slater|wolfgang_weyspot;nein;Rechtswesen;;StaAKr-0237
StaAKr-0238;1432 IX 13;1432_09_13;nein;1432;Wien;nein;1432 IX 13, Wien Albrecht V. fordert im Hinblick auf das Vorhaben der Feinde, die Stadt Krems auf, sich in Verteidigungszustand zu setzen. Source Regest: Harry Kühnel, Stadtarchiv Krems. Urkunden 1108-1844 (Krems 1960);Albrecht V.;albrecht_v;nein;Politik|Verwaltung;;StaAKr-0238
StaAKr-0239;1432 XI 25;1432_11_25;nein;1432;Korneuburg|Jind?ich?v Hradec, Südböhmen;nein;1432 XI 25, Korneuburg Albrecht V. befiehlt seinem Hauptmann Wilhelm dem Topler und dem Richter Ludwig Haynperger zu Krems den Nena von Neuhaus freizulassen, der eingesperrt worden war, da er mit seiner Ware ohne Wissen und Willen des Rates in die Stadt gefahren war. (Beiliegend die Anzeige an den Herzog). Source Regest: Harry Kühnel, Stadtarchiv Krems. Urkunden 1108-1844 (Krems 1960);Albrecht V.|Wilhelm Topler|Nena von Neuhaus|Ludwig der Hainberger;albrecht_v|wilhelm_topler|hena_von_neuhaus|ludwig_der_hainberger;ja;Rechtswesen|Verwaltung|Wirtschaft;"Personenidentifikation unsicher: vermutlich Ludwig der Hainberger (Regest nennt ""Ludwig"")";StaAKr-0239
StaAKr-0240;1432 XI 30;1432_11_30;nein;1432;Krems;nein;1432 XI 30, Krems Urfehde des Hena von Neuhaus. Zeugen: Hans Weyderfelder, Mitglied des Rates, Jakob der Slater, Bürger von Krems. Source Regest: Harry Kühnel, Stadtarchiv Krems. Urkunden 1108-1844 (Krems 1960);Hena von Neuhaus|Hans Weyderfelder|Jakob Slater;hena_von_neuhaus|hans_weidenfelder|jakob_slater;nein;Rechtswesen;;StaAKr-0240
StaAKr-0241;1433 IV 4;1433_04_04;nein;1433;Weinzierl;nein;1433 IV 4, Krems Urfehde des Michel Volger von Weinzierl (Fischdieb). Zeugen: Jakob der Slater, Wolfgang der Weyspot, beide Bürger zu Krems. Source Regest: Harry Kühnel, Stadtarchiv Krems. Urkunden 1108-1844 (Krems 1960);Michel Volger|Jakob Slater|Wolfgang Weyspot;michel_volger|jakob_slater|wolfgang_weyspot;nein;Rechtswesen;;StaAKr-0241
StaAKr-0242;1433 V 13;1433_05_13;nein;1433;Melk|Hardleithen;ja;"1433 V 13, Melk Wolfgang Weyspot, Bürger zu Krems, verkauft mit Erlaubnis des Burgherren Leonhart, Abt zu Melk, seine Mühle in Krems (Burgrecht 36 Wr. Pf. und 6 Pfund Bürgersteuer 12 Pf., Vogtrecht 42 Pf.) und 1/2 Pfund auf  1/2 Joch Weingarten in der Hordleuten und 4 Pfen. von einem Weingarten gen. das ""Fudl"", die man in der Mühle dient, dem Steffan dem Thehenststainer und Katharina seiner Frau. Zeugen: Der Verkäufer, Hans Weiderfelder, Mitglied des Kremser Rates und Kaspar Oder. Source Regest: Harry Kühnel, Stadtarchiv Krems. Urkunden 1108-1844 (Krems 1960)";Wolfgang Weyspot|Abt Leonhart|Hans Weiderfelder|Kaspar Oder|Stephan Tehenstayn|Katharina Tehenstayn;wolfgang_weyspot|abt_leonhart|hans_weidenfelder|kaspar_oder|stephan_tehenstayn|katharina_tehenstayn;ja;Rechtswesen|Vermögen und Finanzen|Wirtschaft;"Ortsidentifikation unsicher: vermutlich Hardleithen (Regest nennt ""Hordleuten"") | Personenidentifikation unsicher: vermutlich Stephan Tehenstayn (Regest nennt ""Thehenststainer""); vermutlich Katharina Tehenstayn (Regest nennt ""Katharina"")";StaAKr-0242
StaAKr-0243;1433 V 14;1433_05_14;nein;1433;Melk;nein;1433 V 14, Melk Lehenbrief des Abtes Leonhart von Melk. Er verleiht die Mühle, die ehemals Wolfgang Weyspot besessen, dem Stephan Tehenstayn und seiner Frau Katharina und bestätigt den Verkauf. Source Regest: Harry Kühnel, Stadtarchiv Krems. Urkunden 1108-1844 (Krems 1960);Abt Leonhart|Wolfgang Weyspot|Stephan Tehenstayn|Katharina Tehenstayn;abt_leonhart|wolfgang_weyspot|stephan_tehenstayn|katharina_tehenstayn;nein;Rechtswesen|Vermögen und Finanzen|Wirtschaft;;StaAKr-0243
StaAKr-0244;1433 VII 25;1433_07_25;nein;1433;Wien;nein;1433 VII 25, Wien Albrecht V. verbietet in Österreich der Teuerung wegen den Verkauf von Getreide und befiehlt, genau auf die Erfüllung seines Gebotes zu sehen. Source Regest: Harry Kühnel, Stadtarchiv Krems. Urkunden 1108-1844 (Krems 1960);Albrecht V.;albrecht_v;nein;Rechtswesen|Verwaltung|Wirtschaft;;StaAKr-0244
StaAKr-0245;1433 VIII 7;1433_08_07;nein;1433;Wien|Dürnstein;nein;1433 VIII 7, Wien Albrecht V. befiehlt den Weingartenbesitzern zwischen Krems und Dürrenstein, die Wege vor ihren Weingärten instand zu setzen. Source Regest: Harry Kühnel, Stadtarchiv Krems. Urkunden 1108-1844 (Krems 1960);Albrecht V.;albrecht_v;nein;Stadt und Raum|Verwaltung|Wirtschaft;;StaAKr-0245
StAK-Stein-2009;1433 VIII 9;1433_08_09;nein;1433;Zwettl|Stein|Krems;nein;"Richter und Rat der Stadt Zwettl erklären Herzog Albrecht V., daß die Salzniederlage um die zwischen Stein und Krems ein Streit enbrannt ist, von ""Alters ze Stein gewesen ist"".";Albrecht V.;albrecht_v;nein;Rechtswesen|Wirtschaft;;StAK-Stein-2009
StaAKr-0246;1433 IX 1;1433_09_01;nein;1433;Siena, Italien|Pavlice|Asparn an der Zaya;ja;1433 IX 1, Siena Sigismund, Römischer, zu Ungarn und Böhmen König, ersucht Rat und Richter beider Städte, seinem Sekretär Simon Amman von Asparn, Pfarrer von Polau in einer Erbschaftsangelegenheit (+Jakob Aichenprunner, sein Vetter) behilflich zu sein. Source Regest: Harry Kühnel, Stadtarchiv Krems. Urkunden 1108-1844 (Krems 1960);Sigismund I.|Simon Amman von Asparn|Jakob Aichenprunner;sigismund_i|simon_amman_von_asparn|jakob_aichenprunner;nein;Bevölkerung und Bevölkerungsgruppen|Politik|Rechtswesen|Vermögen und Finanzen;Ortsidentifikation unsicher: Pavlice (nicht eindeutig aus dem Regest-Text ableitbar);StaAKr-0246
StAK-Stein-2010;1433 X 19;1433_10_19;nein;1433;Stein|Korneuburg;nein;Herzog Albrecht V. entscheidet den Streit zwischen den Bürgern von Stein und Korneuburg wegen Salzniederlage.;Albrecht V.;albrecht_v;nein;Rechtswesen|Wirtschaft;;StAK-Stein-2010
StaAKr-0247;1433 X 29;1433_10_29;nein;1433;Osterhofen|Berchtesgaden;ja;"1433 X 29 Albrecht V. befiehlt dem herz. Pfleger Hans Stokharner, dem Richter und Rat zu Krems in dem Streit zwischen dem Abt von Osterhofen und dem Propst von Berchholdsgaden von wegen eines ""Mühlgrabens und Fluders"" bei ihren Mühlen an der Krems, noch eine Kommission an Ort und Stelle vorzunehmen, die erste hatte kein Ergebnis, und den Streit zu entscheiden. Source Regest: Harry Kühnel, Stadtarchiv Krems. Urkunden 1108-1844 (Krems 1960)";Albrecht V.|Hans Stokharner;albrecht_v|hans_stokharner;nein;Rechtswesen|Stadt und Raum|Wirtschaft;Ortsidentifikation unsicher: Berchtesgaden (nicht eindeutig aus dem Regest-Text ableitbar);StaAKr-0247
StaAKr-0248;1433 X 29;1433_10_29;nein;1433;Wien;nein;1433 X 29, Wien Albrecht V. befiehlt seinem Pfleger, Richter und Rat der Stadt Krems in dem Streite zwischen dem Spitalkaplan Heinrich und Lienhart dem Scheutzlein, Bürger zu Krems ihrer Mühlen bezw. der Winkelmühle wegen, eine Beschau vorzunehmen und den Streit zu entscheiden. Source Regest: Harry Kühnel, Stadtarchiv Krems. Urkunden 1108-1844 (Krems 1960);Albrecht V.|Spitalkaplan Heinrich|Lienhart Scheutzlein;albrecht_v|spitalkaplan_heinrich|lienhart_scheutzlein;nein;Rechtswesen|Religion|Wirtschaft;;StaAKr-0248
StaAKr-0249;1433 XII 22;1433_12_22;nein;1433;Wien;nein;1433 XII 22, Wien Albrecht V. übergibt Wilhelm dem Topler die Veste zu Krems, ernennt ihn zum Pfleger und befiehlt, ihm gehorsam zu sein. Source Regest: Harry Kühnel, Stadtarchiv Krems. Urkunden 1108-1844 (Krems 1960);Albrecht V.|Wilhelm Topler;albrecht_v|wilhelm_topler;nein;Politik|Verwaltung;;StaAKr-0249
StaAKr-0250;1434 VI 6;1434_06_06;nein;1434;Kremsmünster;nein;1434 VI 6 Albrecht V. befiehlt den beiden Städten, dem Abte von Kremsmünster sein Haus, das abgebrochen wurde, zwischen Krems und Stein wieder unter Dach bringen zu lassen. Source Regest: Harry Kühnel, Stadtarchiv Krems. Urkunden 1108-1844 (Krems 1960);Albrecht V.;albrecht_v;nein;Rechtswesen|Stadt und Raum|Verwaltung;;StaAKr-0250
StaAKr-0251;1434 VI 6;1434_06_06;nein;1434;Wien;nein;1434 VI 6, Wien Albrecht V. beruft nach dem Siege über die Hussiten in Böhmen zum Landtag am 24. Juni auch zwei Vertreter der Städte Krems und Stein. Source Regest: Harry Kühnel, Stadtarchiv Krems. Urkunden 1108-1844 (Krems 1960);Albrecht V.;albrecht_v;nein;Politik|Verwaltung;;StaAKr-0251
StaAKr-0252;1434 VIII 3;1434_08_03;nein;1434;Wien|Laa an der Thaya;nein;"1434 VIII 3, Wien Albrecht V. bietet das Land gemäß dem Beschlusse des Landtages vom 24. Juni gegen die Hussiten auf und befiehlt ""mit allem Volk"" am Stephanstag Inventionis in Laa zu sein Source Regest: Harry Kühnel, Stadtarchiv Krems. Urkunden 1108-1844 (Krems 1960)";Albrecht V.;albrecht_v;nein;Politik|Verwaltung;;StaAKr-0252
StaAKr-0253;1434 VIII 20;1434_08_20;nein;1434;Wien;nein;"1434 VIII 20, Wien Albrecht V. erlaubt den beiden Städten, da die Regen den Brücken, Gräben u.s.m. großen Schaden zugefügt haben, mit "" Zwei Scheffart"" Salz zu handeln. Source Regest: Harry Kühnel, Stadtarchiv Krems. Urkunden 1108-1844 (Krems 1960)";Albrecht V.;albrecht_v;nein;Politik|Stadt und Raum|Wirtschaft;;StaAKr-0253
StaAKr-0254;1434 IX 9;1434_09_09;nein;1434;Wien;nein;1434 IX 9, Wien Elisabeth von Ungarn, Herzogin von Österreich ersucht die beiden Städte um sicheres Geleit für Katharina Dundorffer. Source Regest: Harry Kühnel, Stadtarchiv Krems. Urkunden 1108-1844 (Krems 1960);Elisabeth von Ungarn|Katharina Tundorfer;elisabeth_von_ungarn|katharina_tundorfer;ja;Bevölkerung und Bevölkerungsgruppen|Rechtswesen;"Personenidentifikation unsicher: vermutlich Katharina Tundorfer (Regest nennt ""Katharina"")";StaAKr-0254
StaAKr-0255;1434 XI 7;1434_11_07;nein;1434;Krems;nein;1434 XI 7 Albrecht Straus zum Walde sagt den Bürgern von Krems und Stein wegen ungerechter Geldschuldforderung seitens eines Bürgers Fehde an. Source Regest: Harry Kühnel, Stadtarchiv Krems. Urkunden 1108-1844 (Krems 1960);Albrecht Straus zum Walde;albrecht_straus_zum_walde;nein;Rechtswesen|Vermögen und Finanzen;;StaAKr-0255
StAK_255b;1434 XI 7;1434_11_07;nein;1434;;nein;noch kein Regest vorhanden;;;ja;;;StAK_255b
StaAKr-0256;1434 XI 21;1434_11_21;nein;1434;Wien|Berchtesgaden|Osterhofen;nein;1434 XI 21, Wien Albrecht V. befiehlt dem Richter und Rate von Krems und Stein, die Hofmeister der Ritter von Berchtesgaden und Osterhofen zu sich zu rufen, da sich der letztere dem Urteil im Mühlenstreit zwischen ihren Klöstern nicht fügen will und ihnen dasselbe nochmals zu verlesen. Source Regest: Harry Kühnel, Stadtarchiv Krems. Urkunden 1108-1844 (Krems 1960);Albrecht V.;albrecht_v;nein;Rechtswesen|Religion|Wirtschaft;;StaAKr-0256
StaAKr-0257;1435 II 4;1435_02_04;nein;1435;Imbach|Langenlois;nein;1435 II 4, Krems Konrad Rueber, Widenrichter zu Krems, verkauft mit Erlaubnis der Burgfrau Clara Priorin zu Imbach (Burgrecht 34 Pfen.) und des Burgherrn Bernhart, Kaplan des hl. Nikolaus-Altares zu Lois im oberen Aigen ( Burgrecht 4 Pfen.) 5 Viertel Weingärten dem Pfarrer Hans im Kremser Spital. Zeugen: Der Verkäufer, Priorin Clara, Ulrich d. Hünder, Bürger von Lois Source Regest: Harry Kühnel, Stadtarchiv Krems. Urkunden 1108-1844 (Krems 1960);Konrad Rueber|Priorin Clara|Kaplan Bernhart|Pfarrer Hans|Ulrich Hünder;konrad_rueber|priorin_clara|kaplan_bernhart|pfarrer_hans|ulrich_huender;nein;Religion|Vermögen und Finanzen|Wirtschaft;;StaAKr-0257
StaAKr-0258;1435 IV 25;1435_04_25;nein;1435;Rehberg bei Krems|Fladnitzbach|Rappottenstein, Niederösterreich;ja;"1435 IV 25, Krems Lienhart Gerndler von Krems verkauft mit Erlaubnis des Burgherrn Georg Grabner (Burgrecht auf dessen Veste Rehberg 5 Pfen.) 3 Viertel Weingäärten ""auf dem Frenpach"" um 40 Pfund und 6 Schilling der Frau Margarete von Wallsee, Witwe Ulrichs von Dachsperg. Zeugen: Georg Grabner, Niklas Koll, Schlüssler und Bürger zu Krems. Source Regest: Harry Kühnel, Stadtarchiv Krems. Urkunden 1108-1844 (Krems 1960)";Lienhart Gerndler|Georg Grabner|Margarete von Wallsee|Ulrich von Dachsperg|Niklas Choll;lienhart_gerndler|georg_grabner|margarete_von_wallsee|ulrich_von_dachsperg|niklas_choll;ja;Vermögen und Finanzen|Wirtschaft;"Ortsidentifikation unsicher: Fladnitzbach (nicht eindeutig aus dem Regest-Text ableitbar); Rappottenstein, Niederösterreich (nicht eindeutig aus dem Regest-Text ableitbar) | Personenidentifikation unsicher: vermutlich Niklas Choll (Regest nennt ""Niklas"")";StaAKr-0258
StaAKr-0259;1435 V 25;1435_05_25;nein;1435;Rehberg bei Krems|Lotapeunt;nein;"1435 V 25 Georg der Grabner, verkauft seinen Weingarten gen. der ""Langbeingarten"" zu Rehberg in der Lotapeunt (Burgrecht in die Veste Rehberg 8 Pfen.) dem Niklas dem Ekkart, Kaplan an St. Niklas Altar in der Veitspfarrkirche zu Krems. Zeugen: Georg Grabner, Niklas der Ckoll, Schlüssler und Bürger zu Krems. Source Regest: Harry Kühnel, Stadtarchiv Krems. Urkunden 1108-1844 (Krems 1960)";Georg Grabner|Niklas Ekkart|Niklas Choll;georg_grabner|niklas_ekkart|niklas_choll;ja;Religion|Vermögen und Finanzen|Wirtschaft;"Personenidentifikation unsicher: vermutlich Niklas Choll (Regest nennt ""Niklas"")";StaAKr-0259
StaAKr-0260;1435 VIII 3;1435_08_03;nein;1435;Krems;nein;1435 VIII 3, Krems Urfehde des Hans Keser. Zeugen: Jakob der Slater, Hans Kienberger, beide Bürger zu Krems. Source Regest: Harry Kühnel, Stadtarchiv Krems. Urkunden 1108-1844 (Krems 1960);Hans Keser|Jakob Slater|Hans Kienberger;hans_keser|jakob_slater|hans_kienberger;nein;Rechtswesen;;StaAKr-0260
StaAKr-0261;1435 VIII 15;1435_08_15;nein;1435;Göttweig;nein;1435 VIII 15 Niklas Kemauf, Bürger zu Wien und seine Frau Dorothea verkaufen mit Erlaubnis des Burgherrn Abtes Lukas von Göttweig (Burgrecht 60 Pf. in den Göttweigerhof zu Stein) dem Jakob d. Mesrer, Stadtschreiber zu Krems und seiner Frau Margarete um 55 Pfund. Zeugen: Abt Lukas, Niklas Kemauf, die Städte Krems und Stein. Source Regest: Harry Kühnel, Stadtarchiv Krems. Urkunden 1108-1844 (Krems 1960);Niklas Kemauf|Dorothea Kemauf|Abt Lukas|Jakob Mesrer|Margarete Mesrer;niklas_kemauf|dorothea_kemauf|abt_lukas|jakob_mesrer|margarete_mesrer;nein;Religion|Vermögen und Finanzen|Wirtschaft;;StaAKr-0261
StaAKr-0262;1435 X 12;1435_10_12;nein;1435;Wien|Kremsmünster;nein;1435 X 12, Wien Albrecht V. befiehlt den beiden Städten, die Weinwägen des Klosters Kremsmünster über eine Brücke bei der Stadt ohne Wagenmaut fahren zu lassen. Source Regest: Harry Kühnel, Stadtarchiv Krems. Urkunden 1108-1844 (Krems 1960);Albrecht V.;albrecht_v;nein;Religion|Stadt und Raum|Vermögen und Finanzen|Wirtschaft;;StaAKr-0262
StaAKr-0263;1436 I 6;1436_01_06;nein;1436;Stratzing bei Krems|Gneixendorf;nein;"1436 I 6, Krems Wipolt Harber von Stratzing und seine Frau Ursula lösen 2 Pfund Burgrecht von ihrem Lehen zu Stratzing dem Georg dem Scherblein, Kaplan des Zwölfpoten-Altares in der Pfarrkirche zu Krems um 16 Pfund ab und geben ihm an Geldes statt einen Weingarten zu Gneixendorf, gen. der ""Chotinger"". Zeugen: Konrad der Würffel, oberster Spitalmeister und Bürger zu Krems, Andreas Pechem, Richter zu Stratzing. Source Regest: Harry Kühnel, Stadtarchiv Krems. Urkunden 1108-1844 (Krems 1960)";Wipolt Harber|Ursula Harber|Georg Scherblein|Konrad Würffel|Andreas Pechem;wipold_harber|ursula_harber|georg_scherblein|konrad_wuerffel|andreas_pechem;nein;Religion|Vermögen und Finanzen|Wirtschaft;;StaAKr-0263
StaAKr-0264;1436 I 6;1436_01_06;nein;1436;Pöchlarn|Säusenstein;nein;"1436 I 6 Konrad Glanast, Pfleger zu Pöchlarn und sein Sohn Berhard schenken dem Kremser Spital, das durch die Feinde arg gelitten hatte, den Schlüssel-oder Herzogshof mit den dazugehörigen Gütern und der Andreas-Kapelle; dafür sollen 4 Betten im Spital ihm zur Verfügung stehen, die er nach seinem Willen mit Kranken belegen kann. Von dem Erträgnis des Geschenkes soll auch ein Jahrtag am Mittwoch nach Mittfasten mit Vigilie und Seelenamt gehalten werden. Zeugen: Die Schenker, Jakob, Abt zu Säusenstein. Source Regest: Harry Kühnel, Stadtarchiv Krems. Urkunden 1108-1844 (Krems 1960)";Konrad Glanast|Berhard Glanast|Abt Jakob;konrad_glanast|berhard_glanast|abt_jakob;nein;Gesundheit|Religion|Soziales Leben|Vermögen und Finanzen;;StaAKr-0264
StaAKr-0265;1436 VIII 5;1436_08_05;nein;1436;Krems;nein;1436 VIII 5, Krems Margarete Chochim von Stein verkauft mit Erlaubnis des Burgherrn Urban Holtzers, Pfarrers zu Stein (Burgrecht 1 Pfen.) ihr Haus in Stein Hans dem Schuster und seiner Frau Anna. Zeugen: Pfarrer Urban Holtzer, die Städte Krems und Stein. Source Regest: Harry Kühnel, Stadtarchiv Krems. Urkunden 1108-1844 (Krems 1960);Margarete Chochim|Urban Holtzer|Hans Schuster|Anna Schuster;margarete_chochim|urban_holtzer|hans_schuster|anna_schuster;nein;Rechtswesen|Stadt und Raum|Vermögen und Finanzen;;StaAKr-0265
StAK-Stein-2011;1436 XI 12;1436_11_12;nein;1436;Stein|Korneuburg;nein;"Herzog Albrecht V. schlichtet den Streit zwischen den Bürgern von Stein mit denen von Korneuburg wegen des ""Hellischen...Schellenberger und Mülbach"" Salzes.";Albrecht V.;albrecht_v;nein;Rechtswesen|Wirtschaft;;StAK-Stein-2011
StAK-UrkKr-0266;1436 XII 9;1436_12_09;nein;1436;Wien;nein;1436 XII 9, Wien ( zu Wienn ) Herzog Albrecht [VI.] von Österreich befiehlt ( emphelhen ... und wellen ) Richter und Rat der Städte Krems und Stein ( ze Krems und ze Stain ), den Verkauf eines Hauses, das bisher zum St.-Achatius-Altar in der [Kremser] Pfarrkirche, einem landesfürstlichen Lehen, gehört hat, durch den erber [ n ] Prieser Hans Kern , dem Kaplan dieses Altars, der um die Verkaufssumme ein anderes Haus, das ihm und dem Altar nützlicher erschienen ist, gekauft hat, zu genehmigen und zu beurkunden ( vertigt ). Sollten Verkauf und Kauf aber nicht rechtmäßig geschehen oder andere Streitigkeiten aufgetreten sein, haben die Empfänger dem Aussteller dies mitzuteilen. Siegler: der Aussteller. Source Regest: Stadtarchiv Krems, 2020.;Albrecht VI.|Hans Kern;albrecht_vi|hans_kern;nein;Rechtswesen|Religion|Vermögen und Finanzen;;StAK-UrkKr-0266
StaAKr-0269;1437;1437_00_00;ja;1437;Salzburg;nein;1437, Krems Der Rat beider Städte bestätigt den Kauf eines Hauses durch das Stift St. Peter in Salzburg von Hans Meirs. Source Regest: Harry Kühnel, Stadtarchiv Krems. Urkunden 1108-1844 (Krems 1960);Hans Meirs;hans_meirs;nein;Religion|Stadt und Raum|Vermögen und Finanzen;Datierung unsicher: Nur Jahresangabe im Quellentext überliefert, kein exaktes Tages-/Monatsdatum.;StaAKr-0269
StaAKr-0267;1437 II 16;1437_02_16;nein;1437;Lilienfeld|Weinzierl;nein;1437 II 16, Lilienfeld Abt Steffan von Lilienfeld und der Konvent dieses Stiftes beurkunden den Verkauf eines ihrer Häuser in Weinzierl (Burgrecht 80 Pfen.) an Klement den Taler von Weinzierl und seine Frau Anna um 14 Pfund Pfen. Zeugen: Abt und Konvent von Lilienfeld. Source Regest: Harry Kühnel, Stadtarchiv Krems. Urkunden 1108-1844 (Krems 1960);Abt Steffan|Klement Taler|Anna Taler;abt_steffan|klement_taler|anna_taler;nein;Religion|Stadt und Raum|Vermögen und Finanzen;;StaAKr-0267
StaAKr-0268;1437 IX 1;1437_09_01;nein;1437;Salzburg|Gars am Kamp;nein;"1437 IX 1, Salzburg Peter, Abt und Peter, Prior und der Konvent von St. Peter in Salzburg kaufen von Hans von Meirs, Kanzler in Österreich und Pfarrer von Gars ein Haus in Krems, das an den Passauerhof stoßt (2 Pfund jährl. der Stadt), ferner 1 Pfund von des Schwarz Haus und Garten; auch übergibt das Kloster sein Ödrecht auf dem Waizgarten und auf einem Grund im Stadtgraben und auf dem St. Veitsgarten der Stadt. Source Regest: Harry Kühnel, Stadtarchiv Krems. Urkunden 1108-1844 (Krems 1960)";Abt Peter|Hans Meirs;abt_peter|hans_meirs;nein;Religion|Stadt und Raum|Vermögen und Finanzen;;StaAKr-0268
StaAKr-0270;1438 III 6;1438_03_06;nein;1438;Rohrendorf|Weinzierl;nein;1438 III 6, Krems Katharina, Witwe des langen Johannes von Weinzierl, schenkt ihre Viertel Weingarten am Gebling mit Erlaubnis des Burgherrn (Hofmeister im Melkerhof zu Rohrendorf Heinrich der Renntel, Burgrecht 11 Pfen.) der St. Veitspfarrkirche in Krems zur Abhaltung eines Jahrtages am Sonntag vor Pfingsten. Zeugen: Heinrich der Renntel, Wernhart Würffel, oberster Spitalmeister zu Krems. Source Regest: Harry Kühnel, Stadtarchiv Krems. Urkunden 1108-1844 (Krems 1960);Katharina von Weinzierl|Johannes von Weinzierl|Heinrich Renntel|Wernhart Würffel;katharina_von_weinzierl|johannes_von_weinzierl|heinrich_renntel|wernhart_wuerffel;nein;Religion|Vermögen und Finanzen|Wirtschaft;;StaAKr-0270
StaAKr-0271;1438 XI 14;1438_11_14;nein;1438;Krems;nein;"1438 XI 14, Krems Werhart Würffel, oberster Spitalmeister zu Krems verfügt, daß der Weingarten die ""Regensburgerin"" den Frau Margarete von Wallsee dem Spital vermacht hat, ewig bei diesem bleiben soll. Zeugen: Der Spitalmeister, Steffan Zisscherl, Mitglied des Rates, Thomas Riglai, Bürger und Widenrichter. Source Regest: Harry Kühnel, Stadtarchiv Krems. Urkunden 1108-1844 (Krems 1960)";Werhart Würffel|Margarete von Wallsee|Steffan Zisscherl|Thomas Riglai;wernhart_wuerffel|margarete_von_wallsee|steffan_zisscherl|thomas_riglai;nein;Soziales Leben|Vermögen und Finanzen|Wirtschaft;;StaAKr-0271
StaKr-0271a;1438 XI 14;1438_11_14;nein;1438;;nein;noch kein Regest vorhanden;;;ja;;;StaKr-0271a
StaAKr-0905;1439;1439_00_00;ja;1439;Krems;nein;1439 Geschenk Register der Pfarr Crembs;;;nein;Religion|Vermögen und Finanzen;Datierung unsicher: Nur Jahresangabe im Quellentext überliefert, kein exaktes Tages-/Monatsdatum.;StaAKr-0905
StaAKr-0272;1439 V 23;1439_05_23;nein;1439;;nein;"1439 V 23, Krems Margarete von Wallsee schenkt mit Erlaubnis der Burgherren (Michel der Fleischhacker, Jakob der Grindl, Peter Herwarter) ihren Weingarten, gen. Die ""Regenspurgerin"" 4 1/2 Joch (Burgrecht in die Höfe der Burgherren nach Weinzierl 20 Pfen., 10 Pfen.) dem Spital. Doch soll die Muhme der Margarete von Wallsee (Margarete von Schefftenberg) ihr Lebtag den Nutzen des Weingartens haben. Für 80 Pfen. soll der Kaplan des Spitals allsonntäglich der Spenderin im Gebete gedenken. Zeugen: Margarete von Wallsee, Kunigunde von Potendorf, ihre Tochter, Wilhelm von Topel, Georg Grabner, Feldrichter und herz. Schlüssler. Source Regest: Harry Kühnel, Stadtarchiv Krems. Urkunden 1108-1844 (Krems 1960)";Margarete von Wallsee|Michel Fleischhacker|Jakob Grindl|Peter Herwarter|Margarete von Schefftenberg|Kunigunde von Potendorf|Wilhelm von Topel|Georg Grabner;margarete_von_wallsee|michel_fleischhacker|jakob_grindl|peter_herwarter|margarete_von_schefftenberg|kunigunde_von_potendorf|wilhelm_von_topel|georg_grabner;nein;Religion|Soziales Leben|Vermögen und Finanzen|Wirtschaft;;StaAKr-0272
StAK-Stein-2015;1439 VI 30;1439_06_30;nein;1439;Stein;nein;Kaiser Friedrich III. bestätigt den Bürgern von Stein alle Privilegien, Satzungen und Ordnungen, besonders die des König Ladislaus.;Friedrich III.|Ladislaus;friedrich_iii|ladislaus_v;nein;Politik|Rechtswesen;;StAK-Stein-2015
StaAKr-0273;1441 VI 26;1441_06_26;nein;1441;Weitra|Zwettl|Lindberg;nein;1441 VI 26, Krems Ulrich von Weitra, Bürger zu Stein, verkauft mit Erlaubnis des Burgherren (Abt Johann von Zwettl) seinen Weingarten am Lindberg - 1 Joch und 1/8. Burgrecht 72 Pfen. der Frau Margarete von Wallsee. Zeugen: Abt Johann von Zwettl. Source Regest: Harry Kühnel, Stadtarchiv Krems. Urkunden 1108-1844 (Krems 1960);Ulrich von Weitra|Abt Johann|Margarete von Wallsee;ulrich_von_weitra|abt_johann|margarete_von_wallsee;nein;Vermögen und Finanzen|Wirtschaft;;StaAKr-0273
StaAKr-0274;1442 II 3;1442_02_03;nein;1442;Krems;nein;1442 II 3, Krems Urfehde des Johann Mischhulber, den der Kremser Pfarrer Peter ins Gefängnis gebracht hatte. Zeugen: Thomas der Rigler, Widenrichter, Jakob der Slater, Bürger, beide zu Krems. Source Regest: Harry Kühnel, Stadtarchiv Krems. Urkunden 1108-1844 (Krems 1960);Johann Mischhulber|Pfarrer Peter|Thomas Rigler|Jakob Slater;johann_mischhulber|pfarrer_peter|thomas_rigler|jakob_slater;nein;Rechtswesen;;StaAKr-0274
StaAKr-0275;1442 II 23;1442_02_23;nein;1442;Admont;nein;1442 II 23, Krems Stephan Hamburger verkauft mit Erlaubnis des Burgherren Wolfgang der Schernhanners, Hofmeister im Admonterhof zu Krems seinen Weingarten, 1 Joch groß, am inneren Wartberg (Burgrecht 4 1/2 Pfen.) der Herren Bruderschaft zu Krems um 100 Pfund 6 Schilling. Zeugen: Der Bürger, Jakob der Slater. Source Regest: Harry Kühnel, Stadtarchiv Krems. Urkunden 1108-1844 (Krems 1960);Stephan Hamburger|Wolfgang Schernhanner|Jakob Slater;stephan_hamburger|wolfgang_schernhanner|jakob_slater;nein;Religion|Vermögen und Finanzen|Wirtschaft;;StaAKr-0275
StaAKr-0276;1443 II 11;1443_02_11;nein;1443;Göttweig|Senftenberg;ja;"1443 II 11, Stein Entscheidung des Schiedsgerichtes in einem Streit zwischen Göttweig und den Städten Krems und Stein in der Angelegenheit Steffan des Kanzlers und der Mitwirkung des Klosters beim Bau der Steiner Stadtmauer, ferner ""um den Artikel des Gewerbes, Weines und Getreides"" und des "" Verbotes der Holden"". Zeugen und Spruchleute für den Abt Toman und den Konvent von Göttweig: Ott von Topel, Nikolaus von Volkensdorff, Hans Neydekcher, Toman Cholb, für die beiden Städte: Jakob Sebekch, Georg Chunigsperger von Schönnbergk, Hermann Schad, Veit Vizinger, Pfleger zu Senftenberg. Source Regest: Harry Kühnel, Stadtarchiv Krems. Urkunden 1108-1844 (Krems 1960)";Steffan Kanzler|Abt Toman|Ott von Topel|Nikolaus von Volkensdorff|Hans Neydekcher|Toman Cholb|Jakob Sebekch|Georg Chunigsperger|Veit Vizinger|Herman Schad;steffan_kanzler|abt_toman|ott_von_topel|wigolaus_von_volkensdorf|hans_neydekcher|toman_cholb|jacob_sebeck|georg_chunigsperger|veit_vizinger|herman_schad;ja;Rechtswesen|Religion|Stadt und Raum|Wirtschaft;"Ortsidentifikation unsicher: vermutlich Schönberg am Kamp (Regest nennt ""Schönnbergk"") | Personenidentifikation unsicher: vermutlich Herman Schad (Regest nennt ""Schad"")";StaAKr-0276
StAK-Stein-2012;1443 IX 11;1443_09_11;nein;1443;Göttweig|Krems|Stein|Senftenberg|Schönberg am Kamp;nein;"Ott von Toppl, Wigolaus von Volkensdorf, Hanns Neudegker und Thoman Kolb als ""Spruchlewt"" von Göttweig sowie Jacob Sebeck, Jörg Kunigsperger von Schönberg, Hermann Schad und Veit Uczinger Pfleger zu Senftenberg als ""Spruchlewt"" von Krems/Stein schlichten.";Ott von Toppl|Wigolaus von Volkensdorf|Hanns Neudegker|Thoman Kolb|Jacob Sebeck|Jörg Kunigsperger von Schönberg|Hermann Schad|Veit Uczinger;ott_von_topel|wigolaus_von_volkensdorf|hanns_neudegker|thoman_kolb|jacob_sebeck|joerg_kunigsperger_von_schoenberg|hermann_schad|veit_uczinger;nein;Rechtswesen;;StAK-Stein-2012
StaAKr-0276a;1443 XII 8;1443_12_08;nein;1443;Krems;nein;1443 XII 8, Krems Heinrich Perkhamer schwört Urfehde. Source Regest: Harry Kühnel, Stadtarchiv Krems. Urkunden 1108-1844 (Krems 1960);Heinrich Perkhamer;heinrich_perkhamer;nein;Rechtswesen;;StaAKr-0276a
StaAKr-0278;1444 II 15;1444_02_15;nein;1444;Linz;nein;1444 II 15, Krems Anna, Witwe des Kremser Bürgers Wernhart Würffel stiftet mit Erlaubnis des Burgherrn Peter von Linz, Pfarrers in Krems mit 1 Pfund Pfen.  jährlich von einem Haus in Krems in der Landstraße (Burgrecht 80 Pfen.) ein Salve Regina in der Fastenzeit zu St. Veit. Zeugen: Peter von Linz, Thomas Jeger, Wolfgang Aichperger, beide Kremser Bürger. Source Regest: Harry Kühnel, Stadtarchiv Krems. Urkunden 1108-1844 (Krems 1960);Anna Würffel|Wernhart Würffel|Peter von Linz|Thomas Jeger|Wolfgang Aichberger;anna_wuerffel|wernhart_wuerffel|peter_von_linz|thomas_jeger|wolfgang_aichberger;nein;Religion|Vermögen und Finanzen;;StaAKr-0278
StaAKr-0279;1444 II 15;1444_02_15;nein;1444;Linz;nein;1444 II 15, Krems Hans Kürsner, Bürger zu Krems und seine Frau Katharina stiften mit Erlaubnis des Burgherren Peter von Linz, Pfarrers in Krems mit 1 Pfund Pfen. jährlich von ihrem Haus zu Krems (Burgrecht 15 Pf.) und von einem Garten beim Haus (12 Pfen. dem St. Anna Altar in U.F. Kirche jährl.) ein Salve Regina in der Kremser Pfarrkirche in der Fastenzeit. Zeugen: Thomas Jeger, Mitglied des Rates, Wolfgang Aichberger, Bürger, Peter von Linz, Pfarrer zu Krems. Source Regest: Harry Kühnel, Stadtarchiv Krems. Urkunden 1108-1844 (Krems 1960);Hans Kürsner|Katharina Kürsner|Peter von Linz|Thomas Jeger|Wolfgang Aichberger;hans_kuersner|katharina_kuersner|peter_von_linz|thomas_jeger|wolfgang_aichberger;nein;Religion|Vermögen und Finanzen;;StaAKr-0279
StaAKr-0277;1444 IV 4;1444_04_04;nein;1444;Krems;nein;1444 IV 4 Friedrich V. (III.) Böhmischer König, Herzog von Österreich bestätigt den Städten den Empfang des Ungeldes und Gerichtes für 1443. Source Regest: Harry Kühnel, Stadtarchiv Krems. Urkunden 1108-1844 (Krems 1960);Friedrich V. (III.);friedrich_v_iii;nein;Rechtswesen|Vermögen und Finanzen|Verwaltung;;StaAKr-0277
StaAKr-0280a;1445 IV 5;1445_04_05;nein;1445;Dürnstein;nein;1445 IV 5 Erbschaftssache Margarethe Hannsen. Zeugen: Andree Huml, Pichter zu Dürnstein, Heinrich Hedelsperger, Rat in Stein. Source Regest: Harry Kühnel, Stadtarchiv Krems. Urkunden 1108-1844 (Krems 1960);Margarethe Hannsen|Andree Huml|Heinrich Hedelsperger;margarethe_hannsen|andree_huml|heinrich_hedelsperger;nein;Rechtswesen|Vermögen und Finanzen;;StaAKr-0280a
StaAKr-0280;1445 XII 26;1445_12_26;nein;1445;Wien;nein;1445 XII 26, Wien König Friedrich verleiht das Gericht in den Städten für 1447 dem Hans Czyrne. Source Regest: Harry Kühnel, Stadtarchiv Krems. Urkunden 1108-1844 (Krems 1960);Friedrich III.|Hans Czyrne;friedrich_iii|hans_czyrne;nein;Rechtswesen|Verwaltung;;StaAKr-0280
StaAKr-0281;1446;1446_00_00;ja;1446;Passau|Mautern an der Donau|Göttweig;nein;1446, Krems Verteidigungsschrift der Städte Krems und Stein gegenüber den Anschuldigungen des Bischof Leonhart von Passau: Die Mauterner nahmen sich heraus, in einem Wasser, das Göttweig und den Städten gehörte, Besitzerrechte auszuüben, das hinderten die Städte, indem die bewaffnetes Volk hinüber führten - das Wasser lag am rechten Ufer- so mußten die Mauterner in ihre Stadt zurückkehren. Blur floß nicht, Die Vorwürfe, daß die Kremser die Mauterner vertrieben und in den Dechanthof eingetrungen seien, beruhen nicht auf Wahrheit. Source Regest: Harry Kühnel, Stadtarchiv Krems. Urkunden 1108-1844 (Krems 1960);Bischof Leonhart von Passau;bischof_leonhart_von_passau;nein;Politik|Rechtswesen|Stadt und Raum;Datierung unsicher: Nur Jahresangabe im Quellentext überliefert, kein exaktes Tages-/Monatsdatum.;StaAKr-0281
StaAKr-0282;1446 II 22;1446_02_22;nein;1446;Wien|Passau|Mautern an der Donau;nein;1446 II 22, Wien König Friedrich III. fordert auf eine Beschwerde Leonharts, des Bischofs von Passau, Abgesandte der Städte Krems und Stein nach Wien am Sonntag Invocavit in d. Fasten zur Verantwortung, da die Bewohner beider Städte den Untertanen des Bischofs in Mautern Gewalt angetan hätten. Source Regest: Harry Kühnel, Stadtarchiv Krems. Urkunden 1108-1844 (Krems 1960);Friedrich III.|Leonhart;friedrich_iii|leonhart_1446;nein;Politik|Rechtswesen;;StaAKr-0282
StAK-UrkKr-0283;1446 V 4;1446_05_04;nein;1446;Wiener Neustadt|Korneuburg;nein;1446 V 4, Wiener Neustadt ( zu der Newnstat ) König Friedrich [III.] befiehlt ( lassen ew wissen ... beger[e]n und bitt[e]n ... emphelh[e]n ) [ Richter und Rat von Krems ( Krembs )], nachdem er gewarnt wurde, dass sich die Ungarn an den Grenzen des Fürstentums Österreich zusammenziehen und einzufallen drohen, sich bestmöglich zu Pferd und zu Fuß, mit Deichselwägen, Spießen, Büchsen, Harnischen, Armbrüsten, Hauen, Schaufeln und Krampen zu rüsten und so am Mittwoch in den Pfingstfeiertagen [= 8. Juni 1446] in Korneuburg ( Korn Newnburg ) zu erscheinen, um mit dem Aussteller und anderen Landsleuten ins Feld zu ziehen, wie sie es gegenüber ihm, seinem Verwandten ( vett[er]n ) König Ladislaus [Postumus] ( Laslawen ), sich selbst sowie Land und Leuten schuldig sind. Dafür wird der Aussteller sich erkenntlich zeigen und dasselbe von Ladislaus [Postumus] verlangen. Siegler: der Aussteller. Source Regest: Stadtarchiv Krems, 2020.;Friedrich III.|Ladislaus V.;friedrich_iii|ladislaus_v;nein;Politik|Rechtswesen;;StAK-UrkKr-0283
StaAKr-0284;1446 V 14;1446_05_14;nein;1446;Wiener Neustadt|Wien;nein;1446 V 14, Wr. Neustadt König Friedrich befiehlt 2 Vertreter der Städte Krems und Stein zum Landtage am Christi-Himmelfahrtstag nach Wien zur Beratung der ungar. Angelegenheit und Rüstung zum Kriege. Source Regest: Harry Kühnel, Stadtarchiv Krems. Urkunden 1108-1844 (Krems 1960);Friedrich III.;friedrich_iii;nein;Politik|Verwaltung;;StaAKr-0284
StaAKr-0285;1446 VII 13;1446_07_13;nein;1446;Klosterneuburg;nein;1446 VII 13, Klosterneuburg König Friedrich befiehlt den beiden Städten, die Fischer ruhig Handel teiben zu lassen. Source Regest: Harry Kühnel, Stadtarchiv Krems. Urkunden 1108-1844 (Krems 1960);Friedrich III.;friedrich_iii;nein;Rechtswesen|Wirtschaft;;StaAKr-0285
StaAKr-0286;1446 VIII 8;1446_08_08;nein;1446;Wien;nein;1446 VIII 8, Wien König Friedrich verlangt von Wilhelm von Toppl, Georg Schekch vom Wald, Rat und Georg Wolffenreutter, Hauptmann zu Krems, Bericht über die Nachricht, daß die Städte Krems und Stein infolge innerer Zwistigkeit im Abnehmen begriffen seien. Source Regest: Harry Kühnel, Stadtarchiv Krems. Urkunden 1108-1844 (Krems 1960);Friedrich III.|Wilhelm von Toppl|Georg Schekch vom Wald|Georg Wolffenreutter;friedrich_iii|wilhelm_von_topel|georg_schekch_vom_wald|georg_wolffenreutter;nein;Politik|Verwaltung;;StaAKr-0286
StaAKr-0287;1446 X 7;1446_10_07;nein;1446;Wien;nein;1446 X 7, Wien König Friedrich befiehlt dem Thomas Wisent Glauben zu schenken, den er schicken wird, um des Königs Meinung in Betreff des Königs Ladislaus zu überbringen. Source Regest: Harry Kühnel, Stadtarchiv Krems. Urkunden 1108-1844 (Krems 1960);Friedrich III.|Thomas Wisent|Ladislaus V.;friedrich_iii|thomas_wisent|ladislaus_v;nein;Politik|Verwaltung;;StaAKr-0287
StaAKr-0288;1446 X 13;1446_10_13;nein;1446;Wien;nein;1446 X 13, Wien König Friedrich befiehlt den Städten, sich nun aufs Beste zu rüsten für einen Krieg gegen die Ungarn. Source Regest: Harry Kühnel, Stadtarchiv Krems. Urkunden 1108-1844 (Krems 1960);Friedrich III.;friedrich_iii;nein;Politik|Verwaltung;;StaAKr-0288
StAK-UrkKr-0289;1446 X 28;1446_10_28;nein;1446;Wien|Dürnkrut;nein;1446 X 28, Wien ( ze Wienn ) König Friedrich [III.] berichtet ( lassen ... ew wissen ) [ Richter, Rat und Bürgern der Städte Krems und Stein ( ze Krembs und Stain )], nachdem er bereits befohlen hat, Soldaten auf Pferden und zu Fuß mit Harnischen und auf andere Art zu rüsten und aufzubieten ( ze schikchen aufzesein ), sobald die Hauptleute es befehlen ( aufervordern ), dass er erfahren hat, dass die Ungarn bereits Land und Leute angreifen und an der March ( an dem wasser, genant dy March ) bei Dürnkrut ( Krudt ) ein possacken mit Gräben und Zäunen zu Verteidigungszwecken befestigen. Der Aussteller will mithilfe der Empfänger und anderer Landsleute dagegen ankämpfen ( underchomen ), weshalb er befiehlt ( beg[er]n und pitten ), bis zum nächsten St.-Martins-Tag [= 11. November] so viele Reiter und Fußsoldaten wie möglich aufzubringen, wie die Empfänger es dem Verwandten ( Vettern ) des Ausstellers, König Ladislaus [Postumus] ( Lasslawen ) schuldig sind, um weitere Schäden an Land und Leuten zu verhindern. Siegler: der Austeller. Quelle Regest: Stadtarchiv Krems, 2020.;Friedrich III.|Ladislaus V.;friedrich_iii|ladislaus_v;nein;Politik|Verwaltung;;StAK-UrkKr-0289
StAK-UrkKr-0290;1447 II 8;1447_02_08;nein;1447;Korneuburg;nein;1447 II 8, Korneuburg ( zu Kornnewnburg ). König Friedrich [III] . befiehlt ( Begern und bitt[e]n ) [ Richter und Rat der Städte Krems und Stein ( Krembs und Stain )], an seiner Stelle mit der Erbern Margarethe , der Witwe Michaels des Traubingers ( Trawbing[er] ), zu sprechen und diese anzuweisen und zu bitten, den kaiserlichen diener Nikolaus Marnberger ( Marnperger ) zu heiraten, damit sie versorgt ist. Siegler: der Aussteller. Source Regest: Stadtarchiv Krems, 2020.;Friedrich III.|Margarethe Traubinger|Michael Traubinger|Nikolaus Marnberger;friedrich_iii|margarethe_traubinger|michael_traubinger|nikolaus_marnberger;nein;Bevölkerung und Bevölkerungsgruppen|Politik|Verwaltung;;StAK-UrkKr-0290
StaAKr-0291;1447 III 10;1447_03_10;nein;1447;Wien;nein;1447 III 10, Wien Friedich III. fordert die Städte nochmals zum Widerstand und zur Rüstung gegen die Ungarn auf. Source Regest: Harry Kühnel, Stadtarchiv Krems. Urkunden 1108-1844 (Krems 1960);Friedich III.;friedich_iii;nein;Politik|Verwaltung;;StaAKr-0291
StaAKr-0292;1447 VIII 12;1447_08_12;nein;1447;Wiener Neustadt;nein;1447 VIII 12, Wr. Neustadt Friedrich III. fordert Richter und Rat der Städte auf, seinem Willen dem Hans Forster, Bürger zu Stein, seiner Frau Elsbeth und seiner Tochter Christine mitzuteilen, daß letztere Kristoff Leytschestorffer heirate. Source Regest: Harry Kühnel, Stadtarchiv Krems. Urkunden 1108-1844 (Krems 1960);Friedrich III.|Hans Forster|Elsbeth Forster|Christine Forster|Kristoff Leytschestorffer;friedrich_iii|hans_forster|elsbeth_forster|christine_forster|kristoff_leytschestorffer;nein;Bevölkerung und Bevölkerungsgruppen|Rechtswesen|Verwaltung;;StaAKr-0292
StaAKr-0293;1447 VIII 17;1447_08_17;nein;1447;Mautern an der Donau;nein;1447 VIII 17, Krems Urfehde des Jakob von Weytra, Bürger von Stein. Zeugen: Wülfing Lichtenegker, Wernhart Teurbanger, Richter zu Mautern, Jörg Kölinger. Source Regest: Harry Kühnel, Stadtarchiv Krems. Urkunden 1108-1844 (Krems 1960);Jakob von Weytra|Wülfing Lichtenegker|Wernhart Teurbanger|Jörg Kölinger;jakob_von_weytra|wuelfing_lichtenegker|wernhart_teurbanger|joerg_koelinger;nein;Rechtswesen;;StaAKr-0293
StaAKr-0294;1447 IX 13;1447_09_13;nein;1447;Wien|Korneuburg;nein;1447 IX 13, Wien Friedrich III. befiehlt beiden Städten, Mannschaft wider Pankraz von Caliz und seine Helfer am Sonntag nach St. Michels nach Korneuburg zu senden. Source Regest: Harry Kühnel, Stadtarchiv Krems. Urkunden 1108-1844 (Krems 1960);Friedrich III.|Pankraz von Plankenstein;friedrich_iii|pankraz_von_plankenstein;nein;Politik|Rechtswesen;;StaAKr-0294
StaAKr-0295;1447 IX 18;1447_09_18;nein;1447;Wien;nein;1447 IX 18, Wien Friedrich verlangt von den Städten 20 Reiter gegen Pankraz von Caliz zu stellen und gegen Wülstenstorff zu schicken. Source Regest: Harry Kühnel, Stadtarchiv Krems. Urkunden 1108-1844 (Krems 1960);Friedrich III.|Pankraz von Plankenstein;friedrich_iii|pankraz_von_plankenstein;nein;Politik|Rechtswesen;;StaAKr-0295
StaAKr-0296;1447 X 27;1447_10_27;nein;1447;Wien|Tábor|Písek|Budweis, Tschechien;nein;1447 X 27, Wien Friedrich III. verkündet in seinen Landen den Frieden mit den Städten Tabor, Pisek und Budnau, bis auf einen künftigen gekrönten König in Böhmen und befiehlt, die Kaufleute dieser Städte ruhig ziehen zu lassen. Source Regest: Harry Kühnel, Stadtarchiv Krems. Urkunden 1108-1844 (Krems 1960);Friedrich III.;friedrich_iii;nein;Politik|Rechtswesen|Wirtschaft;;StaAKr-0296
StaAKr-0297;1447 XI 21;1447_11_21;nein;1447;Weinzierl;nein;1447 XI 21, Krems Anna, Wernharts des Würffel Witwe, Bürgerin zu Krems schenkt mit Erlaubnis des Burgherrn Wolfgang Schernhanners, Hofmeister im Admonterhof in Krems ihren Weingarten am oberen Weinzierlberg (Burgrecht 7 1/2 Pfen.) der Veits-Pfarrkirche, davon ist allwöchentlich am Samstag Abend ein Salve Regina zu singen und mit der großen Glocke zu läuten. Zeugen: Burgherr Wolfgang Aichperger, Bürger zu Krems. Source Regest: Harry Kühnel, Stadtarchiv Krems. Urkunden 1108-1844 (Krems 1960);Anna Würffel|Wernhart Würffel|Wolfgang Schernhanner|Wolfgang Aichberger;anna_wuerffel|wernhart_wuerffel|wolfgang_schernhanner|wolfgang_aichberger;nein;Religion|Vermögen und Finanzen|Wirtschaft;;StaAKr-0297
StaAKr-0298;1448 III 15;1448_03_15;nein;1448;Wien;nein;1448 III 15, Wien Friedrich III. verleiht den Städten Krems und Stein das Stadtgericht, das Stephan der Mitterndörffer verwaltet hatte, den Ungeldkasten, Tormaut und Zoll um die Pachtsumme von 1550 Pfund jährlich auf 4 Jahre. Source Regest: Harry Kühnel, Stadtarchiv Krems. Urkunden 1108-1844 (Krems 1960);Friedrich III.|Stephan Mitterndörffer;friedrich_iii|stephan_mitterndoerffer;nein;Rechtswesen|Vermögen und Finanzen|Verwaltung|Wirtschaft;;StaAKr-0298
StaAKr-0299;1448 VII 3;1448_07_03;nein;1448;Imbach|Herzogenburg|Czygesperg;nein;1448 VII 3 Jan von Jeuspitz, gesessen zu Czygesperg, verkauft mit Erlaubnis des Burgherrn Stephans des Mattschauers seinen Weingarten 1 Joch groß zu Imbach (Burgrecht dem Amte des Stiftes Herzogenburg in Imbach 8 Pfen.) dem Hans bei dem Brunnen in den Hofstätten bei Imbach und seiner Frau Anna. Zeugen: Der Burgherr, Peter der Halbmer, Schaffer der Klosterfrauen zu Imbach, der Verkäufer. Source Regest: Harry Kühnel, Stadtarchiv Krems. Urkunden 1108-1844 (Krems 1960);Jan von Jeuspitz|Stephan Mattschauer|Hans Brunnen|Anna Brunnen|Peter Halbmer;jan_von_jeuspitz|stephan_mattschauer|hans_brunnen|anna_brunnen|peter_halbmer;nein;Vermögen und Finanzen|Wirtschaft;;StaAKr-0299
StaAKr-0300;1449 III 14;1449_03_14;nein;1449;Wien;nein;1449 III 14, Wien Friedrich III. bestätigt den Städten den Empfang des Ungeldes, Gerichtes, der Maut und des Zolls von 3/4 Jahren. Source Regest: Harry Kühnel, Stadtarchiv Krems. Urkunden 1108-1844 (Krems 1960);Friedrich III.;friedrich_iii;nein;Vermögen und Finanzen|Verwaltung|Wirtschaft;;StaAKr-0300
StaAKr-0301;1449 IV 4;1449_04_04;nein;1449;Krems;nein;1449 IV 4, Krems Peter Mader, Bürger zu Krems und seine Frau Anna verkaufen 1 Pfund Wr. Pfen. von ihrem Haus in Krems beim Wallner- Hof mit Erlaubnis des Burgherrn Niklas von Rechberg, oberster Spitalmeister zu Krems, Burgrecht 24 Pfen. dem Thomas Schaffer, Mitglied des Rates und Kirchenmeister bei St. Veit um 10 Pfund. Zeugen: Niklas von Rechberg, Wiltpold Harber, Bürger zu Krems. Source Regest: Harry Kühnel, Stadtarchiv Krems. Urkunden 1108-1844 (Krems 1960);Peter Mader|Anna Mader|Niklas von Rechberg|Thomas Schaffer|Wiltpold Harber;peter_mader|anna_mader|niklas_von_rechberg|thomas_schaffer|wipold_harber;nein;Religion|Vermögen und Finanzen|Wirtschaft;;StaAKr-0301
StaAKr-0302;1451 X 14;1451_10_14;nein;1451;Mailberg;ja;"1451 X 14, Martberg Viele Mitglieder des Landtages schließen sich zu einem Bündnis zusammen, um den jungen König Ladislaus aus Friedrich III. Vormundschaft zu befreien; auch Krems und Stein suchen sie in ihr Lager zu bringen. Source Regest: Harry Kühnel, Stadtarchiv Krems. Urkunden 1108-1844 (Krems 1960)";Ladislaus V.|Friedrich III.;ladislaus_v|friedrich_iii;nein;Politik;"Ortsidentifikation unsicher: vermutlich Mailberg (Regest nennt ""Martberg"")";StaAKr-0302
StaAKr-0303;1451 X 31;1451_10_31;nein;1451;Wullersdorf|Mailberg;ja;1451 X 31, Wullersdorf Die zu Wartberg und Wulldersdorf tagenden Stände schicken den Städten Krems und Stein als Deputierte Pankraz Pirhinger, Hans Moireser, Benedikt Grassegker und Steffan Kolhauner und erbitten sich eine Antwort der Städte. Source Regest: Harry Kühnel, Stadtarchiv Krems. Urkunden 1108-1844 (Krems 1960);Pankraz Pirhinger|Hans Moireser|Benedikt Grassegker|Steffan Kolhauner;pankraz_pirhinger|hans_moireser|benedigt_grassegker|steffan_kolhauner;nein;Politik;"Ortsidentifikation unsicher: vermutlich Mailberg (Regest nennt ""Wartberg"")";StaAKr-0303
StaKr-0303a;1451 X 31;1451_10_31;nein;1451;;nein;noch kein Regest vorhanden;;;ja;;;StaKr-0303a
StaAKr-0304;1451 XI 18;1451_11_18;nein;1451;Wien|Wullersdorf|Mailberg;ja;1451 XI 18, Wullersdorf Die Stände laden beide Städte Krems und Stein zu einem Landtag am Sonntag nach Nikolaus nach Wien ein, um die Angelegenheit Ladislaus zu ordnen. Zeugen: Wilhelm von Liechtenstein, Georg von Chuenring, Kadolcz von Wehing, Meister zu Martberg, Niklas Truchseß, Sigmund Fruzesdorffer, Wolfgang von Rukchendorf, Wolfgang von Stokchern. Source Regest: Harry Kühnel, Stadtarchiv Krems. Urkunden 1108-1844 (Krems 1960);Ladislaus V.|Wilhelm von Liechtenstein|Georg von Chuenring|Kadolcz von Wehing|Niklas Truchseß|Sigmund Fruzesdorffer|Wolfgang von Rukchendorf|Wolfgang von Stokchern;ladislaus_v|wilhelm_von_liechtenstein|georg_von_chuenring|kadolcz_von_wehing|niklas_truchsess|sigmund_fruzesdorffer|wolfgang_von_rukchendorf|wolfgang_von_stokchern;nein;Politik|Verwaltung;"Ortsidentifikation unsicher: vermutlich Mailberg (Regest nennt ""Martberg"")";StaAKr-0304
StaAKr-0305;1451 XI 25;1451_11_25;nein;1451;Wien;nein;1451 XI 25, Wien Die Räte Kaiser Friedrich III. zu Wien erinnern die Städte an ihren Treueid und verbieten ihnen, an dem Landtag am Sonntag nach Nikolaus teilzunehmen. Source Regest: Harry Kühnel, Stadtarchiv Krems. Urkunden 1108-1844 (Krems 1960);Friedrich III.;friedrich_iii;nein;Politik|Verwaltung;;StaAKr-0305
StaAKr-0306;1451 XII 1;1451_12_01;nein;1451;Graz;nein;"1451 XII 1, Graz Friedrich III. verbietet den Städten, an dem von den Ständen selbst einberufenen Landtage teilzunehmen, um nicht Mitursache ""des Unrats"" zu sein, der daraus entstehen könnte. Source Regest: Harry Kühnel, Stadtarchiv Krems. Urkunden 1108-1844 (Krems 1960)";Friedrich III.;friedrich_iii;nein;Politik|Verwaltung;;StaAKr-0306
StaAKr-0307;1451 XII 2;1451_12_02;nein;1451;Kollmitz;ja;1451 XII 2, Kollmünz Hans Hofkircher von Kollmünz warnt Krems vor einem Überfall von seiten Georgs von Podiebrad und Bollisret. Source Regest: Harry Kühnel, Stadtarchiv Krems. Urkunden 1108-1844 (Krems 1960);Hans Hofkircher|Georg von Podiebrad|Bollisret;hans_hofkircher|georg_von_podiebrad|bollisret_1451;nein;Politik|Rechtswesen;"Ortsidentifikation unsicher: vermutlich Kollmitz (Regest nennt ""Kollmünz"")";StaAKr-0307
StaAKr-0308;1451 XII 17;1451_12_17;nein;1451;Wien|Klosterneuburg|Korneuburg|Tulln;nein;"1451 XII 17, Wien Die Städte Krems und Stein, Klosterneuburg, Korneuburg und Tulln sagen sich von Friedrich III. los und ersuchen ihn, sie ihres Treueides zu entbinden, um sich Ladislaus, ihrem ""natürlichen Erbherrn"" zuzuwenden. Source Regest: Harry Kühnel, Stadtarchiv Krems. Urkunden 1108-1844 (Krems 1960)";Friedrich III.|Ladislaus V.;friedrich_iii|ladislaus_v;nein;Politik;;StaAKr-0308
StaAKr-0309;1451 XII 20;1451_12_20;nein;1451;Wien;nein;1451 XII 20, Wien Die Stände fordern Abgeordnete von Krems und Stein zur Beratung nach Wien und verbieten, dem Hubschreiber Steuern zu geben. Source Regest: Harry Kühnel, Stadtarchiv Krems. Urkunden 1108-1844 (Krems 1960);;;nein;Politik|Vermögen und Finanzen;;StaAKr-0309
StaAKr-0310;1452 IV 22;1452_04_22;nein;1452;Wien;ja;"1452 IV 22, Wien Ulrich Eytzing von Eytzingen, oberster Hauptmann und ""die Verweser des Landes Österreich"" fordern von den Städten die Bezahlung der Gelder, ""die von Amts wegen"" vorhanden sind zur Bezahlung der Söldner. Source Regest: Harry Kühnel, Stadtarchiv Krems. Urkunden 1108-1844 (Krems 1960)";Ulrich Eytzing von Eytzingen;ulrich_eytzing_von_eytzingen;nein;Vermögen und Finanzen|Verwaltung;"Ortsidentifikation unsicher: vermutlich Eitzing (Regest nennt ""Eytzing"")";StaAKr-0310
StaAKr-0310 a;1452 VIII 21;1452_08_21;nein;1452;Imbach;nein;1452 VIII 21 Quittung von Angnesen Weinburgerin, Priorin zu Imbach Source Regest: Harry Kühnel, Stadtarchiv Krems. Urkunden 1108-1844 (Krems 1960);Angnesen Weinburgerin;angnesen_weinburgerin;nein;Religion|Vermögen und Finanzen;;StaAKr-0310 a
StaAKr-0311;1452 XII 22;1452_12_22;nein;1452;Stratzing bei Krems;nein;"1452 XII 22, Krems Hans Wursner, Mitglied des Rates und Bürger von Krems und seine Frau Katharina stiften ein wöchentliches Frauenamt am Sonntag in der St. Veitspfarrkirche mit 4 Pfund Pfen. von einem Weingarten in Strazing, 1 Joch 1 Viertel, gen. der ""Wetzelstein"", Burgherr Heinrich der Mittendinn zu Stein ( 28 Pfen), Martin Heindlein 10 Pfen. Zeugen: Peter von Linz, Pfarrer zu Krems, Niklas Pfleger, Mitglied des Kremser Rates, Wipold Harber, Bürger daselbst, Wolfgang Wehenwarter, Mitglied des Rates. Source Regest: Harry Kühnel, Stadtarchiv Krems. Urkunden 1108-1844 (Krems 1960)";Hans Wursner|Katharina Wursner|Heinrich Mittendinn|Martin Heindlein|Peter von Linz|Niklas Pfleger|Wipold Harber|Wolfgang Wehenwarter;hans_wursner|katharina_wursner|heinrich_mittendinn|martin_heindlein|peter_von_linz|niklas_pfleger|wipold_harber|wolfgang_wehenwarter;nein;Religion|Vermögen und Finanzen|Wirtschaft;;StaAKr-0311
StaAKr-0313;1453 V 26;1453_05_26;nein;1453;Wien;nein;1453 V 26, Wien König Ladislaus verleiht Krems ein Wappen (gold. Schild und Rindenschild und steir. Panter). Source Regest: Harry Kühnel, Stadtarchiv Krems. Urkunden 1108-1844 (Krems 1960);Ladislaus V.;ladislaus_v;nein;Kultur|Politik;;StaAKr-0313
StaAKr-0314;1453 V 28;1453_05_28;nein;1453;Wien;nein;1453 V 28, Wien König Ladislaus gestattet den Städten Krems und Stein, von wegen ihres Gehorsams den Herrschern gegenüber, mit rotem Wachs zu siegeln. Source Regest: Harry Kühnel, Stadtarchiv Krems. Urkunden 1108-1844 (Krems 1960);Ladislaus V.;ladislaus_v;nein;Politik|Verwaltung;;StaAKr-0314
StaAKr-0315;1453 VI 2;1453_06_02;nein;1453;Wien;nein;1453 VI 2, Wien Bestädigung der Handfesten und Freiheiten für Krems und Stein durch König Ladislaus. Source Regest: Harry Kühnel, Stadtarchiv Krems. Urkunden 1108-1844 (Krems 1960);Ladislaus V.;ladislaus_v;nein;Politik|Rechtswesen;;StaAKr-0315
StaAKr-0316;1453 VI 3;1453_06_03;nein;1453;Wien;nein;1453 VI 3, Wien Bestätigung der Privilegien der Stadt Krems durch König Ladislaus. Source Regest: Harry Kühnel, Stadtarchiv Krems. Urkunden 1108-1844 (Krems 1960);Ladislaus V.;ladislaus_v;nein;Politik|Rechtswesen;;StaAKr-0316
StAK-Stein-2013;1453 VII 1;1453_07_01;nein;1453;Stein;nein;Könid Ladislaus bestätigt die Rechte der Stadt Stein.;Ladislaus;ladislaus_v;nein;Politik|Rechtswesen;;StAK-Stein-2013
StaAKr-0317;1453 XII 17;1453_12_17;nein;1453;Krems;nein;1453 XII 17 König Ladislaus überläßt den Städten Krems und Stein für 2 Jahre (1454 - 1456) das Ungeld, Gericht, Zoll, Maut und Kasten um 1550 Pfund Wr. Pfen. jährlich. Source Regest: Harry Kühnel, Stadtarchiv Krems. Urkunden 1108-1844 (Krems 1960);Ladislaus V.;ladislaus_v;nein;Vermögen und Finanzen|Verwaltung|Wirtschaft;;StaAKr-0317
StaAKr-0326;1454;1454_00_00;ja;1454;Krems;nein;1454 Bericht des Kremser Rates über den Weinstreit an den Landmarschall. Source Regest: Harry Kühnel, Stadtarchiv Krems. Urkunden 1108-1844 (Krems 1960);;;nein;Rechtswesen|Verwaltung|Wirtschaft;Datierung unsicher: Nur Jahresangabe im Quellentext überliefert, kein exaktes Tages-/Monatsdatum.;StaAKr-0326
StaAKr-0327;1454;1454_00_00;ja;1454;Krems;nein;1454 Schreiben der Stadt an König Ladislaus von wegen des Weinschenkens Source Regest: Harry Kühnel, Stadtarchiv Krems. Urkunden 1108-1844 (Krems 1960);Ladislaus V.;ladislaus_v;nein;Politik|Verwaltung|Wirtschaft;Datierung unsicher: Nur Jahresangabe im Quellentext überliefert, kein exaktes Tages-/Monatsdatum.;StaAKr-0327
StAK-UrkKr-0318;1454 II 1;1454_02_01;nein;1454;Wiener Neustadt|Ingolstadt;nein;1454 II 1, Wiener Neustadt ( zu der Newnstat ) Kaiser Friedrich [III.] befiehlt ( Begern und bitten ) [ Richter und Rat der Städte Krems und Stein ], sich bei Paul Scheffmann , Bürger von Stein , und dessen Frau Elisabeth , denen er in dieser Sache bereits geschrieben hat, dafür einzusetzen, dass sein Türhüter Hans Ingolstädter ( Ingelsteter ) deren Tochter Martha heiraten darf. Siegler: der Aussteller. Source Regest: Stadtarchiv Krems, 2020.;Friedrich III.|Paul Scheffmann|Elisabeth Scheffmann|Hans Ingolstädter|Martha Ingolstädter;friedrich_iii|paul_scheffmann|elisabeth_scheffmann|hans_ingolstaedter|martha_ingolstaedter;nein;Bevölkerung und Bevölkerungsgruppen|Politik;;StAK-UrkKr-0318
StAK-UrkKr-0319;1454 VI 11;1454_06_11;nein;1454;Praha;nein;1454 VI 11, Prag ( ze Prag ) König Ladislaus [Postumus] befiehlt ( Beg[er]n ... Emph[ele]n ... und well[e]n ) [ Richter, Rat und Bürgern von Krems und Stein ], nachdem er gewarnt wurde, dass Ledwenko von Ruchenau ( Rochnnaw ) mit 1.500 Mann auf Pferden und zu Fuß bei der March ( Marich ) lagert und sich täglich verstärkt, um in Österreich und an den Grenzen einzufallen, etliche Männer auf Pferden und zu Fuß mit Wägen, Harnischen und anderer Ausrüstung vorzubereiten, und sobald der Rat oder die Bevollmächtigten ( Anwelt ) des Ausstellers dazu auffordern, diese zu den anderen eingezogenen Soldaten zu schicken. Siegler: der Aussteller. Source Regest: Harry Kühnel, Stadtarchiv Krems. Urkunden 1108-1844 (Krems 1960);Ladislaus V.|Ledwenko von Ruchenau;ladislaus_v|ledwenko_von_ruchenau;nein;Politik|Rechtswesen;;StAK-UrkKr-0319
StaAKr-0320;1454 VI 28;1454_06_28;nein;1454;Wien|Langenlois;nein;1454 VI 28, Wien Die Anwälte König Ladislaus fordern Krems, Stein, Lois zum Widerstand gegen Ledwenko auf, damit das Land keinen Schaden leide und befehlen, sich aufs Beste zu rüsten und Jörg Sausenegker, ihrem Hauptmann zu gehorchen. Source Regest: Harry Kühnel, Stadtarchiv Krems. Urkunden 1108-1844 (Krems 1960);Ladislaus V.|Ledwenko|Jörg Sausenegker;ladislaus_v|ledwenko_1454|joerg_sausenegker;nein;Politik|Verwaltung;;StaAKr-0320
StaAKr-0321;1454 VII 1;1454_07_01;nein;1454;Laa an der Thaya;nein;1454 VII 1, Laa Richter und Rat von Laa berichten, daß sich Ledwenko mit 2500 Mann sich an der March festgesetzt habe und mit seinem Helfer Viechhoff  das umliegende Land plündern. Source Regest: Harry Kühnel, Stadtarchiv Krems. Urkunden 1108-1844 (Krems 1960);Ledwenko|Viechhoff;ledwenko_1454a|viechhoff_1454;nein;Politik|Rechtswesen;;StaAKr-0321
StaAKr-0322;1454 VII 8;1454_07_08;nein;1454;Praha;nein;1454 VII 8, Prag König Ladislaus bietet Krems und Stein nochmals gegen Ledwenko von Rochmanau auf. Source Regest: Harry Kühnel, Stadtarchiv Krems. Urkunden 1108-1844 (Krems 1960);Ladislaus V.|Ledwenko von Rochmanau;ladislaus_v|wennko_von_rochmanau;nein;Politik|Rechtswesen;;StaAKr-0322
StaAKr-0323;1454 VIII 22;1454_08_22;nein;1454;Melk;nein;1454 VIII 22, Melk Johannes, Abt von Melk, verleiht die Mühle und das Mühlhaus zu Krems außerhalb der Stadt Thomas dem Zwetler, Burgrecht 6 Pfund 36 Pfen. Ferner Burgrechtssteuer zu Krems 12 Schill. Vogtrecht 42 Pfen. ebensoviel in das Stadtgericht. Source Regest: Harry Kühnel, Stadtarchiv Krems. Urkunden 1108-1844 (Krems 1960);Abt Johannes|Thomas Zwetler;abt_johannes|thomas_zwetler;nein;Rechtswesen|Vermögen und Finanzen|Wirtschaft;;StaAKr-0323
StaAKr-0324;1454 X 2;1454_10_02;nein;1454;Wien;nein;1454 X 2, Wien Georg Dachsner, Hubmeister in Österreich verbietet dem Herkommen gemäß, den Ausschank von anderen Weinen außer von Bauwein zwischen der Weinlese und St. Georg in den Städten. Source Regest: Harry Kühnel, Stadtarchiv Krems. Urkunden 1108-1844 (Krems 1960);Georg Dachsner;georg_dachsner;nein;Rechtswesen|Wirtschaft;;StaAKr-0324
StaAKr-0325;1454 X 10;1454_10_10;nein;1454;Wien;nein;1454 X 10, Wien Wolfang von Wallsee befiehlt als oberster Landmarschall Abgeordnete von Krems und Stein zu sich, um den Streit von wegen des Weinschenkens zu entscheiden. Source Regest: Harry Kühnel, Stadtarchiv Krems. Urkunden 1108-1844 (Krems 1960);Wolfang von Wallsee;wolfgang_von_wallsee;nein;Rechtswesen|Verwaltung|Wirtschaft;;StaAKr-0325
StaAKr-0328;1454 XI 2;1454_11_02;nein;1454;Klosterneuburg;nein;1454 XI 2, Klosterneuburg Zuschrift F. Gabriels von Verona, die Errichtung eines Klosters zwischen Krems und Stein betreffend. Source Regest: Harry Kühnel, Stadtarchiv Krems. Urkunden 1108-1844 (Krems 1960);Gabriel von Verona;gabriel_von_verona;nein;Religion|Stadt und Raum;;StaAKr-0328
StaAKr-0329;1454 XI 16;1454_11_16;nein;1454;Wien;nein;"1454 XI 16, Wien Wolfgang von Wallsee, oberster Hauptmann Österreichs ob und unter der Enns befiehlt dem Rate von Krems und Stein, nach dem Tode des Kremser Pfarrers Peter sich des Kirchengutes zu ""unterwinden"". Source Regest: Harry Kühnel, Stadtarchiv Krems. Urkunden 1108-1844 (Krems 1960)";Wolfgang von Wallsee|Pfarrer Peter;wolfgang_von_wallsee|pfarrer_peter;nein;Religion|Vermögen und Finanzen|Verwaltung;;StaAKr-0329
StaAKr-0874;1454 XII 7 ?;1454_12_07;ja;1454;Wien;nein;1454 XII 7 [?], Wien Ratsbeschluß der beiden Städte Krems und Stein.;;;nein;Politik|Verwaltung;Datierung unsicher: Nur unsichere Tagesangabe überliefert (Quelle selbst mit Fragezeichen markiert).;StaAKr-0874
StaAKr-0312;1455 V 11;1455_05_11;nein;1455;Wien;nein;"1455 V 11, Wien Entscheidung König Ladislaus betreffend die Gegensätze zwischen den Bürgern und dem Rate von Krems. Regelung des Kornverkaufes, der Schatzsteuer, des Weinschenkens, der Ausübung von Gewerben; Bestimmung des Hauses Ulrichs von Dachsberg zum Rathause und dessen Kreuzganges zum Versammlungslokal. Gelübde und Eid des Stadtrates, Steuern der Hausbesitzer. Source Regest: Harry Kühnel, Stadtarchiv Krems. Urkunden 1108-1844 (Krems 1960)";Ladislaus V.|Ulrich von Dachsberg;ladislaus_v|ulrich_von_dachsperg;nein;Politik|Vermögen und Finanzen|Verwaltung|Wirtschaft;;StaAKr-0312
StaAKr-0330;1455 V 29;1455_05_29;nein;1455;Wien;nein;1455 V 29, Wien König Ladislaus bietet die Städte nochmals gegen die Feinde auf. Source Regest: Harry Kühnel, Stadtarchiv Krems. Urkunden 1108-1844 (Krems 1960);Ladislaus V.;ladislaus_v;nein;Politik|Verwaltung;;StaAKr-0330
StaAKr-0331;1455 VI 19;1455_06_19;nein;1455;Wien;nein;1455 VI 19, Wien König Ladislaus befiehlt, die Fischer von Krems in der Donau ruhig ihrem Handwerk nachgehen zu lassen, wie es unter früheren Herzogen üblich war. Source Regest: Harry Kühnel, Stadtarchiv Krems. Urkunden 1108-1844 (Krems 1960);Ladislaus V.;ladislaus_v;nein;Rechtswesen|Wirtschaft;;StaAKr-0331
StaAKr-0332;1455 IX 25;1455_09_25;nein;1455;Wien;nein;1455 IX 25, Wien König Ladislaus verlangt von Krems einen Beitrag von achthalben ungar. Gulden zum Heiratsgut (32.000 fl. ) seiner Schwesetr Elisabeth von Polen. Source Regest: Harry Kühnel, Stadtarchiv Krems. Urkunden 1108-1844 (Krems 1960);Ladislaus V.|Elisabeth von Polen;ladislaus_v|elisabeth_von_polen;nein;Politik|Vermögen und Finanzen;;StaAKr-0332
StaAKr-0333;1455 XII 1;1455_12_01;nein;1455;Wien;nein;1455 XII 1, Wien Aufgebot der Städte durch König Ladislaus und Berufung einiger Abgeordneter der Städte zu einem Landtag nach Wien am St. Erhartstag. Source Regest: Harry Kühnel, Stadtarchiv Krems. Urkunden 1108-1844 (Krems 1960);Ladislaus V.;ladislaus_v;nein;Politik|Verwaltung;;StaAKr-0333
StaAKr-0335;1455 XII 4;1455_12_04;nein;1455;Wien|Hadersdorf am Kamp;nein;1455 XII 4, Wien König Ladislaus befiehlt dem Benedigt Grassegker aus Hadersdorf, sein Haus in Krems selbst zu bewohnen, da er wünscht, daß alle, die Häuser in den Städten besitzen, diese auch bewohnen. Source Regest: Harry Kühnel, Stadtarchiv Krems. Urkunden 1108-1844 (Krems 1960);Ladislaus V.|Benedigt Grassegker;ladislaus_v|benedigt_grassegker;nein;Bevölkerung und Bevölkerungsgruppen|Stadt und Raum|Vermögen und Finanzen;;StaAKr-0335
StaAKr-0334;1455 XII 05;1455_12_05;nein;1455;Wien;nein;1455 XII 05, Wien König Ladislaus verbietet Krems und Stein denjenigen zu folgen, die sich widerrechtlich zusammengeschart haben. Source Regest: Harry Kühnel, Stadtarchiv Krems. Urkunden 1108-1844 (Krems 1960);Ladislaus V.;ladislaus_v;nein;Politik|Rechtswesen;;StaAKr-0334
StaAKr-0336;1455 XII 21;1455_12_21;nein;1455;Wien;nein;1455 XII 21, Wien König Ladislaus bietet die Städte gegen Markgraf Albrecht von Brandenburg und Friedrich III. auf, deren Truppen in Ungarn eingefallen sind. Source Regest: Harry Kühnel, Stadtarchiv Krems. Urkunden 1108-1844 (Krems 1960);Ladislaus V.|Albrecht von Brandenburg|Friedrich III.;ladislaus_v|albrecht_von_brandenburg|friedrich_iii;nein;Politik|Verwaltung;;StaAKr-0336
StaAKr-0337;1455 XII 24;1455_12_24;nein;1455;Graz|Grafenegg|Kottaun|Ankenwarth;ja;1455 XII 24, Graz Kaiser Friedrich III. befiehlt den Städten, die Aufrührer in Österreich (die von Posing Liechtenstainer, Ellerbacher, Peinkirchner, Gravenegker, Ankchenwerter, Kadauer u. a.) nicht zu unterstützen. Source Regest: Harry Kühnel, Stadtarchiv Krems. Urkunden 1108-1844 (Krems 1960);Friedrich III.|Posing Liechtenstainer|Ellerbacher|Peinkirchner|Gravenegker|Ankchenwerter|Kadauer;friedrich_iii|posing_liechtenstainer|ellerbacher_1455|peinkirchner_1455|gravenegker_1455|ankchenwerter_1455|kadauer_1455;nein;Politik|Rechtswesen;"Ortsidentifikation unsicher: vermutlich Ankenwarth (Regest nennt ""Ankchenwerter"")";StaAKr-0337
StaAKr-0338;1456 V 14;1456_05_14;nein;1456;Wien;nein;1456 V 14, Wien Wolfgang von Wallsee, oberster Marschall in Österreich, befiehlt dem Ritter Hans Frodnaher 7 Schill. vom Baumberghof vor der Stadt dem Stadtgerichte, nicht dem Feldergichte zu reichen und selbst zu ihm zu kommen oder einen Anwalt zu schicken. Source Regest: Harry Kühnel, Stadtarchiv Krems. Urkunden 1108-1844 (Krems 1960);Wolfgang von Wallsee|Hans Frodnaher;wolfgang_von_wallsee|hans_frodnacher;nein;Rechtswesen|Vermögen und Finanzen;;StaAKr-0338
StaAKr-0339;1456 VI 17;1456_06_17;nein;1456;Wien|Bratislava;nein;1456 VI 17, Pressburg König Ladislaus befiehlt den Städten, ihre Truppen am nächsten Jakobstag aufs Beste gerüstet nach Wien zu senden. Source Regest: Harry Kühnel, Stadtarchiv Krems. Urkunden 1108-1844 (Krems 1960);Ladislaus V.;ladislaus_v;nein;Politik|Verwaltung;;StaAKr-0339
StaAKr-0340;1456 IX 20;1456_09_20;nein;1456;Stratzing bei Krems|Imbach;nein;"1456 IX 20, Krems Hans Kürsner, Mitglied des Rates und Bürger zu Krems und seine Frau Katharina stiften in der Pfarrkirche zu Krems den Fabian-und Sebastian-Altar mit Erlaubnis des Maisters Niklas von Lützelburg, ""Lehrer geistlicher und Lizentiat Kaiserl. Rechte, Ordinarius an der hohen Schule zu Wien und Pfarrer zu Krems, mit seinem Haus, einem Weingarten im Stratzingbach und mit 1 Joch Weingarten. Zeugen: Niklas von Lützelburg, Werhart Nymmervol, Pfarrer Schonhering, Agnes Weitingerinn, Priorin zu Imbach, Hans Leinwater, Spitalmeister und Ratsmitglied zu Krems, Wolfgang Mehenwarter, Richter beider Städte, Wolfgang Aichperger, Bürger und Mitglied des Rates zu Krems. Source Regest: Harry Kühnel, Stadtarchiv Krems. Urkunden 1108-1844 (Krems 1960)";Hans Kürsner|Katharina Kürsner|Niklas von Lützelburg|Werhart Nymmervol|Pfarrer Schonhering|Agnes Weitinger|Hans Leinwater|Wolfgang Mehenwarter|Wolfgang Aichberger;hans_kuersner|katharina_kuersner|niklas_von_luetzelburg|werhart_nymmervol|pfarrer_schonhering|agnes_weitinger|hans_leinwater|wolfgang_mehenwarter|wolfgang_aichberger;nein;Religion|Vermögen und Finanzen;;StaAKr-0340
StaAKr-0341;1456 X 6;1456_10_06;nein;1456;Osterhofen;nein;1456 X 6, Osterhofen Johannes, Abt von Osterhofen ersucht die Stadt Krems um ihre Hilfe gegen die Schäden, die die Donau an den Gründen anrichtet. Source Regest: Harry Kühnel, Stadtarchiv Krems. Urkunden 1108-1844 (Krems 1960);Johannes;johannes_1456;nein;Stadt und Raum|Verwaltung;;StaAKr-0341
StaAKr-0342;1456 XII 8;1456_12_08;nein;1456;Wien|Passau|Hodonín;ja;1456 XII 8, Wien Ulrich, Bischof von Passau und Kanzler in Österreich bietet im Namen des Königs die Städte gegen Jan von Tlintz auf, der das Schloß Göding schwer bedrängt, Georg Sausenegker soll sie führen. Source Regest: Harry Kühnel, Stadtarchiv Krems. Urkunden 1108-1844 (Krems 1960);Ulrich|Jan von Tlintz|Georg Sausenegker;ulrich_1456|jan_von_tlintz|georg_sausenegker;nein;Politik|Rechtswesen;Ortsidentifikation unsicher: Hodonín (nicht eindeutig aus dem Regest-Text ableitbar);StaAKr-0342
StaAKr-0343;1456 XII 16;1456_12_16;nein;1456;Praha|Znojmo;ja;1456 XII 16, Prag Gitzik von Cunstat, Herr von Podiebrad, Cubernator und oberster Hofmeister des Königs von Böhmen, fordert beide Städte zu einem Landtage nach Znaim am Fabians- und Sebastianstag zur ehrlichen Beratung und zum Nutzen Königs Ladislaus und seines Landes auf. Source Regest: Harry Kühnel, Stadtarchiv Krems. Urkunden 1108-1844 (Krems 1960);Gitzik von Cunstat|Ladislaus V.;gitzik_von_cunstat|ladislaus_v;nein;Politik|Verwaltung;"Ortsidentifikation unsicher: Praha (nicht eindeutig aus dem Regest-Text ableitbar); Znojmo (nicht eindeutig aus dem Regest-Text ableitbar)";StaAKr-0343
StaAKr-0344;1457 I 12;1457_01_12;nein;1457;Graz;nein;1457 I 12, Graz Kaiser Friedrich befiehlt dem Richter und Rat von Krems und Stein dem Heinrich von Puchhaim 400 Pfund laut Geschäftsbrief von den Nutzen und Renten zu geben. Source Regest: Harry Kühnel, Stadtarchiv Krems. Urkunden 1108-1844 (Krems 1960);Friedrich III.|Heinrich von Puchhaim;friedrich_iii|heinrich_von_puchhaim;nein;Rechtswesen|Vermögen und Finanzen|Verwaltung;;StaAKr-0344
StaAKr-0345;1457 III 14;1457_03_14;nein;1457;Budapest;nein;1457 III 14, Ofen König Ladislaus berichtet, daß er die Grafen von Bistritz, Ladislaus und Mathias und einige andere ins Gefängnis werfen ließ und daß seine Sache gut stehe. Source Regest: Harry Kühnel, Stadtarchiv Krems. Urkunden 1108-1844 (Krems 1960);Ladislaus V.|Mathias;ladislaus_v|mathias_1457;nein;Politik|Rechtswesen;;StaAKr-0345
StaAKr-0346;1457 VI 15;1457_06_15;nein;1457;Burghausen|Raitenhaslach;ja;1457 VI 15, Burghausen Ludwig, Pfalzgraf bei Rhein und Herzog in Nieder- und Oberbayern ersucht den Rat und Richter von Krems und Stein, den Rat von Raytenhaßlach in seinem Hause in Krems nach seinem Willen schalten und walten zu lassen. Source Regest: Harry Kühnel, Stadtarchiv Krems. Urkunden 1108-1844 (Krems 1960);Pfalzgraf Ludwig;ludwig_ix_bayern;nein;Rechtswesen|Vermögen und Finanzen;"Ortsidentifikation unsicher: vermutlich Raitenhaslach (Regest nennt ""Raytenhaßlach"")";StaAKr-0346
StaAKr-0347;1457 VI 21;1457_06_21;nein;1457;Wien;nein;1457 VI 21, Wien König Ladislaus befiehlt anläßlich seines ersten Besuches in Krems und Stein der Sitte gemäß den Mertl Watsas, der seine Frau mißhandelte, freizulassen gegen das Versprechen, gegen die Städte keine Ansprüche zu erheben. Source Regest: Harry Kühnel, Stadtarchiv Krems. Urkunden 1108-1844 (Krems 1960);Ladislaus V.|Mertl Watsas;ladislaus_v|mertl_watsas;nein;Bevölkerung und Bevölkerungsgruppen|Rechtswesen;;StaAKr-0347
StaAKr-0348;1457 VI 24;1457_06_24;nein;1457;Wien;nein;1457 VI 24, Wien König Ladislaus bietet Krems und Stein gegen Kaiser Friedrich auf, der ihm Herrschaften und Schlösser u.a. in Österreich vorenthält. Source Regest: Harry Kühnel, Stadtarchiv Krems. Urkunden 1108-1844 (Krems 1960);Ladislaus V.|Friedrich III.;ladislaus_v|friedrich_iii;nein;Politik|Verwaltung;;StaAKr-0348
StaAKr-0349;1457 VII 22;1457_07_22;nein;1457;Wien|Raitenhaslach;ja;"1457 VII 22, Wien König Ladislaus befiehlt dem Rat zu Krems auf Beschwerde des Abtes von Raitenhaßlach, diesem und dem Wirt in seinem Hause zu Krems genannt ""im Kiel"" das Burgrecht zu geben wie es Herkommen ist und 2 Bevollmächtigte zur Verhandlung des Falles nach Wien zu senden. Source Regest: Harry Kühnel, Stadtarchiv Krems. Urkunden 1108-1844 (Krems 1960)";Ladislaus V.;ladislaus_v;nein;Rechtswesen|Religion|Wirtschaft;"Ortsidentifikation unsicher: vermutlich Raitenhaslach (Regest nennt ""Raitenhaßlach"")";StaAKr-0349
StaAKr-0350;1457 VIII 6;1457_08_06;nein;1457;Wien|Raitenhaslach;ja;1457 VIII 6, Wien Urteil Ladislaus im Streite zwischen dem Abte von Taitenhaßlach und den Städten Krems und Stein eines Hauses wegen. Der Anwalt des Abtes konnte auf Grund von Urkunden sein Recht nachweisen, Ladislaus weist die Städte an, dieses in Zukunft zu respektieren. Source Regest: Harry Kühnel, Stadtarchiv Krems. Urkunden 1108-1844 (Krems 1960);Ladislaus V.;ladislaus_v;nein;Rechtswesen|Religion|Vermögen und Finanzen;"Ortsidentifikation unsicher: vermutlich Raitenhaslach (Regest nennt ""Taitenhaßlach"")";StaAKr-0350
StaAKr-0351;1457 IX 5;1457_09_05;nein;1457;Rehberg bei Krems|Imbach;nein;1457 IX 5, Krems Niklas Phleger, Bürger zu Krems stiftet mit Willen des Pfarrers Niklas von Lützelburg in der Veitspfarrkirche zu Krems einen Altar zu Ehren des Ap. Andreas und des Ritters und Märtyrers Georg mit 3 Joch und einem Viertel Weingarten gen. die Öd im Enzeithstal, 1 Joch Weingarten am Wartberg, 1 halbes Joch Weingarten in Rehberg im Sperlweg,  3/4 Weingarten  in Rehberg  im Engenstein. Zeugen: Niklas Phleger, Maister Niklas, Pfarrer zu Krems, Agnes Weintingerinn, Priorin zu Imbach, Wolfgang Schwernhanner, Georg Mulbanger, Thomas Losenaphel, Wolfgang Hohenwarter. Richter beider Städte. Source Regest: Harry Kühnel, Stadtarchiv Krems. Urkunden 1108-1844 (Krems 1960);Niklas Phleger|Niklas von Lützelburg|Maister Niklas|Agnes Weintinger|Wolfgang Schwernhanner|Georg Mulbanger|Thomas Losenaphel|Wolfgang Hohenwarter;niklas_phleger|niklas_von_luetzelburg|maister_niklas|agnes_weitinger|wolfgang_schernhanner|georg_mulbanger|thomas_losenaphel|wolfgang_hohenwarter;nein;Religion|Vermögen und Finanzen|Wirtschaft;;StaAKr-0351
StAK-Stein-2014;1457 IX 6;1457_09_06;nein;1457;Stein;nein;"König Ladislaus befiehlt, daß der Durchgang im Gostaler Haus in Stein ein ""gemainer offener durchgang"" ist und offen gehlten werden muß.";Ladislaus;ladislaus_v;nein;Stadt und Raum|Verwaltung;;StAK-Stein-2014
StaAKr-0352;1457 X 21;1457_10_21;nein;1457;Pöggstall;ja;"1457 X 21 König Ladislaus befiehlt den Städten Krems und Stein 60 Mann und die ""große Büchse"" und Pulver zu Wilhelm Pebringer zu senden zur Belagerung des Schlosses Pekchstal. Source Regest: Harry Kühnel, Stadtarchiv Krems. Urkunden 1108-1844 (Krems 1960)";Ladislaus V.|Wilhelm Pebringer;ladislaus_v|wilhelm_pebringer;nein;Politik|Rechtswesen;Ortsidentifikation unsicher: Pöggstall (nicht eindeutig aus dem Regest-Text ableitbar);StaAKr-0352
StaAKr-0353;1457 XI 14;1457_11_14;nein;1457;Krems;nein;"1457 XI 14, Krems Richter und Rat von Krems verleihen dem Erhart Mülner auf seine Bitte die "" Helmul vor dem Heltor"", die der Erdstoß zerstört hatte mit der Verpflichtung, daß er sie aufbaue und jährlich 19 Schill. der Stadt reiche. Source Regest: Harry Kühnel, Stadtarchiv Krems. Urkunden 1108-1844 (Krems 1960)";Erhart Mülner;erhart_muelner;nein;Stadt und Raum|Vermögen und Finanzen|Wirtschaft;;StaAKr-0353
StaAKr-0354;1457 XII 10;1457_12_10;nein;1457;Wien;nein;1457 XII 10, Wien Infolge des Todes Ladislaus werden Abgeordnete der Städte Krems und Stein zur Beratung nach Wien berufen. Michel, Burggraf zu Maidburg, Bernhart, Graf zu Schaunberg. Source Regest: Harry Kühnel, Stadtarchiv Krems. Urkunden 1108-1844 (Krems 1960);Ladislaus V.|Burggraf Michel|Graf Bernhart;ladislaus_v|burggraf_michel|graf_bernhart;nein;Politik|Verwaltung;;StaAKr-0354
StaAKr-0355;1457 XII 24;1457_12_24;nein;1457;Wien|Schaunberg, Eferding;nein;"1457 XII 24, Wien Michel, Burggraf von Maidburg, Bernhart, Graf zu Schaunberg, Wolfgang von Wallsee, Hauptmannn ob der Enns, Ulrich Eytzing von Eytzing u.a. aus den vier Partheien der Landesschaft fordern Abgeordnete nach Wien, um zu beraten, wie man sich gegen die ""allergnädigste Herrschaft und in anderen Wegen halten soll"". Source Regest: Harry Kühnel, Stadtarchiv Krems. Urkunden 1108-1844 (Krems 1960)";Burggraf Michel|Graf Bernhart|Wolfgang von Wallsee|Ulrich von Eytzing;burggraf_michel|graf_bernhart|wolfgang_von_wallsee|ulrich_von_eytzing;nein;Politik;;StaAKr-0355
StaAKr-0355a;1457 XII 26;1457_12_26;nein;1457;Krems;nein;1457 XII 26, Krems Krems und Stein ersuchen Erherzog Albrecht, das Kriegsvolk aus ihrer Stadt zu nehmen, da keine Feindesgefahr sei und sie darunter schwer litten. Source Regest: Harry Kühnel, Stadtarchiv Krems. Urkunden 1108-1844 (Krems 1960);Albrecht VI.;albrecht_vi;nein;Politik|Verwaltung;;StaAKr-0355a
StaAKr-0356;1458 I 3;1458_01_03;nein;1458;Wien|Schaunberg, Eferding;nein;"1458 I 3, Wien Die Stände rufen Krems und Stein zu Waffen unter dem Oberbefehl des Ulrich Eytzing von Eytzingen gegen etliche, ""die im Lande etwas wider Landesrecht treiben"". Zeugen: Michel, Burggraf zu Maidburg, Bernhart, Graf zu Schaunberg, Wolfgang von Wallsee. Source Regest: Harry Kühnel, Stadtarchiv Krems. Urkunden 1108-1844 (Krems 1960)";Ulrich von Eytzing|Burggraf Michel|Graf Bernhart|Wolfgang von Wallsee;ulrich_von_eytzing|burggraf_michel|graf_bernhart|wolfgang_von_wallsee;nein;Politik|Rechtswesen;;StaAKr-0356
StaAKr-0357;1458 III 18;1458_03_18;nein;1458;Hadersdorf am Kamp|Schrattental;nein;1458 III 18, Schrattental Oswald und Stephan von Eytzing erbitten von Krems und Stein einige Räte auf den Monatg nach den Osterfeiertagen nach Hadersdorf am Kamp zur Beratung über ihres gefangenen Burders, Ulrich von Eytzing Befreiung. Source Regest: Harry Kühnel, Stadtarchiv Krems. Urkunden 1108-1844 (Krems 1960);Oswald von Eytzing|Stephan von Eytzing|Ulrich von Eytzing;oswald_von_eytzing|stephan_von_eytzing|ulrich_von_eytzing;nein;Politik|Rechtswesen;;StaAKr-0357
StaAKr-0358;1458 IV 19;1458_04_19;nein;1458;Senftenberg|Zöbing;nein;"1458 IV 19, Krems Jakob Schiesser von Senftenberg und seine Frau Dorothea verkaufen mit Erlaubnis des Burgherrn, Laurenz d. Stängln, Richter zu Senftenberg, ihren Weingarten zu Zewing gegen der ""prugkt"", gen. "" das pruchl"", 5 Viertel groß (Burgrecht dem Reinprecht von Wallsee und dessen Amt zu Senftenberg, Taman dem Hakner und seiner Frau Katharina im ""Dörfl"". Zeugen: Burgherr, Wipold Harber, Bürger und Widenrichter zu Krems. Source Regest: Harry Kühnel, Stadtarchiv Krems. Urkunden 1108-1844 (Krems 1960)";Jakob Schiesser|Dorothea Schiesser|Laurenz Stängln|Reinprecht von Wallsee|Taman Hakner|Katharina Hakner|Wipold Harber;jakob_schiesser|dorothea_schiesser|laurenz_stengl|reinprecht_von_wallsee|taman_hakner|katharina_hakner|wipold_harber;nein;Rechtswesen|Vermögen und Finanzen|Wirtschaft;;StaAKr-0358
StaAKr-0360;1458 VII 29;1458_07_29;nein;1458;Stinkenbrunn;nein;1458 VII 29, Krems Hans Frodnacher, Hauptmann der Städte Krems und Stein und deren Richter und Rat bitten den Rüdiger von Starhemberg um Volk gegen die Feinde, die 5000 Mann stark gegen Stinkenbrunn gezogen sind. Source Regest: Harry Kühnel, Stadtarchiv Krems. Urkunden 1108-1844 (Krems 1960);Hans Frodnacher|Rüdiger von Starhemberg;hans_frodnacher|ruediger_von_starhemberg;nein;Politik|Rechtswesen;;StaAKr-0360
StaAKr-0361;1458 VIII 2;1458_08_02;nein;1458;Wiener Neustadt;nein;1458 VIII 2, Wr. Neustadt Friedrich III. teilt dem Hans Frodnacher, Feldrichter und dem Richter und Rat der Städte Krems und Stein mit, daß er ihren Bitten zufolge dem Hans Mülfelder, Hubmeister in Österreich aufgetragen habe, Volk zu werben und zum Schutze der Städte zu senden, ferner wird er sie mit 2 Büchsenmeistern unterstützen. Inliegend ein Zettel von der Werbung des Volks und der Sendung eines Büchsenmeisters berichtend. Source Regest: Harry Kühnel, Stadtarchiv Krems. Urkunden 1108-1844 (Krems 1960);Friedrich III.|Hans Frodnacher|Hans Mülfelder;friedrich_iii|hans_frodnacher|hans_muelfelder;nein;Politik|Rechtswesen|Verwaltung;;StaAKr-0361
StaAKr-0363;1458 VIII 13;1458_08_13;nein;1458;Wiener Neustadt;nein;"1458 VIII 13, Wr. Neustadt Kaiser Friedrich III. teilt Hans Frodnacher und dem Richter und Rat von Krems und Stein mit, daß er ihnen 2 Büchsenmacher geschickt habe; der Hubmeister wird ihnen auf seinen Befehl 2 ""Zenttn"" Pulver zusenden, desgleichen Pfeile, sollte er keine haben, dann möchten sie selbst solche besorgen. Auch Volk wird ihnen zu Hilfe geschickt werden. Source Regest: Harry Kühnel, Stadtarchiv Krems. Urkunden 1108-1844 (Krems 1960)";Friedrich III.|Hans Frodnacher;friedrich_iii|hans_frodnacher;nein;Politik|Verwaltung|Wirtschaft;;StaAKr-0363
StaAKr-0362;1458 VIII 13;1458_08_13;nein;1458;Wien;nein;1458 VIII 13, Wien Hans Mülfelder, Hubmeister in Österreich,dem Kaiser Friedrich III. die Werbung von 100 Fußknechten aufgetragen hat, teilt dem Rat und Richter der Städte mit, daß er nur 50 aufbringen könne, sie möchten doch die andern 50 zu Wege bringen. Source Regest: Harry Kühnel, Stadtarchiv Krems. Urkunden 1108-1844 (Krems 1960);Hans Mülfelder|Friedrich III.;hans_muelfelder|friedrich_iii;nein;Politik|Verwaltung;;StaAKr-0362
StaAKr-0359;1458 VIII 23;1458_08_23;nein;1458;Wiener Neustadt;nein;"1458 VIII 23, Wr. Neustadt Friedrich III. befiehlt auf Bitten der Städte Krems und Stein dem Feldrichter Hans Frodnacher, die Hauptmannschaft über die Städte ""yetz in disen leuffen"" zu übernehmen und Fußknechte zu werden zum Schutze der Städte. Source Regest: Harry Kühnel, Stadtarchiv Krems. Urkunden 1108-1844 (Krems 1960)";Friedrich III.|Hans Frodnacher;friedrich_iii|hans_frodnacher;nein;Politik|Rechtswesen|Verwaltung;;StaAKr-0359
StaAKr-0365;1458 IX 3;1458_09_03;nein;1458;Melk|Hohenberg|Mainberg;nein;"1458 IX 3 Kaiser Friedrich III. teilt dem Hans Frodnacher, dem Richter und Rat von Krems und Stein mit, daß er den ""Leuten"" von Mainberg, von Hohenberg und von Melk schreiben werde, weiter in den Städten zu bleiben. Auch habe er Räte ins Feld geschickt, die mit dem Feind verhandeln sollten. Source Regest: Harry Kühnel, Stadtarchiv Krems. Urkunden 1108-1844 (Krems 1960)";Friedrich III.|Hans Frodnacher;friedrich_iii|hans_frodnacher;nein;Politik|Verwaltung;;StaAKr-0365
StaAKr-0364;1458 IX 3;1458_09_03;nein;1458;Klosterneuburg;nein;1458 IX 3, Klosterneuburg Den Städten verkündet man die Ernennung des Pankraz von Plankenstein zu ihrem Hauptmann und seine Ankunft mit Kriegsmitteln zu ihrer Hilfe. Source Regest: Harry Kühnel, Stadtarchiv Krems. Urkunden 1108-1844 (Krems 1960);Pankraz von Plankenstein;pankraz_von_plankenstein;nein;Politik|Verwaltung;;StaAKr-0364
StaAKr-0366;1458 IX 20;1458_09_20;nein;1458;Hadersdorf am Kamp|Rabenstein;ja;"1458 IX 20, Krems Richter und Rat beider Städte bitten den edlen Herrn Prokop vom Rabenstain und den Edlen Jobst von….., sie mögen dem Swannberg schreiben, daß Haderstorf ""Frieden und Abrede"" mit Krems und Stein halte. Source Regest: Harry Kühnel, Stadtarchiv Krems. Urkunden 1108-1844 (Krems 1960)";Prokop vom Rabenstain|Edler Jobst|Swannberg;prokop_vom_rabenstain|edler_jobst|swannberg_1458;nein;Politik|Rechtswesen;"Ortsidentifikation unsicher: vermutlich Rabenstein (Regest nennt ""Rabenstain"")";StaAKr-0366
StaAKr-0367;1458 IX 20;1458_09_20;nein;1458;Wien|Maigen (Gemeinde Weinzierl am Walde);ja;"1458 IX 20, Wien Kaiser Friedrich befiehlt dem Hans Frodnacher, Feldrichter und dem Richter und Rate beider Städte, den Weingarten des Pfarrers von Meygen, der in der ""Smidgasse"" ein Haus bestitzt, das bei der böhm. Belagerung abgerissen wurde, zu schonen, dazwischenstehende Mauer und Bäume, die der Stadt zu nach sind, jedoch zu entfernen. Source Regest: Harry Kühnel, Stadtarchiv Krems. Urkunden 1108-1844 (Krems 1960)";Friedrich III.|Hans Frodnacher;friedrich_iii|hans_frodnacher;nein;Rechtswesen|Religion|Stadt und Raum|Vermögen und Finanzen;Ortsidentifikation unsicher: Maigen (Gemeinde Weinzierl am Walde) (nicht eindeutig aus dem Regest-Text ableitbar);StaAKr-0367
StaAKr-0369;1458 X 12;1458_10_12;nein;1458;Wien|Berchtesgaden;nein;1458 X 12, Wien Kaiser Friedrich verbietet den Städten auf die Beschwerde Bernharts, des Propstes von Berchtesgaden, für dessen und seiner Kirche Weingärten in ihrem Gebiete zu verwüsten. Source Regest: Harry Kühnel, Stadtarchiv Krems. Urkunden 1108-1844 (Krems 1960);Friedrich III.|Probst Bernhart;friedrich_iii|probst_bernhart;nein;Rechtswesen|Religion|Wirtschaft;;StaAKr-0369
StaAKr-0368;1458 X 12;1458_10_12;nein;1458;Hadersdorf am Kamp|Schrattenthal;ja;1458 X 12, Schrattental Steffan von Eytzing begehrt von den Städten Aufklärung darüber, warum sie den Markt Hadersdorf überfallen wollten, was ganz gegen den festgesetzten Frieden sei und Antwort auf seine Zuschrift des Schaidenholzer wegen. Source Regest: Harry Kühnel, Stadtarchiv Krems. Urkunden 1108-1844 (Krems 1960);Schaidenholzer|Stephan von Eytzing;schaidenholzer_1458|stephan_von_eytzing;ja;Politik|Rechtswesen;"Ortsidentifikation unsicher: vermutlich Schrattenthal (Regest nennt ""Schrattental"") | Personenidentifikation unsicher: vermutlich Stephan von Eytzing (Regest nennt ""Eytzing"")";StaAKr-0368
StaAKr-0370;1458 X 15;1458_10_15;nein;1458;Osterhofen;nein;"1458 X 15 Johannes, Abt  von Osterhofen ersucht Richter und Rat von Krems und Stein, von der 200 Pfund großen Steuer, die des Krieges wegen auf den Hof des Klosters zu Krems gelegt wurde, etwas nachzulassen, da sie durch die Donau gelitten hätten und sonst ""merkliche Arbeit"" geleistet hätten auf Grund des Berichtes des ""Lekmaisters und Mitbruders Hans Germandl"". Ferner ersucht er, ihren Hof der Mauer wegen, die gegen die Donau gebaut werde, nicht niederzureissen. Source Regest: Harry Kühnel, Stadtarchiv Krems. Urkunden 1108-1844 (Krems 1960)";Johannes|Hans Germandl;johannes_1458|hans_germandl;nein;Politik|Religion|Stadt und Raum|Vermögen und Finanzen;;StaAKr-0370
StaAKr-0371;1458 X 27;1458_10_27;nein;1458;Wien;nein;"1458 X 27, Wien Kaiser Friedrich teilt den Städten Krems und Stein mit, daß er auf die Weinausfuhr eine Steuer gelegt habe und ordnet an, daß einige Bürger und ein Schreiber diese Steuer in Krems und Stein einheben; diese Funktionäre sind zu beeidigen. Source Regest: Harry Kühnel, Stadtarchiv Krems. Urkunden 1108-1844 (Krems 1960)";Friedrich III.;friedrich_iii;nein;Vermögen und Finanzen|Verwaltung|Wirtschaft;;StaAKr-0371
StaAKr-0372;1458 X 29;1458_10_29;nein;1458;Wien|Hadersdorf am Kamp;nein;1458 X 29, Wien Kaiser Friedrich verbietet dem Stephan Eytzinger von Eytzingen, die Städte Krems und Stein zu beschuldigen, daß Söldner mit Wissen und Willen der Städte den Markt Hadersdorf überfallen hätten und befiehlt ihm, mit Krems und Stein in Frieden zu leben. Source Regest: Harry Kühnel, Stadtarchiv Krems. Urkunden 1108-1844 (Krems 1960);Friedrich III.|Stephan von Eytzing;friedrich_iii|stephan_von_eytzing;nein;Politik|Rechtswesen;;StaAKr-0372
StaAKr-0373;1458 XI 26;1458_11_26;nein;1458;Wien|Groß-Enzersdorf;nein;1458 XI 26 Kaiser Friedrich befiehlt den Städten Krems und Stein sich aufs beste gegen Wennko von Rochmanau zu rüsten, der das Marchfeld verwüstet und ihr Volk am Monatg vor Luzie nach Groß-Enzersdorf zu senden. Source Regest: Harry Kühnel, Stadtarchiv Krems. Urkunden 1108-1844 (Krems 1960);Friedrich III.|Wennko von Rochmanau;friedrich_iii|wennko_von_rochmanau;nein;Politik|Rechtswesen;;StaAKr-0373
StaAKr-0374;1458 XII 7;1458_12_07;nein;1458;Weinzierl|Dürnstein|Rehberg bei Krems|Laufen an der Salzach;ja;"1458 XII 7 Anna, Kristan Chöllen Witwe, Bürgerin zu Krems stiftet mit Willen des Kremser Pfarrers Niklas von Lützelburg in der Veitskirche einen Altar zu Ehren der hl. Helena, Joh. D. Täufers und des Apostel Bartholomäus mit 1 Joch Weingarten am Geschpott, 3/4 Weingarten im roten Graben, 1 Joch Weingarten zu Vahenlug, 1 Joch Weingarten ge. der Kornmesser zu Rehberg. Erster Kaplan Jörg Harber. Zeugen: Maister Niklas von Lützelburg, Stephan, Hofmeister im Engelhartszellerhof in Weinzierl, Anna Klammerin, Äbtissin des Frauenklosters zu Dürnstein, Hans Hütten, Pfarrer zu Lauffen, Jörg Mülbanger, Wolfgang Hohenwarter; Rochter beider Städte; Niklas Pfleger; Mitglied des Kremser Rates. Source Regest: Harry Kühnel, Stadtarchiv Krems. Urkunden 1108-1844 (Krems 1960)";Niklas von Lützelburg|Jörg Harber|Hofmeister Stephan|Anna Klammer|Hans Hütten|Jörg Mülbanger|Wolfgang Hohenwarter|Anna Choll|Kristian Choll;niklas_von_luetzelburg|joerg_harber|hofmeister_stephan|anna_klammer|hans_huetten|joerg_muelbanger|wolfgang_hohenwarter|anna_choll|kristian_choll;ja;Religion|Vermögen und Finanzen|Wirtschaft;"Ortsidentifikation unsicher: vermutlich Laufen an der Salzach (Regest nennt ""Lauffen"") | Personenidentifikation unsicher: vermutlich Anna Choll (Regest nennt ""Anna""); vermutlich Kristian Choll (Regest nennt ""Kristan"")";StaAKr-0374
StaAKr-0375;1459 I 17;1459_01_17;nein;1459;Krems;nein;1459 I 17 Kaiser Freidrich befiehlt, das Stadtgericht zu Krems und Stein den Rat und die kaiserl. Ämter fortzuführen, damit keine Säumnis entstehe. Source Regest: Harry Kühnel, Stadtarchiv Krems. Urkunden 1108-1844 (Krems 1960);Freidrich;freidrich_1459;nein;Politik|Verwaltung;;StaAKr-0375
StaAKr-0376;1459 I 22;1459_01_22;nein;1459;Krems|Graz|Reichersberg;nein;1459 I 22, Graz Kaiser Friedrich befiehlt dem Hubmeister in Österreich Hans Mülvelder darauf zu achten, daß Richter und Rat von Krems und Stein dem Kloster Reichersberg keinen Schaden dadurch zufügen, daß sie die Bebauung ihrer Weingärten wehren. Source Regest: Harry Kühnel, Stadtarchiv Krems. Urkunden 1108-1844 (Krems 1960);Friedrich III.|Hans Mülfelder;friedrich_iii|hans_muelfelder;nein;Rechtswesen|Religion|Wirtschaft;;StaAKr-0376
StaAKr-0377;1459 II 10;1459_02_10;nein;1459;Wien;nein;1459 II 10, Wien Hans Mülvelder, Hubmeister in Österreich, befiehlt dem Auftrag des Kaisers gemäß dem Richter und Rat von Krems und Stein, den Propst von Reichersberg in der Bebauung seiner Weingärten, sowie im Baue von Mauern, Geländern und Hecken nicht zu beirren. Source Regest: Harry Kühnel, Stadtarchiv Krems. Urkunden 1108-1844 (Krems 1960);Hans Mülfelder;hans_muelfelder;nein;Rechtswesen|Wirtschaft;;StaAKr-0377
StaAKr-0378;1459 II 19;1459_02_19;nein;1459;Wiener Neustadt;nein;1459 II 19, Wr. Neustadt Kaiser Friedrich entscheidet den Streit zwischen dem Rat und Richter von Krems und Stein und Niklas von Lützelburg, Pfarrer von Krems, um die Lehenschaft der Andreas Kapelle im Herzogshof dahin, daß er befiehlt, der Rat möge das beneficium dem Erhart von Leubs geben. Source Regest: Harry Kühnel, Stadtarchiv Krems. Urkunden 1108-1844 (Krems 1960);Friedrich III.|Niklas von Lützelburg|Erhart von Leubs;friedrich_iii|niklas_von_luetzelburg|erhart_von_leubs;nein;Politik|Rechtswesen|Religion;;StaAKr-0378
StaAKr-0379;1459 III 2;1459_03_02;nein;1459;Weinzierl|Senftenberg;nein;1459 III 2, Krems Friedrich, Kaplan des Niklas-Altares in Krems, Niklas Bechberg, Mitglied des Kremser Rats, Thomas Schaffer, Bürger daselbst, Testamentsvollstrecker der Barbara, Stephans des Zebinger Witwe, verkaufen 1/2 Joch Weingarten an den Hoehenakcher dem Laurenz Stengl und seiner Frau Barbara, Richter zu Senftenberg. Zeugen: Gebhart Reutter, Pfleger zu Senftenberg, NIklas von Rechberg, Pfleger. Source Regest: Harry Kühnel, Stadtarchiv Krems. Urkunden 1108-1844 (Krems 1960);Friedrich III.|Niklas Bechberg|Thomas Schaffer|Barbara Zebinger|Stephan Zebinger|Laurenz Stengl|Barbara Stengl|Gebhart Reutter|Niklas von Rechberg;friedrich_iii|niklas_bechberg|thomas_schaffer|barbara_zebinger|stephan_zebinger|laurenz_stengl|barbara_stengl|gebhart_reutter|niklas_von_rechberg;nein;Vermögen und Finanzen|Wirtschaft;;StaAKr-0379
StaAKr-0380;1459 III 27;1459_03_27;nein;1459;Wiener Neustadt;nein;1459 III 27, Wr. Neustadt Kaiser Friedrich III. befiehlt dem Richter und Rat zu Krems auf den Bericht des Jacob Hauser hin, daß er die Steine, von dem Hause des Niklas Gmünder, das im letzten Kriege niedergerissen wurde, nicht wegführe, sondern liegen lasse. Source Regest: Harry Kühnel, Stadtarchiv Krems. Urkunden 1108-1844 (Krems 1960);Friedrich III.|Jacob Hauser|Niklas Gmünder;friedrich_iii|jacob_hauser|niklas_gmuender;nein;Rechtswesen|Stadt und Raum|Vermögen und Finanzen;;StaAKr-0380
StaAKr-0381;1459 III 31;1459_03_31;nein;1459;Wels|Lambach;nein;1459 III 31, Wels Erzherzog Albrecht befiehlt dem Richter und Rate zu Krems, die dem Abt von Lambach auf sein Haus gelegte Steuer nachzulassen. Source Regest: Harry Kühnel, Stadtarchiv Krems. Urkunden 1108-1844 (Krems 1960);Albrecht VI.;albrecht_vi;nein;Religion|Vermögen und Finanzen|Verwaltung;;StaAKr-0381
StaAKr-0382;1459 VI 4;1459_06_04;nein;1459;Wien|Korneuburg;nein;1459 VI 4, Wien Kaiser Friedrich fordert, da Ledwenko von neuem eingefallen ist, Bewaffnete von Krems auf am Mittwoch nach dem Johannestag zur Sonnenwende nach Korneuburg. Source Regest: Harry Kühnel, Stadtarchiv Krems. Urkunden 1108-1844 (Krems 1960);Friedrich III.|Ledwenko;friedrich_iii|ledwenko_1459;nein;Politik|Rechtswesen;;StaAKr-0382
StaAKr-0383;1459 VI 18;1459_06_18;nein;1459;Wien;nein;1459 VI 18, Wien Kaiser Friedrich befiehlt den Städten Krems und Stein, den Märkten und Dörfern in der Wachau in dem Feldgerichte bei Krems und den anderen daselbst Wohnhafften sich aufs beste zum Kriege zu rüsten und sich ohne Verzug unter dem Kommando des Hans Frodnacher, Pfleger von Krems ins Feld zu begeben, weil ein ungar. Einfall bevorstehe. Source Regest: Harry Kühnel, Stadtarchiv Krems. Urkunden 1108-1844 (Krems 1960);Friedrich III.|Hans Frodnacher;friedrich_iii|hans_frodnacher;nein;Politik|Verwaltung;;StaAKr-0383
StaAKr-0384;1459 IX 3;1459_09_03;nein;1459;Krems;nein;1459 IX 3, Krems Kaiser Friedrich befiehlt dem Kremser Richter, mit etlichen Ratsherrn und Werkleuten das Badhaus auf seinen Bau zu untersuchen und seiner Majestät Bericht zu erstatten. Source Regest: Harry Kühnel, Stadtarchiv Krems. Urkunden 1108-1844 (Krems 1960);Friedrich III.;friedrich_iii;nein;Gesundheit|Stadt und Raum|Verwaltung;;StaAKr-0384
StaAKr-0385;1459 IX 4;1459_09_04;nein;1459;Krems;nein;"1459 IX 4, Krems Kaiser Friedrich befiehlt allen Hauptleuten, Grafen, Herren, Ritter und Knechten, Hubmeistern, Pflegern, Burggrafen, Bürgermeistern, Landrichtern, Richtern, Räten, Bürgern, Genannten und allen anderen Ambtleuten, die Kremserr Fischer in der Donau unbeirrt fischen zu lassen, wie sie es unter fürheren Herrschern tun konnten auf Grund ihrer ""Briefe"". Source Regest: Harry Kühnel, Stadtarchiv Krems. Urkunden 1108-1844 (Krems 1960)";Friedrich III.;friedrich_iii;nein;Rechtswesen|Wirtschaft;;StaAKr-0385
StaAKr-0386;1459 XII 15;1459_12_15;nein;1459;Wien|Laa an der Thaya;nein;1459 XII 15, Wien Kaiser Friedrich III. bestätigt die Entscheidung des Streites zwischen den Bürgern von Stein, die den Umbgang des Salzes haben und den Fuhrleuten zu Krems, wegen Auflegen des Salzes in dem Umgang, die Meister Sigmund Vorschover, Pfarrer zu Laa und kais. Protonotar und Hans Mülvelder, Hubmeister in Österreich getroffen haben. Source Regest: Harry Kühnel, Stadtarchiv Krems. Urkunden 1108-1844 (Krems 1960);Friedrich III.|Sigmund Vorschover|Hans Mülfelder;friedrich_iii|sigmund_vorschover|hans_muelfelder;nein;Rechtswesen|Wirtschaft;;StaAKr-0386
StaAKr-0387;1460 I 26;1460_01_26;nein;1460;Wien;nein;1460 I 26, Wien Kaiser Friedrich bestätigt den Städten den Empfang von 300 Pfund Wr. Pf. als Teil des Pachtschillings von den Ämtern, den sie der Majestät schulden. Source Regest: Harry Kühnel, Stadtarchiv Krems. Urkunden 1108-1844 (Krems 1960);Friedrich III.;friedrich_iii;nein;Vermögen und Finanzen|Verwaltung;;StaAKr-0387
StaAKr-0388;1461 IV 15;1461_04_15;nein;1461;Wien|Gurk|Mautern an der Donau;nein;"1461 IV 15, Wien Ulrich, Bischof von Gurk, Kanzler und alle Räte des Kaisers verkünden den Städten Krems und Stein auf ihren Bericht von der Einvernahme Hollenburgs und Mauterns durch die Feinde, daß Herr Giskra von Brandis, Hauptmann, täglich mit ""merklich Volk"" eintreffen soll. Die Städte sollen in Hinkunft von den Unternehmungen der Feinde der Regierung genauen Bericht erstatten. Source Regest: Harry Kühnel, Stadtarchiv Krems. Urkunden 1108-1844 (Krems 1960)";Ulrich|Giskra von Brandis;ulrich_1461|giskra_von_brandis;nein;Politik|Rechtswesen|Verwaltung;;StaAKr-0388
StaAKr-0393;1462;1462_00_00;ja;1462;Wien;nein;1462 Verzeichnis der Hilfstruppe die Krems nach Wien sandte, zur Befreiung Friedrichs III. in der Burg und deren Verteilung. 10 Reiter, 50 Fußknechte, 3 Wagen. Source Regest: Harry Kühnel, Stadtarchiv Krems. Urkunden 1108-1844 (Krems 1960);Friedrich III.;friedrich_iii;nein;Politik|Verwaltung;Datierung unsicher: Nur Jahresangabe im Quellentext überliefert, kein exaktes Tages-/Monatsdatum.;StaAKr-0393
StaAKr-0389;1462 I 5;1462_01_05;nein;1462;Krems;nein;1462 I 5 Kaiser Friedrich III. ersucht den Richter und Rat und die Bürger von Krems, ihm zur Abfertigung der Söldner 800 Pfund zu leihen und diese seinem Rat und Kämmerer Hans Rarbacher am St. Antonstag zu geben. Source Regest: Harry Kühnel, Stadtarchiv Krems. Urkunden 1108-1844 (Krems 1960);Friedrich III.|Hans Rarbacher;friedrich_iii|hans_rarbacher;nein;Politik|Vermögen und Finanzen|Verwaltung;;StaAKr-0389
StaAKr-0390;1462 V 8;1462_05_08;nein;1462;Graz;nein;1462 V 8, Graz Kaiser Friedrich III. befiehlt dem Richter und Rat Hans Frodnacher, Pfleger zu Krems, eine schuldige Summe nach Inhalt des kais. Geschäftsbriefes zu entrichten. Source Regest: Harry Kühnel, Stadtarchiv Krems. Urkunden 1108-1844 (Krems 1960);Friedrich III.|Hans Frodnacher;friedrich_iii|hans_frodnacher;nein;Vermögen und Finanzen|Verwaltung;;StaAKr-0390
StaAKr-0391;1462 VI 30;1462_06_30;nein;1462;Maribor, Slowenien;nein;1462 VI 30, Marburg Kaiser Friedrich befiehlt dem Richter und Rat von Stein und Krems, ihre Städte in Verteidigungzustand zu setzen und von ihm nicht abzufallen. Source Regest: Harry Kühnel, Stadtarchiv Krems. Urkunden 1108-1844 (Krems 1960);Friedrich III.;friedrich_iii;nein;Politik|Verwaltung;;StaAKr-0391
StaAKr-0392;1462 XII 29;1462_12_29;nein;1462;Wiener Neustadt|Venezia|Wien;nein;"1462 XII 29, Wr. Neustadt Kaiser Friedrich III. erlaubt den Städten Krems und Stein ""mit allerlei War und Kaufmannschaft von Krems und Stein die Straßen für Zoll und durch Innerösterreich"" nach Venedig zu fahren und ihre Produkte gegen venezianische einzutauschen, in Krems oder anderswo feilzubieten, doch den Wienern, solange sie ihn als Herrn nicht anerkennen, nichts zu verkaufen und mit Maut und Zoll der Majestät zu entrichten. Source Regest: Harry Kühnel, Stadtarchiv Krems. Urkunden 1108-1844 (Krems 1960)";Friedrich III.;friedrich_iii;nein;Politik|Vermögen und Finanzen|Wirtschaft;;StaAKr-0392
StaAKr-0394;1463 I 7;1463_01_07;nein;1463;Wiener Neustadt|Wien;nein;"1463 I 7, Wr. Neustadt Kaiser Friedrich III. verleiht den Städten Krems und Stein auf Grund ihrer Dienste und ihres Beistandes gegen seine Feinde, so Herzog Albrecht, etliche Landleute und die Bürger von Wien, die ""Niderlag allerlay Kaufmannschaft"", so vormals zu Wien gewesen, mit allen Ehren, Rechten und Gerechtigkeiten, wie sie Wien besaß. Source Regest: Harry Kühnel, Stadtarchiv Krems. Urkunden 1108-1844 (Krems 1960)";Friedrich III.|Albrecht VI.;friedrich_iii|albrecht_vi;nein;Politik|Rechtswesen|Wirtschaft;;StaAKr-0394
StaAKr-0395;1463 IV 1;1463_04_01;nein;1463;Wiener Neustadt;nein;1463 IV 1, Wr. Neustadt Kaiser Friiedrich III. verleiht den Städten Krems und Stein den Doppeladler als Stadtwappen. Source Regest: Harry Kühnel, Stadtarchiv Krems. Urkunden 1108-1844 (Krems 1960);Friedrich III.;friedrich_iii;nein;Kultur|Politik;;StaAKr-0395
StaAKr-0396;1463 V 28;1463_05_28;nein;1463;Imbach|Wallsee;nein;"1463 V 28, Krems Barbara, Stephan des Zewing Witwe, schenkte 1/2 Joch Weingarten zu Imbach am Höchenaker dem Frühmeßaltar zu Krems (dzt. Kaplan Wolfgang Potemperger) zu 1 wöchentl. Messe; der Burgherr Wolfgang von Wallsee gab jedoch nicht die Erlaubnis zu dieser Stiftung; nun verkaufen die Testamentsvollstrecker Friedrich, Kaplan des Nikolaus Altares, Niklas, Pfleger und Ratsmitglied, Taman Schaffer, Bürger von Krems der Barbara diesen Weingarten, um den Erlöß kaufen sie wieder einen Weingarten, in der Frechau, gen. der ""Kuttner"" 1 1/2 Joch, der ferner beim Altar bleiben soll. Zeugen: Wolfgang Hohenwarther, Rat, Wilpold Harber, Widenrichter zu Krems. Source Regest: Harry Kühnel, Stadtarchiv Krems. Urkunden 1108-1844 (Krems 1960)";Barbara Zewing|Stephan Zewing|Wolfgang Potemperger|Wolfgang von Wallsee|Kaplan Friedrich|Pfleger Niklas|Taman Schaffer|Wolfgang Hohenwarther|Wilpold Harber;barbara_zewing|stephan_zewing|wolfgang_potemperger|wolfgang_von_wallsee|kaplan_friedrich|pfleger_niklas|taman_schaffer|wolfgang_hohenwarter|wipold_harber;nein;Religion|Vermögen und Finanzen|Wirtschaft;;StaAKr-0396
StaAKr-0397;1463 VI 15;1463_06_15;nein;1463;Wiener Neustadt|Wien;nein;1463 VI 15, Wr. Neustadt Kaiser Friedrich verleiht Krems und Stein für ihre Treue das Recht der Münzprägung mit der Hausgenossenschaft, wie sie zu Wien bestand. Source Regest: Harry Kühnel, Stadtarchiv Krems. Urkunden 1108-1844 (Krems 1960);Friedrich III.;friedrich_iii;nein;Politik|Vermögen und Finanzen|Wirtschaft;;StaAKr-0397
StaAKr-0398;1463 VI 15;1463_06_15;nein;1463;Wiener Neustadt|Wien;nein;"1463 VI 15, Wr. Neustadt Kaiser Friedrich erteilt den Städten Krems und Stein wegen ihres "" getreuen Beistandes"" besonders als er jüngst mit seiner Gemahlin u. seinem Sohn in der Wiener Burg von den Wiener Bürgern bedrängt wurde, die Erlaubnis, zwischen beiden Städten Häuser bauen zu dürfen, die 12 Jahre steuerfrei sein sollen. Source Regest: Harry Kühnel, Stadtarchiv Krems. Urkunden 1108-1844 (Krems 1960)";Friedrich III.;friedrich_iii;nein;Politik|Stadt und Raum|Vermögen und Finanzen;;StaAKr-0398
StaAKr-0875;1463 VI 15;1463_06_15;nein;1463;Wiener Neustadt;nein;1463 VI 15, Wr. Neustadt Kaiser Friedrich III. verleiht den Städten Krems und Stein das Münzrecht, wie es die Wiener Hausgenossen besitzen.;Friedrich III.;friedrich_iii;nein;Politik|Vermögen und Finanzen|Wirtschaft;;StaAKr-0875
StaAKr-0399;1463 VI 17;1463_06_17;nein;1463;Wien|Mautern an der Donau;nein;1463 VI 17 Kaiser Friedrich bewilligt den Städten Krems und Stein den Bau einer neuen Brücke über die Donau mit allen Rechten der Wiener Donaubrücke: die Brücke solle von Mautern erhalten werden und die Hälfte der Gefälle dem Herrscher gegeben werden. Derselbe hat auch das Ernennungsrecht der Brückenbeamten. Source Regest: Harry Kühnel, Stadtarchiv Krems. Urkunden 1108-1844 (Krems 1960);Friedrich III.;friedrich_iii;nein;Politik|Stadt und Raum|Vermögen und Finanzen|Verwaltung|Wirtschaft;;StaAKr-0399
StaAKr-0400;1464 II17;1464_02_17;nein;1464;Wiener Neustadt;nein;1464 II17, Wr. Neustadt Kaiser Friedrich teilt dem Bürgermeister, Richter und Rat von Krems und Stein mit, daß er dem Zdenko von Sternberg, oberster Hauptmann in Österreich unter der Enns befohlen habe, die Einkünfte aus den Städten, die er ihm zur Kriegsführung überwiesen hatte, wieder frei zu geben und befiehlt beiden Städten, wieder nur ihm die Gelder zu geben. Source Regest: Harry Kühnel, Stadtarchiv Krems. Urkunden 1108-1844 (Krems 1960);Friedrich III.|Zdenko von Sternberg;friedrich_iii|zdenko_von_sternberg;nein;Politik|Vermögen und Finanzen|Verwaltung;;StaAKr-0400
StaAKr-0401;1464 III 16;1464_03_16;nein;1464;Krems;nein;1464 III 16, Krems Anna, Kristan des Kollen Witwe, Bürgerin zu Krems, hat mit Erlaubnis des Kremser Pfarrers Niklas von Lützelburg durch eine Stiftung den Altar St. Helena, St. Johann Ev. und Apostel Bartholomäus neu erbaut und sich die Lehenschaft über ihre Stiftung vorbehalten und Hans Stikler verliehen. Nach dem Tode ihres Sohnes soll die Lehenschaft jedoch auf den Richter und Rat der Stadt Krems übergehen. Zeugen: Friedrich, Graf zu Hohenloe und zu Zigenhann, Pfarrer zu Krems, Konrad Wurm, Prior des Klosters zu Krems. Source Regest: Harry Kühnel, Stadtarchiv Krems. Urkunden 1108-1844 (Krems 1960);Niklas von Lützelburg|Hans Stikler|Graf Friedrich|Konrad Wurm|Kristian Choll|Anna Choll;niklas_von_luetzelburg|hans_stikler|graf_friedrich|konrad_wurm|kristian_choll|anna_choll;ja;Religion|Vermögen und Finanzen;"Personenidentifikation unsicher: vermutlich Kristian Choll (Regest nennt ""Kristan""); vermutlich Anna Choll (Regest nennt ""Anna"")";StaAKr-0401
StaAKr-0402;1464 X 18;1464_10_18;nein;1464;Wiener Neustadt|Korneuburg;nein;"1464 X 18, Wr. Neustadt Auf dem letzten Landtage zu Korneuburg wurde in Österreich unter der Enns eine ""gemeine Landsteuer"" von je 20 Pfund bewilligt und angeordnet, diese dem Jörg von Volkerstorff zu übermitteln. Nun hat Kaiser Friedrich dem Zdenko von Sternberg die Zahlung einer größeren Summer versprochen, ""damit Land und Leute besser in Frieden und Ruhe blieben"". Friedrich III befiehlt den Städten Krems und Stein, 400 Gulden unverzüglich dem Jörg von Volkerstorff für Sternberg zu senden, die ihnen von der Landsteuer abgezogen werden. Source Regest: Harry Kühnel, Stadtarchiv Krems. Urkunden 1108-1844 (Krems 1960)";Friedrich III.|Jörg von Volkerstorff|Zdenko von Sternberg;friedrich_iii|joerg_von_volkestorf|zdenko_von_sternberg;nein;Politik|Vermögen und Finanzen|Verwaltung;;StaAKr-0402
StaAKr-0403;1464 X 19;1464_10_19;nein;1464;Wiener Neustadt|Gaming;nein;1464 X 19, Wr. Neustadt Kaiser Friedrich III. befiehlt den Städten Krems und Stein, dem Prior und Konvent zu Gaming, die seit 3 Jahren nicht entrichteten jährl. 4 Mut Weizen vom Getreidezehent zu geben, die sie im Sinne der Stiftsbriefe verwenden sollen. Source Regest: Harry Kühnel, Stadtarchiv Krems. Urkunden 1108-1844 (Krems 1960);Friedrich III.;friedrich_iii;nein;Rechtswesen|Religion|Wirtschaft;;StaAKr-0403
StaAKr-0404;1466 III 7;1466_03_07;nein;1466;Imbach;nein;1466 III 7, Imbach Barbara, Priorin zu Imbach und der Konvent daselbst bitten die Städte Krems und Stein ihnen wegen Getreidemangel den schuldigen jährl. Mut Waizen aus dem Kasten zu geben. Source Regest: Harry Kühnel, Stadtarchiv Krems. Urkunden 1108-1844 (Krems 1960);Priorin Barbara;priorin_barbara;nein;Religion|Soziales Leben|Wirtschaft;;StaAKr-0404
StaAKr-0405;1467 II 13;1467_02_13;nein;1467;Grafenegg;nein;1467 II 13, Krems Ulrich Freiherr von Gravenegk, oberster Feldhauptmann in Österreich quittiert den Städten Krems und Stein die Zahlung von 112 Pfund. Source Regest: Harry Kühnel, Stadtarchiv Krems. Urkunden 1108-1844 (Krems 1960);Ulrich Freiherr von Grafenegg;ulrich_freiherr_von_grafenegg;nein;Politik|Vermögen und Finanzen;;StaAKr-0405
StaAKr-0406;1467 X 27;1467_10_27;nein;1467;Melk;nein;1467 X 27, Melk Ulrich Freiherr von Graffenekch quittiert den Städten Krems und Stein die Zahlung von 100 Pfund als Schatzsteuer und Sold, die sie dem Hilleprantt und dem Startzhausser gegeben haben. Source Regest: Harry Kühnel, Stadtarchiv Krems. Urkunden 1108-1844 (Krems 1960);Ulrich Freiherr von Grafenegg|Hilleprantt|Startzhausser;ulrich_freiherr_von_grafenegg|hilleprantt_1467|startzhausser_1467;nein;Vermögen und Finanzen|Verwaltung;;StaAKr-0406
StaAKr-0407;1467 XI 7;1467_11_07;nein;1467;Sankt Pölten;nein;1467 XI 7, St. Pölten Ulrich Freiherr von Gravenegk quittiert Krems und Stein die Zahlung von 200 Pfund als Schatzsteuer und Sold. Source Regest: Harry Kühnel, Stadtarchiv Krems. Urkunden 1108-1844 (Krems 1960);Ulrich Freiherr von Grafenegg;ulrich_freiherr_von_grafenegg;nein;Politik|Vermögen und Finanzen;;StaAKr-0407
StaAKr-0408;1467 XI 14;1467_11_14;nein;1467;Krems;nein;1467 XI 14, Krems Ulrich von Gravenegk quittiert den Städten Krems und Stein die Zahlung einer Schatzsteuer von 100 Pfund. Source Regest: Harry Kühnel, Stadtarchiv Krems. Urkunden 1108-1844 (Krems 1960);Ulrich Freiherr von Grafenegg;ulrich_freiherr_von_grafenegg;nein;Vermögen und Finanzen|Verwaltung;;StaAKr-0408
StaAKr-0409;1467 XII 24;1467_12_24;nein;1467;Steyr;nein;1467 XII 24, Steyr Ulrich von Grafenegk quittiert Krems und Stein die Zahlung von 200 Pfund zur Bezahlung der Söldner. Source Regest: Harry Kühnel, Stadtarchiv Krems. Urkunden 1108-1844 (Krems 1960);Ulrich Freiherr von Grafenegg;ulrich_freiherr_von_grafenegg;nein;Politik|Vermögen und Finanzen;;StaAKr-0409
StaAKr-0412;1468 I 11;1468_01_11;nein;1468;Ybbs an der Donau;nein;1468 I 11, Säusenstein Ulrich Freiherr zu Grafennek, oberster Feldhauptmann quittiert den Städten Krems und Stein die Zahlung von 100 Pfund zur Aushaltung der Söldner. Source Regest: Harry Kühnel, Stadtarchiv Krems. Urkunden 1108-1844 (Krems 1960);Ulrich Freiherr von Grafenegg;ulrich_freiherr_von_grafenegg;nein;Politik|Vermögen und Finanzen;;StaAKr-0412
StaAKr-0410;1468 I 19;1468_01_19;nein;1468;Wiener Neustadt|Grafenegg|Wien;nein;"1468 I 19, Wr. Neustadt Kaiser Friedrich ernennt Ulrich Freiherr zu Grafenegk zum Feldhauptmann gegen den von Böhmen und Mähren heranrückenden Feind. Zur Kriegsführung überlässt er ihm die Einkünfte der Länder ob und unter der Enns. Er befiehlt Krems und Stein, die Abgaben dem Ulrich von Grafenegk oder dem Conrad Holtzler und Merttn Burger, Bürger zu Wien zu entrichten und auch dem Kaiserl. Rat Jörg von Volkestorf, wenn er sie fordert, über die Stadt- und Landsteuer ""raittung"" zu tun. Source Regest: Harry Kühnel, Stadtarchiv Krems. Urkunden 1108-1844 (Krems 1960)";Friedrich III.|Ulrich Freiherr zu Grafenegk|Conrad Holtzler|Merttn Burger|Jörg von Volkestorf;friedrich_iii|ulrich_freiherr_zu_grafenegk|conrad_holtzler|merttn_burger|joerg_von_volkestorf;nein;Politik|Vermögen und Finanzen|Verwaltung;;StaAKr-0410
StaAKr-0411;1468 I 23;1468_01_23;nein;1468;Krems;nein;"1468 I 23, Stein Die Gemeinde Stein berichtet der Majestät, wie Ritter Jobst Hauser, Pfleger zu Krems, die Befestigung Stein in elendem Zustand gefunden habe; ferner liegen viele Häuser öd, das Gewerbe liegt infolge der Kriege darnieder, die Leute wandern aus, die Stadt verödet; die Majestät möge Sorgen, daß diesen Zuständen Abhilfe geschaffen werde. Source Regest: Harry Kühnel, Stadtarchiv Krems. Urkunden 1108-1844 (Krems 1960)";Jobst Hauser;jobst_hauser;nein;Bevölkerung und Bevölkerungsgruppen|Politik|Stadt und Raum|Verwaltung|Wirtschaft;;StaAKr-0411
StaAKr-0413;1468 III 14;1468_03_14;nein;1468;Krems;nein;1468 III 14, Krems Ulrich Freiherr zu Gravenegk quittiert Krems und Stein die Zahlung von 312 Pfund. Source Regest: Harry Kühnel, Stadtarchiv Krems. Urkunden 1108-1844 (Krems 1960);Ulrich Freiherr von Grafenegg;ulrich_freiherr_von_grafenegg;nein;Vermögen und Finanzen;;StaAKr-0413
StaAKr-0414;1468 VII 10;1468_07_10;nein;1468;Ybbs an der Donau;nein;1468 VII 10, Ybbs Ulrich Freiherr zu Gravenegk quittiert den Städten Krems und Stein die Zahlung von 312 Pfund Steuern an thylipranten Wolff und Startzhauser. Source Regest: Harry Kühnel, Stadtarchiv Krems. Urkunden 1108-1844 (Krems 1960);Ulrich Freiherr von Grafenegg|Thylipranten Wolff;ulrich_freiherr_von_grafenegg|thylipranten_wolff;nein;Vermögen und Finanzen|Verwaltung;;StaAKr-0414
StaAKr-0415;1468 VII 21;1468_07_21;nein;1468;Krems;nein;1468 VII 21, Krems Ulrich Freiherr zu Grafennekch quittiert Krems und Stein die Zahlung von 9 Pfund. Source Regest: Harry Kühnel, Stadtarchiv Krems. Urkunden 1108-1844 (Krems 1960);Ulrich Freiherr von Grafenegg;ulrich_freiherr_von_grafenegg;nein;Vermögen und Finanzen;;StaAKr-0415
StAK-UrkKr-0416;1468 IX 21;1468_09_21;nein;1468;Graz;nein;1468 IX 21, Graz ( ze Gre?tz ) Kaiser Friedrich [III.] befiehlt ( Emphelhen ... und wellen ) den Ersamen weisen Bürgermeister, Richter und Rat von Krems und Stein ( zu Krembs und Stain ) sowie allen Nachfolgern, Personen, die aus den Städten Krems und Stein fortziehen, anzuhalten, ihre Häuser entweder zu verpachten ( Stiften und besetzen ) oder zu verkaufen und nicht öd liegen zu lassen sowie alle Ausstände zu bezahlen, nachdem er erfahren hat, dass viele Bürger aus den Städten wegziehen und ihre Häuser leer ( o?d ) bleiben und sie diese nicht verpachten ( stiften ) oder verkaufen und die Geldschulden, die sie bei anderen Bürgern in den Städten gemacht haben, nicht bezahlen ( nichts geben noch die helffen wellen zu bezalln ), weshalb die Städte in Not ( merckhlich verderben ) und fast verödet sind, was dem Aussteller missfällt. Tun die Fortziehenden das nicht, müssen die Empfänger die Häuser verkaufen, damit die Städte nicht veröden ( ganntz in abnehmen komen ). Siegler: der Aussteller. Quelle Regest: Stadtarchiv Krems, 2020.;Friedrich III.;friedrich_iii;nein;Bevölkerung und Bevölkerungsgruppen|Stadt und Raum|Vermögen und Finanzen|Verwaltung;;StAK-UrkKr-0416
StaAKr-0417;1468 IX 22;1468_09_22;nein;1468;Graz;nein;1468 IX 22, Graz Kaiser Friedrich quittiert den Städten Krems und Stein die Zahlung aller Steuern von den Jahren 1455 - 1468 nach dem Bericht der Räte. Dennoch bleibt noch eine Schuld von 1018 Pfund 40 Pfen. Source Regest: Harry Kühnel, Stadtarchiv Krems. Urkunden 1108-1844 (Krems 1960);Friedrich III.;friedrich_iii;nein;Vermögen und Finanzen|Verwaltung;;StaAKr-0417
StaAKr-0418;1469 XI 14;1469_11_14;nein;1469;Krems;nein;1469 XI 14, Krems Koloman Rebel der Kramer, Bürger zu Wien, verkauft als Vormund Genannter in einer Erbschaftssache 3/4 Weingarten im Mortal, das Handel (dem Spitalmeister jährl. 15 St. Michel Burgrecht) Heinrich Stökchl, Richter beider Städte. Source Regest: Harry Kühnel, Stadtarchiv Krems. Urkunden 1108-1844 (Krems 1960);Koloman Rebel|Heinrich Stökchl;koloman_rebel|heinrich_stoekchl;nein;Rechtswesen|Vermögen und Finanzen|Wirtschaft;;StaAKr-0418
StaAKr-0419;1470 IV 18;1470_04_18;nein;1470;Wien|Freistadt im Mühlviertel|Weißenkirchen in der Wachau|Freising;nein;"1470 IV 18 Barbara, Andre des Viechtenstamers Tochter, Hans Sparmays Witwe, jetzt wiederverehelicht mit Hans Reyffendorffer, Freistadt, vermacht diesem 150 Pfund, die auf einem Weingarten in Weissenkirchen, gen. der ""Ferber"" liegen (Burgrecht 12 Pf. In den Hof des Bischofs von Freising), wenn sie früher als ihr Mann sterben sollte. Zeugen: Wolfgang Holzleytter, Bürger und Rat zur Freynnstat, Leonartt Leyttner, Bürger daselbst. Source Regest: Harry Kühnel, Stadtarchiv Krems. Urkunden 1108-1844 (Krems 1960)";Barbara Sparmays|Andre Viechtenstamer|Hans Sparmays|Hans Reyffendorffer|Wolfgang Holzleytter|Leonartt Leyttner;barbara_sparmays|andre_viechtenstamer|hans_sparmays|hans_reyffendorffer|wolfgang_holzleytter|leonartt_leyttner;nein;Bevölkerung und Bevölkerungsgruppen|Vermögen und Finanzen|Wirtschaft;;StaAKr-0419
StAK-Stein-2016;1470 IV 24;1470_04_24;nein;1470;Krems|Stein|Blindenberg;nein;"Wernhart Karlinger, Bürgermeister von Krems und Stein und seine Hausfrau Martha stiftem zum Lob der Hl. Dreifaltigkeit fünf ewige Wochenmessen ""in Unnser lieben Frawen kirchen Auff dem Plintperg"" mit Zustimmung des Pfarrers zu Stein, Konrad Lindenfels.";Wernhart Karlinger|Martha Karlinger|Konrad Lindenfels;bernhard_karlinger|martha_karlinger|konrad_lindenfels;nein;Religion|Vermögen und Finanzen;;StAK-Stein-2016
StAK-Stein-2017;1470 XII 10/20;1470_12_10;ja;1470;Stein;nein;"Dorothe, Witwe des Andre des Schilcher, Bürger zu Stein, verkauft ihr Haus genannt den ""grashoff"" an die Stadt Stein.";Dorothe Schilcher|Andre Schilcher;dorothe_schilcher|andre_schilcher;nein;Stadt und Raum|Vermögen und Finanzen;Datierung unsicher: Zwei mögliche Lesarten des Tagesdatums überliefert (10. oder 20. Dezember).;StAK-Stein-2017
StaAKr-0426;1471;1471_00_00;ja;1471;Krems;nein;"1471, Krems Konzept der Städte Krems und Stein auf die Aufforderung des Kaisers, den Geldfund abzuliefern: zu dem Spital in der Stadt - ein ehem. Judenhaus - wurde ein Gebäude, gleichfalls früher ein Judenhaus dazugekauft; letzteres wurde adaptiert und bei den Arbeiten eine Flasche mit Geld gefunden. Da das Spital in Not sei, bäten sie die Majestät, diesen Fund für den Spitalsbau zu spenden. Auch bitten sie die Bestandsumme der Ämter herabzusetzen. Source Regest: Harry Kühnel, Stadtarchiv Krems. Urkunden 1108-1844 (Krems 1960)";;;nein;Religion|Soziales Leben|Stadt und Raum|Vermögen und Finanzen;Datierung unsicher: Nur Jahresangabe im Quellentext überliefert, kein exaktes Tages-/Monatsdatum.;StaAKr-0426
StaAKr-0420;1471 V 10;1471_05_10;nein;1471;Rehberg bei Krems;nein;"1471 V 10, Krems Paul beim Prunn in den Hofsteten zu Mimpach und seine Frau Barbara beurkunden für sich und ihre Tochter Kathrein und für Wolfgang, des Sweintzers Sohn, weiland Bürger zu Krems, dessen sie sich annehmen, daß sie einen Weingarten zu Rehberg, gen. die ""mersdorfferin"" von der Stadt Krems auf Lebenszeit zu Lehen nehmen. Zeugen: Jakob Walkcham, Wiltpolt Harber zu Mimpach. Source Regest: Harry Kühnel, Stadtarchiv Krems. Urkunden 1108-1844 (Krems 1960)";Paul Brunn|Barbara Brunn|Kathrein Brunn|Wolfgang Sweintzer|Jakob Walkcham|Wiltpolt Harber;paul_brunn|barbara_brunn|kathrein_brunn|wolfgang_sweintzer|jakob_walkcham|wipold_harber;nein;Stadt und Raum|Vermögen und Finanzen|Wirtschaft;;StaAKr-0420
StaAKr-0421;1471 V 20;1471_05_20;nein;1471;Graz;nein;1471 V 20, Graz Kaiser Friedrich III. befiehlt dem Bürgermeister und Rate zu Stein und Krems und Prener, dem Spitalmeister, das in einer Zinnflasche in einem Judenhaus gefundene Gold und die Gulden seien unverzüglich abzuliefern. Source Regest: Harry Kühnel, Stadtarchiv Krems. Urkunden 1108-1844 (Krems 1960);Friedrich III.|Spitalmeister Prener;friedrich_iii|spitalmeister_prener;nein;Rechtswesen|Religion|Vermögen und Finanzen;;StaAKr-0421
StaAKr-0422;1471 VI 10;1471_06_10;nein;1471;Krems|Regensburg|Laxenburg;nein;"1471 VI 10, Regensburg Kaiser Friedrich befiehlt dem Bürgermeister, Richter und Rat von Krems und Stein, das Gold und 400 Gulden von den gefundenen 550 Gulden, wovon die Städte nur das Gold dem Conrad Holtzler, Pfleger zu Lachsenburg, gegeben hatten, die 550 fl. aber zum Bau des Spitals gebrauchten, abzuliefern; die restlichen 150 fl. könnten sie zum Spitalsbau verwenden. Auch den Findern sollten sie eine Prämie aussetzen. Source Regest: Harry Kühnel, Stadtarchiv Krems. Urkunden 1108-1844 (Krems 1960)";Friedrich III.|Conrad Holtzler;friedrich_iii|conrad_holtzler;nein;Rechtswesen|Soziales Leben|Vermögen und Finanzen|Verwaltung;;StaAKr-0422
StaAKr-0423;1471 VII 23;1471_07_23;nein;1471;Krems|Wien;ja;"1471 VII 23, Wien Von den Städten Krems und Stein werden Deputierte auf einen Landtag auf den St. Laurenztag nach Wien gefordert, der beraten soll, wie der Landesnot abzuhelfen sei. Inliegend ein Zettel mit der Meldung, daß ""der von Frau und Herrn Steffan von Jennyg mit dem Land auf eine Zeit Frieden geschlossen haben"". Source Regest: Harry Kühnel, Stadtarchiv Krems. Urkunden 1108-1844 (Krems 1960)";Steffan von Jennyg;steffan_von_jennyg;nein;Politik|Verwaltung;"Ortsidentifikation unsicher: vermutlich Jennyberg (Regest nennt ""Jennyg"")";StaAKr-0423
StaAKr-0424;1471 VIII 26;1471_08_26;nein;1471;Wien;nein;"1471 VIII 26, Wien Kaiser Friedrich befiehlt den Städten Krems und Stein darauf zu achten, daß die Fischer auf der Donau keine ""heurigen Fische"" bis auf Michaeli fangen im Burgfrieden der Städte, daß keine ""Öhrich"" (Wehren) im Strome gebaut werden, ""damit die Wasser wiederum zu Fischen können""; wer dieser Anordnung zuwiderhandelt, soll ""an Leib und Gut"" gestraft werden, wie der letzte Landtag bestimmt hat. Source Regest: Harry Kühnel, Stadtarchiv Krems. Urkunden 1108-1844 (Krems 1960)";Friedrich III.;friedrich_iii;nein;Rechtswesen|Stadt und Raum|Wirtschaft;;StaAKr-0424
StaAKr-0425;1471 VIII 31;1471_08_31;nein;1471;Lengenfeld|Absdorf|Passau|Droß;nein;"1471 VIII 31 Kristoff Schad Lengenfeld verkauft den Getreide- , Saffran- und Weinzehent zu ""Abbtsdorff underhalb des Wagram"", den er von Passau zu Lehen hat und seine beiden Holden daselbst, dem Peter Seuser und Nikl Pykl, dem Edlen ""Pernharttenn Müllfelder zu Droß"" und seiner Frau Margaretha und der Edlen Kathrein der Wielanntin, Steffan des Tanner Witwe und deren Erben. Zeugen: der Verkäufer, Kristoff Aschperinger, Hans Parauer. Source Regest: Harry Kühnel, Stadtarchiv Krems. Urkunden 1108-1844 (Krems 1960)";Peter Seuser|Nikl Pykl|Kathrein Wielannt|Steffan Tanner|Kristoff Aschperinger|Hans Parauer|Kristoff Schad|Bernhard Mülfelder|Margaretha Mülfelder;peter_seuser|nikl_pykl|kathrein_wielannt|steffan_tanner|kristoff_aschperinger|hans_parauer|kristoff_schad|bernhard_muelfelder|margaretha_muelfelder;ja;Vermögen und Finanzen|Wirtschaft;"Personenidentifikation unsicher: vermutlich Kristoff Schad (Regest nennt ""Kristoff""); vermutlich Bernhard Mülfelder (Regest nennt ""Müllfelder""); vermutlich Margaretha Mülfelder (Regest nennt ""Margaretha"")";StaAKr-0425
StaAKr-0427;1472 I 13;1472_01_13;nein;1472;Langenlois;nein;1472 I 13, Langenlois Richter un Rat von Leubs teilen Bürgermeister, Richter und Rat von Krems und Stein mit, daß sie einen Wagenknecht, der einen Hauer ermordet hat, dem Stadtgericht einliefern werden und bitten um Weisungen bezüglich der Bestattung des Leichnams. Source Regest: Harry Kühnel, Stadtarchiv Krems. Urkunden 1108-1844 (Krems 1960);;;nein;Rechtswesen|Verwaltung;;StaAKr-0427
StaAKr-0428;1473 IV 24;1473_04_24;nein;1473;Absdorf|Passau|Droß;nein;"1473 IV 24 Pernhart Mülfelder zu Droß verkauft seinen halben Getreide-, Saffran- und Weinzehent zu ""Abbtstorf underhalb des Wagram"" ein Lehen von Ulrich Bischof von Passau, ferner die Hälfte seiner beiden Holden daselbst, Peter Seuser und Nicel Pichel, der edlen Frau Kathrein der Wielanntin, Steffan des Tunner Witwe. Zeugen: der Verkäufer, Hans Zerne, Ulrich Has. Source Regest: Harry Kühnel, Stadtarchiv Krems. Urkunden 1108-1844 (Krems 1960)";Bischof Ulrich|Hans Zerne|Ulrich Has|Peter Seuser|Nicel Pichel|Bernhard Mülfelder|Kathrein Wielannt|Steffan Tanner;bischof_ulrich|hans_zerne|ulrich_has|peter_seuser|nicel_pichel|bernhard_muelfelder|kathrein_wielannt|steffan_tanner;ja;Vermögen und Finanzen|Wirtschaft;"Personenidentifikation unsicher: vermutlich Bernhard Mülfelder (Regest nennt ""Mülfelder""); vermutlich Kathrein Wielannt (Regest nennt ""Kathrein""); vermutlich Steffan Tanner (Regest nennt ""Steffan"")";StaAKr-0428
StaAKr-0429;1474 V 17;1474_05_17;nein;1474;Wien|Eggenburg;nein;"1474 V 17, Wien Die beiden Städte werden gegen Jan von der Constat und Zelem Dopowitz aufgeboten; sie sollten nach Eggenburg ziehen, wo auch der Hauptmann Sittich von Zedwitz sei. Source Regest: Harry Kühnel, Stadtarchiv Krems. Urkunden 1108-1844 (Krems 1960)";Jan von Cunstat|Zelem Dopowitz|Sittich von Zedwitz;jan_von_cunstat|zelem_dopowitz|sittich_von_zedwitz;nein;Politik|Rechtswesen;;StaAKr-0429
StaAKr-0430;1474 V 24;1474_05_24;nein;1474;Wien;nein;1474 V 24, Wien Den säumigen Städten wird nochmals befohlen, ihre Truppen dem Sittich von Zedwitz zuzuschicken. Source Regest: Harry Kühnel, Stadtarchiv Krems. Urkunden 1108-1844 (Krems 1960);Sittich von Zedwitz;sittich_von_zedwitz;nein;Politik|Verwaltung;;StaAKr-0430
StaAKr-0431;1474 IX 15;1474_09_15;nein;1474;Wien;nein;1474 IX 15, Wien Die Räte befehlen den Städten, dem Sigmund von Eytzing ein Viertel der jährl. Steuern zur Bezahlung der Söldner zu geben. Source Regest: Harry Kühnel, Stadtarchiv Krems. Urkunden 1108-1844 (Krems 1960);Sigmund von Eytzing;sigmund_von_eytzing;nein;Vermögen und Finanzen|Verwaltung;;StaAKr-0431
StaAKr-0432;1475 V 27;1475_05_27;nein;1475;Wien|Krems|Hardegg;ja;"1475 V 27, Wien Die Städte werden gegen die Feinde aufgeboten und ihre Truppen dem Steffan von Eytzing unterstellt. Michel Burggraf zu Maidburg und Graf zu Hardegk, Landmarschall, Stephan von Eytzing, Hauptmann in Österreich. Inliegend ein Schreiben mit dem Befehl, die Truppen zu schicken, wenn es der Hauptmann befiehlt; ferner soll ein jeder ""Gastegeber"" seine Gäste ""alle Nacht"" dem Richter angeben (bei Strafe); wer zum Feind übergeht, dessen Frau muss die Stadt verlassen. Die Bewohner haben ihre Häuser gegen Feuer zu schützen, durch Aufstellen von Wasserbehältern. Source Regest: Harry Kühnel, Stadtarchiv Krems. Urkunden 1108-1844 (Krems 1960)";Burggraf Michael|Stephan von Eytzing;burggraf_michel|stephan_von_eytzing;nein;Politik|Rechtswesen|Stadt und Raum;"Ortsidentifikation unsicher: vermutlich Hardegg (Regest nennt ""Hardegk"")";StaAKr-0432
StaAKr-0433;1475 X 17;1475_10_17;nein;1475;Steyr;nein;1475 X 17, Steyr Bericht des Ulrich Schnider über eine Audienz bei Kaiser Friedrich III., in der er für die Städte um Volk und Büchsenmeister bittet. Source Regest: Harry Kühnel, Stadtarchiv Krems. Urkunden 1108-1844 (Krems 1960);Friedrich III.|Ulrich Schneider;friedrich_iii|ulrich_schneider;ja;Politik|Verwaltung;"Personenidentifikation unsicher: vermutlich Ulrich Schneider (Regest nennt ""Ulrich"")";StaAKr-0433
StaAKr-0434;1475 XII 18;1475_12_18;nein;1475;Rom, Italien;nein;1475 XII 18, Rom Ablaßbrief der Kardinäle Stephanus und Ausias für den Sebastiani- und Antoni - Altar in der Antoniuskirche zu Krems. Source Regest: Harry Kühnel, Stadtarchiv Krems. Urkunden 1108-1844 (Krems 1960);Kardinal Stephanus|Kardinal Ausias;kardinal_stephanus|kardinal_ausias;nein;Religion;;StaAKr-0434
StaAKr-0435;1476 IX 29;1476_09_29;nein;1476;Garsten;nein;"1476 IX 29, Krems Steffan Preuer, Rat und Spitalmeister zu Krems verkauft einen dem Spital gehörigen Hof ""undern Hafnern bey des Hertzogen Tor und stosst mit der Hindernseitten an die Stadtmaur"", der baufällig geworden war, ohne die dazugehörige Andreaskapelle, Benedikt, Abt zu Gersten ? und dem Konvent. Zeugen: Spital zu Krems, Richter und Rat von Krems und Stein. Source Regest: Harry Kühnel, Stadtarchiv Krems. Urkunden 1108-1844 (Krems 1960)";Steffan Preuer|Abt Benedikt;steffan_preuer|abt_benedikt;nein;Religion|Soziales Leben|Stadt und Raum|Vermögen und Finanzen;;StaAKr-0435
StaAKr-0436;1476 IX 30;1476_09_30;nein;1476;Garsten;nein;"1476 IX 30, Garsten Bendedikt, Abt von Garsten und der Konvent verpflichten sich, vom Herzoghof, den sie vom Spital gekauft haben, 60 Pf. jährl. dem Spital zu dienen, 4 Pfund der Stadt Krems; im Falle eines Wiederkaufes sollten sie den Hof zuerst den Städten anbieten. Source Regest: Harry Kühnel, Stadtarchiv Krems. Urkunden 1108-1844 (Krems 1960)";Abt Bendedikt;abt_benedikt;nein;Soziales Leben|Vermögen und Finanzen|Wirtschaft;;StaAKr-0436
StAK-Stein-2019;1478 VI 29;1478_06_29;nein;1478;Stein;nein;"Kaiser Friedrich III. bestätigt der Stadt Stein alle ""gnad und Freyhait"" und daß das Hallische Salz in Stein niedergelegt werden muß.";Friedrich III.;friedrich_iii;nein;Politik|Vermögen und Finanzen|Wirtschaft;;StAK-Stein-2019
StaAKr-0437;1478 VIII 28;1478_08_28;nein;1478;Graz;nein;"1478 VIII 28, Graz Kaiser Friedrich III. übergibt der Stadt Krems sein Schloß daselbst und das Feldgericht ""pflegweis"" bis auf Widerruf und befiehlt, jene Abgaben dafür zu leisten, wie früher dem Jobst Hauser, Pfelger allda. Source Regest: Harry Kühnel, Stadtarchiv Krems. Urkunden 1108-1844 (Krems 1960)";Friedrich III.|Jobst Hauser;friedrich_iii|jobst_hauser;nein;Rechtswesen|Vermögen und Finanzen|Verwaltung;;StaAKr-0437
StaAKr-0438;1478 XI 27;1478_11_27;nein;1478;Graz;nein;1478 XI 27, Graz Kaiser Friedrich befiehlt den Städten Krems und Stein, dem Walhasarn Egkenperger, Bürger zu Graz, 675 Pfund, die ihm die Fleischhacker zu Krems und Stein schulden, sofort zu bezahlen. Source Regest: Harry Kühnel, Stadtarchiv Krems. Urkunden 1108-1844 (Krems 1960);Friedrich III.|Walhasarn Egkenperger;friedrich_iii|walhasarn_egkenperger;nein;Rechtswesen|Vermögen und Finanzen|Wirtschaft;;StaAKr-0438
StaAKr-0439;1479 II 11;1479_02_11;nein;1479;Graz;nein;1479 II 11, Graz Kaiser Friedrich III. überläßt den Städten Krems und Stein für das Jahr 1479 das Gericht, Kastenmaut und Zoll um 1200 Pfund. Source Regest: Harry Kühnel, Stadtarchiv Krems. Urkunden 1108-1844 (Krems 1960);Friedrich III.;friedrich_iii;nein;Rechtswesen|Vermögen und Finanzen|Verwaltung|Wirtschaft;;StaAKr-0439
StaAKr-0440;1479 VII 29;1479_07_29;nein;1479;Wien|Wiener Neustadt;nein;1479 VII 29, Wien Haug, Graf zu Werdenberg und zum Heiligenperg, oberster Hauptmann befiehlt dem Richter und Rat zu Krems, beim Transport eines Grabsteines für den Kaiser Friedrich III. nach  Wr. Neustadt behilflich zu sein. Source Regest: Harry Kühnel, Stadtarchiv Krems. Urkunden 1108-1844 (Krems 1960);Graf Haug|Kaiser Friedrich III.;graf_haug|kaiser_friedrich_iii;nein;Kultur|Stadt und Raum;;StaAKr-0440
StaAKr-0441;1479 X 20;1479_10_20;nein;1479;Wien;nein;1479 X 20, Wien Hainrich von Liechtenstein von Nicolsburg bestätigt den Städten die Zahlung von 250 Gulden, von der 100000 fl. großen Schuld des Kaisers an den König von Böhmen und Ungarn. Source Regest: Harry Kühnel, Stadtarchiv Krems. Urkunden 1108-1844 (Krems 1960);Hainrich von Liechtenstein von Nicolsburg;hainrich_von_liechtenstein_von_nicolsburg;nein;Politik|Vermögen und Finanzen;;StaAKr-0441
StaAKr-0442;1479 XII 28;1479_12_28;nein;1479;Wiener Neustadt;nein;1479 XII 28, Wr. Neustadt Kaiser Friedrich erlaubt den Städten Krems und Stein von jedem Dreiling ausgeführten Weines 60 Pfen. einzuheben, die zur Befestigung der beiden Städte verwendet werden sollen. Auch mögen sie die Wahl des Bürgermeisters, Richters und Rates vornehmen und ihm die Liste der Gewählten vorlegen. Source Regest: Harry Kühnel, Stadtarchiv Krems. Urkunden 1108-1844 (Krems 1960);Friedrich III.;friedrich_iii;nein;Politik|Stadt und Raum|Vermögen und Finanzen|Verwaltung|Wirtschaft;;StaAKr-0442
StaAKr-0443;1480 II 3;1480_02_03;nein;1480;Wiener Neustadt;nein;1480 II 3, Wr. Neustadt Kaiser Friesrich befiehlt den Städten Krems und Stein nochmals, dem Grazer Bürger Walthezarn Eykenperger 675 Pfund, die ihm die Fleischhacker von Krems und Stein schulden für Vieh, zu zahlen. Source Regest: Harry Kühnel, Stadtarchiv Krems. Urkunden 1108-1844 (Krems 1960);Friesrich|Walthezarn Eykenperger;friesrich_1480|walthezarn_eykenperger;nein;Rechtswesen|Vermögen und Finanzen|Wirtschaft;;StaAKr-0443
StaAKr-0444;1480 V 13;1480_05_13;nein;1480;Wien|Dürnstein|Aggstein;ja;"1480 V 13, Wien Kaiser Friedrich III. teilt Rulannden Neidegker von Rena, Kämmerer, Wolfgangen Meilesdorffer zum Achstain, Pfleger zu Gaß und Hainreichen, ""Vorster zu Tiernstain"" mit, daß er den Städten Krems und Stein erlaubt habe, in den Wäldern zu Ochswald, zu Tiernstain und im ""Geveller Wald"" soviel Holz zur Befestigung ihrer Städte zu schlagen, als sie benötigen. Source Regest: Harry Kühnel, Stadtarchiv Krems. Urkunden 1108-1844 (Krems 1960)";Friedrich III.|Rulannd Neidegker von Rena|Wolfgang Meilesdorffer zum Achstain|Hainreich;friedrich_iii|rulannd_neidegker_von_rena|wolfgang_meilesdorffer_zum_achstain|hainreich_1480;nein;Politik|Stadt und Raum|Verwaltung;"Ortsidentifikation unsicher: Dürnstein (nicht eindeutig aus dem Regest-Text ableitbar); Aggstein (nicht eindeutig aus dem Regest-Text ableitbar)";StaAKr-0444
StaAKr-0445;1480 VI 23;1480_06_23;nein;1480;Wien;nein;1480 VI 23, Wien Kaiser Friedrich III. fordert einige Räte der Städte zu sich, daß sie ihm Rechnung legen, über die Ämterverwaltung und der schuldigen Betrag mitbringen. Source Regest: Harry Kühnel, Stadtarchiv Krems. Urkunden 1108-1844 (Krems 1960);Friedrich III.;friedrich_iii;nein;Vermögen und Finanzen|Verwaltung;;StaAKr-0445
StaAKr-0446;1480 IX 17;1480_09_17;nein;1480;Wien;nein;1480 IX 17, Wien Kaiser Friedrich befiehlt den Städten Krems und Stein - da ihm gemeldet wurde, daß der Selene herüber auf das Land schiffen wolle - alle Schiffe auf Ufern nach Krems und Stein zu bringen, die aber nicht dahin gebracht werden können, zu vernichten, ferner alle herabfahrenden Schiffe zu Landen zu nötigen und zu untersuchen. Source Regest: Harry Kühnel, Stadtarchiv Krems. Urkunden 1108-1844 (Krems 1960);Friedrich III.;friedrich_iii;nein;Politik|Rechtswesen|Stadt und Raum|Verwaltung;;StaAKr-0446
StaAKr-0450a;1481;1481_00_00;ja;1481;Enns;nein;1481 Mautzettel des Steiner Mautners Wernhard Karlinger für eine Weinfracht nach Enns durch den Frächter Deudl von Grein. Source Regest: Harry Kühnel, Stadtarchiv Krems. Urkunden 1108-1844 (Krems 1960);Wernhard Karlinger|Deudl von Grein;bernhard_karlinger|deudl_von_grein;nein;Vermögen und Finanzen|Wirtschaft;Datierung unsicher: Nur Jahresangabe im Quellentext überliefert, kein exaktes Tages-/Monatsdatum.;StaAKr-0450a
StaAKr-0447;1481 I 2;1481_01_02;nein;1481;Wien;nein;1481 I 2, Wien Kaiser Friedrich befiehlt den Städten, über die Verwaltung der Ämter Rechnung zu legen und die fällige Summe zu zahlen. Source Regest: Harry Kühnel, Stadtarchiv Krems. Urkunden 1108-1844 (Krems 1960);Friedrich III.;friedrich_iii;nein;Vermögen und Finanzen|Verwaltung;;StaAKr-0447
StaAKr-0448;1481 I 18;1481_01_18;nein;1481;Wien;nein;1481 I 18, Wien Kaiser Friedrich III. befiehlt dem Richter und Rat von Krems und Stein, die von den Städten verwalteten l. f. Ämter dem Paulln Enngel, Bürger zu Stein, zu übergeben. Source Regest: Harry Kühnel, Stadtarchiv Krems. Urkunden 1108-1844 (Krems 1960);Friedrich III.|Paul Engel;friedrich_iii|paul_engel;ja;Politik|Verwaltung;"Personenidentifikation unsicher: vermutlich Paul Engel (Regest nennt ""Enngel"")";StaAKr-0448
StaAKr-0449;1481 II 7;1481_02_07;nein;1481;Wien;nein;1481 II 7, Wien Kaiser Friedrich befiehlt Krems und Stein, über die Verwaltung der Ämter, die sie in vergangener Zeit inne gehabt haben, Rechnung zu legen und was sie schulden, zu schicken. Source Regest: Harry Kühnel, Stadtarchiv Krems. Urkunden 1108-1844 (Krems 1960);Friedrich III.;friedrich_iii;nein;Vermögen und Finanzen|Verwaltung;;StaAKr-0449
StaAKr-0450;1481 II 13;1481_02_13;nein;1481;Krems;nein;1481 II 13, Krems Bitte der Stadt Krems an den Kaiser, ihre Gesandten genädig anhören zu wollen. Source Regest: Harry Kühnel, Stadtarchiv Krems. Urkunden 1108-1844 (Krems 1960);;;nein;Politik|Verwaltung;;StaAKr-0450
StaAKr-0451;1481 IV 5;1481_04_05;nein;1481;Weinzierl;nein;"1481 IV 5, Krems Wolfgang Retzer, Bürger zu Krems und Margreth, seine Frau, verkaufen mit Erlaubnis des Burgherrn Jobsten Weidenholtzer, Bürger zu Krems, ihren Garten ""underhalbn Weintzierl"", dem Urban Heutl, Bürger zu Krems und Margarethen, seiner Frau. Zeugen: Der Verküfer, der Burgherr, Johannes Schurger, Stadtschreiber zu Krems. Source Regest: Harry Kühnel, Stadtarchiv Krems. Urkunden 1108-1844 (Krems 1960)";Wolfgang Retzer|Margreth Retzer|Jobsten Weidenholtzer|Urban Heutl|Margarethen|Johannes Schurger;wolfgang_retzer|margreth_retzer|jobsten_weidenholtzer|urban_heutl|margarethen_1481|johannes_schurger;nein;Rechtswesen|Stadt und Raum|Vermögen und Finanzen|Wirtschaft;;StaAKr-0451
StaAKr-0452;1481 IV 8;1481_04_08;nein;1481;Wien|Passau|Mautern an der Donau;nein;"1481 IV 8, Wien Kaiser Firedrich III. befiehlt dem Bürgermeister, Richter und Rat von Krems und Stein, darauf zu achten, daß die ""Abred"" zwischen dem Cardinal und Bischof Georg von Passau und Mautern von letzterer Stadt gehalten werde. Source Regest: Harry Kühnel, Stadtarchiv Krems. Urkunden 1108-1844 (Krems 1960)";Friedrich III.|Bischof Georg;friedrich_iii|bischof_georg_hessler_1481;nein;Politik|Rechtswesen|Religion;;StaAKr-0452
StaAKr-0453;1481 V 22;1481_05_22;nein;1481;Wien|Mautern an der Donau;nein;1481 V 22, Wien Kaiser Firedrich III. befiehlt den Städten Krems und Stein Hab und Gut der Stadt Mautern in ihren Städten zurückzuhalten, solange sie nicht den Wein des Bischofs von Passau, den sie beschlagnahmt haben, wieder frei geben und einer ersten Aufforderung dazu nicht Folge leisten. Source Regest: Harry Kühnel, Stadtarchiv Krems. Urkunden 1108-1844 (Krems 1960);Friedrich III.;friedrich_iii;nein;Politik|Rechtswesen|Verwaltung|Wirtschaft;;StaAKr-0453
StaAKr-0454;1481 V 26;1481_05_26;nein;1481;Wien|Sankt Pölten|Mautern an der Donau;nein;1481 V 26, Wien Kaiser Freidrich befiehlt, Hab und Gut der Mauterner und der Stadt St. Pöllten mit Beschlag zu belegen und seinem Pfleger Paul Engel zu übergeben, da sie den Wein des Bischofs von Passau noch immer zurückhalten, ferner vor die Stadt Mautern zu ziehen, sie zu belagern und zum Gehorsam zu bringen. Source Regest: Harry Kühnel, Stadtarchiv Krems. Urkunden 1108-1844 (Krems 1960);Friedrich III.|Paul Engel;friedrich_iii|paul_engel;nein;Politik|Rechtswesen|Wirtschaft;;StaAKr-0454
StaAKr-0455;1481 VII 10;1481_07_10;nein;1481;Wien|Hollenburg;nein;"1481 VII 10, Wien Kaiser Friedrich III. befiehlt Krems und Stein sich zu rüsten und unter des Jörg von Pottendorf Führung Holllenburg zu besetzen, damit die Feinde dort nicht ""Besatzung machen mögen"". Source Regest: Harry Kühnel, Stadtarchiv Krems. Urkunden 1108-1844 (Krems 1960)";Friedrich III.|Jörg von Pottendorf;friedrich_iii|joerg_von_pottendorf;nein;Politik|Rechtswesen;;StaAKr-0455
StaAKr-0456;1481 VII 11;1481_07_11;nein;1481;;nein;1481 VII 11, Ybbs Paull Scheffman von Ybbs, warnt im Auftrage Caspars von Rogndorf Krems vor Leuten, die in Feindessold stehen und die Stadt anzünden wollen. Source Regest: Harry Kühnel, Stadtarchiv Krems. Urkunden 1108-1844 (Krems 1960);Paull Scheffman|Caspar von Rogndorf;paull_scheffman|caspar_von_rogndorf;nein;Politik|Rechtswesen;;StaAKr-0456
StaAKr-0457;1481 VII 11;1481_07_11;nein;1481;Wien;nein;1481 VII 11, Wien Kaiser Friedrich III. befiehlt dem Kremser Bürgermeister und Rate, sich der von ihm erlassenen Steuerverordung zu fügen und nicht mit Stein darüber zu streiten. Source Regest: Harry Kühnel, Stadtarchiv Krems. Urkunden 1108-1844 (Krems 1960);Friedrich III.;friedrich_iii;nein;Politik|Vermögen und Finanzen|Verwaltung;;StaAKr-0457
StaAKr-0458;1481 X 13;1481_10_13;nein;1481;Ebersberg, München;nein;"1481 X 13, Ebersberg Sebastian, Abt und Prior Johannes und der gantz Convent des Gotzhaus und Closter Sand Sebastian in Ebersperg in oberen Paiern pey München gelegen, kaufen in der ""hindern Lanndstraß"" zu Krems Haus und Garten von Friedrichn Rinchhund und seiner Frau Margreten. Sie verpflichten sich, an den Lasten der Stadt teilzunehmen, die nicht ausgeführte Frucht nur den Kremser Bürgern zu verkaufen und in ihrem Haus ""kainerlay Bürgerrecht scheuchen"". Source Regest: Harry Kühnel, Stadtarchiv Krems. Urkunden 1108-1844 (Krems 1960)";Abt Sebastian|Prior Johannes|Friedrich Rinchhund|Margrete Rinchhund;abt_sebastian|prior_johannes|friedrich_rinchhund|margrete_rinchhund;nein;Religion|Stadt und Raum|Vermögen und Finanzen|Wirtschaft;;StaAKr-0458
StaAKr-0459;1481 X 14;1481_10_14;nein;1481;Wien|Rehberg bei Krems;nein;1481 X 14, Wien Jörg Mülbannger zu Rechperg, Kellermeister zu Österreich, ersucht Krems und Stein, eine Summe Geld zu zahlen dem Überbringer der Quittung. Source Regest: Harry Kühnel, Stadtarchiv Krems. Urkunden 1108-1844 (Krems 1960);Jörg Mülbannger;joerg_muelbanger;nein;Vermögen und Finanzen|Verwaltung;;StaAKr-0459
StaAKr-0460;1481 X 18;1481_10_18;nein;1481;Wien;nein;1481 X 18, Wien Kaiser Friedrich III. befiehlt dem Bürgermeister, Richter  und Rat von Krems und Stein, auf die Witwe des Bürgers Haunperger in Stein einzuwirken, daß sie Hanns Pollner, des Kaisers getreuen Diener heirate. Source Regest: Harry Kühnel, Stadtarchiv Krems. Urkunden 1108-1844 (Krems 1960);Friedrich III.|Haunperger|Hanns Pollner;friedrich_iii|haunperger_1481|hanns_pollner;nein;Bevölkerung und Bevölkerungsgruppen|Politik|Rechtswesen;;StaAKr-0460
StaAKr-0461;1482 XI 24;1482_11_24;nein;1482;Wien;nein;1482 XI 24, Wien Kaiser Friedrich III. fordert die Städte Krems und Stein auf, ihren Rückstand aus den Ämbtern 336 Pfund seinen Hofmarschall und Kämmerer Sigmunden Pruschinkch gegen Quittung zu bezahlen, da er die Summe notwendig brauche. Source Regest: Harry Kühnel, Stadtarchiv Krems. Urkunden 1108-1844 (Krems 1960);Friedrich III.|Sigmund Pruschinkch;friedrich_iii|sigmund_pruschinkch;nein;Politik|Vermögen und Finanzen|Verwaltung;;StaAKr-0461
StaAKr-0462;1482 XI 24;1482_11_24;nein;1482;Wien;nein;"1482 XI 24, Wien Sigmund Prueschinkh, Hofmarschall und Kanzler bestätigt dem Wolfgang Emerstorfer, Bürgermeister, Georg Hochenwartter und Wolfgang Trebinger, Bürger beider Städte Krems und Stein die Zahlung von 336 Pfund ""auf einen Kayserlichen Geschäffbrieff"". Source Regest: Harry Kühnel, Stadtarchiv Krems. Urkunden 1108-1844 (Krems 1960)";Wolfgang Emerstorfer|Georg Hochenwartter|Wolfgang Trebinger|Sigmund Pruschinkch;wolfgang_emerstorfer|georg_hochenwartter|wolfgang_trebinger|sigmund_pruschinkch;ja;Vermögen und Finanzen|Verwaltung;"Personenidentifikation unsicher: vermutlich Sigmund Pruschinkch (Regest nennt ""Sigmund"")";StaAKr-0462
StaAKr-0472;1483;1483_00_00;ja;1483;Krems;nein;1483, Krems Testament des Bürgers Heinrich Stokchl von Krems, er vermacht dem Spital bei St. Anton in Krems eine Anzahl Weingärten (wovon wöch. 4 Messen am St. Florian Altar zu lesen sind) ferner 2 Gärten, die erst nach dem Tode seiner Frau Anna an das Spital fallen sollen und seine Waffen erhält die Stadt. Source Regest: Harry Kühnel, Stadtarchiv Krems. Urkunden 1108-1844 (Krems 1960);Heinrich Stökchl|Anna Stökchl;heinrich_stoekchl|anna_stoekchl;nein;Religion|Soziales Leben|Vermögen und Finanzen|Wirtschaft;Datierung unsicher: Nur Jahresangabe im Quellentext überliefert, kein exaktes Tages-/Monatsdatum.;StaAKr-0472
StaAKr-0463;1483 II 21;1483_02_21;nein;1483;Wien;nein;1483 II 21, Wien Kaiser Friedrich III. verleiht dem Bürgermeister und Rat von Krems und Stein sein Schloß daselbst, das Ungeld, Kastenmaut und Zoll. Source Regest: Harry Kühnel, Stadtarchiv Krems. Urkunden 1108-1844 (Krems 1960);Friedrich III.;friedrich_iii;nein;Politik|Vermögen und Finanzen|Verwaltung|Wirtschaft;;StaAKr-0463
StaAKr-0464;1483 II 26;1483_02_26;nein;1483;Wien;nein;1483 II 26, Wien Kaiser Friedrich III. überläßt den Städten Krems und Stein das Gericht, Ungeld, Kastenamt, Feldgericht und Zoll, das bisher Paul Engel innehatte um eine jährl. Leistng von 1200 Pfund zur Verwaltung. Source Regest: Harry Kühnel, Stadtarchiv Krems. Urkunden 1108-1844 (Krems 1960);Friedrich III.|Paul Engel;friedrich_iii|paul_engel;nein;Rechtswesen|Vermögen und Finanzen|Verwaltung|Wirtschaft;;StaAKr-0464
StaAKr-0465;1483 III 2;1483_03_02;nein;1483;Wien|Klosterneuburg;nein;"1483 III 2, Wien Kaiser Friedrich schickt 300 Mann von Klosterneuburg nach Krems zur Bedeckung von Schiffen, mit Lebensmittel; er befiehlt dem Bürgermeister, Richter und Rate von Krems und Stein den Soldaten hilfreich zu sein. Source Regest: Harry Kühnel, Stadtarchiv Krems. Urkunden 1108-1844 (Krems 1960)";Friedrich III.;friedrich_iii;nein;Politik|Verwaltung|Wirtschaft;;StaAKr-0465
StaAKr-0466;1483 III 2;1483_03_02;nein;1483;;nein;1483 III 2, Wien Purkhart von Khuenbergk, Hauptman bayder Steet Neunburgk teilt Krems und Stein mit, daß er 100 Mann zur Bedeckung der Lebensmittelschiffe senden werde und ersucht um Hilfe und Rat für sie. Source Regest: Harry Kühnel, Stadtarchiv Krems. Urkunden 1108-1844 (Krems 1960);Purkhart von Khuenbergk;purkhart_von_khuenbergk;nein;Politik|Stadt und Raum|Wirtschaft;;StaAKr-0466
StaAKr-0467;1483 III 3;1483_03_03;nein;1483;Wallsee;nein;"1483 III 3, Nieder Wallsee Reinprecht von Wallsee, oberster Marschall in Österreich teilt den Städten mit, daß er auf 50 Dreiling Wein einen Freibrief habe und ersucht, den Wien ""ohne Aufschlag"" gassieren zu lassen. Source Regest: Harry Kühnel, Stadtarchiv Krems. Urkunden 1108-1844 (Krems 1960)";Reinprecht von Wallsee;reinprecht_von_wallsee;nein;Rechtswesen|Wirtschaft;;StaAKr-0467
StaAKr-0468;1483 III 3;1483_03_03;nein;1483;Wien;nein;1483 III 3, Wien Kaiser Friedrich befiehlt, die Lebensmittelschiffe und die Begleitmannschaft in Krems zurückzuhalten. Source Regest: Harry Kühnel, Stadtarchiv Krems. Urkunden 1108-1844 (Krems 1960);Friedrich III.;friedrich_iii;nein;Rechtswesen|Verwaltung|Wirtschaft;;StaAKr-0468
StaAKr-0469;1483 III 26;1483_03_26;nein;1483;Wien;nein;1483 III 26, Wien Veit von Eberstorff, oberster Erbkämmerer in Österreich teilt den Städten mit, daß er einen Freibrief auf je ein Schiff mit Wein und Salz habe und bittet, daß man ihm die 60 Pfen. Vom Dreiling erlasse. Source Regest: Harry Kühnel, Stadtarchiv Krems. Urkunden 1108-1844 (Krems 1960);Veit von Eberstorff;veit_von_eberstorff;nein;Vermögen und Finanzen|Wirtschaft;;StaAKr-0469
StaAKr-0470;1483 VI 6;1483_06_06;nein;1483;Etsdorf am Kamp;nein;1483 VI 6, Krems Erbschaftssache. Peter Hankret zu Etsdorf am Kamp. Wolfgang Prenbauer und Agatha zu Gansbach. Hans Plisbauer, Bürger zu Stein und Martha, seine Hausfrau, Hansen Zaller, Bürgermeister von Krems und Stein. Source Regest: Harry Kühnel, Stadtarchiv Krems. Urkunden 1108-1844 (Krems 1960);Peter Hankret|Wolfgang Prenbauer|Agatha zu Gansbach|Hans Plisbauer|Martha Plisbauer|Hans Zaller;peter_hankret|wolfgang_prenbauer|agatha_zu_gansbach|hans_plisbauer|martha_plisbauer|hans_zaller;nein;Bevölkerung und Bevölkerungsgruppen|Rechtswesen|Vermögen und Finanzen;;StaAKr-0470
StaAKr-0471;1483 VIII 11;1483_08_11;nein;1483;Graz;nein;"1483 VIII 11, Graz Kaiser Freidrich III. teilt den Städten Krems und Stein mit, daß er ""Jannen Stosch von Coynitz"" mit einer merklichen Anzahl Volk als Feldmhauptmann aufgenommen habe und befiehlt, ihn allerwegs zu unterstützen., damit das Land ""zu gutem Wesen"" komme. Source Regest: Harry Kühnel, Stadtarchiv Krems. Urkunden 1108-1844 (Krems 1960)";Friedrich III.|Jannen Stosch von Coynitz;friedrich_iii|jannen_stosch_von_coynitz;nein;Politik|Verwaltung;;StaAKr-0471
StaAKr-0473;1484 II 6;1484_02_06;nein;1484;Graz;nein;1484 II 6, Graz Kaiser Friedrich teilt den Städten mit, daß er Paulln Enngl zum Pfelger seines Schlosses zu Krems ernannt hat, desgleichen verleiht er ihm das Feldgericht daselbst. Source Regest: Harry Kühnel, Stadtarchiv Krems. Urkunden 1108-1844 (Krems 1960);Friedrich III.|Paul Engel;friedrich_iii|paul_engel;ja;Rechtswesen|Verwaltung;"Personenidentifikation unsicher: vermutlich Paul Engel (Regest nennt ""Paulln"")";StaAKr-0473
StaAKr-0474;1484 II 12;1484_02_12;nein;1484;Graz|Mautern an der Donau;nein;1484 II 12, Graz Kaiser Friedrich III. befiehlt den Städten im Vereine mit den Pfleger Paul Engl alles Nötige zur Sicherung derselben zu veranlassen, da sie die Feinde in Mauttern verstärken. Source Regest: Harry Kühnel, Stadtarchiv Krems. Urkunden 1108-1844 (Krems 1960);Friedrich III.|Paul Engel;friedrich_iii|paul_engel;ja;Politik|Rechtswesen;"Personenidentifikation unsicher: vermutlich Paul Engel (Regest nennt ""Paul"")";StaAKr-0474
StaAKr-0475;1484 III 29;1484_03_29;nein;1484;Melk;nein;"1484 III 29, Melk Heinrich Pruschenkh, Erbtruchseß in ""Steir"" bittet die Städte den Jörg Wordan, der sich im Arrest befindet, zu entlassen. Source Regest: Harry Kühnel, Stadtarchiv Krems. Urkunden 1108-1844 (Krems 1960)";Jörg Wordan|Heinrich Pruschinkch;joerg_wordan|heinrich_pruschinkch;ja;Rechtswesen;"Personenidentifikation unsicher: vermutlich Heinrich Pruschinkch (Regest nennt ""Heinrich"")";StaAKr-0475
StaAKr-0476;1484 IV 9;1484_04_09;nein;1484;Graz;nein;"1484 IV 9, Graz Kaiser Friedrich befiehlt, dem Paulln Enngl das ""Geslos zu Krembs"" und das Feldgericht ohne weiteres zu überlassen. Source Regest: Harry Kühnel, Stadtarchiv Krems. Urkunden 1108-1844 (Krems 1960)";Friedrich III.|Paul Engel;friedrich_iii|paul_engel;ja;Rechtswesen|Verwaltung;"Personenidentifikation unsicher: vermutlich Paul Engel (Regest nennt ""Paulln"")";StaAKr-0476
StaAKr-0477;1484 VI 4;1484_06_04;nein;1484;Graz;nein;1484 VI 4, Graz Quittung des Kaisers über 200 Pfund, gezahlt den von Krems und Stein aus den Ämtern, die sie zur Vewaltung innehaben. Source Regest: Harry Kühnel, Stadtarchiv Krems. Urkunden 1108-1844 (Krems 1960);Friedrich III.;friedrich_iii;nein;Vermögen und Finanzen|Verwaltung;;StaAKr-0477
StaAKr-0478;1484 VI 8;1484_06_08;nein;1484;Graz|Gaming;nein;"1484 VI 8, Graz Kaiser Friedrich III: befiehlt den Städten, dem ""Prior und Konvent zu Gemyng"" den gewöhnlichn jährl. Traid auf ihre Quittung zu geben. Source Regest: Harry Kühnel, Stadtarchiv Krems. Urkunden 1108-1844 (Krems 1960)";Friedrich III.;friedrich_iii;nein;Religion|Verwaltung|Wirtschaft;;StaAKr-0478
StaAKr-0479;1484 VI 14;1484_06_14;nein;1484;Wien;nein;"1484 VI 14, Wien Die Stadt Wien ersucht Krems und Stein im Hinblick auf die Notlage Österreichs um Rat und Hilfe; man soll einen Ort zur Beratung bestimmen. Source Regest: Harry Kühnel, Stadtarchiv Krems. Urkunden 1108-1844 (Krems 1960)";;;nein;Politik|Soziales Leben;;StaAKr-0479
StaAKr-0480;1484 IX 7;1484_09_07;nein;1484;Graz|Sarmingstein;nein;"1484 IX 7, Graz Kaiser Friedrich III. teilt Krems und Stein mit, daß er Hainrichen Pruschenkh, Freyherr zu Stettenberg, Rat, Pfleger zum Sermyngstein zum Anwalt seiner ""Sachen in Österreich"" ernannt hat und befiehlt, ihm alle Abgaben gegen Quittung zu reichen. Source Regest: Harry Kühnel, Stadtarchiv Krems. Urkunden 1108-1844 (Krems 1960)";Friedrich III.|Heinrich Pruschinkch;friedrich_iii|heinrich_pruschinkch;ja;Vermögen und Finanzen|Verwaltung;"Personenidentifikation unsicher: vermutlich Heinrich Pruschinkch (Regest nennt ""Pruschenkh"")";StaAKr-0480
StaAKr-0481;1484 XII 30;1484_12_30;nein;1484;Freistadt im Mühlviertel;nein;1484 XII 30, Freistadt Kaiser Friedrich befiehlt der Stadt Krems zu veranlassen, daß die Häuser, die den Stadttoren und Mauern zu nahe liegen, aus strategischen Gründen abzubrechen. Source Regest: Harry Kühnel, Stadtarchiv Krems. Urkunden 1108-1844 (Krems 1960);Friedrich III.;friedrich_iii;nein;Politik|Stadt und Raum|Verwaltung;;StaAKr-0481
StaAKr-0498;1485;1485_00_00;ja;1485;Krems;nein;1485 Kopie eines Mandats Friedrich an Krems und Stein mitzuwirken, daß sein getreuer Augustin Scharffenegker + Arhohs, Bürgers von Krems Tochter zur Ehe bekomme. Source Regest: Harry Kühnel, Stadtarchiv Krems. Urkunden 1108-1844 (Krems 1960);Friedrich III.|Augustin Scharffenegker|Arhohs;friedrich_iii|augustin_scharffenegker|arhohs_1485;nein;Bevölkerung und Bevölkerungsgruppen|Politik|Rechtswesen;Datierung unsicher: Nur Jahresangabe im Quellentext überliefert, kein exaktes Tages-/Monatsdatum.;StaAKr-0498
StaAKr-0482;1485 I 2;1485_01_02;nein;1485;Freistadt im Mühlviertel;nein;"1485 I 2, Freistadt Kaiser Friedrich erlaubt dem Bürgermeister, Richter und Rat von Krems und Stein, von jedem Dreiing Wein, der auf der Dona herabgeführt wird, 60 Pfen. zum ""paw und zuerichtung"" beider Städte einzuheben. Source Regest: Harry Kühnel, Stadtarchiv Krems. Urkunden 1108-1844 (Krems 1960)";Friedrich III.;friedrich_iii;nein;Stadt und Raum|Vermögen und Finanzen|Wirtschaft;;StaAKr-0482
StaAKr-0483;1485 I 7;1485_01_07;nein;1485;Freistadt im Mühlviertel;nein;"1485 I 7, Freistadt Kaiser Friedrich III. überlässt 500 Pfund, die ihm Krems und Stein zur ""Bezahlung ettlicher Dienstleut"" geliehen haben, aus den Einnahmen der kais. Ämter den Städten. Source Regest: Harry Kühnel, Stadtarchiv Krems. Urkunden 1108-1844 (Krems 1960)";Friedrich III.;friedrich_iii;nein;Politik|Vermögen und Finanzen;;StaAKr-0483
StaAKr-0484;1485 I 9;1485_01_09;nein;1485;Freistadt im Mühlviertel;nein;1485 I 9, Freistadt Sigmund Prueschinkh, Freyherr zu Stettenberg, Oberster Truchs. in Steir, Hofmarschall und Kanzler, ersucht die Städte, die fälligen 200 Pfund seinem Diener Steffan Werdemfelser zu geben. Source Regest: Harry Kühnel, Stadtarchiv Krems. Urkunden 1108-1844 (Krems 1960);Steffan Werdemfelser|Sigmund Pruschinkch;steffan_werdemfelser|sigmund_pruschinkch;ja;Vermögen und Finanzen;"Personenidentifikation unsicher: vermutlich Sigmund Pruschinkch (Regest nennt ""Sigmund"")";StaAKr-0484
StaAKr-0485;1485 I 9;1485_01_09;nein;1485;Freistadt im Mühlviertel;nein;1485 I 9, Freistadt Sigmund Prueschenkh quittiert die Zahlung von 200 Pfund durch die Städte. Source Regest: Harry Kühnel, Stadtarchiv Krems. Urkunden 1108-1844 (Krems 1960);Sigmund Pruschinkch;sigmund_pruschinkch;ja;Vermögen und Finanzen;"Personenidentifikation unsicher: vermutlich Sigmund Pruschinkch (Regest nennt ""Sigmund"")";StaAKr-0485
StaAKr-0486;1485 I 12;1485_01_12;nein;1485;Wien;nein;1485 I 12, Krems Sigmund Miroskowitz bestätigt im Namen des Kaisers die Zahlung von 200 Pfund durch Krems und Stein für die Dienstleute, die er im kaiserl. Auftrage nach Wien führt. Source Regest: Harry Kühnel, Stadtarchiv Krems. Urkunden 1108-1844 (Krems 1960);Sigmund Miroskowitz;sigmund_miroskowitz;nein;Politik|Vermögen und Finanzen;;StaAKr-0486
StaAKr-0487;1485 III 24;1485_03_24;nein;1485;Krems;nein;1485 III 24, Krems Sigmund von Miroskowitz quittiert den Städten die Zahlung von 500 Pfund an den Kaiser. Source Regest: Harry Kühnel, Stadtarchiv Krems. Urkunden 1108-1844 (Krems 1960);Sigmund Miroskowitz;sigmund_miroskowitz;nein;Vermögen und Finanzen|Verwaltung;;StaAKr-0487
StaAKr-0488;1485 V 8;1485_05_08;nein;1485;Korneuburg;nein;"1485 V 8, Stein Bürgermeister und Rat von Stein bestätigen den Empfang von 10 Pfund aus den Ämtern beider Städte; ""an den Cenntten pulver und dreyczehen Stainein pugsn Kugl, die zu Hauffnytz gehoernt so wir dem Wolgebornn Herrn Hainreichen Prueschenkch in des veldgen Korn Newnburg geben haben"". Source Regest: Harry Kühnel, Stadtarchiv Krems. Urkunden 1108-1844 (Krems 1960)";Heinrich Pruschinkch;heinrich_pruschinkch;ja;Vermögen und Finanzen|Verwaltung;"Personenidentifikation unsicher: vermutlich Heinrich Pruschinkch (Regest nennt ""Prueschenkch"")";StaAKr-0488
StaAKr-0489;1485 VI 6;1485_06_06;nein;1485;Wien;nein;"1485 VI 6, Wien König Mathias von Böhmen und Ungarn berichtet dem Bürgermeister, Richter und Rate und der Gemeinde ""der stat zu Krembs"", daß er Wien, ""ain hawt des Landes Osterrich erobert habe und fordert Abgeordnete auf einem Landtag auf ""Sand Johannstag zu Sunnenwenden"" Source Regest: Harry Kühnel, Stadtarchiv Krems. Urkunden 1108-1844 (Krems 1960)";Matthias Corvinus;matthias_corvinus;nein;Politik|Verwaltung;;StaAKr-0489
StaAKr-0490;1485 VI13;1485_06_13;nein;1485;Tulln;nein;"1485 VI13, Tulln Sigmund von Miroskowitz  und die Stadt Tulln klagen über die schwere Belagerung seitens der Feinde und bitten ihre ""nachparn"" Krems und Stein, sie nicht zuverlassen und mit Mannschaft zu unterstützen. Source Regest: Harry Kühnel, Stadtarchiv Krems. Urkunden 1108-1844 (Krems 1960)";Sigmund Miroskowitz;sigmund_miroskowitz;nein;Politik|Rechtswesen;;StaAKr-0490
StaAKr-0491;1485 VI 16;1485_06_16;nein;1485;Salzburg;nein;1485 VI 16, Salzburg Kaiser Friedrich fordert Krems und Stein auf, dem Landtag des Mathias nicht zu beschicken und ihm und seinem Vetter Sigmund und seinem Sohn Maximilian treu zu bleiben, wie sie es seinen Vorfahren waren. Source Regest: Harry Kühnel, Stadtarchiv Krems. Urkunden 1108-1844 (Krems 1960);Friedrich III.|Matthias Corvinus|Erzherzog Sigmund von Tirol|Maximilian I.;friedrich_iii|matthias_corvinus|sigmund_von_tirol|maximilian_i;nein;Politik;;StaAKr-0491
StaAKr-0492;1485 VII 3;1485_07_03;nein;1485;Innsbruck;nein;"1485 VII 3, Innsbruck Kaiser Friedrich teilt den Städten Krems und Stein mit, daß sein Vetter Sigismund ihm helfen werde das Land zu besetzen; auch werden seine Räte nach Österreich kommen. Der Kaiser fordert nochmals zur Treue auf und schreibt für den Jakob-Tag im Schnitt eine Beratung nach Krems aus, um der Landesnot abzuhelfen. Source Regest: Harry Kühnel, Stadtarchiv Krems. Urkunden 1108-1844 (Krems 1960)";Friedrich III.|Erzherzog Sigmund von Tirol;friedrich_iii|sigmund_von_tirol;nein;Politik|Verwaltung;;StaAKr-0492
StaAKr-0493;1485 VII 5;1485_07_05;nein;1485;Wien;nein;1485 VII 5, Wien Bürgermeister Richter und Rat von Wien entschuldigen in einem Schreiben an genannte Städte und Reichsstände ihre Übergabe an die Ungarn. Source Regest: Harry Kühnel, Stadtarchiv Krems. Urkunden 1108-1844 (Krems 1960);;;nein;Politik|Verwaltung;;StaAKr-0493
StaAKr-0494;1485 VII 21;1485_07_21;nein;1485;Wien;nein;"1485 VII 21, Wien Bürgermeister, Richter und Rat von Wien richten an die Städte Krems und Stein ein Schreiben, in dem sie ihre Not schildern und mitteilen, daß sie sich dem Kaiser Mathias ergeben mußten; davon verständigeten sie auch die Großen des deutschen Reiches und etliche Städte, doch sei der Bote mit den Briefen durch die Bewohner von Krems und Stein gefangen wordenBürgermeister Richter und Rat von Wien entschuldigen in einem Schreiben an genannte Städte und Reichsstände ihre Übergabe an die Ungarn. sie bitten nun, ihnen die Briefe zurückzustellen und ihnen nicht schlecht nachzureden. Source Regest: Harry Kühnel, Stadtarchiv Krems. Urkunden 1108-1844 (Krems 1960)";Matthias Corvinus;matthias_corvinus;nein;Politik|Verwaltung;;StaAKr-0494
StAK-UrkKr-0495;1485 VII 23;1485_07_23;nein;1485;Memmingen;nein;1485 VII 23, Memmingen ( zu Memyngen ) Kaiser Friedrich [III.] befiehlt ( Emphelhen ... und well[e]n ) [ den Ersamen weisen und besonnder lieben und getrewn Bürgermeister, Richter, Rat und Gemeinde von Krems und Stein ( Krembs und Stain ) ], nachdem er mit Kunz Stybor ( Contzen Stybor ) ausgehandelt hat, dass dieser während der Kriegshandlungen in den Städten Krems und Stein bleibt, diesem sowie dem Hauptmann seines Verwandten ( Vetern ), dem Fürsten Erzherzog Sigismund von Österreich sowie dem Wolfgang Meilersdorfer ( Meylestorffer ) gehorsam zu sein. Auch sollen die Empfänger nach den Anordnungen Stybors eine Bastei ( Pastein ) zwischen den beiden Städten errichten, damit sie ausreichend versorgt sind und eine Stadt von der anderen nicht getrennt wird. Das sind die Empfänger dem Aussteller wie auch sich selbst schuldig. Damit handeln sie im Sinne des Ausstellers. Siegler: der Aussteller. Source Regest: Stadtarchiv Krems, 2020.;Friedrich III.|Kunz Stybor|Erzherzog Sigmund von Tirol|Wolfgang Meilersdorfer;friedrich_iii|kunz_stybor|sigmund_von_tirol|wolfgang_meilersdorfer;nein;Politik|Rechtswesen|Stadt und Raum|Verwaltung;;StAK-UrkKr-0495
StaAKr-0496;1485 VIII 18;1485_08_18;nein;1485;Etsdorf am Kamp;ja;1485 VIII 18 Erbschaftssache, Zacharias Penelginger, Pfleger zu Etzersdorf und Sigmund, Erzherzog zu Österreich und Tirol. Source Regest: Harry Kühnel, Stadtarchiv Krems. Urkunden 1108-1844 (Krems 1960);Zacharias Penelginger|Erzherzog Sigmund von Tirol;zacharias_penelginger|sigmund_von_tirol;nein;Rechtswesen|Vermögen und Finanzen;Ortsidentifikation unsicher: Etsdorf am Kamp (nicht eindeutig aus dem Regest-Text ableitbar);StaAKr-0496
StaAKr-0497;1485 X 19;1485_10_19;nein;1485;Krems;nein;"1485 X 19, Krems Hanns Papst, mitboner zu Krembs und seine Frau Barbara verkaufen ihren Garten bei ihrem Haus ""auf unnser Frawen perg"" dem Priester Thaman Steungl, Kaplan am St. Mich. - Altar zu St. Veit in Krems und seinen Nachfolgern; von diesem Garten sind jährl. 10 Pfen. Burgrecht in ihr gen. Haus zu St. Mich. zu entrichten. Source Regest: Harry Kühnel, Stadtarchiv Krems. Urkunden 1108-1844 (Krems 1960)";Hanns Papst|Barbara Papst|Thaman Steungl;hanns_papst|barbara_papst|thaman_steungl;nein;Religion|Stadt und Raum|Vermögen und Finanzen;;StaAKr-0497
StaAKr-0499;1486 I 1;1486_01_01;nein;1486;Groningen|Loket;ja;1486 I 1, Groningen Erzbischof Ernst von Magdeburg publiziert die Bannbriefe Sixtus IV. und Alexander VI. gegen die Plünderer der Stadt Elbogen i. B. Notariatsinstrument. Joh. Lintz not. Source Regest: Harry Kühnel, Stadtarchiv Krems. Urkunden 1108-1844 (Krems 1960);Ernst von Magdeburg|Sixtus IV.|Alexander VI.;ernst_von_magdeburg|sixtus_iv|alexander_vi;nein;Rechtswesen|Religion;Ortsidentifikation unsicher: Loket (nicht eindeutig aus dem Regest-Text ableitbar);StaAKr-0499
StaAKr-0500;1486 III 9;1486_03_09;nein;1486;Freistadt im Mühlviertel;nein;1486 III 9 Paul Burger, Bürger zu Freistadt verkauft als Vormund Hans Bürgers, seines Vetters Mathias Kind dem Andreas Kollenpekchen, Bürger zu Freistadt und seiner Katharina ein Haus in Freistadt. Source Regest: Harry Kühnel, Stadtarchiv Krems. Urkunden 1108-1844 (Krems 1960);Paul Burger|Hans Burger|Mathias|Andreas Kollenpekchen|Katharina Kollenpekchen;paul_burger|hans_burger|mathias_1486|andreas_kollenpekchen|katharina_kollenpekchen;nein;Stadt und Raum|Vermögen und Finanzen;;StaAKr-0500
StaAKr-0501;1486 XII 1;1486_12_01;nein;1486;Bacharach;ja;1486 XII 1, Bacherach Kaiser Friedrich III. verspricht Hilfe für die Erblande aus dem Reich und befiehlt, Krems zu hüten, bis er und sein Sohn kämen. Source Regest: Harry Kühnel, Stadtarchiv Krems. Urkunden 1108-1844 (Krems 1960);Friedrich III.;friedrich_iii;nein;Politik|Verwaltung;"Ortsidentifikation unsicher: vermutlich Bacharach (Regest nennt ""Bacherach"")";StaAKr-0501
StaAKr-0502;1487 I 7;1487_01_07;nein;1487;Wels;nein;1487 I 7, Wels Jobst Kirchlinger berichtet dem Bürgermeister von Krems von dem Gesuch der Stadt an den Kaiser und von seiner Reise. Source Regest: Harry Kühnel, Stadtarchiv Krems. Urkunden 1108-1844 (Krems 1960);Jobst Kirchlinger;jobst_kirchlinger;nein;Politik|Verwaltung;;StaAKr-0502
StaAKr-0503;1487 II 3;1487_02_03;nein;1487;Lichtenwörth;nein;1487 II 3, Lichtenwörth Kaiser Mathias von Ungarn und Böhmen ladet zu einem Landtag und sichert den Abgeordneten sicheres Geleit zu. Source Regest: Harry Kühnel, Stadtarchiv Krems. Urkunden 1108-1844 (Krems 1960);Matthias Corvinus;matthias_corvinus;nein;Politik;;StaAKr-0503
StaKr-0511a;1487 II 07;1487_02_07;nein;1487;;nein;noch kein Regest vorhanden;;;ja;;;StaKr-0511a
StaAKr-0504;1487 II 16;1487_02_16;nein;1487;Innsbruck;nein;1487 II 16, Innsbruck Herzog Sigismund weist der vom Feinde geschädigten Stadt leihweise 1000 rhein. Gulden von Kärnten an. Source Regest: Harry Kühnel, Stadtarchiv Krems. Urkunden 1108-1844 (Krems 1960);Erzherzog Sigmund von Tirol;sigmund_von_tirol;nein;Politik|Soziales Leben|Vermögen und Finanzen;;StaAKr-0504
StaAKr-0505;1487 II 27;1487_02_27;nein;1487;Salzburg;nein;1487 II 27, Salzburg Erzbischof Johannes von Gran, Administrator von Salzburg teilt mit, daß er Krems nicht mit Geld zu Hilfe kommen könne, da der Kaiser selbst keines besitze. Source Regest: Harry Kühnel, Stadtarchiv Krems. Urkunden 1108-1844 (Krems 1960);Johannes von Gran;johannes_von_gran;nein;Politik|Vermögen und Finanzen;;StaAKr-0505
StaAKr-0506;1487 III 12;1487_03_12;nein;1487;Wiener Neustadt;nein;1487 III 12, Im Felde vor Neustadt König Mathias droht der Stadt, da sie den Landtag nicht beschickte mit Krieg. Source Regest: Harry Kühnel, Stadtarchiv Krems. Urkunden 1108-1844 (Krems 1960);Matthias Corvinus;matthias_corvinus;nein;Politik|Verwaltung;;StaAKr-0506
StaAKr-0507;1487 IV 26;1487_04_26;nein;1487;Nürnberg;nein;1487 IV 26, Nürnberg Kaiser Friedrich III. gestattet Krems allein, so lange Stein in feindlichen Händen ist, den Gebrauch des gemeinsamen Wappens und Siegels. Source Regest: Harry Kühnel, Stadtarchiv Krems. Urkunden 1108-1844 (Krems 1960);Friedrich III.;friedrich_iii;nein;Politik|Rechtswesen;;StaAKr-0507
StaAKr-0508;1487 VI 7;1487_06_07;nein;1487;Nürnberg|Melk|Gmunden;nein;1487 VI 7, Nürnberg Kaiser Friedrich III. befiehlt dem Abt von Melk, Krems die versprochenen 100 Pf. Salz von Gmunden aufschlagfrei passieren zu lassen, ebenso Proviant u.a. Source Regest: Harry Kühnel, Stadtarchiv Krems. Urkunden 1108-1844 (Krems 1960);Friedrich III.;friedrich_iii;nein;Verwaltung|Wirtschaft;;StaAKr-0508
StaAKr-0509;1487 VII 5;1487_07_05;nein;1487;Nürnberg;nein;1487 VII 5, Nürnberg Kaiser Friedrich III. befreit Krems ob seiner loyalen Haltung von der Maut in den Erblanden. Source Regest: Harry Kühnel, Stadtarchiv Krems. Urkunden 1108-1844 (Krems 1960);Friedrich III.;friedrich_iii;nein;Politik|Wirtschaft;;StaAKr-0509
StaAKr-0510;1487 VIII 17;1487_08_17;nein;1487;Enns;nein;1487 VIII 17, Enns Herzog Albrecht von Sachsen obertser Hauptmann des Kaisers, befiehlt Krems am Freitag nach Bartholomäus in Enns oder wo das Lager sich befindet, sich gerüstet zu stellen. Source Regest: Harry Kühnel, Stadtarchiv Krems. Urkunden 1108-1844 (Krems 1960);Albrecht von Sachsen;albrecht_der_beherzte_sachsen;nein;Politik|Verwaltung;;StaAKr-0510
StaAKr-0511;1487 VIII 23;1487_08_23;nein;1487;Enns;nein;"1487 VIII 23, Enns Herzog Albrecht von Sachsen nimmt Hans Dachsperg mit 100 Fußknechten in seine Dienste auf drei Monate; am 6. Sept. sollen sie in Krems gestellt sein. Source Regest: Harry Kühnel, Stadtarchiv Krems. Urkunden 1108-1844 (Krems 1960)";Albrecht von Sachsen|Hans Dachsperg;albrecht_der_beherzte_sachsen|hans_dachsperg;nein;Politik;;StaAKr-0511
StaAKr-0512;1488 II 17;1488_02_17;nein;1488;Innsbruck;nein;1488 II 17, Innsbruck Kaiser Friedrich III. bittet die Stadt, die entlassenen Söldner Herzog Albrechts von Sachsen zu versorgen, damit sie zum Schutze der Stadt bleiben. Source Regest: Harry Kühnel, Stadtarchiv Krems. Urkunden 1108-1844 (Krems 1960);Friedrich III.|Albrecht von Sachsen;friedrich_iii|albrecht_der_beherzte_sachsen;nein;Politik|Soziales Leben;;StaAKr-0512
StaAKr-0513;1488 II 24;1488_02_24;nein;1488;Innsbruck|Sarmingstein|Ybbs an der Donau|Melk|Dürnstein|Struden;nein;1488 II 24, Innsbruck Kaiser Frriedrich III. befiehlt den Mautnern in Struden, Sarmingstein, Ybbs, Melk und Dürnstein 100 Pf. Salz für Krems mautfrei passieren zu lassen. Source Regest: Harry Kühnel, Stadtarchiv Krems. Urkunden 1108-1844 (Krems 1960);Friedrich III.;friedrich_iii;nein;Verwaltung|Wirtschaft;;StaAKr-0513
StaAKr-0514;1488 II 29;1488_02_29;nein;1488;Innsbruck|Rehberg bei Krems;nein;1488 II 29, Innsbruck Kaiser Friedrich III. befiehlt Krems, das Schloß Rechberg, auf dem der Mühlbanger Geld liegen hat, das er Fremden vergeben wolle, zu besetzen. Source Regest: Harry Kühnel, Stadtarchiv Krems. Urkunden 1108-1844 (Krems 1960);Friedrich III.|Mühlbanger;friedrich_iii|muehlbanger_1488;nein;Rechtswesen|Vermögen und Finanzen|Verwaltung;;StaAKr-0514
StaAKr-0515;1488 V 3;1488_05_03;nein;1488;Salzburg|Steyr;nein;1488 V 3, Salzburg Erzbischof Johann von Salzburg fordert Krems auf, Abgeordnete nach Steyr zu schicken (Mai 15) um mit König Mathias über die Verlängerung des Waffenstillstandes zu verhandeln. Source Regest: Harry Kühnel, Stadtarchiv Krems. Urkunden 1108-1844 (Krems 1960);Johann von Salzburg|Matthias Corvinus;johann_von_salzburg|matthias_corvinus;nein;Politik|Verwaltung;;StaAKr-0515
StaAKr-0516;1488 VI 3;1488_06_03;nein;1488;Aalst, Belgien|Krems;nein;1488 VI 3, Alst in Flandern Kaiser Friedrich III. ermächtigt die Stadt Krems, das Gmundener Salz auf der Donau aufzuhalten, solange die Amtleute nicht das versprochene ausfolgen. Source Regest: Harry Kühnel, Stadtarchiv Krems. Urkunden 1108-1844 (Krems 1960);Friedrich III.;friedrich_iii;nein;Politik|Rechtswesen|Verwaltung|Wirtschaft;;StaAKr-0516
StaAKr-0517;1488 VI 29;1488_06_29;nein;1488;Gent, Belgien|Rehberg bei Krems;nein;1488 VI 29, Im Feld bei Gent Kaiser Friedrich gestattet Krems 100 Dreiling Wein mautfrei auszuführen, damit sie Rechperg einlösen könnten. Source Regest: Harry Kühnel, Stadtarchiv Krems. Urkunden 1108-1844 (Krems 1960);Friedrich III.;friedrich_iii;nein;Vermögen und Finanzen|Wirtschaft;;StaAKr-0517
StaAKr-0518;1488 VI 29;1488_06_29;nein;1488;Gent, Belgien|Krems;nein;1488 VI 29, Im Feld bei Gent Kaiser Friedrich III. stellt den Paß Nr. 517 aus. Source Regest: Harry Kühnel, Stadtarchiv Krems. Urkunden 1108-1844 (Krems 1960);Friedrich III.;friedrich_iii;nein;Stadt und Raum|Verwaltung;;StaAKr-0518
StaAKr-0519;1488 VII 4;1488_07_04;nein;1488;Landshut;nein;1488 VII 4, Lanshut Herzog Georg von Baiern ersucht Krems mitzuwirken, daß dem Jörigen Wisinger von Braunau von dem Kremser Bürger Bernhart Schreckenpawr die Schuld bezahlt werde. Source Regest: Harry Kühnel, Stadtarchiv Krems. Urkunden 1108-1844 (Krems 1960);Georg von Bayern|Jörigen Wisinger von Braunau|Bernhart Schreckenpawr;georg_der_reiche_bayern|joerigen_wisinger_von_braunau|bernhart_schreckenpawr;nein;Rechtswesen|Vermögen und Finanzen;;StaAKr-0519
StAK-UrkKr-0520;1488 VII 21;1488_07_21;nein;1488;Bógget, Belgien;ja;1488 VII 21, Bocholt (im Veld bey Bucholt in Flanndern) Kaiser Friedrich [III.] gestattet (haben ... vergu?nnt und erlaubt, vergu?nnen und erlauben) als regierender Herr und Landesfürst den Ersamen weisen Bürgermeister, Richter, Rat und Bürgern von Krems (Krembs) und allen Nachfolgern auf deren Bitte sowie aufgrund der treuen Dienste im derzeitigen wie auch in vergangenen Kriegshandlungen, die die Empfänger mit ihrem Leben und ihrem Besitz geleistet haben und dies künftig tun werden, die Niederlage und den Handel mit Salz, den bisher die Bürger in Stein (Stain) innegehabt hatten, fortan ungehindert in Krems zu betreiben, unter Vorbehalt der Oberhoheit des Ausstellers. Er befiehlt (gebieten ... und wellen) allen Hauptleuten, Grafen, Freiherren, Rittern und Knechten, Verwesern, Vizedomen, Pflegern, Burggrafen, Landrichtern, Bürgermeistern, Richtern, Räten, Bürgern, Gemeinden und allen anderen Amtsleuten, Untertanen und Getreuen, die Empfänger in ihren Privilegien nicht zu behindern noch dies irgendjemandem zu gestatten, unter Beachtung der Oberhoheit des Ausstellers. Siegler: der Aussteller. Quelle Regest: Stadtarchiv Krems, 2020.;Friedrich III.;friedrich_iii;nein;Politik|Rechtswesen|Wirtschaft;Ortsidentifikation unsicher: Bógget, Belgien (nicht eindeutig aus dem Regest-Text ableitbar);StAK-UrkKr-0520
StaAKr-0521;1488 VII 24;1488_07_24;nein;1488;Leuven, Belgien;ja;"1488 VII 24, Im Feld zu Ernberg in Flandern Kaiser Friedrich III. teilt mit, daß er Krems trotz des bald endigenden Friedens mit Ungarn kein Geld und keine Truppen schicken könne; letztere wolle er von Gen.verschaffen, die Bürger aber sollen alle Vorsorge zur Bewahrung der Stadt treffen. Source Regest: Harry Kühnel, Stadtarchiv Krems. Urkunden 1108-1844 (Krems 1960)";Friedrich III.;friedrich_iii;nein;Politik|Vermögen und Finanzen;Ortsidentifikation unsicher: Leuven, Belgien (nicht eindeutig aus dem Regest-Text ableitbar);StaAKr-0521
StaAKr-0522;1488 XI 11;1488_11_11;nein;1488;Salzburg|Enns;nein;1488 XI 11, Salzburg Erzbischof Johann von Salzburg verspricht Krems, der Stadt Enns zu schreiben, daß sie vom Salz, das Krems vom Kaiser erhielt, nicht ungebührliche Maut einhebe. Source Regest: Harry Kühnel, Stadtarchiv Krems. Urkunden 1108-1844 (Krems 1960);Johann von Salzburg;johann_von_salzburg;nein;Vermögen und Finanzen|Verwaltung|Wirtschaft;;StaAKr-0522
StaAKr-0523;1488 XI 24;1488_11_24;nein;1488;Worms;nein;1488 XI 24, Worms Kaiser Friedrich III. befiehlt aanläßlich seines Todes einiger Ratsherren die Neuwahl von Bürgermeister, Richter und Rat. Source Regest: Harry Kühnel, Stadtarchiv Krems. Urkunden 1108-1844 (Krems 1960);Friedrich III.;friedrich_iii;nein;Politik|Verwaltung;;StaAKr-0523
StaAKr-0523a;1489 XII 31;1489_12_31;nein;1489;Linz;nein;1489 XII 31, Linz Kaiser Friedrich III. befiehlt die Wahlen für 1490 vorzunehmen und Sigmund Hager den Eid zu leisten. Source Regest: Harry Kühnel, Stadtarchiv Krems. Urkunden 1108-1844 (Krems 1960);Friedrich III.|Sigmund Hager;friedrich_iii|sigmund_hager;nein;Politik|Verwaltung;;StaAKr-0523a
StaAKr-0524;1490 III 20;1490_03_20;nein;1490;Linz;nein;1490 III 20, Linz Kaiser Friedrich III. befiehlt den Rat vollzählig zu wählen. Source Regest: Harry Kühnel, Stadtarchiv Krems. Urkunden 1108-1844 (Krems 1960);Friedrich III.;friedrich_iii;nein;Politik|Verwaltung;;StaAKr-0524
StaAKr-0525;1490III 27;1490_03_27;nein;1490;Wien;nein;1490III 27 Wilhelm von Bibra u.a. erinnern Mthias an den Waffenstillstand mit dem KaiserKaiser Friedrich III. befiehlt den Rat vollzählig zu wählen. Er möge Krems deshalb nicht mit seinen Forderungen bedrängen. Source Regest: Harry Kühnel, Stadtarchiv Krems. Urkunden 1108-1844 (Krems 1960);Wilhelm von Bibra|Mthias|Friedrich III.;wilhelm_von_bibra|mthias_1490|friedrich_iii;nein;Politik|Verwaltung;;StaAKr-0525
StaAKr-0526;1490 IV 2;1490_04_02;nein;1490;Linz;nein;1490 IV 2, Linz Kaiser Friedrich III. bestellt Sigmund Hager als Hauptmann der Stadt und befiehlt seinen Dienstleuten, ihm und dem Bürgermeister, Richter und Rat den Eid zu leisten. Source Regest: Harry Kühnel, Stadtarchiv Krems. Urkunden 1108-1844 (Krems 1960);Friedrich III.|Sigmund Hager;friedrich_iii|sigmund_hager;nein;Politik|Verwaltung;;StaAKr-0526
StaAKr-0527;1490 V 6;1490_05_06;nein;1490;Linz;nein;1490 V 6, Linz Kaiser Friedrich III. äußert seine Befriedigung, daß Jörg von Rosenstain an dem Verlust von Stein keine Schuld treffe. Source Regest: Harry Kühnel, Stadtarchiv Krems. Urkunden 1108-1844 (Krems 1960);Friedrich III.|Jörg von Rosenstain;friedrich_iii|joerg_von_rosenstain;nein;Politik|Rechtswesen;;StaAKr-0527
StaAKr-0528;1490 V 25;1490_05_25;nein;1490;Linz;nein;"1490 V 25, Linz Kaiser Friedrich III. teilt mit, daß er eine Änderung betreffs des ""Anslages"" nicht vornehmen könne. Source Regest: Harry Kühnel, Stadtarchiv Krems. Urkunden 1108-1844 (Krems 1960)";Friedrich III.;friedrich_iii;nein;Vermögen und Finanzen|Verwaltung;;StaAKr-0528
StaAKr-0529;1490 VI 20;1490_06_20;nein;1490;Linz;nein;1490 VI 20, Linz Kaiser Friedrich III. überläßt Watzlaw Wultzkho von Zenaw den Aufschlag von Wein und Salz und anderen Waren in Österreich ob und unter der Enns zur Tilgung der Schuld. Source Regest: Harry Kühnel, Stadtarchiv Krems. Urkunden 1108-1844 (Krems 1960);Friedrich III.|Watzlaw Wultzkho von Zenaw;friedrich_iii|watzlaw_wultzkho_von_zenaw;nein;Vermögen und Finanzen|Wirtschaft;;StaAKr-0529
StaAKr-0530;1490 VI 30;1490_06_30;nein;1490;Linz;nein;!490 VI 30, Linz Kaiser Friedrich III. befiehlt, Schiffe für Maximilian bereitzustellen. Source Regest: Harry Kühnel, Stadtarchiv Krems. Urkunden 1108-1844 (Krems 1960);Friedrich III.|Maximilian I.;friedrich_iii|maximilian_i;nein;Stadt und Raum|Verwaltung|Wirtschaft;;StaAKr-0530
StaAKr-0538;1490 VIII 30;1490_08_30;nein;1490;Wien;nein;1490 VIII 30, Wien König Max fordert Krems auf, an der Eroberung des Landes mizuhelfen und sendet auch eine Abschrift seiner Rechte auf die Krone von Ungarn. Source Regest: Harry Kühnel, Stadtarchiv Krems. Urkunden 1108-1844 (Krems 1960);Maximilian I.;maximilian_i;nein;Politik|Rechtswesen;;StaAKr-0538
StaAKr-0531;1490 IX 4;1490_09_04;nein;1490;Wien;nein;1490 IX 4, Wien König Maximilian befiehlt, dem Melchior Pellinger Rechperg zu übergeben. Source Regest: Harry Kühnel, Stadtarchiv Krems. Urkunden 1108-1844 (Krems 1960);Maximilian I.|Melchior Pellinger;maximilian_i|melchior_pellinger;nein;Rechtswesen|Vermögen und Finanzen;;StaAKr-0531
StaAKr-0532;1490 IX 8;1490_09_08;nein;1490;Linz;nein;1490 IX 8, Linz Kaiser Friedrich III. befiehlt die von Max geworbenen Truppen nicht in der Stadt, sondern in den Dörfern zu bequartieren, sie jedoch mit Proviant zu versorgen. Source Regest: Harry Kühnel, Stadtarchiv Krems. Urkunden 1108-1844 (Krems 1960);Friedrich III.|Maximilian I.;friedrich_iii|maximilian_i;nein;Soziales Leben|Verwaltung;;StaAKr-0532
StaAKr-0533;1490 IX 30;1490_09_30;nein;1490;Linz;nein;1490 IX 30, Linz Kaiser Friedrich III. erfordert für sich und Max zur vollständigen Rückeroberung der Erblande eine Anleihe von 1000 fl. Von Krems. Source Regest: Harry Kühnel, Stadtarchiv Krems. Urkunden 1108-1844 (Krems 1960);Friedrich III.|Maximilian I.;friedrich_iii|maximilian_i;nein;Politik|Vermögen und Finanzen;;StaAKr-0533
StaAKr-0534;1490 X 4;1490_10_04;nein;1490;Wien;nein;1490 X 4, Wien König Max schickt Martein Eytzinger, seinen Rat zur Verhandlung über ein Anlehen nach Krems. Source Regest: Harry Kühnel, Stadtarchiv Krems. Urkunden 1108-1844 (Krems 1960);Maximilian I.|Martein Eytzinger|Martin von Eytzing;maximilian_i|martein_eytzinger|martin_von_eytzing;ja;Politik|Vermögen und Finanzen;"Personenidentifikation unsicher: vermutlich Martin von Eytzing (Regest nennt ""Martein"")";StaAKr-0534
StaAKr-0535;1490 XII 16;1490_12_16;nein;1490;Linz;nein;1490 XII 16, Linz Kaiser Friedrich III. vereinigt Stein wieder pol. Mit Krems und ordnet gemeinsame Wahl an. Source Regest: Harry Kühnel, Stadtarchiv Krems. Urkunden 1108-1844 (Krems 1960);Friedrich III.;friedrich_iii;nein;Politik|Verwaltung;;StaAKr-0535
StaAKr-0536;1490 XII 21;1490_12_21;nein;1490;Linz;nein;1490 XII 21, Linz Kaiser Friedrich III. warnt Krems vor feindlichen Überfällen. Source Regest: Harry Kühnel, Stadtarchiv Krems. Urkunden 1108-1844 (Krems 1960);Friedrich III.;friedrich_iii;nein;Politik|Rechtswesen;;StaAKr-0536
StaAKr-0537;1491 II 26;1491_02_26;nein;1491;Linz|Dürnstein;nein;1491 II 26, Linz Kaiser Friedrich III. trägt der Stadt Krems auf, die von ihr besetzte Burg Dürnstein dem Hans Oberhaimer zu Parz zu übergeben. Source Regest: Harry Kühnel, Stadtarchiv Krems. Urkunden 1108-1844 (Krems 1960);Friedrich III.|Hans Oberhaimer;friedrich_iii|hans_oberhaimer;nein;Politik|Rechtswesen|Stadt und Raum|Verwaltung;;StaAKr-0537
StaAKr-0539;1491 II 26;1491_02_26;nein;1491;Linz;nein;1491 II 26, Linz Kaiser Friedrich III. befiehlt dem Hans Oberhaimer zu Parz, das Schloß zu Dürnstein abzutreten, das bisher die Stadt vom Kaiser innehatte. Source Regest: Harry Kühnel, Stadtarchiv Krems. Urkunden 1108-1844 (Krems 1960);Friedrich III.|Hans Oberhaimer;friedrich_iii|hans_oberhaimer;nein;Politik|Stadt und Raum|Vermögen und Finanzen|Verwaltung;;StaAKr-0539
StaAKr-0540;1491 III 11;1491_03_11;nein;1491;Krems;nein;1491 III 11, Krems Heinrich Herolt, Prior und der Konvent des Dominikaner- Klosters in Krems gestatten der Gemeinde die Erbauung einer Mühle auf ihrem Freidhof, vorbehaltlich des Eigentumsrechtes am Baugrund. Source Regest: Harry Kühnel, Stadtarchiv Krems. Urkunden 1108-1844 (Krems 1960);Heinrich Herolt;heinrich_herolt;nein;Religion|Stadt und Raum|Vermögen und Finanzen|Wirtschaft;;StaAKr-0540
StAK-Stein-2020;1491 XII 27;1491_12_27;nein;1491;Stein;nein;"Kaiser Freidrich III. befreit die Stadt Stein von allen Steuern, Annschlägen und Ungelt, mit Ausnahme von Robot, Wacht und ""Sehkart""?";Friedrich III.;friedrich_iii;nein;Politik|Vermögen und Finanzen;;StAK-Stein-2020
StAK-Stein-2021;1492 I 16;1492_01_16;nein;1492;Krems|Korneuburg;nein;Kaiser Freidrich III. befiehlt allen Städten an der Donau, daß künftig Wein, Getreide und Salz nur in den Städten Krems und Korneuburg in die Niederlagen geführt werden dürfen.;Friedrich III.;friedrich_iii;nein;Politik|Vermögen und Finanzen|Wirtschaft;;StAK-Stein-2021
StAK-UrkKr-0541;1492 XII 11;1492_12_11;nein;1492;Linz;nein;1492 XII 11, Linz (zu? Lÿnntz) Kaiser Friedrich [III.] erteilt (haben ... von sonndern gnaden die gnad getan) als Herr und Landesfürst in Österreich unter und ob der Enns für sich und seine Nachfahren den Ersamen Weisen, besonnder lieben und getrewn Bürgermeister, Richter, Rat und die Bürger in Krems (Krembs) sowie alle Nachfahren aufgrund der treuen Dienste in vielfältigen Angelegenheiten, besonders aber, dass sie die Stadt in zahlreichen Kampfhandlungen (etwevil krieg) für den Aussteller verteidigt haben, die Gnade und befreit (begeben und nachgelassen haben, Tun nachlassen und begeben) fortan alle Personen, Pferde und alle Güter (hab und gu?t), die hinübergehen, -reiten oder -geführt werden, von der Brückenmaut in Stein (Stain), sodass sie fortan kein Brückengeld (Pru?gkhgellt) und keine Maut (Mawtt) zahlen müssen, sondern davon befreit (vertragen) sind. Dazu sollen sie von den Mautnern unbehelligt bleiben. Er gebietet (gebieten) allen Hauptleuten, Landmarschällen, Grafen, Freiherren, Rittern und Knechten, Verwesern, Hubmeistern, Vizedomen, Pflegern, Burggrafen, Landrichtern, Bürgermeistern, Richtern, Räten, Bürgen, Gemeinden und allen anderen Amtsleuten und Untertanen, besonders Bernhard Karlinger, seinem diener und Brückengeldeinnehmer, sowie allen zukünftigen Mautnern oder Brückengeldeinnehmern und befiehlt (wellen), die Bürger sowie alle Erben und Nachfahren in den verliehen Gnaden und Freiheiten bezüglich Brückengeld und Brückenmaut weder zu behindern, noch zuzulassen, dass irgendjemand dies tut. Siegler: der Aussteller. Quelle Regest: Stadtarchiv Krems, 2020.;Friedrich III.|Bernhard Karlinger;friedrich_iii|bernhard_karlinger;nein;Politik|Rechtswesen|Stadt und Raum|Vermögen und Finanzen|Verwaltung|Wirtschaft;;StAK-UrkKr-0541
StaAKr-0876;1493 I 12;1493_01_12;nein;1493;Linz;nein;1493 I 12, Linz Kaiser Friedrich III. bestätigt die Privilegien der Stadt Krems.;Friedrich III.;friedrich_iii;nein;Politik|Rechtswesen;;StaAKr-0876
StaAKr-0542;1493 I 13;1493_01_13;nein;1493;Krems;nein;1493 I 13 Abschrift der goldenen Bulle. Source Regest: Harry Kühnel, Stadtarchiv Krems. Urkunden 1108-1844 (Krems 1960);;;nein;Politik|Rechtswesen;;StaAKr-0542
StaAKr-0543;1493 II 25;1493_02_25;nein;1493;Wilhering;nein;"1493 II 25, Wilhering Abt Thomas und der Konvent von Wolhering kaufen ein Haus in Krems in der hindern Landstraß gegen dem geslen über, da man durch die zuntstuben aushin geet von Konrad Stockhaimer; sie verpflichten sich, allen Forderungen wie die anderen Bürger nachzukommen. Source Regest: Harry Kühnel, Stadtarchiv Krems. Urkunden 1108-1844 (Krems 1960)";Abt Thomas|Konrad Stockhaimer;abt_thomas|konrad_stockhaimer;nein;Religion|Stadt und Raum|Vermögen und Finanzen;;StaAKr-0543
StaAKr-0544;1493 XI 22;1493_11_22;nein;1493;Krems;nein;1493 XI 22, Krems Richter und Rat von Krems senden zur Erbhuldigung Max I. den Bürgermeister, drei Ratsherrn, 4 Genannte, 4 von der Gemeinde. Source Regest: Harry Kühnel, Stadtarchiv Krems. Urkunden 1108-1844 (Krems 1960);Maximilian I.;maximilian_i;nein;Politik;;StaAKr-0544
StaAKr-0545;1494 V 9;1494_05_09;nein;1494;Kempten;nein;"1494 V 9, Kampidone Königin Blanca Maria richtet an Krems ihre ""preces primariae"": ein Kanonikat für den Cleriken Bartolomeus Weixlpaum de Krembs. Source Regest: Harry Kühnel, Stadtarchiv Krems. Urkunden 1108-1844 (Krems 1960)";Blanca Maria|Bartolomeus Weixlpaum de Krembs;bianca_maria_sforza|bartolomeus_weixlpaum_de_krembs;nein;Religion;;StaAKr-0545
StaAKr-0546;1495 I 8;1495_01_08;nein;1495;Reinprechtspölla|Absdorf|Passau;nein;"1495 I 8, Krems Leonhart Purckstaller zu Rainspach verkauft Urban Heytl, Richter und Spitalmeister zu Krems, dem Spital und der Kirche seinen Getreide u. Weinzehent, Safranzehent zu Absdorf (Lehen von Passau), 2 bef. Holden daselbst um 460 Pfund; welche Heinrich Stöckl, Ratsherr zu Krems dem Spital vermachte. Source Regest: Harry Kühnel, Stadtarchiv Krems. Urkunden 1108-1844 (Krems 1960)";Leonhart Purckstaller|Urban Heytl|Heinrich Stöckl;leonhart_purckstaller|urban_heutl|heinrich_stoekchl;nein;Religion|Soziales Leben|Vermögen und Finanzen|Wirtschaft;;StaAKr-0546
StAK-Stein-2022;1495 II 5;1495_02_05;nein;1495;Krems|Stein;nein;König Maximilian setzt die Erklärung seines Vaters Freidrichs III. über den Getreide- und Salzhandel in Krems und Stein außer Kraft.;Maximilian I.|Friedrich III.;maximilian_i|friedrich_iii;nein;Politik|Wirtschaft;;StAK-Stein-2022
StaAKr-0546a;1495 V 28;1495_05_28;nein;1495;Schiltern;nein;1495 V 28 Privat des Pankraz Schlewffer an seinen Vetter Wolfgang betreff Nutz und Gehwähr eines Weingartens Schiltern, Christi Himmelfahrt. Source Regest: Harry Kühnel, Stadtarchiv Krems. Urkunden 1108-1844 (Krems 1960);Pankraz Schlewffer|Wolfgang;pankraz_schlewffer|wolfgang_1495;nein;Vermögen und Finanzen|Wirtschaft;;StaAKr-0546a
StAK-Stein-2023;1496 VII 6;1496_07_06;nein;1496;Stein;nein;König Maximilian beurkundet, daß Getreide und Salz an keinem anderen Orte als in Stein aufgeschüttet werden werden darf.;Maximilian I.;maximilian_i;nein;Politik|Wirtschaft;;StAK-Stein-2023
StaAKr-0547;1496 XI 14;1496_11_14;nein;1496;Weiten;nein;1496 XI 14 Martin Perichtold, Richter zu Weiten erhält von seiner Tochter eine halbe Wiese, gen. die Au, die sie von ihrer Mutter geerbt hat gegen jährl. 12 Pfund Grieß, die andere Hälfte besitzt er zu Leibgeding. Source Regest: Harry Kühnel, Stadtarchiv Krems. Urkunden 1108-1844 (Krems 1960);Martin Perichtold;martin_perichtold;nein;Bevölkerung und Bevölkerungsgruppen|Vermögen und Finanzen|Wirtschaft;;StaAKr-0547
StaAKr-0548;1496 XI 18;1496_11_18;nein;1496;Krems;nein;1496 XI 18 König Max I. befiehlt dem Bürgermeister, Richter und Rat von Krems und Stein, von den lauf. Einnahmen dem Kloster Gaming vier Mut Weizen zu geben. Source Regest: Harry Kühnel, Stadtarchiv Krems. Urkunden 1108-1844 (Krems 1960);Maximilian I.;maximilian_i;nein;Religion|Vermögen und Finanzen|Verwaltung|Wirtschaft;;StaAKr-0548
StaAKr-0549;1496 XI 26;1496_11_26;nein;1496;Passau|Großrust|Statzendorf|Weidling|Wetzmannsthal;nein;1496 XI 26, Passau Bischof Christof von Passau gibt Veit Plessner zu Lehen:den halben Getreidezehent zu Groß-Rust,  den halben Weinzehent zu Statzendorf, ein Viertel Getreidezehent zu Statzendorf, ein Viertel Getreidezehent in Weigling, den halben Wein- und Getreidezehent zu Watzmannstal. Source Regest: Harry Kühnel, Stadtarchiv Krems. Urkunden 1108-1844 (Krems 1960);Christof von Passau|Veit Plessner;christof_von_passau|veit_plessner;nein;Religion|Vermögen und Finanzen|Wirtschaft;;StaAKr-0549
StaAKr-0550;1496 XII 10;1496_12_10;nein;1496;Wien;nein;"1496 XII 10 König Max befiehlt ""nach dem altem herkomen"" zu St. Thomas Bürgermeister, Richter und Rat zu wählen; die Gewählten sollten persönlich in wien Eid leisten, die Ratsherren sind zu melden. Source Regest: Harry Kühnel, Stadtarchiv Krems. Urkunden 1108-1844 (Krems 1960)";Maximilian I.;maximilian_i;nein;Politik|Verwaltung;;StaAKr-0550
StaAKr-0551;1497;1497_00_00;ja;1497;Rom, Italien;nein;1497, Rom Für Lorenzius Hanusch, Ritter von Purkstein wird von Papst Alexander VI. ein freies Geleit ausgestellt gegen Mathes Slyck. Source Regest: Harry Kühnel, Stadtarchiv Krems. Urkunden 1108-1844 (Krems 1960);Lorenzius Hanusch|Alexander VI.|Mathes Slyck;lorenz_hanusch|alexander_vi|mathes_slyck;nein;Rechtswesen;Datierung unsicher: Nur Jahresangabe im Quellentext überliefert, kein exaktes Tages-/Monatsdatum.;StaAKr-0551
StaAKr-0552;1497 I 12;1497_01_12;nein;1497;Krems;nein;1497 I 12 Stiftung des Dreifaltigkeitsbeneficiums in der Kremser Pfarrkirche durch Wolfgang Kadlberger. Source Regest: Harry Kühnel, Stadtarchiv Krems. Urkunden 1108-1844 (Krems 1960);Wolfgang Kadlberger;wolfgang_kadlberger;nein;Religion|Vermögen und Finanzen;;StaAKr-0552
StaAKr-0553;1497 I 15;1497_01_15;nein;1497;Rom, Italien;nein;1497 I 15, Rom Freies Geleit für Lorenz Hanusch, Ritter von Purkstein vom General des Predigerordens gegen Mathes Slyck. Source Regest: Harry Kühnel, Stadtarchiv Krems. Urkunden 1108-1844 (Krems 1960);Lorenz Hanusch|Mathes Slyck;lorenz_hanusch|mathes_slyck;nein;Rechtswesen|Religion;;StaAKr-0553
StaAKr-0553a;1497 X 11;1497_10_11;nein;1497;Persenbeug;nein;1497 X 11 König Maximilian I. beauftragt Bürgermeister, Richter und Rat von Krems, zum Bau der Maximilianskapelle in Persenbeug deren Kirchenkirchenmeister 50 Gülden von den Einkünften, die sie für ihn einheben,  auszufolgen. Source Regest: Harry Kühnel, Stadtarchiv Krems. Urkunden 1108-1844 (Krems 1960);Maximilian I.;maximilian_i;nein;Religion|Vermögen und Finanzen|Verwaltung;;StaAKr-0553a
StaAKr-0554;1497 X 21;1497_10_21;nein;1497;Krems;nein;1497 X 21 König Max I befiehlt, aus den lf. Einnahmen Lamprecht Spitzenstain 1000 fl. rhein. auf Getreide zu geben. Source Regest: Harry Kühnel, Stadtarchiv Krems. Urkunden 1108-1844 (Krems 1960);Maximilian I.|Lamprecht Spitzenstain;maximilian_i|lamprecht_spitzenstain;nein;Vermögen und Finanzen|Verwaltung|Wirtschaft;;StaAKr-0554
StaAKr-0555;1497 X 28;1497_10_28;nein;1497;Wien|Passau;nein;1497 X 28, Wien Der Hubmeister von Österreich Hans Harrasser zu Groß befiehlt, den Passauer Weinzehent in den Pfarrhof zu führen und Bericht zu geben. Source Regest: Harry Kühnel, Stadtarchiv Krems. Urkunden 1108-1844 (Krems 1960);Hans Harrasser;hans_harrasser;nein;Religion|Verwaltung|Wirtschaft;;StaAKr-0555
StaAKr-0556;1497 XII 1;1497_12_01;nein;1497;Persenbeug;nein;1497 XII 1 König Max I. befiehlt Jörgen Burckharten, Pfleger zu Persenbeug, 6 Mut Korn und 4 Mut Hafer aus den lf. Einnahmen zu geben. Source Regest: Harry Kühnel, Stadtarchiv Krems. Urkunden 1108-1844 (Krems 1960);Maximilian I.|Jörgen Burckharten;maximilian_i|joergen_burckharten;nein;Verwaltung|Wirtschaft;;StaAKr-0556
StaAKr-0557;1498 VIII 1;1498_08_01;nein;1498;Rom, Italien;nein;1498 VIII 1, Rom Freies Geleit für Lorenz Hanusch, Ritter von Purkstein von Papst Alexander VI. gegen Mathes Slyck. Source Regest: Harry Kühnel, Stadtarchiv Krems. Urkunden 1108-1844 (Krems 1960);Lorenz Hanusch|Alexander VI.|Mathes Slyck;lorenz_hanusch|alexander_vi|mathes_slyck;nein;Rechtswesen;;StaAKr-0557
StaAKr-0558;1499 I 21;1499_01_21;nein;1499;Statzendorf;nein;"1499 I 21 Veit Plesser verkauft den pers. Getreidezehent zu Statzendorf der ""priesterlichen Bruderschaft"" zu Krems. Source Regest: Harry Kühnel, Stadtarchiv Krems. Urkunden 1108-1844 (Krems 1960)";Veit Plessner;veit_plessner;ja;Religion|Vermögen und Finanzen|Wirtschaft;"Personenidentifikation unsicher: vermutlich Veit Plessner (Regest nennt ""Veit"")";StaAKr-0558
StaAKr-0559;1499 III 2;1499_03_02;nein;1499;Sommerleiten, Mistelbach;ja;1499 III 2 Mathias Vorster, Diener der Grafen von Schaunburg verkauft mit Hilfe des Burgeherrn Laurenz, Kaplan am Karner in Stein seinen Weingarten (3 1/2 Joch an der Sommerleiten) Jobst Kirichlinger, Ratsbürger beider Städte. Source Regest: Harry Kühnel, Stadtarchiv Krems. Urkunden 1108-1844 (Krems 1960);Mathias Vorster|Kaplan Laurenz|Jobst Kirchlinger;mathias_vorster|kaplan_laurenz|jobst_kirchlinger;ja;Vermögen und Finanzen|Wirtschaft;"Ortsidentifikation unsicher: vermutlich Sommerleiten, Mistelbach (Regest nennt ""Sommerleiten"") | Personenidentifikation unsicher: vermutlich Jobst Kirchlinger (Regest nennt ""Jobst"")";StaAKr-0559
StaAKr-0560;1500 I 10;1500_01_10;nein;1500;Wien;nein;1500 I 10 König Max I. befiehlt dem Jobst Jungmeyer, Domherr und pess. Offizial in Wien, die Pfarre Krems einzuräumen. Source Regest: Harry Kühnel, Stadtarchiv Krems. Urkunden 1108-1844 (Krems 1960);Maximilian I.|Jobst Jungmeyer;maximilian_i|jobst_jungmeyer;nein;Religion|Verwaltung;;StaAKr-0560
StaAKr-0561;1500 I 14;1500_01_14;nein;1500;Krems;nein;"1500 I 14 König Max I. erneuert Nr. 560 als ""Herr und Landesfürst"", da ihm die Vergebung der Pfarre gebührt. Source Regest: Harry Kühnel, Stadtarchiv Krems. Urkunden 1108-1844 (Krems 1960)";Maximilian I.;maximilian_i;nein;Religion|Verwaltung;;StaAKr-0561
StaAKr-0561a;1500 II 1;1500_02_01;nein;1500;Wien;nein;1500 II 1 Barbara Ambrosi, Stein, richtet ein Schreiben an einen Bürger zu Wien. Source Regest: Harry Kühnel, Stadtarchiv Krems. Urkunden 1108-1844 (Krems 1960);Barbara Ambrosi;barbara_ambrosi;nein;Bevölkerung und Bevölkerungsgruppen;;StaAKr-0561a
StaAKr-0562;1500 V 18;1500_05_18;nein;1500;Wien|Venezia;nein;1500 V 18 König Max I. befiehlt anläßlich des Krieges mit Venedig Abgeordnete nach Wien zu senden. Source Regest: Harry Kühnel, Stadtarchiv Krems. Urkunden 1108-1844 (Krems 1960);Maximilian I.;maximilian_i;nein;Politik|Verwaltung;;StaAKr-0562
StaAKr-0563;1500 XII 12;1500_12_12;nein;1500;Krems;nein;1500 XII 12 König Max I. befiehlt, die Wahlen am St. Thomastag vorzunehmen etc. Source Regest: Harry Kühnel, Stadtarchiv Krems. Urkunden 1108-1844 (Krems 1960);Maximilian I.;maximilian_i;nein;Politik|Verwaltung;;StaAKr-0563
StaAKr-0563b;1501 X 27;1501_10_27;nein;1501;Mühldorf am Inn;ja;1501 X 27 Schreiben des Richters und Rates von Muldorf in dem sie bekennen, daß Baltasar Schmid Bürger alhier war. Source Regest: Harry Kühnel, Stadtarchiv Krems. Urkunden 1108-1844 (Krems 1960);Baltasar Schmid;baltasar_schmid;nein;Bevölkerung und Bevölkerungsgruppen|Rechtswesen;Ortsidentifikation unsicher: Mühldorf am Inn (nicht eindeutig aus dem Regest-Text ableitbar);StaAKr-0563b
StaAKr-0563a;1502 V 25;1502_05_25;nein;1502;Mautern an der Donau;nein;1502 V 25 Verzichtserklärung, Erhard Vogelsangs Erbschaft, Richter und Rat von Mautern. Source Regest: Harry Kühnel, Stadtarchiv Krems. Urkunden 1108-1844 (Krems 1960);Erhard Vogelsang;erhard_vogelsang;nein;Rechtswesen|Vermögen und Finanzen;;StaAKr-0563a
StaAKr-0564;1502 VIII 18;1502_08_18;nein;1502;Leuven, Belgien;ja;1502 VIII 18, Ernberg König Max I. gewährt der durch Hochwasser gefährdeten Stadt Steuernachlaß für drei Jahre zur Gutmachung des Schadens. Source Regest: Harry Kühnel, Stadtarchiv Krems. Urkunden 1108-1844 (Krems 1960);Maximilian I.;maximilian_i;nein;Stadt und Raum|Vermögen und Finanzen|Verwaltung;Ortsidentifikation unsicher: Leuven, Belgien (nicht eindeutig aus dem Regest-Text ableitbar);StaAKr-0564
StaAKr-0565;1502 X 4;1502_10_04;nein;1502;Passau;nein;"1502 X 4, Krems Bischof Vigilius von Passau und der Rat von Krems bestätigen die Stiftung des Michel Spindler, Bürger und Fleischhauer zu Krems, 4 wöchentl. Messen in der Frauenkirche; dieser Stiftung Lehensherr ist der Rat von Krems. Source Regest: Harry Kühnel, Stadtarchiv Krems. Urkunden 1108-1844 (Krems 1960)";Bischof Vigilius|Michel Spindler;bischof_vigilius|michel_spindler;nein;Religion|Vermögen und Finanzen;;StaAKr-0565
StaAKr-0566;1502 X 24;1502_10_24;nein;1502;Statzendorf|Passau;nein;1502 X 24, Krems Bischof Vigilius von Passau belehnt die Priesterbruderschaft in Krems mit dem halben Getreidezehent in Statzendorf. Source Regest: Harry Kühnel, Stadtarchiv Krems. Urkunden 1108-1844 (Krems 1960);Vigilius;vigilius_1502;nein;Religion|Vermögen und Finanzen|Wirtschaft;;StaAKr-0566
StAK-Stein-2024;1503 II 4;1503_02_04;nein;1503;Stein|Gmunden;nein;"König Maximilian schlichtet den Streit zwischen der Stadt Stein und den ""Vertigern Vnnsers gmundnerischen Saltz""";Maximilian I.;maximilian_i;nein;Rechtswesen|Wirtschaft;;StAK-Stein-2024
StaAKr-0566a;1504 VII 4;1504_07_04;nein;1504;Wien;nein;1504 VII 4 Sigmund Pernfuß, Stadtrichter zu Wien stellt eine Urkunde aus. Source Regest: Harry Kühnel, Stadtarchiv Krems. Urkunden 1108-1844 (Krems 1960);Sigmund Pernfuß;sigmund_pernfuss;nein;Rechtswesen|Verwaltung;;StaAKr-0566a
StaAKr-0566b;1505 III 25;1505_03_25;nein;1505;Wösendorf in der Wachau;nein;1505 III 25 Simon Stain von Wösendorf stellt eine Urkunde aus. Source Regest: Harry Kühnel, Stadtarchiv Krems. Urkunden 1108-1844 (Krems 1960);Simon Stain von Wösendorf;simon_stain_von_woesendorf;nein;;;StaAKr-0566b
StAK-UrkKr-0567;1505 V 5;1505_05_05;nein;1505;Krems;nein;1505 V 5 König Maximilian [I.] verleiht (gegeben und vergo ?nnt und erlawbt) den Ersamen weisen Bürgermeister, Richter und Rat der Städte Krems und Stein (Krembs und Stain) aufgrund ihrer Bitte und der treuen Dienste, die sie am Aussteller und dessen Vorfahren sowie am Haus Österreich vollbracht haben, die Freiheit, die hohe Gerichtsbarkeit (in Gerichtlichen sachen das Malefitz beru ?rennd) bei Straftätern, die die Städte festhalten (u ?ber die schedlichen Lew ?tt, so bey In in gefennkhnu ?ß ko ?men), während deren Verhandlung im Rat von Krems und Stein auszuüben und Urteile zu sprechen, wie es auch der Stadt Wien durch Privilegien von Vorfahren des Ausstellers ungehindert gestattet ist. Die Empfänger sind jedoch verpflichtet, bei Armen und Reichen das gleiche Recht walten und weder Freundschaft noch Feindschaft die Gerechtigkeit stören zu lassen. Er befiehlt (gebieten ... und wellen) allen Hauptleuten, Anwälten des Landmarschallamts in Österreich, Grafen, Freiherren, Rittern und Knechten, Verwesern, Vizedomen, Pflegern, Burggrafen, Landrichtern, Bürgermeistern, Richtern, Räten, Bürgern, Gemeinden und allen anderen Amtleuten, Untertanen und Getreuen bei Androhung schwerer Ungnade, die Städte Krems und Stein in ihren Privilegien nicht zu behindern, noch irgendjemand sonst dies zu gestatten, sondern diese ausüben zu lassen. Siegler: der Aussteller. Quelle Regest: Stadtarchiv Krems, 2020.;Maximilian I.;maximilian_i;nein;Politik|Rechtswesen|Verwaltung;;StAK-UrkKr-0567
StaAKr-0569;1506 XI 21;1506_11_21;nein;1506;Waldhausen im Strudengau;nein;1506 XI 21, Waldhausen Probst Konrad von Waldhausen und der Konvent verkaufen Georg Schmollen, Bürger u. Spitalmeister zu Krems und dem Spital einige Grundstücke auf der Laimgrub. Source Regest: Harry Kühnel, Stadtarchiv Krems. Urkunden 1108-1844 (Krems 1960);Probst Konrad|Georg Schmollen;probst_konrad_waldhausen_1506|georg_schmollen;nein;Religion|Soziales Leben|Stadt und Raum|Vermögen und Finanzen;;StaAKr-0569
StaAKr-0572;1507;1507_00_00;ja;1507;Etsdorf am Kamp;nein;"1507 Georg Chastner zu Etsdorf, Diener Wolfgang Polhaims bestätigt die Freigabe des Besitzes der Margarethe, Tochter des Urban Hewtl, Bürger zu Krems, seiner Braut durch den Rat der Stadt als Vormund; einstweilen soll sie Georg Chastner verwalten. Source Regest: Harry Kühnel, Stadtarchiv Krems. Urkunden 1108-1844 (Krems 1960)";Georg Chastner|Wolfgang Polhaim|Margarethe Heutl|Urban Hewtl;georg_chastner|wolfgang_polhaim|margarethe_heutl|urban_heutl;nein;Bevölkerung und Bevölkerungsgruppen|Rechtswesen|Vermögen und Finanzen|Verwaltung;Datierung unsicher: Nur Jahresangabe im Quellentext überliefert, kein exaktes Tages-/Monatsdatum.;StaAKr-0572
StaAKr-0570;1507 IV 30;1507_04_30;nein;1507;Krems;nein;1507 IV 30 Bürgermeister und Rat von Krems publizieren das Urteil der Schranne im Prozeß Hans Färb und Heinrich Stockhlstainer. Source Regest: Harry Kühnel, Stadtarchiv Krems. Urkunden 1108-1844 (Krems 1960);Hans Färb|Heinrich Stockhlstainer;hans_faerb|heinrich_stockhlstainer;nein;Rechtswesen;;StaAKr-0570
StaAKr-0570a;1507 V 4;1507_05_04;nein;1507;Zell am See|Brunn im Felde;nein;1507 V 4 Hanns Zeller zu Zell, Verzichtserklärung der Erben: Lienhart Prenßer zu Brunn, Margarethe seine Hausfrau, Wolfgang, Kaplan zu Topfing, Sigmund Prenßer, Bürger zu Krems. Source Regest: Harry Kühnel, Stadtarchiv Krems. Urkunden 1108-1844 (Krems 1960);Hanns Zeller|Lienhart Prenßer|Margarethe Prenßer|Wolfgang|Sigmund Prenßer;hanns_zeller|lienhart_prensser|margarethe_prensser|wolfgang_1507|sigmund_prensser;nein;Rechtswesen|Vermögen und Finanzen;;StaAKr-0570a
StaAKr-0572b;1507 V 7;1507_05_07;nein;1507;Topping bei Langenlois;ja;1507 V 7 Erbangelegenheiten. Lienhart Prenßer zu Brunn, Margarethe seine Hausfrau, Wolfgang, Kaplan und Priester von Topfing. Source Regest: Harry Kühnel, Stadtarchiv Krems. Urkunden 1108-1844 (Krems 1960);Lienhart Prenßer|Margarethe Prenßer|Wolfgang;lienhart_prensser|margarethe_prensser|wolfgang_1507a;nein;Bevölkerung und Bevölkerungsgruppen|Religion|Vermögen und Finanzen;Ortsidentifikation unsicher: Topping bei Langenlois (nicht eindeutig aus dem Regest-Text ableitbar);StaAKr-0572b
StaAKr-0571;1507 VI 2;1507_06_02;nein;1507;Langenlois;nein;"1507 VI 2 König Max I. befiehlt dem Richter von Langenlois Steffan Zehenntner, den Eid abzunehmen und einige ""der verstendigsten"" von Langenlois vorzuladen zur Behebung einiger Mängel, das Ergebnis dem Landesverweser mitzuteilen. Source Regest: Harry Kühnel, Stadtarchiv Krems. Urkunden 1108-1844 (Krems 1960)";Maximilian I.|Steffan Zehenntner;maximilian_i|steffan_zehenntner;nein;Rechtswesen|Verwaltung;;StaAKr-0571
StaAKr-0572c;1507 VII 27;1507_07_27;nein;1507;Krems;nein;1507 VII 27 Bruder Peter, Prior des Predigerordens zu Krems schreibt an den Bürgermeister Richter und Rat beider Städte. Source Regest: Harry Kühnel, Stadtarchiv Krems. Urkunden 1108-1844 (Krems 1960);Bruder Peter;bruder_peter;nein;Religion|Verwaltung;;StaAKr-0572c
StaAKr-0572a;1507 XII 27;1507_12_27;nein;1507;Krems;nein;1507 XII 27 Erbschaftssache: Hanns Straubinger, Wolfgang Pacher, Wolfgang Stainpresser, Hanns Albrecht. Source Regest: Harry Kühnel, Stadtarchiv Krems. Urkunden 1108-1844 (Krems 1960);Hanns Straubinger|Wolfgang Pacher|Wolfgang Stainpresser|Hanns Albrecht;hanns_straubinger|wolfgang_pacher|wolfgang_stainpresser|hanns_albrecht;nein;Rechtswesen|Vermögen und Finanzen;;StaAKr-0572a
StaAKr-0573;1508 III 16;1508_03_16;nein;1508;Langenlois;nein;1508 III 16 König Max I. befiehlt Richter und Rat von Langenlois den Eid abzunehmen. Source Regest: Harry Kühnel, Stadtarchiv Krems. Urkunden 1108-1844 (Krems 1960);Maximilian I.;maximilian_i;nein;Politik|Verwaltung;;StaAKr-0573
StaAKr-0574;1508 VII 13;1508_07_13;nein;1508;Linz;nein;1508 VII 13, Linz Die n.ö. Regenten befehlen dem Richter von Lois den Eid abzunehemen. Source Regest: Harry Kühnel, Stadtarchiv Krems. Urkunden 1108-1844 (Krems 1960);;;nein;Rechtswesen|Verwaltung;;StaAKr-0574
StaAKr-0578;1508VII 18;1508_07_18;nein;1508;Krems;nein;1508 VII 18 Streitfall wegen eines Weingartens in der Kremsleiten. Wolfgang Wintberger, Doctor der Arznei und Bürger zu Krems verhandelt statt seiner Gattin Lucia. Source Regest: Harry Kühnel, Stadtarchiv Krems. Urkunden 1108-1844 (Krems 1960);Wolfgang Wintberger|Lucia Wintberger;wolfgang_wintberger|lucia_wintberger;nein;Rechtswesen|Vermögen und Finanzen|Wirtschaft;;StaAKr-0578
StaAKr-0575;1508 XII 13;1508_12_13;nein;1508;Krems;nein;"1508 XII 13 König Max I. beendet den Streit zwischen beiden Städten: a) sie sollten einen Bürgermeister, Richter und Rat haben, b) die Steiner müßten Krems wöchentl. 2 Kufen Salz je um 1 Heller billiger lassen; jeder Bürger oder Handwerker von Stein kann mit Getreide handeln, jeder kann auf dem Wochenmarkt in Krems Getreide kaufen; jährl. ""ordnung"" im Salzburgergarten. Source Regest: Harry Kühnel, Stadtarchiv Krems. Urkunden 1108-1844 (Krems 1960)";Maximilian I.;maximilian_i;nein;Politik|Rechtswesen|Verwaltung|Wirtschaft;;StaAKr-0575
StaAKr-0576;1509 VI 20;1509_06_20;nein;1509;Mondsee|Krems;nein;1509 VI 20 Abt Wolfgang und der Konvent von Mondsee befreien die Stadtmühle vor dem Hölltor von der Lehenschaft des Klosters. Dafür erläßt die Stadt dem Klosterhofe die Stadtsteuer gegen jährl.1 Pfund 6 Pfen. in das Kammeramt. Source Regest: Harry Kühnel, Stadtarchiv Krems. Urkunden 1108-1844 (Krems 1960);Wolfgang;wolfgang_1509;nein;Religion|Stadt und Raum|Vermögen und Finanzen|Wirtschaft;;StaAKr-0576
StaAKr-0577;1510 IV 4;1510_04_04;nein;1510;Augsburg|Krems;nein;1510 IV 4, Augsburg Max I. verbietet das Gewerbe u. den Händel außerhalb der Städte und Märkte. Source Regest: Harry Kühnel, Stadtarchiv Krems. Urkunden 1108-1844 (Krems 1960);Maximilian I.;maximilian_i;nein;Politik|Wirtschaft;;StaAKr-0577
StaAKr-0580;1511 III 30;1511_03_30;nein;1511;Krems|Rehberg bei Krems;nein;1511 III 30 Kaufbrief über 3 1/2 Joch Weingarten von Leonhart Hochstäter, Bürger des Rates zu Krems und seiner Frau Margarethe an den Bürgermaister der Herren von Krems vom Leopoldi-Stift und der Pfarrkirche. Georg Spreng zu Rechperg als Grundherr, Hansen Rabennest, Hofmeister im Göttweigerhof Stein. Source Regest: Harry Kühnel, Stadtarchiv Krems. Urkunden 1108-1844 (Krems 1960);Leonhart Hochstetter|Margarethe Hochstetter|Georg Spreng|Hans Rabennest;leonhart_hochstetter|margarete_hochstetter|georg_spreng|hans_rabennest;nein;Religion|Vermögen und Finanzen|Wirtschaft;;StaAKr-0580
StaAKr-0581;1511 IX 26;1511_09_26;nein;1511;Krems;nein;1511 IX 26 Kaufbrief von 3 Weingärten, dem Leopoldi-Stift gehörig an Wolfgang Türk, Bürger zu Krems. Source Regest: Harry Kühnel, Stadtarchiv Krems. Urkunden 1108-1844 (Krems 1960);Wolfgang Türk;wolfgang_tuerk;nein;Religion|Vermögen und Finanzen|Wirtschaft;;StaAKr-0581
StaAKr-0579;1511 XII 16;1511_12_16;nein;1511;Lengenfeld;nein;1511 XII 16 Kaspar von Volkenstorf, Kais. Rat und Verweser des Landmarschallamts in Österreich schreibt an den Bürgermeister, Richter und Rat beider Städte wegen einer Klage des Paul Kampp von Lengenfeld gegen Leupold von Neudeck. Source Regest: Harry Kühnel, Stadtarchiv Krems. Urkunden 1108-1844 (Krems 1960);Kaspar von Volkenstorf|Paul Kampp von Lengenfeld|Leupold von Neudeck;kaspar_von_volkenstorf|paul_kampp_von_lengenfeld|leupold_von_neudeck;nein;Rechtswesen|Verwaltung;;StaAKr-0579
StAK-Stein-2025;1512 IV 26;1512_04_26;nein;1512;Stein|Kremsmünster;nein;"Abt Johann und der Konvent von Kremsmünster haben in Stein ein Haus gekauft und verpflichten sich, alle ""mitleiden"" wie andere Bürgershäuser zu tragen, jedoch keinen bürgerlichen Handel zu treiben.";Johann von Kremsmünster;johann_abt_von_kremsmuenster;nein;Religion|Vermögen und Finanzen|Wirtschaft;;StAK-Stein-2025
StaAKr-0581a;1512 V 29;1512_05_29;nein;1512;Eiblingen;ja;1512 V 29 Erbschaftssache des Wolfgang Zehendhuber, Bayern im Eiblinger Gericht, Hansen Zehendhuber zu Ried und dessen Bruder in Stein. Source Regest: Harry Kühnel, Stadtarchiv Krems. Urkunden 1108-1844 (Krems 1960);Wolfgang Zehendhuber|Hansen Zehendhuber;wolfgang_zehendhuber|hansen_zehendhuber;nein;Rechtswesen|Vermögen und Finanzen;"Ortsidentifikation unsicher: vermutlich Eiblingen (Regest nennt ""Eiblinger"")";StaAKr-0581a
StaAKr-0582;1514 V 5;1514_05_05;nein;1514;Krems;nein;1514 V 5 Kaiser Maximilian überläßt die Brandstätte seiner vormaligen Presse am Hafnerplatz dem Herrn Kilian Marquart, Schlüßelamtmann allda. Source Regest: Harry Kühnel, Stadtarchiv Krems. Urkunden 1108-1844 (Krems 1960);Maximilian I.|Kilian Marquart;maximilian_i|kilian_marquart;nein;Stadt und Raum|Vermögen und Finanzen|Verwaltung;;StaAKr-0582
StaAKr-0583;1514 XII 15;1514_12_15;nein;1514;Krems;nein;1514 XII 15 Kilian Marquart übernimmt das Preßhaus am Hafnerplatz von Kaiser welcher es ihm überlassen hat. Source Regest: Harry Kühnel  Stadtarchiv Krems. Urkunden 1108-1844 (Krems 1960);Kilian Marquart|Maximilian I.;kilian_marquart|maximilian_i;nein;Vermögen und Finanzen|Wirtschaft;;StaAKr-0583
StaAKr-0581b;1515 III 20;1515_03_20;nein;1515;Krems;nein;1515 III 20 Beschwerde des Bürgers Lehner über Hochstetter wegen einer beschädigten Mauer. Source Regest: Harry Kühnel, Stadtarchiv Krems. Urkunden 1108-1844 (Krems 1960);Lehner|Hochstetter;lehner_1515|hochstetter_1515;nein;Rechtswesen|Stadt und Raum;;StaAKr-0581b
StaAKr-0584a;1515 VII 13;1515_07_13;nein;1515;Dürnstein|Weißenstein|Rehberg bei Krems;nein;1515 VII 13, Dürnstein Affra Killerin, Äbtissin des Frauenklosters Dürnstein überläßt den Leuten von Oberloiben mit Zustimmung des Johann von Saber, Herr zu Weißenstein, Burg- und Grundherr des Schloßes Rehberg den dafür mit jährl. 10 Pfund dienstbaren Wald hinter dem Schloß Dürnstein. Source Regest: Harry Kühnel, Stadtarchiv Krems. Urkunden 1108-1844 (Krems 1960);Afra Killer|Johann von Saber;afra_killer|johann_von_saber;nein;Religion|Stadt und Raum|Vermögen und Finanzen|Wirtschaft;;StaAKr-0584a
StaAKr-0584;1515 VIII 7;1515_08_07;nein;1515;Mautern an der Donau;nein;1515 VIII 7 Kaiser Maximilian gibt zwei Befehle: am Mittwoch, den 8.8.1515 Schiffe zur Überfuhr von Mautern bereitzustellen. Source Regest: Harry Kühnel, Stadtarchiv Krems. Urkunden 1108-1844 (Krems 1960);Maximilian I.;maximilian_i;nein;Stadt und Raum|Verwaltung;;StaAKr-0584
StaAKr-0585;1515 XI 19;1515_11_19;nein;1515;Krems;nein;1515 XI 19 Kaiser Maximilian rekommandiert dem Magistrat einen gewissen Justus Härpfer zu einen freiwerdenden Benefic. Source Regest: Harry Kühnel, Stadtarchiv Krems. Urkunden 1108-1844 (Krems 1960);Maximilian I.|Justus Härpfer;maximilian_i|justus_haerpfer;nein;Religion|Verwaltung;;StaAKr-0585
StaAKr-0586;1516 III 9;1516_03_09;nein;1516;Stetteldorf am Wagram|Straß im Straßertale;nein;1516 III 9 Verschreibung der Prunauer Erben durch Elisabeth Prunerin, Wittib des Stefan Prunner, Bürger zu Krems, Legat zur St. Veits-Kirche betr. 650 fl. Paul Dörnl zu Stettldorf, Peter Schreiner, Bürger zu Krems, Dorothea Wolfgangen, Wittib zu Straß, Hanns Fetauer, Bürger allda. Source Regest: Harry Kühnel, Stadtarchiv Krems. Urkunden 1108-1844 (Krems 1960);Paul Dörnl|Peter Schreiner|Dorothea Wolfgang|Hanns Fetauer|Elisabeth Brunner|Stefan Brunner;paul_doernl|peter_schreiner|dorothea_wolfgang|hanns_fetauer|elisabeth_brunner|stefan_brunner;ja;Religion|Vermögen und Finanzen;"Personenidentifikation unsicher: vermutlich Elisabeth Brunner (Regest nennt ""Elisabeth""); vermutlich Stefan Brunner (Regest nennt ""Stefan"")";StaAKr-0586
StaAKr-0586a;1516 III 17;1516_03_17;nein;1516;Stetteldorf am Wagram|Straß im Straßertale;nein;1516 III 17 Erbschaftssache. Paul Dörndl zu Stettldorf, Johann Peter Schreiner, Bürger zu Krems, Dorothea Wolfgang zu Straß, Johann Simon Örtl und Hanns Fetauer beide Bürger daselbst und Barbara Fetauer, eheliche Hausfrau. Source Regest: Harry Kühnel, Stadtarchiv Krems. Urkunden 1108-1844 (Krems 1960);Paul Dörndl|Johann Peter Schreiner|Dorothea Wolfgang|Johann Simon Örtl|Hanns Fetauer|Barbara Fetauer;paul_doernl|johann_peter_schreiner|dorothea_wolfgang|johann_simon_oertl|hanns_fetauer|barbara_fetauer;nein;Bevölkerung und Bevölkerungsgruppen|Rechtswesen|Vermögen und Finanzen;;StaAKr-0586a
StaAKr-0587;1516 VI 17;1516_06_17;nein;1516;Krems;nein;1516 VI 17 Kaiser Maximilian befiehlt, auf die falschen Leinwanden acht zu haben. Source Regest: Harry Kühnel, Stadtarchiv Krems. Urkunden 1108-1844 (Krems 1960);Maximilian I.;maximilian_i;nein;Rechtswesen|Verwaltung|Wirtschaft;;StaAKr-0587
StaAKr-0588;1516 VI 20;1516_06_20;nein;1516;Krems;nein;1516 VI 20 Kaiser Maximilian verbietet, die gebrochenen Weinstöcke nach Hause zu tragen. Source Regest: Harry Kühnel, Stadtarchiv Krems. Urkunden 1108-1844 (Krems 1960);Maximilian I.;maximilian_i;nein;Rechtswesen|Wirtschaft;;StaAKr-0588
StaAKr-0589;1516 VII 7;1516_07_07;nein;1516;Retz;nein;1516 VII 7 Kaiser Maximilian befiehlt, daß derjenige, welcher einige Spruch an die Inwohner von Mähren hätte, sich an einem gewissen Tag zu Retz der veordneten Kommission stellen wolle. Source Regest: Harry Kühnel, Stadtarchiv Krems. Urkunden 1108-1844 (Krems 1960);Maximilian I.;maximilian_i;nein;Rechtswesen|Verwaltung;;StaAKr-0589
StaAKr-0590;1516 IX 7;1516_09_07;nein;1516;Korneuburg;nein;1516 IX 7 Schreiben der Stadt Korneuburg wegen der Körner-Ladstatt. Source Regest: Harry Kühnel, Stadtarchiv Krems. Urkunden 1108-1844 (Krems 1960);;;nein;Verkehr, Ver- und Entsorgung|Wirtschaft;;StaAKr-0590
StaAKr-0591;1516 X 5;1516_10_05;nein;1516;Passau;nein;1516 X 5 Kaiser Maximilian übersendet dem Probst von St. Nikola zu Passau eine Bittschrift von Krems und Stein und befiehlt ihm, den darin genannten Weingarten den Bürgern zu verkaufen. Source Regest: Harry Kühnel, Stadtarchiv Krems. Urkunden 1108-1844 (Krems 1960);Maximilian I.;maximilian_i;nein;Vermögen und Finanzen|Verwaltung|Wirtschaft;;StaAKr-0591
StaAKr-0592;1517 I 12;1517_01_12;nein;1517;Langenlois;nein;1517 I 12 Kaiser Maximilian befiehlt, den Magistrat in Langenlois in Eid zu nehmen. Source Regest: Harry Kühnel, Stadtarchiv Krems. Urkunden 1108-1844 (Krems 1960);Maximilian I.;maximilian_i;nein;Politik|Verwaltung;;StaAKr-0592
StaAKr-0593;1517 IV 20;1517_04_20;nein;1517;Krems;nein;1517 IV 20 Doktor Wofgang Wintperger kauft die Presse vom St. Helena-Stift. Thoman Schartner Beneficiat v. Helenen- Stift, Revers darüber. Source Regest: Harry Kühnel, Stadtarchiv Krems. Urkunden 1108-1844 (Krems 1960);Wofgang Wintperger|Thoman Schartner;wolfgang_wintberger|thoman_schartner;nein;Religion|Vermögen und Finanzen;;StaAKr-0593
StaAKr-0594;1517 IV 24;1517_04_24;nein;1517;Krems;nein;1517 IV 24 Wolfgang Baumgartner, Beneficiat des Andreas- Stiftes cediert mit Genehmigung des Magistrates als Lehensherr sein Beneficium dem Thomas Glanz, eines Bürgers Sohn und läßt bei diesen Benefic sen eigentümliches Viertel Weingarten im Wartberg. Source Regest: Harry Kühnel, Stadtarchiv Krems. Urkunden 1108-1844 (Krems 1960);Wolfgang Baumgartner|Thomas Glanz;wolfgang_baumgartner|thomas_glanz;nein;Religion|Vermögen und Finanzen|Wirtschaft;;StaAKr-0594
StaAKr-0595;1517 VIII 1;1517_08_01;nein;1517;Krems;nein;1517 VIII 1 Kaiser Maximilian verlangt, daß zwei Bürgerhäuser zur Vergrößerung des Schlüsselamtes überlassen werden. Source Regest: Harry Kühnel, Stadtarchiv Krems. Urkunden 1108-1844 (Krems 1960);Maximilian I.;maximilian_i;nein;Stadt und Raum|Verwaltung;;StaAKr-0595
StaAKr-0596;1517 VIII 10;1517_08_10;nein;1517;Krems;nein;1517 VIII 10 Dr. med. Wolfgang Wintberger kauft den Garten und das Preßhaus vom Helenen- Stift. Hannsen Felber, Kaplan unseres Lieben- Frauen- Stiftes zu Krems, Christophus Tenngler, Doctor und Offizial d. Passauer Bistum, Thoman Schartner, Beneficiat vom Helenen- Stift. Source Regest: Harry Kühnel, Stadtarchiv Krems. Urkunden 1108-1844 (Krems 1960);Wolfgang Wintberger|Hannsen Felber|Christophus Tenngler|Thoman Schartner;wolfgang_wintberger|hannsen_felber|christophus_tenngler|thoman_schartner;nein;Religion|Vermögen und Finanzen|Wirtschaft;;StaAKr-0596
StaAKr-0597;1517 IX 29;1517_09_29;nein;1517;Göttweig;nein;1517 IX 29 Kaiser Maximilian I. begehrt von der Stadt Krems, daß Martin Pamhackl, des Abtes von Göttweig Kantor die Stadt wieder betreten darf. Source Regest: Harry Kühnel, Stadtarchiv Krems. Urkunden 1108-1844 (Krems 1960);Maximilian I.|Martin Pamhackl;maximilian_i|martin_pamhackl;nein;Rechtswesen|Religion;;StaAKr-0597
StaKr-0035;1517 XII 05;1517_12_05;nein;1517;;nein;noch kein Regest vorhanden;;;ja;;;StaKr-0035
StaAKr-0601;1518;1518_00_00;ja;1518;Berchtesgaden;nein;1518 Auszug aus dem Berchtesgadner Grundbuch: Bei der Erweiterung der Stadt Krems wurde auch der Eisentürhof miteinbezogen, wozu das Stift Berchtesgaden einigen Grund hergab. Source Regest: Harry Kühnel, Stadtarchiv Krems. Urkunden 1108-1844 (Krems 1960);;;nein;Religion|Stadt und Raum|Vermögen und Finanzen;Datierung unsicher: Nur Jahresangabe im Quellentext überliefert, kein exaktes Tages-/Monatsdatum.;StaAKr-0601
StaAKr-0598;1518 II 5;1518_02_05;nein;1518;Grafenegg|Hardegg|Roggendorf, Röschitz;nein;1518 II 5 Schreiben der Stadt Krems und Stein an Wolfgang im  Hoff, Pfleger zu Wenstettenberg (Grafenegg), daß sie von den Hofzügen des Grafen Hans von Hardegg und seines Paters Heinrich und der Herren von Lichtenstein und Roggendorf keine Maut nehmen. Source Regest: Harry Kühnel, Stadtarchiv Krems. Urkunden 1108-1844 (Krems 1960);Wolfgang im Hoff|Hans von Hardegg|Pater Heinrich;wolfgang_im_hoff|hans_von_hardegg|pater_heinrich;nein;Verwaltung|Wirtschaft;;StaAKr-0598
StaAKr-0599;1518 III 12;1518_03_12;nein;1518;Berchtesgaden;nein;1518 III 12 Probst Gregor von Berchtesgarden ersucht, seinem Hofmeister Hanns Rieder im Eisentürhof die Verlassenschaft seines Vorgängers ausfolgen zu lassen. Source Regest: Harry Kühnel, Stadtarchiv Krems. Urkunden 1108-1844 (Krems 1960);Gregor von Berchtesgarden|Hans Rieder;gregor_von_berchtesgarden|hans_rieder;nein;Religion|Vermögen und Finanzen;;StaAKr-0599
StaAKr-0600;1518 VI 13;1518_06_13;nein;1518;Krems;nein;1518 VI 13 Quittung über die Verlassenschaft des Hofmeisters vom Eisentürhof vom neubestellten Hofmeister Hanns Rieder. Source Regest: Harry Kühnel, Stadtarchiv Krems. Urkunden 1108-1844 (Krems 1960);Hanns Rieder;hans_rieder;nein;Bevölkerung und Bevölkerungsgruppen|Vermögen und Finanzen;;StaAKr-0600
StaAKr-0602;1518 VII 3;1518_07_03;nein;1518;Krems;nein;1518 VII 3 Verzichts-Quittung von Martin Söldrer, gewesener Hofmeister im Eisentürhof für nachgelassene Erbschaft, welche ihm ausgefolgt wurde. Baltasar Scheißberger, Priester. Source Regest: Harry Kühnel, Stadtarchiv Krems. Urkunden 1108-1844 (Krems 1960);Martin Söldrer|Baltasar Scheißberger;martin_soeldrer|baltasar_scheissberger;nein;Bevölkerung und Bevölkerungsgruppen|Vermögen und Finanzen;;StaAKr-0602
StaAKr-0603;1518 VIII 13;1518_08_13;nein;1518;Passau|Statzendorf;nein;1518 VIII 13 Lehenbrief von Ernesto, Administratar des Bistums Passau für Kaplan Hohenberger, Beneficiat von St. Leopoldi zu Krems, auf den halben Getreidezehent zu Statzendorf. Source Regest: Harry Kühnel, Stadtarchiv Krems. Urkunden 1108-1844 (Krems 1960);Administratar Ernesto|Kaplan Hohenberger;administratar_ernesto|kaplan_hohenberger;nein;Religion|Vermögen und Finanzen|Wirtschaft;;StaAKr-0603
StaAKr-0604;1518 XII 29;1518_12_29;nein;1518;Krems;nein;1518 XII 29 Kaiser Maximilian verbietet der Geistlichkeit, liegende Güter zu erwerben. Source Regest: Harry Kühnel, Stadtarchiv Krems. Urkunden 1108-1844 (Krems 1960);Maximilian I.;maximilian_i;nein;Rechtswesen|Religion|Vermögen und Finanzen|Wirtschaft;;StaAKr-0604
StaAKr-0605;1519 I 14;1519_01_14;nein;1519;Wels;nein;1519 I 14 Tod Kaiser Maximilians. Am 12. Jänner 1519 gestorben. Source Regest: Harry Kühnel, Stadtarchiv Krems. Urkunden 1108-1844 (Krems 1960);Maximilian I.;maximilian_i;nein;Bevölkerung und Bevölkerungsgruppen|Politik;;StaAKr-0605
StaAKr-0606;1519 I17;1519_01_17;nein;1519;Langenlois;nein;1519 I17 Die n.ö.Regierung befiehlt, den Rat von Langenlois in Eid und Pflicht zu nehmen. Source Regest: Harry Kühnel, Stadtarchiv Krems. Urkunden 1108-1844 (Krems 1960);;;nein;Politik|Verwaltung;;StaAKr-0606
StaAKr-0607;1519 II 10;1519_02_10;nein;1519;Wien;nein;1519 II 10 Der Deputierte der Stadt Krems berichtet von Wien aus, daß die Stände eine eigene Regierung aufrichten. Source Regest: Harry Kühnel, Stadtarchiv Krems. Urkunden 1108-1844 (Krems 1960);;;nein;Politik|Verwaltung;;StaAKr-0607
StaAKr-0608;1519 II 19;1519_02_19;nein;1519;Wiener Neustadt;nein;1519 II 19 Die landesfürstliche Regierung in der Neustadt ermahnt beide Städte mit vielen Vorstellungen, daß sie das neu verordnete Landregiment zu Wien nicht erkennen, noch sich zu demselben zu schlagen, sondern den fälligen landesfürstlichen Verordnungen nachkommen zu wollen. Source Regest: Harry Kühnel, Stadtarchiv Krems. Urkunden 1108-1844 (Krems 1960);;;nein;Politik|Verwaltung;;StaAKr-0608
StaAKr-0609;1519 II 19;1519_02_19;nein;1519;Wien;nein;1519 II 19 Beide Städte zeigen den Landesräten in Wien an, daß die landesfürstl. Regierung in der Neustadt sie zum Gehorsam gegen dieselbe ermahnt und bitten demnach, sie des Verhaltens halben zu verbescheiden. Source Regest: Harry Kühnel, Stadtarchiv Krems. Urkunden 1108-1844 (Krems 1960);;;nein;Politik|Verwaltung;;StaAKr-0609
StaAKr-0610;1519 III 18;1519_03_18;nein;1519;Bruck an der Mur|Wien;nein;1519 III 18 Die österreichischen Ausschüße auf dem Landtag zu Bruck a.d. Mur berichten an die Landesräte zu Wien, was in daselbst gehaltenen Sessionen vorgekommen seien. Source Regest: Harry Kühnel, Stadtarchiv Krems. Urkunden 1108-1844 (Krems 1960);;;nein;Politik|Verwaltung;;StaAKr-0610
StaAKr-0611;1519 III19;1519_03_19;nein;1519;Wien;nein;1519 III19 Die neuen Landräte zu Wien versprechen bei den Städten alle Hilfe und Beistand, wenn sie von der Regierung oder ihrem aufgestellten Obrist Hauptmann Graf von Hardegg angefochten werden sollten. Source Regest: Harry Kühnel, Stadtarchiv Krems. Urkunden 1108-1844 (Krems 1960);Graf von Hardegg;graf_von_hardegg;nein;Politik|Verwaltung;;StaAKr-0611
StaAKr-0612;1519 III 23;1519_03_23;nein;1519;Ybbs an der Donau;nein;1519 III 23 Der Stadtrat zu Ybbs ersucht den Herrn Bürgermeister Doktorus Heutl (Wintperger) allhier, daß er ihren Deputierten eröffnen würde, wie sie sich verhalten sollten. Source Regest: Harry Kühnel, Stadtarchiv Krems. Urkunden 1108-1844 (Krems 1960);Doktorus Heutl|Wintperger;doktorus_heutl|wintperger_1519;nein;Politik|Verwaltung;;StaAKr-0612
StaAKr-0613;1519 IV 6;1519_04_06;nein;1519;Wiener Neustadt;nein;1519 IV 6 Die landesfürstl. Regierung in Neustadt ermahnt beide Städte mit vielen Vorstellungen, daß sie das neue Landregiment zu Wien nicht anerkennen, sondern den landesfürstl. Verordnungen nachkommen sollen. Source Regest: Harry Kühnel, Stadtarchiv Krems. Urkunden 1108-1844 (Krems 1960);;;nein;Politik|Verwaltung;;StaAKr-0613
StaAKr-0614;1519 V 23;1519_05_23;nein;1519;Wien|Györ;nein;1519 V 23 Die Regierung befiehlt dem Bischof von Raab sicherers Geleit nach Wien zu geben. Source Regest: Harry Kühnel, Stadtarchiv Krems. Urkunden 1108-1844 (Krems 1960);;;nein;Politik|Verwaltung;;StaAKr-0614
StaAKr-0615;1519 V 30;1519_05_30;nein;1519;Krems;nein;1519 V 30 Rupprecht Hiplstorfer, Bürger zu Stein verkauft 3/4 Weingärten den Beneficiaten vom St. Helenen Stift. Source Regest: Harry Kühnel, Stadtarchiv Krems. Urkunden 1108-1844 (Krems 1960);Rupprecht Hiplstorfer;rupprecht_hiplstorfer;nein;Religion|Vermögen und Finanzen|Wirtschaft;;StaAKr-0615
StAK-Stein-2026;1519 VI 6;1519_06_06;nein;1519;Stein;nein;Hanns uns Anna Strauss, Bürger zu Stein, stiften ein Pfund p jährliches und ewiges Geld in die Fronleichnamszeche, welche Verpflichtung alle künftigen Besitzer des Öderschen Hauses auf sich nehmen müssen.;Hanns Strauss|Anna Strauss;hanns_strauss|anna_strauss;nein;Religion|Vermögen und Finanzen;;StAK-Stein-2026
StaAKr-0616;1519 VII 5;1519_07_05;nein;1519;Wiener Neustadt;nein;1519 VII 5 Die landesfürstliche Regierung in Neustadt gibt bekannt, daß Erzherzog Karl zum römischen Kaiser gewählt wurde und durch Schüsse und Freudenfeuer gedankt werden soll. Source Regest: Harry Kühnel, Stadtarchiv Krems. Urkunden 1108-1844 (Krems 1960);Karl V.;karl_v;nein;Kultur|Politik|Verwaltung;;StaAKr-0616
StaAKr-0617;1519 IX 28;1519_09_28;nein;1519;Wien|Wiener Neustadt;nein;1519 IX 28 Die Landesräte zu Wien erinnern die Regierung in der Neustadt, daß, - weil sie alles zum Besten der Landesfürsten und der Landschaft vorgenommen- , solches nicht zu culpieren sei, sondern die Regimentsräte als Landsleute dasselbe selbst befördern sollen. Source Regest: Harry Kühnel, Stadtarchiv Krems. Urkunden 1108-1844 (Krems 1960);;;nein;Politik|Verwaltung;;StaAKr-0617
StaAKr-0618;1519 XII 23;1519_12_23;nein;1519;Krems;nein;1519 XII 23 Casimir, Markgraf zu Brandenburg als kais., königl. Obrister Feldhauptmann in den n.ö. Landen begehrt von dem Rate zu Krems für die Zeit bis zum kaiserlichen Landtag ein ordentliches Quartier. Source Regest: Harry Kühnel, Stadtarchiv Krems. Urkunden 1108-1844 (Krems 1960);Markgraf Casimir;kasimir_brandenburg_kulmbach;nein;Politik|Verwaltung;;StaAKr-0618
StaAKr-0619;1520;1520_00_00;ja;1520;Krems;nein;1520 Das Prediger- Kloster allhier bittet um Belassung des Ziegel- Stadl beim Kloster. Source Regest: Harry Kühnel, Stadtarchiv Krems. Urkunden 1108-1844 (Krems 1960);;;nein;Religion|Vermögen und Finanzen;Datierung unsicher: Nur Jahresangabe im Quellentext überliefert, kein exaktes Tages-/Monatsdatum.;StaAKr-0619
StaAKr-0620;1520 I 18;1520_01_18;nein;1520;Krems;nein;1520 I 18 Mathias Eisendorfer verkauft sein Haus am Hohen Markt dem Magistrat. Source Regest: Harry Kühnel, Stadtarchiv Krems. Urkunden 1108-1844 (Krems 1960);Mathias Eisendorfer;mathias_eisendorfer;nein;Stadt und Raum|Vermögen und Finanzen|Verwaltung;;StaAKr-0620
StaAKr-0621;1520 I 18;1520_01_18;nein;1520;Wien|Wiener Neustadt;nein;1520 I 18 Die Landesräte in Wien ersuchen beide Städte, daß der Brandenburger Markgraf Casimir, wenn er allhier einlangt sogleich nach Wien berichten soll, damit von der Regierung in Neustadt nicht eine größere Anzahl in die Städte eingelassen werden als notwendig ist. Source Regest: Harry Kühnel, Stadtarchiv Krems. Urkunden 1108-1844 (Krems 1960);Markgraf Casimir;kasimir_brandenburg_kulmbach;nein;Politik|Verwaltung;;StaAKr-0621
StaAKr-0622;1520 III 12;1520_03_12;nein;1520;Chiemsee;nein;1520 III 12 Der Probst von Chiemsee verspricht, seinen Hof in Krems nächstens in guten Baustand zu setzen. Source Regest: Harry Kühnel, Stadtarchiv Krems. Urkunden 1108-1844 (Krems 1960);;;nein;Religion|Stadt und Raum|Vermögen und Finanzen;;StaAKr-0622
StaAKr-0623;1520 VII 3;1520_07_03;nein;1520;Klosterneuburg;nein;1520 VII 3 Vollmacht zur Erbhuldigung des Kaiser Karl V. nach Klosterneuburg. Source Regest: Harry Kühnel, Stadtarchiv Krems. Urkunden 1108-1844 (Krems 1960);Karl V.;karl_v;nein;Politik;;StaAKr-0623
StaAKr-0624;1520 VIII 27;1520_08_27;nein;1520;Krems;nein;1520 VIII 27 Die Königinnen Anna und Maria rekommandieren die Gebrüder Eller in einer gewissen Angelegenheit dem Rat zu Krems. Source Regest: Harry Kühnel, Stadtarchiv Krems. Urkunden 1108-1844 (Krems 1960);Anna|Maria|Eller;anna_1520|maria_1520|eller_1520;nein;Politik|Verwaltung;;StaAKr-0624
StaAKr-0625;1520 X 9;1520_10_09;nein;1520;Krems;nein;1520 X 9 König Karls Kommisär befiehlt beiden Städten, auf die überhand nehmenden Straßenräuber zu achten. Source Regest: Harry Kühnel, Stadtarchiv Krems. Urkunden 1108-1844 (Krems 1960);Karl V.;karl_v;nein;Rechtswesen|Verwaltung;;StaAKr-0625
StaAKr-0626;1520 XI 29;1520_11_29;nein;1520;Melk;nein;1520 XI 29 König Karls Kommisär befiehlt, 50- 60 Knechte nach Melk gegen die Straßenräuber zu schicken. Source Regest: Harry Kühnel, Stadtarchiv Krems. Urkunden 1108-1844 (Krems 1960);Karl V.;karl_v;nein;Rechtswesen|Verwaltung;;StaAKr-0626
StaAKr-0627a;1521;1521_00_00;ja;1521;Seefeld;nein;1521 Erbschaftssache. Hanns Zendl, Landrichter zu Starmberg und Seefeld, Baltasar Hanser, Schreiber an der Maut zu Stein. Source Regest: Harry Kühnel, Stadtarchiv Krems. Urkunden 1108-1844 (Krems 1960);Hanns Zendl|Baltasar Hanser;hanns_zendl|baltasar_hanser;nein;Bevölkerung und Bevölkerungsgruppen|Rechtswesen|Vermögen und Finanzen;Datierung unsicher: Nur Jahresangabe im Quellentext überliefert, kein exaktes Tages-/Monatsdatum.;StaAKr-0627a
StaAKr-0877;1521 I 12;1521_01_12;nein;1521;Worms;nein;1521 I 12, Worms Kaiser Karl V. befiehlt, dem Straßenräuberunwesen in Österreich ein Ende zu machen und das Raubschloß Schönegg niederzureißen.;Karl V.;karl_v;nein;Rechtswesen|Verwaltung;;StaAKr-0877
StaAKr-0626a;1521 I 12;1521_01_12;nein;1521;Worms;nein;1521 I 12, Worms K. Karl V. befiehlt dem Straßenräuberunwesen in Österreich unter der Enns ein Ende zu machen. Source Regest: Harry Kühnel, Stadtarchiv Krems. Urkunden 1108-1844 (Krems 1960);Karl V.;karl_v;nein;Rechtswesen|Verwaltung;;StaAKr-0626a
StaAKr-0627;1521 II 10;1521_02_10;nein;1521;Krems;nein;1521 II 10 Kaufbrief. Das Kloster Reitenhaslach verkauft dem Magistrat einen Platz vor seinem Haus in der unteren Landstraße zu einem Brunnen.;;;nein;Religion|Stadt und Raum|Vermögen und Finanzen;;StaAKr-0627
StaAKr-0628;1521 IV 24;1521_04_24;nein;1521;Krems;nein;1521 IV 24 Kaiser Karl übergibt seinem Bruder Ferdinand die Regierung und befiehlt die Huldigung Ferd. Source Regest: Harry Kühnel, Stadtarchiv Krems. Urkunden 1108-1844 (Krems 1960);Karl V.|Ferdinand I.;karl_v|ferdinand_i;nein;Politik|Verwaltung;;StaAKr-0628
StaAKr-0628a;1521 VI 24;1521_06_24;nein;1521;;nein;1521 VI 24 Erbschaftssache der Katharina Clasenschmid von Ehing in der Hofmark Greifenberg. Source Regest: Harry Kühnel, Stadtarchiv Krems. Urkunden 1108-1844 (Krems 1960);Katharina Clasenschmid;katharina_clasenschmid;nein;Rechtswesen|Vermögen und Finanzen;;StaAKr-0628a
StaAKr-0628b;1521 VI 29;1521_06_29;nein;1521;Innigen;nein;1521 VI 29 Erbschaftssache der Dorothea, des Peter Schmid´s Tochter von Innigen, Kaspar Sagmüller, Mitbürger und dessen Hausfrau. Source Regest: Harry Kühnel, Stadtarchiv Krems. Urkunden 1108-1844 (Krems 1960);Dorothea Schmid|Peter Schmid|Kaspar Sagmüller;dorothea_schmid|peter_schmid|kaspar_sagmueller;nein;Bevölkerung und Bevölkerungsgruppen|Rechtswesen|Vermögen und Finanzen;;StaAKr-0628b
StaAKr-0629;1522 III 10;1522_03_10;nein;1522;Dürnstein;nein;1522 III 10 Probst Urban von Dürnstein vidimiert 2 Urkunden der Stadt Krems: 1.) Urkunde Albrechts, 1378 über die Insel Wird gegenüber dem Schlüsselhof. 2.) Urkunde Friedrichs III. 1459 über die Freiheuz der Donaufischer. Source Regest: Harry Kühnel, Stadtarchiv Krems. Urkunden 1108-1844 (Krems 1960);Urban|Albrecht III.|Friedrich III.;urban_1522|albrecht_iii|friedrich_iii;nein;Rechtswesen|Stadt und Raum|Verwaltung|Wirtschaft;;StaAKr-0629
StaAKr-0629a;1522 V 17;1522_05_17;nein;1522;Weinzierl;nein;1522 V 17 Georg Tillinger von Weinzierl bekennt, wegen Gotteslästerung eine Leibstrafe erhalten zu haben. Source Regest: Harry Kühnel, Stadtarchiv Krems. Urkunden 1108-1844 (Krems 1960);Georg Tillinger von Weinzierl;georg_tillinger_von_weinzierl;nein;Rechtswesen|Religion;;StaAKr-0629a
StaAKr-0630;1522 VI 2;1522_06_02;nein;1522;Krems;nein;1522 VI 2 Erzherzog Ferdinand fordert Bericht über die hiesigen Müller. Source Regest: Harry Kühnel, Stadtarchiv Krems. Urkunden 1108-1844 (Krems 1960);Ferdinand I.;ferdinand_i;nein;Verwaltung|Wirtschaft;;StaAKr-0630
StaAKr-0631;1522 VII 23;1522_07_23;nein;1522;Wien;nein;1522 VII 23 Abschied zwischen Landregiment und der von der Landschaft aufgestellten Landräte. Source Regest: Harry Kühnel, Stadtarchiv Krems. Urkunden 1108-1844 (Krems 1960);;;nein;Politik|Verwaltung;;StaAKr-0631
StaAKr-0632;1522 IX 20;1522_09_20;nein;1522;Krems;nein;1522 IX 20 Zeugnis eines med. Doktors (Johannes Essler), einem seiner Schüler ausgestellt (Ferdinand Baldung). Source Regest: Harry Kühnel, Stadtarchiv Krems. Urkunden 1108-1844 (Krems 1960);Johannes Essler|Ferdinand Baldung;johannes_essler|ferdinand_baldung;nein;Bildung und Erziehung;;StaAKr-0632
StaAKr-0633;1522 IX 27;1522_09_27;nein;1522;Krems;nein;1522 IX 27 Ferdinand übersendet Bürgermeister und Rat zu Krems und Stein eine Beschwerdeschrift des Stadtrichters Erasmus Rigler. Source Regest: Harry Kühnel, Stadtarchiv Krems. Urkunden 1108-1844 (Krems 1960);Ferdinand I.|Erasmus Rigler;ferdinand_i|erasmus_rigler;nein;Rechtswesen|Verwaltung;;StaAKr-0633
StaAKr-0634;1522 X 17;1522_10_17;nein;1522;Nürnberg;nein;1522 X 17, Nürnberg Erzherzog Ferdinand entscheidet in einer Verlassenschaftsangelegenheit nach Hans Preterhofer. Source Regest: Harry Kühnel, Stadtarchiv Krems. Urkunden 1108-1844 (Krems 1960);Ferdinand I.|Hans Preterhofer;ferdinand_i|hans_preterhofer;nein;Rechtswesen|Vermögen und Finanzen;;StaAKr-0634
StaAKr-0635;1522 X 31;1522_10_31;nein;1522;Ybbs an der Donau;nein;1522 X 31 Ferdinand befiehlt, daß eine Verlassenschaft sogleich ausgefolgt werde Georg Kiemberger, Mautner zu Ybbs, Lorenz Saurer. Source Regest: Harry Kühnel, Stadtarchiv Krems. Urkunden 1108-1844 (Krems 1960);Ferdinand I.|Georg Kiemberger|Lorenz Saurer;ferdinand_i|georg_kiemberger|lorenz_saurer;nein;Rechtswesen|Vermögen und Finanzen;;StaAKr-0635
StaAKr-0636;1522 XI 26;1522_11_26;nein;1522;Krems;nein;1522 XI 26 Georg Kiemberger, Mautner zu Ybbs bestätigt Bürgermeister, Richter und Rat von Krems und Stein, daß sie auf Befehl des Fürsten das im einzelnen angeführte Eigentum des Hanns Pretterhofer ausgefolgt haben. Source Regest: Harry Kühnel, Stadtarchiv Krems. Urkunden 1108-1844 (Krems 1960);Georg Kiemberger|Hanns Pretterhofer;georg_kiemberger|hans_preterhofer;nein;Rechtswesen|Vermögen und Finanzen|Verwaltung;;StaAKr-0636
StaAKr-0637;1522 XII 2;1522_12_02;nein;1522;Krems;nein;1522 XII 2 Erzherzog Ferdinand befiehlt, nach dem Tode der Witwe Margarete Hochstetter das Testament nur in Anwesenheit der Leyierten zu öffnen und inventarisieren. Source Regest: Harry Kühnel, Stadtarchiv Krems. Urkunden 1108-1844 (Krems 1960);Ferdinand I.|Margarete Hochstetter;ferdinand_i|margarete_hochstetter;nein;Rechtswesen|Vermögen und Finanzen;;StaAKr-0637
StaAKr-0638;1522 XII 14;1522_12_14;nein;1522;Krems;nein;1522 XII 14 Erzherzog Ferdinand ordnet die Neuwahl von Bürgermeister, Richter und Rat zu Krems und Stein an. Source Regest: Harry Kühnel, Stadtarchiv Krems. Urkunden 1108-1844 (Krems 1960);Ferdinand I.;ferdinand_i;nein;Politik|Verwaltung;;StaAKr-0638
StaAKr-0629b;1522 XII 19;1522_12_19;nein;1522;Krems;nein;1522 XII 19 Erbschaftssache. Hanns Aichinger, Rat und Bürger zu Krems, Peter Plank, Lederer und Bürger zu Krems. Source Regest: Harry Kühnel, Stadtarchiv Krems. Urkunden 1108-1844 (Krems 1960);Hanns Aichinger|Peter Plank;hanns_aichinger|peter_plank;nein;Bevölkerung und Bevölkerungsgruppen|Rechtswesen|Vermögen und Finanzen;;StaAKr-0629b
StaAKr-0639;1523 I 12;1523_01_12;nein;1523;Langenlois;nein;1523 I 12 Ferdinand befiehlt beiden Städten, den Markt-Rat zu Langenlois hereinzufordern und von dem neu gewählten Richter- und Ratspersonen in seinem Namen Gelübde und Eid abzunehmen. Source Regest: Harry Kühnel, Stadtarchiv Krems. Urkunden 1108-1844 (Krems 1960);Ferdinand I.;ferdinand_i;nein;Politik|Verwaltung;;StaAKr-0639
StaAKr-0640;1523 II 27;1523_02_27;nein;1523;Krems;nein;1523 II 27 Ferdinand befiehlt dem Rat beider Städte, daß selber dem Stadtrichter allda in seinem Amt allen Vorschub leiste. Source Regest: Harry Kühnel, Stadtarchiv Krems. Urkunden 1108-1844 (Krems 1960);Ferdinand I.;ferdinand_i;nein;Politik|Verwaltung;;StaAKr-0640
StaAKr-0641;1523 VI 24;1523_06_24;nein;1523;Krems;nein;1523 VI 24 Ferdinand überläßt beiden Städten den Ungelt allda von jährl. 690 fl. auf 3 Jahre. Source Regest: Harry Kühnel, Stadtarchiv Krems. Urkunden 1108-1844 (Krems 1960);Ferdinand I.;ferdinand_i;nein;Vermögen und Finanzen|Wirtschaft;;StaAKr-0641
StaAKr-0642;1523 VII 7;1523_07_07;nein;1523;Wien;nein;1523 VII 7 Die Stadt Wien ersucht den Magistrat, den hiesigen Baumeister Georg zur Besichtigung des Stephansturmes nach Wien reisen zu lassen. Source Regest: Harry Kühnel, Stadtarchiv Krems. Urkunden 1108-1844 (Krems 1960);Georg;georg_1523;nein;Stadt und Raum|Verwaltung|Wirtschaft;;StaAKr-0642
StaAKr-0643;1523 VIII 11;1523_08_11;nein;1523;Passau;nein;1523 VIII 11 Ferdinand befiehlt, Wolfgang Schallinger, Lederer zu Passau das von ihm hier aufgekaufte Leder ausfolgen zu lassen. Source Regest: Harry Kühnel, Stadtarchiv Krems. Urkunden 1108-1844 (Krems 1960);Ferdinand I.|Wolfgang Schallinger;ferdinand_i|wolfgang_schallinger;nein;Rechtswesen|Wirtschaft;;StaAKr-0643
StaAKr-0640a;1523 VIII 29;1523_08_29;nein;1523;Nürnberg;nein;1523 VIII 29 Erbschaftsverzicht. Hanns Nauschl zu Nürnberg, Sewald Nauschl, Bürger zu Krems, Caspar Fuchsberger und Wolfgang Wisinger, beide Bürger zu Krems. Source Regest: Harry Kühnel, Stadtarchiv Krems. Urkunden 1108-1844 (Krems 1960);Hanns Nauschl|Sewald Nauschl|Caspar Fuchsberger|Wolfgang Wisinger;hanns_nauschl|sewald_nauschl|caspar_fuchsberger|wolfgang_wisinger;nein;Bevölkerung und Bevölkerungsgruppen|Vermögen und Finanzen;;StaAKr-0640a
StAK-UrkKR-0644;1523 IX 21;1523_09_21;nein;1523;Ottenschlag|Senftenberg|Imbach|Rehberg bei Krems;nein;1523 IX 21, Ottenschlag Wolfgang Freiherr von Roggendorf und Mollenburg ( Rogendorff und Mollenburgkh ) versichert [ den Ersamen unnd Weysen Bürgermeister, Richter und Rat beider Städte Krems und Stein ( Khrembss unnd Stain ), Michael Puchler , Schlüsselamtmann in Krems , und den Gemeinden Senftenberg ( Sennfftenberrg ), Imbach ( Mynnbach ), Rehberg ( Rechberg ) und anderen im [Krems-]Tal ( Im Tall ) ] nach deren Schreiben, das der Aussteller in Abwesenheit seines Bruders Wilhelm Freiherr von Roggendorf und Mollenburg gelesen hat, bezüglich der Teiche rund um Ottenschlag , die dem Aussteller und seinem Bruder gehören, dass durch das Ablassen das Wassers kein Schaden entstehen konnte und auch künftig nicht kann. Siegler: der Aussteller. Source Regest: Stadtarchiv Krems, 2021.;Wolfgang Freiherr von Roggendorf und Mollenburg|Michael Püchler|Wilhelm Freiherr von Roggendorf und Mollenburg;wolfgang_freiherr_von_roggendorf_und_mollenburg|michael_puechler|wilhelm_freiherr_von_roggendorf_und_mollenburg;nein;Rechtswesen|Stadt und Raum|Vermögen und Finanzen;;StAK-UrkKR-0644
StaAKr-0645;1523 IX 25;1523_09_25;nein;1523;Steyr;nein;1523 IX 25 Beschwerde der Stadt Steyr über das Waggeld der Eisenhändler, das sie entrichten müssen. Source Regest: Harry Kühnel, Stadtarchiv Krems. Urkunden 1108-1844 (Krems 1960);;;nein;Vermögen und Finanzen|Wirtschaft;;StaAKr-0645
StaAKr-0646;1523 XII 15;1523_12_15;nein;1523;Wien;nein;1523 XII 15 Ferdinand bewilligt eine neue Ratswahl für beide Städte. Source Regest: Harry Kühnel, Stadtarchiv Krems. Urkunden 1108-1844 (Krems 1960);Ferdinand I.;ferdinand_i;nein;Politik|Verwaltung;;StaAKr-0646
StaAKr-0647;1524;1524_00_00;ja;1524;Hadersdorf am Kamp;nein;1524 Hauerknechte bitten, mit einem Fähnlein nach Hadersdorf ziehen zu dürfen. Source Regest: Harry Kühnel, Stadtarchiv Krems. Urkunden 1108-1844 (Krems 1960);;;nein;Kultur|Wirtschaft;Datierung unsicher: Nur Jahresangabe im Quellentext überliefert, kein exaktes Tages-/Monatsdatum.;StaAKr-0647
StaAKr-0648;1524 I 16;1524_01_16;nein;1524;Wien|Weitenegg;nein;1524 I 16, Wien Erzherzog Ferdinand [I.] bestätigt den Städten Krems und Stein die Wahl von Bürgermeister, Richter und Rat und ernennt Kommissäre, um den Eid abzunehmen. Erzherzog Ferdinand [I.] bestätigt (lassen … beleiben) den ersamen weisen Bürgermeister, Richter und Rat der Städte Krems und Stein aufgrund des Schreibens, das die Empfänger an den niederösterreichischen Statthalter sowie den Hofrat bezüglich der Wahl von Bürgermeister, Richter und Rat der beiden Städte samt den versiegelten Wahlzetteln (verslossen zettlen) des laufenden Jahres zur Bestätigung und Veranlassung (zu besetzen und zu Regiern) der Ratswahl geschickt haben, worin sie gebeten haben, die Wahl zu bestätigen und dem Richter Bann und Acht (Pan und Acht) zu verleihen sowie die Eide der Gewählten aufzunehmen, die Wahl derselben, obwohl dem Aussteller als regierendem Herrn und Landesfürsten das Recht zusteht, die Wahl abzuändern (nach unnserm gev?allen veranndern mo?chten). Dazu ernennt (haben … verordent) er Georg von Seisenegg, Freiherr von Weitenegg (Jo?rgen von Seusenegkh, Freyherrn zu? Weittenegkh), und Wolfgang Karlinger, den landesfürstlichen Pfleger von Stein (Stain) und kaiserlichen Rat, zu Kommissaren (Comissarien), um die Eide der Stadtvertretung aufzunehmen. Er befiehlt (emphelhen) Bürgermeister, Richter und Rat beider Städte, ihre Pflichten und Eide gegenüber dem Aussteller einzuhalten. Quelle Regest: Stadtarchiv Krems, 2020.;Ferdinand I.|Georg von Seisenegg|Wolfgang Karlinger;ferdinand_i|georg_von_seisenegg|wolfgang_karlinger;nein;Politik|Verwaltung;;StaAKr-0648
StaAKr-0649;1524 II 4;1524_02_04;nein;1524;Wien;nein;1524 II 4 Ferdinand schreibt an beide Städte und befiehlt ihre Torhüter anzuweisen, keine Kaufmannswaren, von denen Zoll zu nehmen ist, ohne Wahrzeichen des Schlüsselamtmannes hinaus zu lassen und denen, die den Zoll unter den Toren erheben, Beistand zu leisten. Auch sollen sie bei den Kornmessern darauf sehen, daß das Getreide nur beim Kasten abgemessen und der Saffran bei der Stadtwaage abgewogen werde. Source Regest: Harry Kühnel, Stadtarchiv Krems. Urkunden 1108-1844 (Krems 1960);Ferdinand I.;ferdinand_i;nein;Vermögen und Finanzen|Verwaltung|Wirtschaft;;StaAKr-0649
StaAKr-0650;1524 II 22;1524_02_22;nein;1524;Langenlois;nein;1524 II 22 Ferdinand befiehlt, dem neu gewählten Rat von Langenlois Gelübde und Eid abzunehmen. Source Regest: Harry Kühnel, Stadtarchiv Krems. Urkunden 1108-1844 (Krems 1960);Ferdinand I.;ferdinand_i;nein;Politik|Verwaltung;;StaAKr-0650
StaAKr-0652;1524 VII 18;1524_07_18;nein;1524;Krems;nein;1524 VII 18 Die Räte und Kommissäre der Reformation verordnen die Handhabung der Steuern in beiden Städten Krems und Stein. Source Regest: Harry Kühnel, Stadtarchiv Krems. Urkunden 1108-1844 (Krems 1960);;;nein;Politik|Vermögen und Finanzen|Verwaltung;;StaAKr-0652
StaAKr-0651;1524 VIII 25;1524_08_25;nein;1524;Wien;nein;1524 VIII 25 Ferdinand verbietet auf Grund der Erhebungen, vom Eimer, vom Gäu in die Städte Krems und Stein verkauften Weines, die üblichen 6 Pfennig einzuheben, da dies den armen Leuten beschwerlich und dem landesfürstlichen Zoll nachteilig sei. Source Regest: Harry Kühnel, Stadtarchiv Krems. Urkunden 1108-1844 (Krems 1960);Ferdinand I.;ferdinand_i;nein;Soziales Leben|Vermögen und Finanzen|Wirtschaft;;StaAKr-0651
StaAKr-0653;1524 IX 13;1524_09_13;nein;1524;Baumburg;nein;1524 IX 13 Probst und Kapitel des Stiftes Baumburg beschweren sich bei Rat und Gemeinde von Krems, daß sie von ihrem Hof wie jeder andere jährlich immer Steuer geben sollen, obwohl der Hof von der Stadt abgebrochen wurde. Source Regest: Harry Kühnel, Stadtarchiv Krems. Urkunden 1108-1844 (Krems 1960);;;nein;Rechtswesen|Religion|Vermögen und Finanzen;;StaAKr-0653
StaAKr-0654;1524 X 24;1524_10_24;nein;1524;Wien;nein;1524 X 24 Ferdinand befiehlt, daß kein unbewegliches Gut an die Geistlichkeit komme. Source Regest: Harry Kühnel, Stadtarchiv Krems. Urkunden 1108-1844 (Krems 1960);Ferdinand I.;ferdinand_i;nein;Rechtswesen|Religion|Vermögen und Finanzen;;StaAKr-0654
StaAKr-0655;1524 XII 2;1524_12_02;nein;1524;Wien;nein;1524 XII 2 Ferdinand bewilligt eine neue Ratswahl für das kommende Jahr, Source Regest: Harry Kühnel, Stadtarchiv Krems. Urkunden 1108-1844 (Krems 1960);Ferdinand I.;ferdinand_i;nein;Politik|Verwaltung;;StaAKr-0655
StaAKr-0655a;1524 XII 10;1524_12_10;nein;1524;Weinzierl|Passau;nein;"1524 XII 10 Ernbschaftssache; Thoman Bamberger zu Weinzierl und Barbara seine Hausfrau, Thoman Vogler zu Passau, Wolfgang Portmayr und Sigmund Winterberger, beide Bürger zu Stein. Source Regest: Harry Kühnel, Stadtarchiv Krems. Urkunden 1108-1844 (Krems 1960)";Thoman Bamberger|Barbara Bamberger|Thoman Vogler|Wolfgang Portmayr|Sigmund Winterberger;thoman_bamberger|barbara_bamberger|thoman_vogler|wolfgang_portmayr|sigmund_winterberger;nein;Bevölkerung und Bevölkerungsgruppen|Rechtswesen|Vermögen und Finanzen;;StaAKr-0655a
StaAKr-0656;1524 XII 22;1524_12_22;nein;1524;Wien;nein;1524 XII 22 Bestätigung der neuen Ratswahl. Source Regest: Harry Kühnel, Stadtarchiv Krems. Urkunden 1108-1844 (Krems 1960);;;nein;Politik;;StaAKr-0656
StaAKr-0657;1525;1525_00_00;ja;1525;Göttweig;nein;1525 Vergleich zwischen beiden Städten und dem Stifte Göttweig über das Fischrecht und einigen Auen an der Donau. Mathias, Abt zu Göttweig. Source Regest: Harry Kühnel, Stadtarchiv Krems. Urkunden 1108-1844 (Krems 1960);Abt Mathias;abt_mathias;nein;Rechtswesen|Religion|Wirtschaft;Datierung unsicher: Nur Jahresangabe im Quellentext überliefert, kein exaktes Tages-/Monatsdatum.;StaAKr-0657
StaAKr-0658;1525 IV 4;1525_04_04;nein;1525;Wien;nein;1525 IV 4 Ferdiand befiehlt, die deutsch gedruckten Artikel aufrührerischer Bauern im Oberland zu beschlagnahmen und zu vertilgen. Source Regest: Harry Kühnel, Stadtarchiv Krems. Urkunden 1108-1844 (Krems 1960);Ferdiand I.;ferdinand_i;nein;Medien|Politik|Rechtswesen;;StaAKr-0658
StaAKr-0659;1525 IV 12;1525_04_12;nein;1525;Krems;nein;1525 IV 12 Johann Kirchhammer, Bürger zu Krems und Katharina, dessen Ehefrau stiften eine wöchentliche Messe in dem Spital allhier, wozu sie zum Fundo ihren Ziegelstadl vor dem Pruckner- Tor verschaffen. Source Regest: Harry Kühnel, Stadtarchiv Krems. Urkunden 1108-1844 (Krems 1960);Johann Kirchhammer|Katharina Kirchhammer;johann_kirchhammer|katharina_kirchhammer;nein;Religion|Soziales Leben|Vermögen und Finanzen;;StaAKr-0659
StaAKr-0660;1525 V 17;1525_05_17;nein;1525;Krems;nein;1525 V 17 Wolfgang Matsheber wird von der Regierung abgeordnet, um mit dem Stadtrat über eine, zur Verhinderung eines Bauernaufstandes einzurichtene Ordnung zu beraten. Source Regest: Harry Kühnel, Stadtarchiv Krems. Urkunden 1108-1844 (Krems 1960);Wolfgang Matsheber;wolfgang_matsheber;nein;Politik|Rechtswesen|Verwaltung;;StaAKr-0660
StaAKr-0661;1525 VI 18;1525_06_18;nein;1525;Krems;nein;1525 VI 18 Um Aufruhr zu verhüten, werden von Seiten der Regierung die Kirchtage verboten, auch den Krämern und Handwerksleuten der Besuch derselben untersagt, damit kein Anlaß zur Zusammenrottung gegeben werde. Source Regest: Harry Kühnel, Stadtarchiv Krems. Urkunden 1108-1844 (Krems 1960);;;nein;Politik|Rechtswesen|Wirtschaft;;StaAKr-0661
StaAKr-0662;1525 VI 24;1525_06_24;nein;1525;Wien|Krems;nein;1525 VI 24 Ferdinand befiehlt, die Kriegsknechte, welche sich weigerten, gegen die aufrührerischen steir. Bauern zu kämpfen und zum Teil zu ihnen überliefern, im Betretungsfalle festzunehmen und gegen sie als Eidbrecher und Ehrlose zu verfahren. Source Regest: Harry Kühnel, Stadtarchiv Krems. Urkunden 1108-1844 (Krems 1960);Ferdinand I.;ferdinand_i;nein;Politik|Rechtswesen;;StaAKr-0662
StaAKr-0663;1525 VII 1;1525_07_01;nein;1525;Wien;nein;1525 VII 1 Landesfürstliches Generale, daß sich niemand zum Aufruhr möge bewegen lassen. Source Regest: Harry Kühnel, Stadtarchiv Krems. Urkunden 1108-1844 (Krems 1960);;;nein;Politik|Rechtswesen;;StaAKr-0663
StaAKr-0660a;1525 X 17;1525_10_17;nein;1525;Krems;nein;1525 X 17 Erbschaftssache. Wolfgang Leutner, Tischler und Bürger zu Krems, Georg Ströl, Bürger zu Krems. Source Regest: Harry Kühnel, Stadtarchiv Krems. Urkunden 1108-1844 (Krems 1960);Wolfgang Leutner|Georg Ströl;wolfgang_leutner|georg_stroel;nein;Bevölkerung und Bevölkerungsgruppen|Rechtswesen|Vermögen und Finanzen;;StaAKr-0660a
StaAKr-0664;1525 X 27;1525_10_27;nein;1525;Wien;nein;1525 X 27 Ferdinand zitiert alle, welche das landesfürstliche Kriegsvolk nach Krems nicht eingelassen haben zur Verantwortung nach Wien. Source Regest: Harry Kühnel, Stadtarchiv Krems. Urkunden 1108-1844 (Krems 1960);Ferdinand I.;ferdinand_i;nein;Politik|Rechtswesen;;StaAKr-0664
StaAKr-0660b;1525 XII 11;1525_12_11;nein;1525;Salzburg|Hallein;nein;1525 XII 11 Erbschaftssache. Georg Pair, Bürger zu Salzburg und Hanns Pair, sein Vetter, Hannsen Pair, Bürger zu Hallein, Wolfgang Pair, Bürger zu Krems. Source Regest: Harry Kühnel, Stadtarchiv Krems. Urkunden 1108-1844 (Krems 1960);Georg Pair|Hanns Pair|Hannsen Pair|Wolfgang Pair;georg_pair|hanns_pair|hanns_pair|wolfgang_pair;nein;Bevölkerung und Bevölkerungsgruppen|Rechtswesen|Vermögen und Finanzen;;StaAKr-0660b
StaAKr-0665;1525 XII 17;1525_12_17;nein;1525;Wien;nein;1525 XII 17 Ferdinand bewilligt eine Neuwahl für beide Städte auf das künftige Jahr. Source Regest: Harry Kühnel, Stadtarchiv Krems. Urkunden 1108-1844 (Krems 1960);Ferdinand I.;ferdinand_i;nein;Politik|Verwaltung;;StaAKr-0665
StaAKr-0666;1526;1526_00_00;ja;1526;Krems;nein;1526 Michael Püchler, Schlüsselamtmann zu Krems ersucht die Regierung um die Lehenschaft des Beneficiums St. Johann und Katahrina und das Beneficiums St. Achaty und will dazugehörigen Kapellen, Häuser und Gründe wieder herstellen. Source Regest: Harry Kühnel, Stadtarchiv Krems. Urkunden 1108-1844 (Krems 1960);Michael Püchler;michael_puechler;nein;Religion|Vermögen und Finanzen|Verwaltung;Datierung unsicher: Nur Jahresangabe im Quellentext überliefert, kein exaktes Tages-/Monatsdatum.;StaAKr-0666
StaAKr-0666a;1526 I 24;1526_01_24;nein;1526;Langenlois;nein;1526 I 24 Ferdinand befiehlt, den neuen Rat von Langenlois in Eid und Pflicht zu nehmen. Source Regest: Harry Kühnel, Stadtarchiv Krems. Urkunden 1108-1844 (Krems 1960);Ferdinand I.;ferdinand_i;nein;Politik|Verwaltung;;StaAKr-0666a
StaAKr-0666b;1526 I 24;1526_01_24;nein;1526;Karlstetten;nein;1526 I 24 Erbschaftssache. Thoman Spitzenstainer, Bürger zu Krems, Sebastian Vogt, Binder zu Karlstetten, Hannsen Voglpolz, Bürger zu Krems, Hannsen Lyfee, Bürger zu Krems. Source Regest: Harry Kühnel, Stadtarchiv Krems. Urkunden 1108-1844 (Krems 1960);Thoman Spitzenstainer|Sebastian Vogt|Hannsen Voglpolz|Hannsen Lyfee;thoman_spitzenstainer|sebastian_vogt|hannsen_voglpolz|hannsen_lyfee;nein;Bevölkerung und Bevölkerungsgruppen|Rechtswesen|Vermögen und Finanzen;;StaAKr-0666b
StaAKr-0667;1526 I 27;1526_01_27;nein;1526;Wien;nein;1526 I 27 Höfliches Schreiben des Vizedom an den Stadtrat. Source Regest: Harry Kühnel, Stadtarchiv Krems. Urkunden 1108-1844 (Krems 1960);;;nein;Verwaltung;;StaAKr-0667
StaAKr-0666c;1526 I 30;1526_01_30;nein;1526;Krems;nein;1526 I 30 Erbschaftssche. Sebastian Wildenstainer, Thoman Wildenstainer, Georgen Florian, Ratsbürger zu Stein. Source Regest: Harry Kühnel, Stadtarchiv Krems. Urkunden 1108-1844 (Krems 1960);Sebastian Wildenstainer|Thoman Wildenstainer|Georgen Florian;sebastian_wildenstainer|thoman_wildenstainer|georgen_florian;nein;Bevölkerung und Bevölkerungsgruppen|Rechtswesen|Vermögen und Finanzen;;StaAKr-0666c
StaAKr-0668a;1526 II 2;1526_02_02;nein;1526;Krems;nein;1526 II 2 Erbschaftssache: Thoman Leschnauer, Hannsen Leschnauer, Bürger zu Krems, Heinrichen Keckh, Mautner zu Stein. Source Regest: Harry Kühnel, Stadtarchiv Krems. Urkunden 1108-1844 (Krems 1960);Thoman Leschnauer|Hannsen Leschnauer|Heinrich Peckhl;thoman_leschnauer|hannsen_leschnauer|heinrich_peckhl;ja;Bevölkerung und Bevölkerungsgruppen|Rechtswesen|Vermögen und Finanzen;"Personenidentifikation unsicher: vermutlich Heinrich Peckhl (Regest nennt ""Heinrichen"")";StaAKr-0668a
StaAKr-0668;1526 II 3;1526_02_03;nein;1526;Krems;nein;1526 II 3 Die erblose Verlassenschaft der Plystermerischen Witwe zu Stein wird von der Regierung eingezogen. Source Regest: Harry Kühnel, Stadtarchiv Krems. Urkunden 1108-1844 (Krems 1960);;;nein;Rechtswesen|Vermögen und Finanzen|Verwaltung;;StaAKr-0668
StaAKr-0669;1526 II 8;1526_02_08;nein;1526;Wien;nein;1526 II 8 Bürgermeister, Richter und Rat von Krems und Stein schreiben an die Raiträte der n.ö. Lande wegen ihres Anspruches auf erbloses Gut. Source Regest: Harry Kühnel, Stadtarchiv Krems. Urkunden 1108-1844 (Krems 1960);;;nein;Rechtswesen|Vermögen und Finanzen|Verwaltung;;StaAKr-0669
StaAKr-0670;1526 II 22;1526_02_22;nein;1526;Krems;nein;1526 II 22 Quittung über 300 fl. Strafgeld, welches die Kremser bezahlen mußten. Source Regest: Harry Kühnel, Stadtarchiv Krems. Urkunden 1108-1844 (Krems 1960);;;nein;Rechtswesen|Vermögen und Finanzen;;StaAKr-0670
StaAKr-0670a;1526 III 28;1526_03_28;nein;1526;Krems;nein;1526 III 28 Erbschaftssache: Urban Wanthauer, Urlich Pauckher, Bürger zu Stein. Source Regest: Harry Kühnel, Stadtarchiv Krems. Urkunden 1108-1844 (Krems 1960);Urban Wanthauer|Urlich Pauckher;urban_wanthauer|urlich_pauckher;nein;Rechtswesen|Vermögen und Finanzen;;StaAKr-0670a
StaAKr-0670b;1526 IV 25;1526_04_25;nein;1526;Krems;nein;1526 IV 25 Erbschaftssache: Wolfgang Haslinger, Ruprecht Haslinger, Bürger zu Stain, Heinrich Peckhl, Mautner zu Stein. Source Regest: Harry Kühnel, Stadtarchiv Krems. Urkunden 1108-1844 (Krems 1960);Wolfgang Haslinger|Ruprecht Haslinger|Heinrich Peckhl;wolfgang_haslinger|ruprecht_haslinger|heinrich_peckhl;nein;Bevölkerung und Bevölkerungsgruppen|Rechtswesen|Vermögen und Finanzen;;StaAKr-0670b
StaAKr-0670c;1526 V 22;1526_05_22;nein;1526;Krems;nein;1526 V 22 Erbschfaftssache: Augustin Pfleger und Margarethe seine Schwester, Steffan Pfleger, Bürger zu Krems und Barbara, seine Hausfrau, Wibold Hueber zu Krems, Heinrich Sparnrast, Hofmeister im Admonterof zu Krems. Source Regest: Harry Kühnel, Stadtarchiv Krems. Urkunden 1108-1844 (Krems 1960);Augustin Pfleger|Margarethe Pfleger|Steffan Pfleger|Barbara Pfleger|Wibold Hueber|Heinrich Sparnrast;augustin_pfleger|margarethe_pfleger|steffan_pfleger|barbara_pfleger|wibold_hueber|heinrich_sparnrast;nein;Bevölkerung und Bevölkerungsgruppen|Rechtswesen|Vermögen und Finanzen;;StaAKr-0670c
StaAKr-0670d;1526 V 25;1526_05_25;nein;1526;Krems;nein;1526 V 25 Erbschaftssache: Oswald Heindl, Gütler zu Krems, Wolfgang Haslinger, Schosser zu Stein. Source Regest: Harry Kühnel, Stadtarchiv Krems. Urkunden 1108-1844 (Krems 1960);Oswald Heindl|Wolfgang Haslinger;oswald_heindl|wolfgang_haslinger;nein;Rechtswesen|Vermögen und Finanzen;;StaAKr-0670d
StaAKr-0670e;1526 V 26;1526_05_26;nein;1526;Weinzierl;nein;1526 V 26 Erbschaftssache: Valentin Halmer zu Weinzierl, Hannsen Trauwiner, Wolfgang Wittiber. Source Regest: Harry Kühnel, Stadtarchiv Krems. Urkunden 1108-1844 (Krems 1960);Valentin Halmer|Hannsen Trauwiner|Wolfgang Wittiber;valentin_halmer|hannsen_trauwiner|wolfgang_wittiber;nein;Rechtswesen|Vermögen und Finanzen;;StaAKr-0670e
StaAKr-0671b;1526 VI 7;1526_06_07;nein;1526;Eggenburg;nein;1526 VI 7 Erbschaftssache: Bernhart Worstogler, Pfarrer zu Maing bei Eggenburg, Leonhart Eschauer, Bürger zu Krems. Source Regest: Harry Kühnel, Stadtarchiv Krems. Urkunden 1108-1844 (Krems 1960);Bernhart Worstogler|Leonhart Eschauer;bernhart_worstogler|leonhart_eschauer;nein;Rechtswesen|Vermögen und Finanzen;;StaAKr-0671b
StaAKr-0671c;1526 VI 14;1526_06_14;nein;1526;Krems;nein;1526 VI 14 Erbschaftssache: Dorothea Hauer, Wolfgang Preuntl, Hafner von Krems. Source Regest: Harry Kühnel, Stadtarchiv Krems. Urkunden 1108-1844 (Krems 1960);Dorothea Hauer|Wolfgang Preuntl;dorothea_hauer|wolfgang_preuntl;nein;Bevölkerung und Bevölkerungsgruppen|Rechtswesen|Vermögen und Finanzen;;StaAKr-0671c
StaAKr-0671;1526 VI 17;1526_06_17;nein;1526;Krems;nein;1526 VI 17 Ferdinand schreibt an Michael Püchler, Amtmann betreffs Beneficien und Lehenschaften um welche Püchler gebeten hat. Source Regest: Harry Kühnel, Stadtarchiv Krems. Urkunden 1108-1844 (Krems 1960);Ferdinand I.|Michael Püchler;ferdinand_i|michael_puechler;nein;Religion|Vermögen und Finanzen|Verwaltung;;StaAKr-0671
StaAKr-0671d;1526 VI 20;1526_06_20;nein;1526;Lambach;nein;1526 VI 20 Erbschaftssache: Wolfgang Felinger, Hofmeister im Lambacherhof zu Krems und Anna, seine Hausfrau, Steffan Sunher, Bürger zu Krems. Source Regest: Harry Kühnel, Stadtarchiv Krems. Urkunden 1108-1844 (Krems 1960);Wolfgang Felinger|Anna Felinger|Steffan Sunher;wolfgang_felinger|anna_felinger|steffan_sunher;nein;Bevölkerung und Bevölkerungsgruppen|Rechtswesen|Vermögen und Finanzen;;StaAKr-0671d
StaAKr-0671a;1526 VI 22;1526_06_22;nein;1526;Krems;nein;1526 VI 22 Interession der Regierung, daß der Magistrat die Heirat des Apothekers Christoph Hannsemann mit der Zellerischen Tochter bewilligt. Source Regest: Harry Kühnel, Stadtarchiv Krems. Urkunden 1108-1844 (Krems 1960);Christoph Hannsemann;christoph_hannsemann;nein;Bevölkerung und Bevölkerungsgruppen|Rechtswesen|Wirtschaft;;StaAKr-0671a
StaAKr-0671e;1526 VI 26;1526_06_26;nein;1526;Krems;nein;1526 VI 26 Erbschaftssache: Wolfgang Wittiber, Bürger zu Krems und Barbara, seine Haufrau, Mathäus Zartner, Bürger zu Krems. Source Regest: Harry Kühnel, Stadtarchiv Krems. Urkunden 1108-1844 (Krems 1960);Wolfgang Wittiber|Barbara Wittiber|Mathäus Zartner;wolfgang_wittiber|barbara_wittiber|mathaeus_zartner;nein;Bevölkerung und Bevölkerungsgruppen|Rechtswesen|Vermögen und Finanzen;;StaAKr-0671e
StaAKr-0671f;1526 VI 30;1526_06_30;nein;1526;Krems;nein;1526 VI 30 Erbschaftssache: Georg Rosler und Anna, seine Hausfrau, Bürger zu Krems, Wolfgang Swenter, Bürger zu Krems. Source Regest: Harry Kühnel, Stadtarchiv Krems. Urkunden 1108-1844 (Krems 1960);Georg Rosler|Anna Rosler|Wolfgang Swenter;georg_rosler|anna_rosler|wolfgang_swenter;nein;Rechtswesen|Vermögen und Finanzen;;StaAKr-0671f
StaAKr-0671g;1526 VII 18;1526_07_18;nein;1526;Wien;nein;1526 VII 18 Erbschaftssache: Matheus Hörpfer, Kastner zu Wien und Hedwig seine Hausfrau, Hanns Winkelbrecht, Ungelter im Schlüsselhaus zu Krems, Kaspar Weitenauer. Source Regest: Harry Kühnel, Stadtarchiv Krems. Urkunden 1108-1844 (Krems 1960);Matheus Hörpfer|Hedwig Hörpfer|Hanns Winkelbrecht|Kaspar Weitenauer;matheus_hoerpfer|hedwig_hoerpfer|hanns_winkelbrecht|kaspar_weitenauer;nein;Bevölkerung und Bevölkerungsgruppen|Rechtswesen|Vermögen und Finanzen;;StaAKr-0671g
StaAKr-0671h;1526 VII 23;1526_07_23;nein;1526;Krems;nein;1526 VII 23 Erbschaftssache: Wolfgang Angerer und Hannsen Angerer, Bürger zu Stain. Source Regest: Harry Kühnel, Stadtarchiv Krems. Urkunden 1108-1844 (Krems 1960);Wolfgang Angerer|Hannsen Angerer;wolfgang_angerer|hannsen_angerer;nein;Bevölkerung und Bevölkerungsgruppen|Rechtswesen|Vermögen und Finanzen;;StaAKr-0671h
StaAKr-0671i;1526 VIII 1;1526_08_01;nein;1526;Krems;nein;1526 VIII 1 Erbschaftssache: Sebastian Auer, Merten Auer, Bürger zu Krems, Michael Püchler, Amtmann zu Krems. Source Regest: Harry Kühnel, Stadtarchiv Krems. Urkunden 1108-1844 (Krems 1960);Sebastian Auer|Merten Auer|Michael Püchler;sebastian_auer|merten_auer|michael_puechler;nein;Bevölkerung und Bevölkerungsgruppen|Rechtswesen|Vermögen und Finanzen;;StaAKr-0671i
StaAKr-0672;1526 IX 5;1526_09_05;nein;1526;Wien;nein;1526 IX 5 Ferdinand verbietet, das Pfund Fleisch ebenso wie in Wien teurer als um 3 Pfenning zu verkaufen und erlaubt den Fleischern ebenso wie den Wienern, bis auf Widerruf nach Ungarn zum Vieheinkauf zu reisen. Source Regest: Harry Kühnel, Stadtarchiv Krems. Urkunden 1108-1844 (Krems 1960);Ferdinand I.;ferdinand_i;nein;Verwaltung|Wirtschaft;;StaAKr-0672
StaAKr-0673;1526 X 7;1526_10_07;nein;1526;Krems;nein;1526 X 7 Ferdinand befiehtl, daß alles Silber und die Kleinodien der Klöster, Kirchen und Bruderschaften beschrieben und aufbewahrt werden. Source Regest: Harry Kühnel, Stadtarchiv Krems. Urkunden 1108-1844 (Krems 1960);Ferdinand I.;ferdinand_i;nein;Religion|Vermögen und Finanzen|Verwaltung;;StaAKr-0673
StaAKr-0673a;1526 X 26;1526_10_26;nein;1526;Krems;nein;1526 X 26 Erbschaftsssache: Hanns Hipplstorfer und Ruprecht Hipplstorfer, Ratsbürger zu Stein, Sigmund Vindersberger und Sigmund Launtinger. Source Regest: Harry Kühnel, Stadtarchiv Krems. Urkunden 1108-1844 (Krems 1960);Hanns Hipplstorfer|Ruprecht Hipplstorfer|Sigmund Vindersberger|Sigmund Launtinger;hanns_hipplstorfer|rupprecht_hiplstorfer|sigmund_vindersberger|sigmund_launtinger;nein;Bevölkerung und Bevölkerungsgruppen|Rechtswesen|Vermögen und Finanzen;;StaAKr-0673a
StaAKr-0673b;1526 XI 1;1526_11_01;nein;1526;Neunkirchen;nein;1526 XI 1 Erbschaftssache: Margarethe und Andre Raidu von Neunkirchen, Hanns Ochs, Beneficat von Krems. Source Regest: Harry Kühnel, Stadtarchiv Krems. Urkunden 1108-1844 (Krems 1960);Margarethe Raidu|Andre Raidu|Hanns Ochs;margarethe_raidu|andre_raidu|hanns_ochs;nein;Rechtswesen|Vermögen und Finanzen;;StaAKr-0673b
StaAKr-0674;1526 XI 12;1526_11_12;nein;1526;Krems;nein;1526 XI 12 Landesfürstlicher Befehl an den Torwärter von Stein, Wolfgang Weber nicht zu entlassen. Source Regest: Harry Kühnel, Stadtarchiv Krems. Urkunden 1108-1844 (Krems 1960);Wolfgang Weber;wolfgang_weber;nein;Rechtswesen|Verwaltung;;StaAKr-0674
StaAKr-0675;1526 XII 7;1526_12_07;nein;1526;Wien;nein;1526 XII 7 Ferdinand bewiligt die Neuwahl von Bürgermeister, Richter und Rat für beide Städte. Source Regest: Harry Kühnel, Stadtarchiv Krems. Urkunden 1108-1844 (Krems 1960);Ferdinand I.;ferdinand_i;nein;Politik|Verwaltung;;StaAKr-0675
StaAKr-0676;1526 XII 28;1526_12_28;nein;1526;Wien|Weitenegg;nein;1526 XII 28 Die vorgenommene Ratswahl wird bestätigt: Hannsen Wohlgemut, Richter, Georgen von Seisenegkh (Seisenegg), Freiherr von Weitenegg, Wolfgangen Haidlberger. Source Regest: Harry Kühnel, Stadtarchiv Krems. Urkunden 1108-1844 (Krems 1960);Hannsen Wohlgemut|Georgen von Seisenegkh|Wolfgangen Haidlberger;hannsen_wohlgemut|georg_von_seisenegg|wolfgangen_haidlberger;nein;Politik|Verwaltung;;StaAKr-0676
StaAKr-0691;1527;1527_00_00;ja;1527;Krems;nein;"1527 Eidesformel für Ratspersonen; Verzeichnis von alten und jungen Räten. Source Regest: Harry Kühnel, Stadtarchiv Krems. Urkunden 1108-1844 (Krems 1960)";;;nein;Politik|Verwaltung;Datierung unsicher: Nur Jahresangabe im Quellentext überliefert, kein exaktes Tages-/Monatsdatum.;StaAKr-0691
StaAKr-0678;1527;1527_00_00;ja;1527;Krems;nein;1527 Schreiben Korn- und Hafermaß zu Krems, Stein und Langenlois betreffend. Source Regest: Harry Kühnel, Stadtarchiv Krems. Urkunden 1108-1844 (Krems 1960);;;nein;Verwaltung|Wirtschaft;Datierung unsicher: Nur Jahresangabe im Quellentext überliefert, kein exaktes Tages-/Monatsdatum.;StaAKr-0678
StaAKr-0677;1527;1527_00_00;ja;1527;Krems;nein;1527 Beschwerde der Stadt über Dechant und Pfarrer von Krems. Source Regest: Harry Kühnel, Stadtarchiv Krems. Urkunden 1108-1844 (Krems 1960);;;nein;Rechtswesen|Religion;Datierung unsicher: Nur Jahresangabe im Quellentext überliefert, kein exaktes Tages-/Monatsdatum.;StaAKr-0677
StaAKr-0679;1527 I 4;1527_01_04;nein;1527;Langenlois;nein;1527 I 4 Landesfürstlicher Befehl den neu gewählten Richter und Rat von Langenlois in Eid und Pflicht zu nehmen. Source Regest: Harry Kühnel, Stadtarchiv Krems. Urkunden 1108-1844 (Krems 1960);;;nein;Politik|Verwaltung;;StaAKr-0679
StaAKr-0680;1527 II 7;1527_02_07;nein;1527;Krems;nein;1527 II 7 Landesfürstlicher Befehl an den Dechant und Pfarrer zu Krems, daß er die Beneficien, welche von der Bürgerschaft herrühren, nicht in die geistl. Einlage bringen solle. Source Regest: Harry Kühnel, Stadtarchiv Krems. Urkunden 1108-1844 (Krems 1960);;;nein;Religion|Vermögen und Finanzen;;StaAKr-0680
StaAKr-0682;1527 III 7;1527_03_07;nein;1527;Wien;nein;1527 III 7 Herzog Ernst von Bayern als Administrator von Passau schreibt an den Rat, daß nicht alle, sondern nur die bürgerlichen Manual- Beneficien bei der Stadt eingelegt werden sollen. Source Regest: Harry Kühnel, Stadtarchiv Krems. Urkunden 1108-1844 (Krems 1960);Ernst von Bayern;ernst_von_bayern_1500;nein;Religion|Vermögen und Finanzen;;StaAKr-0682
StaAKr-0681;1527 III 7;1527_03_07;nein;1527;Passau;nein;1527 III 7 Landesfürstlicher Befehl an den Pfarrer von Krems, die bürgerlichen Beneficien bei der Stadt einlegen zu lassen. Source Regest: Harry Kühnel, Stadtarchiv Krems. Urkunden 1108-1844 (Krems 1960);;;nein;Religion|Vermögen und Finanzen|Verwaltung;;StaAKr-0681
StaAKr-0683;1527 III 23;1527_03_23;nein;1527;Krems;nein;1527 III 23 Landesfürstlicher Befehl, den siebenbürgischen Gesandten Pampfi Janusch wenn er in Krems ankommt dort anzuhalten, in Verwahrung zu nehmen und der Regierung berichten. Source Regest: Harry Kühnel, Stadtarchiv Krems. Urkunden 1108-1844 (Krems 1960);Pampfi Janusch;pampfi_janusch;nein;Rechtswesen|Verwaltung;;StaAKr-0683
StaAKr-0684;1527 IV 10;1527_04_10;nein;1527;Krems;nein;1527 IV 10 Landesfürstlicher Befehl die siebenbürgischen Gesandten, welche hier angehalten wurden, samt ihren Dienern wohl zu verwahren und keine Korrespondenz zuzulassen. Source Regest: Harry Kühnel, Stadtarchiv Krems. Urkunden 1108-1844 (Krems 1960);;;nein;Politik|Rechtswesen|Verwaltung;;StaAKr-0684
StaAKr-0685;1527 IV 11;1527_04_11;nein;1527;Krems;nein;1527 IV 11 Ferdinand sendet 2 Kommissäre, um mit Zuziehung der hiesigen Vorgeher und 2 Rats- Verordneten sämtliche Schriften der siebenbürgischen Gesandten, welche hier angehalten wurden, zu visitieren. Source Regest: Harry Kühnel, Stadtarchiv Krems. Urkunden 1108-1844 (Krems 1960);Ferdinand I.;ferdinand_i;nein;Politik|Rechtswesen|Verwaltung;;StaAKr-0685
StaAKr-0686;1527 V 18;1527_05_18;nein;1527;Roggendorf, Röschitz;nein;1527 V 18 Schreiben des Magistrats an den Freiherr von Roggendorf, daß nur Hofzüge mautfrei sind. Source Regest: Harry Kühnel, Stadtarchiv Krems. Urkunden 1108-1844 (Krems 1960);Freiherr von Roggendorf;freiherr_von_roggendorf;nein;Verwaltung|Wirtschaft;;StaAKr-0686
StaAKr-0687;1527 XI 27;1527_11_27;nein;1527;Krems;nein;1527 XI 27 Landesfürstlicher Befehl, die Wiedertäufer, welche sich irgendwo betreten lassen in Arrest zu nehmen und anzuzeigen. Source Regest: Harry Kühnel, Stadtarchiv Krems. Urkunden 1108-1844 (Krems 1960);;;nein;Rechtswesen|Religion;;StaAKr-0687
StaAKr-0688;1527 XII 12;1527_12_12;nein;1527;Wien;nein;1527 XII 12 Ferdinand befiehlt eine Neuwahl von Bürgermeister, Richter und Rat von beiden Städten. Source Regest: Harry Kühnel, Stadtarchiv Krems. Urkunden 1108-1844 (Krems 1960);Ferdinand I.;ferdinand_i;nein;Politik|Verwaltung;;StaAKr-0688
StaAKr-0689;1527 XII 13;1527_12_13;nein;1527;Krems;nein;1527 XII 13 Ferdinand befiehlt, die schwangeren wiedertäuferischen Weiber oder welche säugende Kinder haben, gegen Bürgschaft aus dem Gefängnis zu entlassen, wenn sie zur wahren Religion zurückkehren. Source Regest: Harry Kühnel, Stadtarchiv Krems. Urkunden 1108-1844 (Krems 1960);Ferdinand I.;ferdinand_i;nein;Rechtswesen|Religion;;StaAKr-0689
StaAKr-0690;1527 XII 26;1527_12_26;nein;1527;Wien|Weitenegg;nein;1527 XII 26 Ferdinand bestätigt die neue Ratswahl in den Städten Krems und Stein. Paul Frayhaimer, Richter, Georgen Seißenpeck, Freiherr von Weitenegg, Wolfgangen Haidlperger. Source Regest: Harry Kühnel, Stadtarchiv Krems. Urkunden 1108-1844 (Krems 1960);Ferdinand I.|Paul Frayhaimer|Georgen Seißenpeck|Wolfgangen Haidlperger;ferdinand_i|paul_frayhaimer|georgen_seissenpeck|wolfgangen_haidlberger;nein;Politik|Verwaltung;;StaAKr-0690
StaAKr-0676a;1527 XII 29;1527_12_29;nein;1527;;nein;1527 XII 29 Erbschaftssache: Hanns Klingenmayer zu Haupers, Sipfen Lanner, Jacob Kischer, beide Bürger zu Krems. Source Regest: Harry Kühnel, Stadtarchiv Krems. Urkunden 1108-1844 (Krems 1960);Hanns Klingenmayer|Sipfen Lanner|Jacob Kischer;hanns_klingenmayer|sipfen_lanner|jacob_kischer;nein;Bevölkerung und Bevölkerungsgruppen|Rechtswesen|Vermögen und Finanzen;;StaAKr-0676a
StaAKr-0692;1528 II 8;1528_02_08;nein;1528;Wien;nein;1528 II 8 Landesfürstlicher Befehl, wie die Wiedertäufer zu bestrafen sind. Source Regest: Harry Kühnel, Stadtarchiv Krems. Urkunden 1108-1844 (Krems 1960);;;nein;Rechtswesen|Religion;;StaAKr-0692
StaAKr-0693;1528 II 25;1528_02_25;nein;1528;Passau;nein;1528 II 25 Schreiben des Bischofs von Passau, daß dem Dechant aufgetragen werde, für gute Kapläne zu sorgen. Source Regest: Harry Kühnel, Stadtarchiv Krems. Urkunden 1108-1844 (Krems 1960);;;nein;Religion;;StaAKr-0693
StaAKr-0694;1528 III 29;1528_03_29;nein;1528;Dürnstein;nein;1528 III 29 Kaufbrief von einem Weingarten. Urban, Probst von Dürnstein. Stephan Gannsz von Egelsee. Source Regest: Harry Kühnel, Stadtarchiv Krems. Urkunden 1108-1844 (Krems 1960);Urban|Stephan Gannsz von Egelsee;urban_1528|stephan_gannsz_von_egelsee;nein;Vermögen und Finanzen|Wirtschaft;;StaAKr-0694
StaAKr-0694a;1528 III 31;1528_03_31;nein;1528;Tulln;nein;1528 III 31 Erbschaftsache: Leopold Hauf, Stadtrichter zu Tulln, Georg Kosler, Rat zu Krems. Source Regest: Harry Kühnel, Stadtarchiv Krems. Urkunden 1108-1844 (Krems 1960);Leopold Hauf|Georg Kosler;leopold_hauf|georg_kosler;nein;Rechtswesen|Vermögen und Finanzen;;StaAKr-0694a
StaAKr-0695;1528 IV 10;1528_04_10;nein;1528;Wien;nein;1528 IV 10 Ferdinand befiehlt, daß nur die Bürger in den Städten Gewerbe treiben dürfen. Source Regest: Harry Kühnel, Stadtarchiv Krems. Urkunden 1108-1844 (Krems 1960);Ferdinand I.;ferdinand_i;nein;Rechtswesen|Wirtschaft;;StaAKr-0695
StaAKr-0696;1528 IV 18;1528_04_18;nein;1528;Wien;nein;1528 IV 18 Landesfürstl. Schreiben, wie die Wiedertäufer an ihren Zeichen zu erkennen sind. Source Regest: Harry Kühnel, Stadtarchiv Krems. Urkunden 1108-1844 (Krems 1960);;;nein;Rechtswesen|Religion;;StaAKr-0696
StAK-Stein-2027;1528 IV 27;1528_04_27;nein;1528;Stein;nein;Ferdinand I. bestätigt die Allerheiligenstiftung zu Stein.;Ferdinand I.;ferdinand_i;nein;Politik|Religion;;StAK-Stein-2027
StaAKr-0696a;1528 V 4;1528_05_04;nein;1528;Pauriß;nein;1528 V 4 Erbschaftssache: Heinrichen Pocken zu Stein, Veit Annikl aus der Pauriß?. Source Regest: Harry Kühnel, Stadtarchiv Krems. Urkunden 1108-1844 (Krems 1960);Heinrichen Pocken|Veit Annikl;heinrichen_pocken|veit_annikl;nein;Rechtswesen|Vermögen und Finanzen;;StaAKr-0696a
StaAKr-0697;1528 IX 15;1528_09_15;nein;1528;Krems;nein;1528 IX 15 Georg von Buchhaim empfiehlt seinen Kaplan für das frei werdende Beneficium St. Helena. Source Regest: Harry Kühnel, Stadtarchiv Krems. Urkunden 1108-1844 (Krems 1960);Georg von Buchhaim;georg_von_buchhaim;nein;Religion;;StaAKr-0697
StaAKr-0698;1528 XII 14;1528_12_14;nein;1528;Wien;nein;1528 XII 14 Ständisches Steuerschreiben an den hiesigen Spitalmeister. Source Regest: Harry Kühnel, Stadtarchiv Krems. Urkunden 1108-1844 (Krems 1960);;;nein;Soziales Leben|Vermögen und Finanzen|Verwaltung;;StaAKr-0698
StaAKr-0698a;1528 XII 18;1528_12_18;nein;1528;Krems;nein;"1528 XII 18 Erbschaftssache: Wolfgang Tungmaier, Bürger und Petronella seine Hausfrau; Wolfgang Frauenfalk. Source Regest: Harry Kühnel, Stadtarchiv Krems. Urkunden 1108-1844 (Krems 1960)";Wolfgang Tungmaier|Petronella Tungmaier|Wolfgang Frauenfalk;wolfgang_tungmaier|petronella_tungmaier|wolfgang_frauenfalk;nein;Bevölkerung und Bevölkerungsgruppen|Rechtswesen|Vermögen und Finanzen;;StaAKr-0698a
StaAKr-0699;1528 XII 22;1528_12_22;nein;1528;Wien;nein;1528 XII 22 Bestätigung der neuen Ratswahl. Jacob Partner, Richter, Wolfgang Karlinger, Rat und Pfleger von Stein, Heinrich Restyen, Mautner von Stein. Source Regest: Harry Kühnel, Stadtarchiv Krems. Urkunden 1108-1844 (Krems 1960);Jacob Partner|Wolfgang Karlinger|Heinrich Restyen;jacob_partner|wolfgang_karlinger|heinrich_restyen;nein;Politik;;StaAKr-0699
StaAKr-0700;1529 I 13;1529_01_13;nein;1529;Langenlois;nein;1529 I 13 Ferdinand befiehlt, den neuen Rat von Langenlois in Eid und Pflicht zu nehmen. Source Regest: Harry Kühnel, Stadtarchiv Krems. Urkunden 1108-1844 (Krems 1960);Ferdinand I.;ferdinand_i;nein;Politik|Verwaltung;;StaAKr-0700
StaAKr-0701;1529 III 14;1529_03_14;nein;1529;Passau;nein;1529 III 14 Der Bischof von Passau ersucht den Rat von Krems, die Benificiaten mit den Steuern nicht zu beschweren. Source Regest: Harry Kühnel, Stadtarchiv Krems. Urkunden 1108-1844 (Krems 1960);;;nein;Religion|Vermögen und Finanzen;;StaAKr-0701
StaAKr-0702;1529 VI 14;1529_06_14;nein;1529;Etsdorf am Kamp;nein;1529 VI 14 Kaufbrief über die Mühle zu Etsdorf am Kamp. Source Regest: Harry Kühnel, Stadtarchiv Krems. Urkunden 1108-1844 (Krems 1960);;;nein;Vermögen und Finanzen|Wirtschaft;;StaAKr-0702
StaAKr-0703;1529 VII 27;1529_07_27;nein;1529;Etsdorf am Kamp;nein;1529 VII 27 Kaufbrief über die Mühle zu Etsdorf am Kamp. Source Regest: Harry Kühnel, Stadtarchiv Krems. Urkunden 1108-1844 (Krems 1960);;;nein;Vermögen und Finanzen|Wirtschaft;;StaAKr-0703
StaAKr-0704;1529 VIII 19;1529_08_19;nein;1529;Krems;nein;1529 VIII 19 Das Beneficium St. Cathedrea Petri wird vermehrt und von dem Dechant und dem Magistrat wechselweise verliehen.Andreas Römer, Pfarrer von Krems, Michael Pücher, Schlüsselamtmann, Margarethe Hirschin zu Krems. Source Regest: Harry Kühnel, Stadtarchiv Krems. Urkunden 1108-1844 (Krems 1960);Andreas Römer|Michael Pücher|Margarethe Hirschin;andreas_roemer|michael_puechler|margarethe_hirschin;nein;Religion|Vermögen und Finanzen|Verwaltung;;StaAKr-0704
StaAKr-0705;1529 IX 25;1529_09_25;nein;1529;Wien;ja;1529 IX 25 Ferdinand schreibt an beide Städte, daß der Pfalzgraf Friedrich hier sein Kriegsvolk versammeln werde. Source Regest: Harry Kühnel, Stadtarchiv Krems. Urkunden 1108-1844 (Krems 1960);Ferdinand I.|Friedrich;ferdinand_i|friedrich_ii_pfalz;nein;Politik|Verwaltung;Ortsidentifikation unsicher: Wien (nicht eindeutig aus dem Regest-Text ableitbar);StaAKr-0705
StaAKr-0705a;1530 I 29;1530_01_29;nein;1530;Vitis;nein;1530 I 29, Krems Erbschaftssache: Wolfgang Stanspeck, Bürger zu Vitis, Michael Sandler, Bürger zu Krems. Source Regest: Harry Kühnel, Stadtarchiv Krems. Urkunden 1108-1844 (Krems 1960);Wolfgang Stanspeck|Michael Sandler;wolfgang_stanspeck|michael_sandler;nein;Rechtswesen|Vermögen und Finanzen;;StaAKr-0705a
StaAKr-0706;1530 III 19;1530_03_19;nein;1530;Krems;nein;1530 III 19 Ferdinand bewilligt den hiesigen Ärzten die Haltung einer Apotheke. Wolfgang Kappler, Doktor med., Wolfgang Karlinger, Pfleger zu Stein, Michael Püchler, Schlüsselamtmann, Heinrich Reyken, Mautner. Source Regest: Harry Kühnel, Stadtarchiv Krems. Urkunden 1108-1844 (Krems 1960);Ferdinand I.|Wolfgang Kappler|Wolfgang Karlinger|Michael Püchler|Heinrich Restyen;ferdinand_i|wolfgang_kappler|wolfgang_karlinger|michael_puechler|heinrich_restyen;ja;Gesundheit|Wirtschaft;"Personenidentifikation unsicher: vermutlich Heinrich Restyen (Regest nennt ""Heinrich"")";StaAKr-0706
StaAKr-0707;1530 III 20;1530_03_20;nein;1530;;nein;1530 III 20 Sigismund, König von Polen interzediert für Johann Tändler in seiner Erbschaftsangelegenheit. Source Regest: Harry Kühnel, Stadtarchiv Krems. Urkunden 1108-1844 (Krems 1960);Sigismund|Johann Tändler;sigismund_i_polen|johann_taendler;nein;Rechtswesen|Vermögen und Finanzen;;StaAKr-0707
StaAKr-0707a;1530 III 20;1530_03_20;nein;1530;Weystenberg|Oberneukirchen, Urfahr-Umgebung;ja;1530 III 20 Erbschaftssache: Bernhard Hohenfurter, Pfleger auf Weystenberg, Sigmund Tyschler, Bürger zu Neunkirchen, Wolfgang Pocken, Bürger zu Neunkirchen, Wolfgang Ortpeck, Bürger zu Oberneunkirchen. Erbschaft des Sebastian Ortpeck, der in Krems gestorben ist. Source Regest: Harry Kühnel, Stadtarchiv Krems. Urkunden 1108-1844 (Krems 1960);Bernhard Hohenfurter|Sigmund Tyschler|Wolfgang Pocken|Wolfgang Ortpeck|Sebastian Ortpeck;bernhard_hohenfurter|sigmund_tyschler|wolfgang_pocken|wolfgang_ortpeck|sebastian_ortpeck;nein;Bevölkerung und Bevölkerungsgruppen|Rechtswesen|Vermögen und Finanzen;"Ortsidentifikation unsicher: vermutlich Oberneukirchen (Regest nennt ""Oberneunkirchen"")";StaAKr-0707a
StaAKr-0708;1530 III 28;1530_03_28;nein;1530;Wien;nein;1530 III 28 Steuerausschreibung der Stände. Source Regest: Harry Kühnel, Stadtarchiv Krems. Urkunden 1108-1844 (Krems 1960);;;nein;Politik|Vermögen und Finanzen;;StaAKr-0708
StaAKr-0708a;1530 V 6;1530_05_06;nein;1530;Krems;nein;"1530 V 6 Erbschaftssache: Mathes   Ortner, Bürger zu Krems; Valentin Grassauer, Bürger zu Krems; Hanns Grassauer, Bürger zu Krems; Michel Püchler, Schlüsselamtmann zu Krems. Source Regest: Harry Kühnel, Stadtarchiv Krems. Urkunden 1108-1844 (Krems 1960)";Mathes Ortner|Valentin Grassauer|Hanns Grassauer|Michael Püchler;mathes_ortner|valentin_grassauer|hanns_grassauer|michael_puechler;nein;Bevölkerung und Bevölkerungsgruppen|Rechtswesen|Vermögen und Finanzen;;StaAKr-0708a
StaAKr-0708b;1530 V 12;1530_05_12;nein;1530;Maissau;nein;"1530 V 12 Erbschaftssache: Georgy Krafft und Hedwig seine Hausfrau, Bürger zu Krems; Radl, Bürger zu Krems, Katharina Radlin; Hedwig von Zelter, Maissau. Source Regest: Harry Kühnel, Stadtarchiv Krems. Urkunden 1108-1844 (Krems 1960)";Georgy Krafft|Hedwig Krafft|Radl|Katharina Radl|Hedwig von Zelter;georgy_krafft|hedwig_krafft|radl_1530|katharina_radl|hedwig_von_zelter;nein;Bevölkerung und Bevölkerungsgruppen|Rechtswesen|Vermögen und Finanzen;;StaAKr-0708b
StaAKr-0709;1530 V 30;1530_05_30;nein;1530;;nein;1530 V 30 Georgy, Markgraf von Brandenburg empfiehlt seinen Leibarzt, eine gewisse Politus Hasnzayl für ein Beneficium. Source Regest: Harry Kühnel, Stadtarchiv Krems. Urkunden 1108-1844 (Krems 1960);Markgraf Georgy|Politus Hasnzayl;georg_der_fromme_brandenburg|politus_hasnzayl;nein;Gesundheit|Religion;;StaAKr-0709
StaAKr-0710;1530 VI 17;1530_06_17;nein;1530;Krems;nein;1530 VI 17 Ferdinand verkauft den vierten Teil aller Bruderschafts- und Kirchengüter - für die Stadt 1/4 der Veits- und Marienkirchengüter. Source Regest: Harry Kühnel, Stadtarchiv Krems. Urkunden 1108-1844 (Krems 1960);Ferdinand I.;ferdinand_i;nein;Religion|Vermögen und Finanzen;;StaAKr-0710
StaAKr-0710a;1530 IX 30;1530_09_30;nein;1530;Neuburg am Inn;nein;1530 IX 30 Erbschaftssache: Christophen Intaler zu Krems, Hansen Intaler zu Krems, Wolfgang Körnparn, Neuburg am Inn. Source Regest: Harry Kühnel, Stadtarchiv Krems. Urkunden 1108-1844 (Krems 1960);Christophen Intaler|Hansen Intaler|Wolfgang Körnparn;christoph_intaler|hansen_intaler|wolfgang_koernparn;nein;Bevölkerung und Bevölkerungsgruppen|Rechtswesen|Vermögen und Finanzen;;StaAKr-0710a
StaAKr-0710b;1530 X 30;1530_10_30;nein;1530;Passau|Neuburg am Inn|Schärding;nein;"1530 X 30 Erbschaftsssache: Steffan Stainpach, Kürschner und Bürger zu Passau; Michel Weyerburger zu Neuburg am Inn; Hanns Vrannbiter, Bürger zu Schärding; Christoph Intaler, Bürger zu Krems. Source Regest: Harry Kühnel, Stadtarchiv Krems. Urkunden 1108-1844 (Krems 1960)";Steffan Stainpach|Michel Weyerburger|Hanns Vrannbiter|Christoph Intaler;steffan_stainpach|michel_weyerburger|hanns_vrannbiter|christoph_intaler;nein;Bevölkerung und Bevölkerungsgruppen|Rechtswesen|Vermögen und Finanzen;;StaAKr-0710b
StaAKr-0711;1530 XII 23;1530_12_23;nein;1530;Wien;nein;1530 XII 23 Die neue Ratswahl wird bestätigt. Source Regest: Harry Kühnel, Stadtarchiv Krems. Urkunden 1108-1844 (Krems 1960);;;nein;Politik|Verwaltung;;StaAKr-0711
StaAKr-0719a;1531;1531_00_00;ja;1531;Raitenhaslach|Osterhofen;nein;1531 Klöster Raitenhaslach und Osterhofen wollen dem Pfarrer Körner ? Source Regest: Harry Kühnel, Stadtarchiv Krems. Urkunden 1108-1844 (Krems 1960);Pfarrer Körner;pfarrer_koerner;nein;Religion;Datierung unsicher: Nur Jahresangabe im Quellentext überliefert, kein exaktes Tages-/Monatsdatum.;StaAKr-0719a
StaAKr-0712;1531 I 7;1531_01_07;nein;1531;Langenlois;nein;1531 I 7 Ferdinand befiehlt, den neuen Rat von Langenlois in Eid und Pflicht zu nehmen. Source Regest: Harry Kühnel, Stadtarchiv Krems. Urkunden 1108-1844 (Krems 1960);Ferdinand I.;ferdinand_i;nein;Politik|Verwaltung;;StaAKr-0712
StaAKr-0713;1531 I 20;1531_01_20;nein;1531;Wien;nein;1531 I 20 Ferdinand befiehlt, seinem Kastner Matthäus Härpfer das Ausschenken seines Bauweines zu gestatten. Source Regest: Harry Kühnel, Stadtarchiv Krems. Urkunden 1108-1844 (Krems 1960);Ferdinand I.|Matthäus Härpfer;ferdinand_i|matthaeus_haerpfer;nein;Verwaltung|Wirtschaft;;StaAKr-0713
StaAKr-0714;1531 III 29;1531_03_29;nein;1531;Wien;nein;1531 III 29 Steuerausschreibung der Stände. Source Regest: Harry Kühnel, Stadtarchiv Krems. Urkunden 1108-1844 (Krems 1960);;;nein;Politik|Vermögen und Finanzen;;StaAKr-0714
StaAKr-0714a;1531 IV 1;1531_04_01;nein;1531;Andrach;nein;1531 IV 1 Erbschaftsache: Leonhart Vischer, Bürger zu Krems, Wolfgang Painhaster zu Andrach. Source Regest: Harry Kühnel, Stadtarchiv Krems. Urkunden 1108-1844 (Krems 1960);Leonhart Vischer|Wolfgang Painhaster;leonhart_vischer|wolfgang_painhaster;nein;Bevölkerung und Bevölkerungsgruppen|Rechtswesen|Vermögen und Finanzen;;StaAKr-0714a
StaAKr-0714b;1531 IV 19;1531_04_19;nein;1531;Krems;nein;"1531 IV 19 Erbschaftssache: Veit Scharf, Fleischhacker, sonst Hebenstreit genannt; Michel Püchler, Schlüsselamtmann zu Krems; Bartolomäus Kienast zu Krems. Source Regest: Harry Kühnel, Stadtarchiv Krems. Urkunden 1108-1844 (Krems 1960)";Veit Scharf|Hebenstreit|Michael Püchler|Bartolomäus Kienast;veit_scharf|hebenstreit_1531|michael_puechler|bartolomaeus_kienast;nein;Bevölkerung und Bevölkerungsgruppen|Rechtswesen|Vermögen und Finanzen;;StaAKr-0714b
StaAKr-0714c;1531 IV 23;1531_04_23;nein;1531;Praha;nein;"1531 IV 23 Erbschaftssache: Ignatz Nauschl, Mitbürger zu Prag; Clauß Ränner, Schneider und Bürger zu Krems; Behaim, Mautner zu Stein; Michael Püchler, Schlüsselamtmann  zu Krems. Source Regest: Harry Kühnel, Stadtarchiv Krems. Urkunden 1108-1844 (Krems 1960)";Ignatz Nauschl|Clauß Ränner|Behaim|Michael Püchler;ignatz_nauschl|clauss_raenner|behaim_1531|michael_puechler;nein;Bevölkerung und Bevölkerungsgruppen|Rechtswesen|Vermögen und Finanzen;;StaAKr-0714c
StaAKr-0715;1531 V 18;1531_05_18;nein;1531;Karlstadt;ja;1531 V 18 Richter und Schöffen des Dorfgerichtes zu Karleburg, Bistum Würzburg bekennen, daß Klaus Vosthart eine Zeit in Krems einen Ansitz gehabt hat. Source Regest: Harry Kühnel, Stadtarchiv Krems. Urkunden 1108-1844 (Krems 1960);Klaus Vosthart;klaus_vosthart;nein;Bevölkerung und Bevölkerungsgruppen|Rechtswesen;"Ortsidentifikation unsicher: vermutlich Karlstadt (Regest nennt ""Karleburg"")";StaAKr-0715
StaAKr-0716;1531 VI 17;1531_06_17;nein;1531;Wien;nein;1531 VI 17 Steuerausschreibung der Stände. Source Regest: Harry Kühnel, Stadtarchiv Krems. Urkunden 1108-1844 (Krems 1960);;;nein;Politik|Vermögen und Finanzen;;StaAKr-0716
StaAKr-0716a;1531 VII 3;1531_07_03;nein;1531;Altled|Egglfing;ja;"1531 VII 3 Erbschaftssache: Hanns Altleder auf der Altled als Gewalttrager; Leopold Loser zu Eklfing; Hanns Ecklberger, bürger zu Stein. Source Regest: Harry Kühnel, Stadtarchiv Krems. Urkunden 1108-1844 (Krems 1960)";Hanns Altleder|Leopold Loser|Hanns Ecklberger;hanns_altleder|leopold_loser|hanns_ecklberger;nein;Rechtswesen|Vermögen und Finanzen;"Ortsidentifikation unsicher: vermutlich Egglfing (Regest nennt ""Eklfing"")";StaAKr-0716a
StaAKr-0716b;1531 VIII 11;1531_08_11;nein;1531;Eggenburg|Wullersdorf;ja;"1531 VIII 11 Erbschaftssache: Caspar Peham, Bürger und Stadtschreiber zu Eggenburg; Linhart Pants, Mitbürger zu Wuldenstorf; Kofler, Bürger zu Krems. Source Regest: Harry Kühnel, Stadtarchiv Krems. Urkunden 1108-1844 (Krems 1960)";Caspar Peham|Linhart Pants|Kofler;caspar_peham|linhart_pants|kofler_1531;nein;Bevölkerung und Bevölkerungsgruppen|Rechtswesen|Vermögen und Finanzen;"Ortsidentifikation unsicher: vermutlich Wullersdorf (Regest nennt ""Wuldenstorf"")";StaAKr-0716b
StaAKr-0716c;1531 VIII 24;1531_08_24;nein;1531;Rastenberg;nein;"1531 VIII 24, Rastenberg Erbschaftssache: Wilhelm von Neydorf; Wolfgang und hanns Maurer. Source Regest: Harry Kühnel, Stadtarchiv Krems. Urkunden 1108-1844 (Krems 1960)";Wilhelm von Neydorf|Wolfgang Maurer|Hanns Maurer;wilhelm_von_neydorf|wolfgang_maurer|hanns_maurer;nein;Rechtswesen|Vermögen und Finanzen;;StaAKr-0716c
StaAKr-0716d;1531 VIII 29;1531_08_29;nein;1531;Langenlois|Krems;nein;"1531 VIII 29 Erbschaftssache: Wolfgang Kuntz von Laytendorf; Lamprecht Schuster von Langenlois; Jörgen Pränntl, Fleischhackerknecht zu Stain. Source Regest: Harry Kühnel, Stadtarchiv Krems. Urkunden 1108-1844 (Krems 1960)";Wolfgang Kuntz von Laytendorf|Lamprecht Schuster von Langenlois|Jörgen Pränntl;wolfgang_kuntz_von_laytendorf|lamprecht_schuster_von_langenlois|joergen_praenntl;nein;Bevölkerung und Bevölkerungsgruppen|Rechtswesen|Vermögen und Finanzen;;StaAKr-0716d
StaAKr-0717;1531 IX 26;1531_09_26;nein;1531;Melk;nein;1531 IX 26 Schreiben des Abtes von Melk, daß er wegen rückständigen Grunddienstes die Feldfrüchte in Beschlag nehmen werde. Christophen Koller von Krems, Wolfgang, Abt von Melk. Source Regest: Harry Kühnel, Stadtarchiv Krems. Urkunden 1108-1844 (Krems 1960);Christophen Koller|Abt Wolfgang;christophen_koller|abt_wolfgang;nein;Rechtswesen|Vermögen und Finanzen|Wirtschaft;;StaAKr-0717
StaAKr-0717a;1531 XI 24;1531_11_24;nein;1531;Schwertberg|Ternberg;ja;"1531 XI 24 Erbschaftssache: Leonhart Schmid, Bürger zu Schwertberg; Wolfgang Schmid, Bürger zu Termberg; Schuster, Bürger zu Stain. Source Regest: Harry Kühnel, Stadtarchiv Krems. Urkunden 1108-1844 (Krems 1960)";Leonhart Schmid|Wolfgang Schmid|Schuster;leonhart_schmid|wolfgang_schmid|schuster_1531;nein;Bevölkerung und Bevölkerungsgruppen|Rechtswesen|Vermögen und Finanzen;"Ortsidentifikation unsicher: vermutlich Ternberg (Regest nennt ""Termberg"")";StaAKr-0717a
StaAKr-0718;1531 XI 27;1531_11_27;nein;1531;Wien;nein;1531 XI 27 Ferdinand bewilligt eine neue Ratswahl. Source Regest: Harry Kühnel, Stadtarchiv Krems. Urkunden 1108-1844 (Krems 1960);Ferdinand I.;ferdinand_i;nein;Politik|Verwaltung;;StaAKr-0718
StaAKr-0718a;1531 XII 1;1531_12_01;nein;1531;Krems;nein;"1531 XII 1 Erbschaftssache: Christoph Wagant, Kürschner und Anna, seine Hausfrau; Wolfgangen Prantzmair, Bürger zu Krems; Wolfgang Cienbacher, Bürger zu Krems. Source Regest: Harry Kühnel, Stadtarchiv Krems. Urkunden 1108-1844 (Krems 1960)";Christoph Wagant|Anna Wagant|Wolfgang Prantzmair|Wolfgang Cienbacher;christoph_wagant|anna_wagant|wolfgang_prantzmair|wolfgang_cienbacher;nein;Bevölkerung und Bevölkerungsgruppen|Rechtswesen|Vermögen und Finanzen|Wirtschaft;;StaAKr-0718a
StaAKr-0719;1531 XII 19;1531_12_19;nein;1531;Wien;nein;1531 XII 19 Ferdinand bestätigt seine neue Ratswahl. Wolfgang Karlinger, Pfleger zu Stein. Source Regest: Harry Kühnel, Stadtarchiv Krems. Urkunden 1108-1844 (Krems 1960);Ferdinand I.|Wolfgang Karlinger;ferdinand_i|wolfgang_karlinger;nein;Politik|Verwaltung;;StaAKr-0719
StaAKr-0720;1532 IV 19;1532_04_19;nein;1532;Krems;nein;1532 IV 19 Stiftsbrief über 5/4 Weingarten in der Wieden von Christoph Vincentzo, Ratsbürger zu Stein an das Spital von Krems. Source Regest: Harry Kühnel, Stadtarchiv Krems. Urkunden 1108-1844 (Krems 1960);Christoph Vincentzo;christoph_vincentzo;nein;Soziales Leben|Vermögen und Finanzen|Wirtschaft;;StaAKr-0720
StaAKr-0721;1532 V 25;1532_05_25;nein;1532;Hardegg;nein;1532 V 25 Der Graf von Hardegg berichtet beiden Städten, daß Spanier durch das Land ziehen und schrecklichen Mutwillen treiben. Source Regest: Harry Kühnel, Stadtarchiv Krems. Urkunden 1108-1844 (Krems 1960);Graf von Hardegg;graf_von_hardegg;nein;Politik|Rechtswesen|Soziales Leben;;StaAKr-0721
StaAKr-0722;1532 VI 13;1532_06_13;nein;1532;Wien;nein;1532 VI 13 Ständisches Steuer- Patent. Source Regest: Harry Kühnel, Stadtarchiv Krems. Urkunden 1108-1844 (Krems 1960);;;nein;Vermögen und Finanzen|Verwaltung;;StaAKr-0722
StaAKr-0723;1532 VII 2;1532_07_02;nein;1532;Wien;nein;1532 VII 2 Die Stände fordern Deputierte nach Wien. Source Regest: Harry Kühnel, Stadtarchiv Krems. Urkunden 1108-1844 (Krems 1960);;;nein;Politik|Verwaltung;;StaAKr-0723
StaAKr-0724;1532 VIII 23;1532_08_23;nein;1532;Krems;nein;1532 VIII 23 Befehl, das Kriegsvolk, welches aus dem Reiche hierher kommt betreffend. Wolfgang von Roggendorf, Ulrich von Eyzing. Source Regest: Harry Kühnel, Stadtarchiv Krems. Urkunden 1108-1844 (Krems 1960);Wolfgang von Roggendorf|Ulrich von Eyzing;wolfgang_von_roggendorf|ulrich_von_eyzing;nein;Politik|Verwaltung;;StaAKr-0724
StaAKr-0725;1532 VIII 23;1532_08_23;nein;1532;Wien;nein;1532 VIII 23 Der oberste Feldhauptmann Cazianer fordert Deputierte zum Hof- Kriegsrat. Source Regest: Harry Kühnel, Stadtarchiv Krems. Urkunden 1108-1844 (Krems 1960);Cazianer;cazianer_1532;nein;Politik|Verwaltung;;StaAKr-0725
StaAKr-0726;1532 IX 9;1532_09_09;nein;1532;Wien;nein;1532 IX 9 König Ferdinand gibt die Zusage, daß die Stadt Krems in Zukunft nicht mehr mit fremden Kriegsvolk belegt werden soll (wegen Feuersbrunst). Source Regest: Harry Kühnel, Stadtarchiv Krems. Urkunden 1108-1844 (Krems 1960);Ferdinand I.;ferdinand_i;nein;Politik|Soziales Leben|Stadt und Raum|Verwaltung;;StaAKr-0726
StaAKr-0727;1532 IX 12;1532_09_12;nein;1532;Ybbs an der Donau|Enns;nein;1532 IX 12 Der Stadtrichter von Ybbs meldet, daß die Türken bis an die Enns streifen und bittet um Hilfe. Source Regest: Harry Kühnel, Stadtarchiv Krems. Urkunden 1108-1844 (Krems 1960);;;nein;Politik|Rechtswesen;;StaAKr-0727
StaAKr-0728;1532 IX 12;1532_09_12;nein;1532;Scheibbs|Pöggstall;nein;1532 IX 12 Nachricht von Scheibbs und Pöggstall über den Streifzug der Türken. Source Regest: Harry Kühnel, Stadtarchiv Krems. Urkunden 1108-1844 (Krems 1960);;;nein;Politik|Rechtswesen;;StaAKr-0728
StaAKr-0720a;1532 X 31;1532_10_31;nein;1532;Stuttgart|Wien;nein;"1532 X 31 Erbschaftssache: Jacob Püchler von Stuttgart; Ludwig Grawen von Lotran Proffos zu stain; Gerhart Kanttengießer vom alten Dom, Mitbürger zu Wien. Source Regest: Harry Kühnel, Stadtarchiv Krems. Urkunden 1108-1844 (Krems 1960)";Jacob Püchler|Ludwig Grawen|Gerhart Kanttengießer;jacob_puechler|ludwig_grawen|gerhart_kanttengiesser;nein;Bevölkerung und Bevölkerungsgruppen|Rechtswesen|Vermögen und Finanzen;;StaAKr-0720a
StaAKr-0729;1533 IV 18;1533_04_18;nein;1533;Krems;nein;1533 IV 18 Beschwerde der Bäcker über das Brotbacken der Müller und Hauer.;;;nein;Rechtswesen|Wirtschaft;;StaAKr-0729
StaAKr-0730;1533 IV 24;1533_04_24;nein;1533;Krems;nein;1533 IV 24 König Ferdinand befiehlt, der Stadt Krems durch vier folgende Jahre die Hälfte des Steueranschlages nachzulassen, um den erlittenen Schaden durch das spanische Kriegsvolk wieder gutzumachen.;Ferdinand I.;ferdinand_i;nein;Politik|Vermögen und Finanzen|Verwaltung;;StaAKr-0730
StaAKr-0731;1533 V 19;1533_05_19;nein;1533;Passau;nein;1533 V 19 Ernst, Herzog von Bayern als Administrator von Passau interzidiert in einer Verlassenschaftsangelegenheit.;Ernst von Bayern;ernst_von_bayern_1500;nein;Rechtswesen|Vermögen und Finanzen;;StaAKr-0731
StaAKr-0733;1533 VIII 23;1533_08_23;nein;1533;Wien;nein;1533 VIII 23 Die Regierung fordert Deputierte zur Errichtung einer Holzordnung.;;;nein;Politik|Stadt und Raum|Verwaltung;;StaAKr-0733
StaAKr-0732;1533 VIII 28;1533_08_28;nein;1533;Göttweig|Altenburg im Waldviertel|Schollach;ja;1533 VIII 28 Ein abgefallener Benediktiner - Mönch soll allhier nicht geduldet werden. Abt von Göttweig, Abt von Altenburg, Abt von Schollen.;;;nein;Rechtswesen|Religion;"Ortsidentifikation unsicher: vermutlich Schollach (Regest nennt ""Schollen"")";StaAKr-0732
StAK-Stein-2028;1533 IX 2;1533_09_02;nein;1533;Stein;nein;Ferdinand I. bewilligt der Fronleichnams- und Hauerzeche in Stein die Abrechnung dem Mautner zu Stein vorzulegen und den Überschuß zur Befestigung der Stadt zu verwenden.;Ferdinand I.;ferdinand_i;nein;Politik|Stadt und Raum|Vermögen und Finanzen;;StAK-Stein-2028
StaAKr-0734;1533 XI 12;1533_11_12;nein;1533;Krems;nein;1533 XI 12 2 sektische Buchführer sollen mit Ruten gepeitscht werden.;;;nein;Rechtswesen|Religion;;StaAKr-0734
StaAKr-0735;1533 XII 9;1533_12_09;nein;1533;Wien;nein;1533 XII 9 Bewilligung einer neuen Ratswahl.;;;nein;Politik;;StaAKr-0735
StaAKr-0735a;1534 II 6;1534_02_06;nein;1534;Rosenheim|Krems;nein;1534 II 6 Erbschaftssache: Caspar Hurfschmid, Bürger zu Rosenheim, Wolfgang Schwaizer aus der Schwaiz, Dorothea, Wolfgang Käuners Witwe zu Krems.;Caspar Hurfschmid|Wolfgang Schwaizer|Dorothea Käuner|Wolfgang Käuner;caspar_hurfschmid|wolfgang_schwaizer|dorothea_kaeuner|wolfgang_kaeuner;nein;Bevölkerung und Bevölkerungsgruppen|Rechtswesen|Vermögen und Finanzen;;StaAKr-0735a
StaAKr-0735b;1534 IV 2;1534_04_02;nein;1534;Karlstadt;ja;"1534 IV 2 Erbschaftssache: Hanns Hoefer im Dorf Karlburg, Bistum Würzburg; Hanns Losthart zu Krems.";Hanns Hoefer|Hanns Losthart;hanns_hoefer|hanns_losthart;nein;Rechtswesen|Vermögen und Finanzen;"Ortsidentifikation unsicher: vermutlich Karlstadt (Regest nennt ""Karlburg"")";StaAKr-0735b
StaAKr-0736;1534 IX 30;1534_09_30;nein;1534;Krems;nein;1534 IX 30 Kaufbrief. Wolfgang Steyricker, Bürger zu Krems und Katharina, seine Hausfrau vekaufen die Brandstätte neben dem Brunnen am St. Veits - Friedhof.;Wolfgang Steyricker|Katharina Steyricker;wolfgang_steyrecker|katharina_steyricker;nein;Stadt und Raum|Vermögen und Finanzen;;StaAKr-0736
StaAKr-0737;1534 XII 22;1534_12_22;nein;1534;Wien;nein;1534 XII 22 Bestätigung der neuen Ratswahl. Wolfgang Karlinger, Pfleger zu Stein, Heinrich Recken, Mautner.;Wolfgang Karlinger|Heinrich Recken;wolfgang_karlinger|heinrich_reck;nein;Politik|Verwaltung;;StaAKr-0737
StaAKr-0738;1534 XII 29;1534_12_29;nein;1534;Wien;nein;1534 XII 29 Bestätigung der neuen Ratswahl für das Jahr 1535.;;;nein;Politik|Verwaltung;;StaAKr-0738
StaAKr-0738a;1535 II 27;1535_02_27;nein;1535;Lechtenbach;ja;1535 II 27 Erbschaftssache: Georg von Musling und Johann Zerrer, Hanns Grapler zu Lechtenpach, Hannsen Kraußpecken, Bürger zu Krems.;Georg von Musling|Johann Zerrer|Hanns Grapler|Hannsen Kraußpecken;georg_von_musling|johann_zerrer|hanns_grapler|hannsen_krausspecken;nein;Rechtswesen|Vermögen und Finanzen;"Ortsidentifikation unsicher: vermutlich Lechtenbach (Regest nennt ""Lechtenpach"")";StaAKr-0738a
StaAKr-0738b;1535 VII 12;1535_07_12;nein;1535;Krems;nein;1535 VII 12 Erbschaftssache: Thomas Ratgeb, Leopold Drescher, Hanns Thuetl, alles Bürger beider Städte, Georg Schreckler Mitbürger daselbst, Hanns und Hermann Schneider, Bürger zu Krems.;Thomas Ratgeb|Leopold Drescher|Hanns Thuetl|Georg Schreckler|Hanns Schneider|Hermann Schneider;thomas_ratgeb|leopold_drescher|hanns_thuetl|georg_schreckler|hanns_schneider|hermann_schneider;nein;Bevölkerung und Bevölkerungsgruppen|Rechtswesen|Vermögen und Finanzen;;StaAKr-0738b
StaAKr-0739;1536 I 17;1536_01_17;nein;1536;Langenlois;nein;1536 I 17 Auftrag, den neuen Rat von Langenlois in Eid und Pflicht zu nehmen.;;;nein;Politik|Verwaltung;;StaAKr-0739
StaAKr-0740;1536 VI 10;1536_06_10;nein;1536;Persenbeug;nein;1536 VI 10 Wilhelm Freiherr von Roggendorf will zu Persenbeug eine Brücke über die Donau schlagen, worüber von beiden Städten Bericht abgefordert wurde.;Wilhelm Freiherr von Roggendorf;wilhelm_freiherr_von_roggendorf;nein;Stadt und Raum|Verwaltung;;StaAKr-0740
StaAKr-0740a;1536 VI 23;1536_06_23;nein;1536;Krems|Hofarnsdorf;ja;1536 VI 23 Erbschaftssache: Blasi Holzwart, Bürger zu Babrunhausen als Anwalt statt Hannsen Nuber und Thomas Siwartz und dem Freiherr von Hohen- Arnsbruck zu Babrunhausen und Brandenbug und Hannsen Kreitmair, Bürger zu Krems.;Blasi Holzwart|Hannsen Nuber|Thomas Siwartz|Hannsen Kreitmair;blasi_holzwart|hannsen_nuber|thomas_siwartz|hannsen_kreitmair;nein;Rechtswesen|Vermögen und Finanzen;Ortsidentifikation unsicher: Hofarnsdorf (nicht eindeutig aus dem Regest-Text ableitbar);StaAKr-0740a
StaAKr-0741;1536 VII 29;1536_07_29;nein;1536;Wien;nein;1536 VII 29 Ausschreibung eines Landtages wegen des Türken- Einfalles.;;;nein;Politik|Verwaltung;;StaAKr-0741
StaAKr-0742;1536 IX 13;1536_09_13;nein;1536;Langenlois;nein;1536 IX 13 Befehl, einige Mordbrenner von Langenlois in das hiesige Landgericht zu übernehmen.;;;nein;Rechtswesen|Verwaltung;;StaAKr-0742
StaAKr-0743;1536 X 19;1536_10_19;nein;1536;Krems;nein;1536 X 19 Ferdinand befiehlt, den Prozeß gegen einige Mordbrenner aus Langenlois bald zu beendigen.;Ferdinand I.;ferdinand_i;nein;Rechtswesen|Verwaltung;;StaAKr-0743
StaAKr-0744;1536 XI 27;1536_11_27;nein;1536;Wien;nein;1536 XI 27 Ferdinand befiehlt, daß beide Städte sich über die angesprochene Mautfreiheit mit den Privilegien ausweisen.;Ferdinand I.;ferdinand_i;nein;Politik|Rechtswesen|Verwaltung|Wirtschaft;;StaAKr-0744
StaAKr-0745;1536 XII 4;1536_12_04;nein;1536;Wien;nein;1536 XII 4 Bewilligung zu einer neuen Ratswahl.;;;nein;Politik|Verwaltung;;StaAKr-0745
StaAKr-0746;1536 XII 22;1536_12_22;nein;1536;Wien;nein;1536 XII 22 Bestätigung der neuen Ratswahl.;;;nein;Politik;;StaAKr-0746
StAK-Stein-2029;1537 I 9;1537_01_09;nein;1537;Stein;nein;"Die Brüder Christoph und Hans von Kharling verkaufen ihre ""pranntstat"" in Stein an Bürgermeister und Rat der Stadt.";Christoph von Kharling|Hans von Kharling;christoph_von_kharling|hans_von_kharling;nein;Stadt und Raum|Vermögen und Finanzen;;StAK-Stein-2029
StaAKr-0747;1537 V 19;1537_05_19;nein;1537;Wien;nein;1537 V 19 Die landesfürstliche Kammer bedeutet beiden Städten, daß sie die Maut bezahlen müssen, wenn sie nicht das Privilegium vorzeigen.;;;nein;Vermögen und Finanzen|Verwaltung|Wirtschaft;;StaAKr-0747
StaAKr-0774a;1537 IX 14;1537_09_14;nein;1537;Krems;nein;1537 IX 14 Erbschaftssache: Matheus Eschey, Bürger zu Krems, Wolfgangen Wittiber, Bürger zu Krems.;Matheus Eschey|Wolfgangen Wittiber;matheus_eschey|wolfgang_wittiber;nein;Bevölkerung und Bevölkerungsgruppen|Rechtswesen|Vermögen und Finanzen;;StaAKr-0774a
StaAKr-0748;1537 X 18;1537_10_18;nein;1537;Wien;nein;1537 X 18 Ferdinand fordert von beiden Städten 400 fl. Kriegssteuer.;Ferdinand I.;ferdinand_i;nein;Politik|Vermögen und Finanzen;;StaAKr-0748
StaAKr-0749;1537 XII 12;1537_12_12;nein;1537;Wien;nein;1537 XII 12 Bewilligung einer neuen Ratswahl.;;;nein;Politik|Verwaltung;;StaAKr-0749
StaAKr-0750;1537 XII 29;1537_12_29;nein;1537;Wien;nein;1537 XII 29 Bestätigung der neuen Ratswahl.;;;nein;Politik;;StaAKr-0750
StaAKr-0751;1538;1538_00_00;ja;1538;Krems;nein;1538 Gegenvorstellung des Schlüselamtmannes gegen die von den Bürgern angesprochene Mautfreiheit.;;;nein;Rechtswesen|Wirtschaft;Datierung unsicher: Nur Jahresangabe im Quellentext überliefert, kein exaktes Tages-/Monatsdatum.;StaAKr-0751
StaAKr-0752;1538 I 8;1538_01_08;nein;1538;Langenlois;nein;1538 I 8 Auftrag, den neu gewählten Rat von Langenlois in Eid und Pflicht zu nehmen.;;;nein;Politik|Verwaltung;;StaAKr-0752
StaAKr-0753;1538 III 14;1538_03_14;nein;1538;Wien;nein;1538 III 14 Befehl, die Bestätigun der Privilegien einzuschicken.;;;nein;Politik|Verwaltung;;StaAKr-0753
StaAKr-0754;1538 V 24;1538_05_24;nein;1538;Langenlois;nein;1538 V 24 Moritz Kaiser von Langenlois wird verdächtigt, einen Landsknecht entleibt zu haben und wird auf einen Rechtstag vorgeladen.;Moritz Kaiser;moritz_kaiser;nein;Rechtswesen;;StaAKr-0754
StaAKr-0755;1538 VI 1;1538_06_01;nein;1538;Krems;nein;1538 VI 1 Befehl zur Revision eines Urteiles des Stadtrichters. Heinrich Reck, Mautner zu Stein, Maximilian Wimberger, Bürger zu Krems, Hanns Burkhart.;Heinrich Reck|Maximilian Wimberger|Hanns Burkhart;heinrich_reck|maximilian_wimberger|hanns_burkhart;nein;Rechtswesen;;StaAKr-0755
StaAKr-0756;1538 VII 5;1538_07_05;nein;1538;Wien;nein;1538 VII 5 Ferdinand befiehlt bei einer Strafe von 500 Goldgulden, die Warenmaut zu bezahlen oder das Privilegium vorzuzeigen.;Ferdinand I.;ferdinand_i;nein;Rechtswesen|Vermögen und Finanzen|Wirtschaft;;StaAKr-0756
StaAKr-0757;1538 VII 25;1538_07_25;nein;1538;Krems;nein;1538 VII 25 Kaufbrief. Wolfgang Steyrecker, Bürger zu Krems kauft eine Brandstatt neben dem Brunnen auf dem St.Veits - Friedhof.;Wolfgang Steyrecker;wolfgang_steyrecker;nein;Religion|Stadt und Raum|Vermögen und Finanzen;;StaAKr-0757
StaAKr-0758;1538 VIII 12;1538_08_12;nein;1538;Krems;nein;1538 VIII 12 Pfarrer Andreas Römer klagt bei der Regierung, daß der Magistrat ihn an der Ausübung seines Widengerichtes hindere.;Andreas Römer;andreas_roemer;nein;Rechtswesen|Religion;;StaAKr-0758
StaAKr-0759;1538 IX 14;1538_09_14;nein;1538;Zlatá Koruna;ja;1538 IX 14 Beschwerde des Klosters Goldenkron, daß der Magisrat von jedem Eimer Wein 3 Pfennig Maut fordert.;;;nein;Religion|Vermögen und Finanzen|Wirtschaft;Ortsidentifikation unsicher: Zlatá Koruna (nicht eindeutig aus dem Regest-Text ableitbar);StaAKr-0759
StaAKr-0760;1538 X 13;1538_10_13;nein;1538;Zlatá Koruna;ja;1538 X 13 Das Kloster Goldenkron behauptet, steuerfrei zu sein.;;;nein;Religion|Vermögen und Finanzen;Ortsidentifikation unsicher: Zlatá Koruna (nicht eindeutig aus dem Regest-Text ableitbar);StaAKr-0760
StaAKr-0761;1538 XI 2;1538_11_02;nein;1538;Langenlois;nein;1538 XI 2 Der Marktrichter von Langenlois zeigt an, daß einige Personen dort verhaftet worden sind.;;;nein;Rechtswesen|Verwaltung;;StaAKr-0761
StaAKr-0762;1538 XI 9;1538_11_09;nein;1538;Langenlois;nein;1538 XI 9 Wolfgang Perk, Richter von Langenlois berichtet dem hiesigen Stadtrichter Sigmund Perner in einer Prozeßsache.;Wolfgang Perk|Sigmund Perner;wolfgang_perk|sigmund_perner;nein;Rechtswesen;;StaAKr-0762
StaAKr-0763;1538 XI 29;1538_11_29;nein;1538;Krems;nein;1538 XI 29 Ferdiand befiehlt, die auf der Donau herabziehenden Wiedertäufer anzuhalten.;Ferdiand I.;ferdinand_i;nein;Bevölkerung und Bevölkerungsgruppen|Rechtswesen|Religion;;StaAKr-0763
StaAKr-0764;1538 XII 1;1538_12_01;nein;1538;Krems;nein;1538 XII 1 Ferdinand ersucht den Magistrat, seinem früheren Hartschier und jetzigen Mautbeschauer Heinrich Sibold ein bürgerliches Gewerbe treiben zu lassen.;Ferdinand I.|Heinrich Sibold;ferdinand_i|heinrich_sibold;nein;Bevölkerung und Bevölkerungsgruppen|Verwaltung|Wirtschaft;;StaAKr-0764
StaAKr-0765;1538 XII 8;1538_12_08;nein;1538;Wien;nein;1538 XII 8 Bewilligung einer neuen Ratswahl für beide Städte.;;;nein;Politik|Verwaltung;;StaAKr-0765
StaAKr-0766;1538 XII 23;1538_12_23;nein;1538;Wien;nein;1538 XII 23 Ferdinand bestätigt die Wahl, ordnet jedoch an, daß statt Benedict Hallmer und Benedikt Rauftl zwei andere Ratsherrn bestellt werden.;Ferdinand I.|Benedict Hallmer|Benedikt Rauftl;ferdinand_i|benedict_hallmer|benedikt_rauftl;nein;Politik|Verwaltung;;StaAKr-0766
StaAKr-0767;1539;1539_00_00;ja;1539;Dürnstein;nein;"1539 5 Kauf- und Geschäftsbriefe. Hanns Ernhofer, Tuchmacher, Bürger zu Tatschitz; Leopold Wurtzpacher, Bürger zu Krems; Thomas Nesslbeck, Stadtschreiber; Hanns Georg Prukstaller zu Dürnstein; Caspar Richter, Fleischhacker.";Hanns Ernhofer|Leopold Wurtzpacher|Thomas Nesslbeck|Hanns Georg Prukstaller|Caspar Richter;hanns_ernhofer|leopold_wurtzpacher|thomas_nesslbeck|hanns_georg_prukstaller|caspar_richter;nein;Vermögen und Finanzen|Wirtschaft;Datierung unsicher: Nur Jahresangabe im Quellentext überliefert, kein exaktes Tages-/Monatsdatum.;StaAKr-0767
StaAKr-0768;1539 I 4;1539_01_04;nein;1539;Wien;nein;1539 I 4 Ferdinand übersendet eine Eingabe des Stadtrichters Hans Ernst und fordert Bericht darüber.;Ferdinand I.|Hans Ernst;ferdinand_i|hans_ernst;nein;Politik|Verwaltung;;StaAKr-0768
StaAKr-0769;1539 I 18;1539_01_18;nein;1539;Langenlois;nein;1539 I 18 Befehl, den neu gewählten Rat von Langenlois in Eid und Pflicht zu nehmen.;;;nein;Politik|Verwaltung;;StaAKr-0769
StaAKr-0770;1539 I 24;1539_01_24;nein;1539;Wien;nein;1539 I 24 Ferdinand fordert Deputierte nach Wien wegen der Türkengefahr.;Ferdinand I.;ferdinand_i;nein;Politik|Verwaltung;;StaAKr-0770
StaAKr-0771;1539 II 6;1539_02_06;nein;1539;Krems;nein;1539 II 6 Erbschaftssache: Michel und Leopold Behaim, Thomas Behaim, Schmid, alle Bürger zu Krems.;Michel Behaim|Leopold Behaim|Thomas Behaim;michel_behaim|leopold_behaim|thomas_behaim;nein;Bevölkerung und Bevölkerungsgruppen|Rechtswesen|Vermögen und Finanzen;;StaAKr-0771
StaAKr-0772;1539 II 14;1539_02_14;nein;1539;Sankt Pölten;nein;"1539 II 14 Erbschaftssache: Hanns Hermann, Schneider und Bürger zu Krems und Magdalena, seine Hausfrau; Jakob Kaiser, Seiler und Bürger von St. Pölten; Hannsen Teisendorfer; Bürger zu Krems.";Hanns Hermann|Magdalena Hermann|Jakob Kaiser|Hannsen Teisendorfer;hanns_hermann|magdalena_hermann|jakob_kaiser|hannsen_teisendorfer;nein;Bevölkerung und Bevölkerungsgruppen|Rechtswesen|Vermögen und Finanzen;;StaAKr-0772
StaAKr-0773;1539 VI 21;1539_06_21;nein;1539;Krems;nein;1539 VI 21 Eine dem Spital - Beneficium gehörige Brandstätte wird verkauft. Andreas Römer, Hofkaplan und Pfarrherr von Krems.;Andreas Römer;andreas_roemer;nein;Religion|Soziales Leben|Stadt und Raum|Vermögen und Finanzen;;StaAKr-0773
StaAKr-0774;1539 VII 2;1539_07_02;nein;1539;Rossatz;nein;1539 VII 2 Erbschaftssache: Michel Ackerl zu Rossatz als Gewaltträger statt Katharina, seiner Hausfrau. Hanns Ratenberger, Bürger zu Krems, Jacob Vischer, Bürger daselbst.;Michel Ackerl|Katharina Ackerl|Hanns Ratenberger|Jacob Vischer;michel_ackerl|katharina_ackerl|hanns_ratenberger|jacob_vischer;nein;Rechtswesen|Vermögen und Finanzen;;StaAKr-0774
StaAKr-0775;1539 VII 11;1539_07_11;nein;1539;Wien;nein;1539 VII 11 Ferdinand verweist den Streit wegen der Mautfreiheit auf dem Rechtsweg.;Ferdinand I.;ferdinand_i;nein;Rechtswesen|Wirtschaft;;StaAKr-0775
StaAKr-0776;1539 VIII 16;1539_08_16;nein;1539;Krems;nein;1539 VIII 16, Krems Kaufbrief über die Hellpadstube im Preis von 230 Pfund Pfen. Hans Schrank, Pader und Bürger zu Krems und Affra, seine Hausfrau. Joachim Zwettler und Ursula, seine Hausfrau. Hannsen Ernst, Richter beider Städte. Thomann Nesspock, Stadtschreiber.;Hans Schrank|Afra Schrank|Joachim Zwettler|Ursula Zwettler|Hannsen Ernst|Thomann Nesspock;hans_schrank|afra_schrank|joachim_zwettler|ursula_zwettler|hans_ernst|thomann_nesspock;nein;Vermögen und Finanzen|Wirtschaft;;StaAKr-0776
StaAKr-0777;1539 VIII 23;1539_08_23;nein;1539;Krems;nein;1539 VIII 23 Bitte um Erfolglassung der Bognerischen Verlassenschaft.;;;nein;Rechtswesen|Vermögen und Finanzen;;StaAKr-0777
StaAKr-0778;1539 IX 11;1539_09_11;nein;1539;;nein;noch kein Regest vorhanden;;;ja;;;StaAKr-0778
StaAKr-0779;1539 IX 21;1539_09_21;nein;1539;Grafenegg;nein;1539 IX 21 Die Herrschaft Grafenegg beschwert sich, daß die Weinhauer nicht wie sonst, drei Wochen vor Michael Weinbeeren gebracht haben.;;;nein;Rechtswesen|Wirtschaft;;StaAKr-0779
StaAKr-0780;1539 XI 29;1539_11_29;nein;1539;Wien;nein;1539 XI 29 Bewilligung einer neuen Ratswahl.;;;nein;Politik;;StaAKr-0780
StaAKr-0781;1539 XII 2;1539_12_02;nein;1539;Wien;nein;1539 XII 2 Wiederholter Befehl, die Wiedertäufer anzuhalten und zu bestrafen.;;;nein;Rechtswesen|Religion;;StaAKr-0781
StaAKr-0782;1539 XII 23;1539_12_23;nein;1539;Wien;nein;1539 XII 23 Bestätigung der neuen Ratswahl.;;;nein;Politik;;StaAKr-0782
StaAKr-0783;1540;1540_00_00;ja;1540;Krems;nein;1540 Bitte des Bürgers Paul Freyhamer um Enthebung vom Ratsamte.;Paul Frayhaimer;paul_frayhaimer;ja;Politik|Verwaltung;"Personenidentifikation unsicher: vermutlich Paul Frayhaimer (Regest nennt ""Paul"") | Datierung unsicher: Nur Jahresangabe im Quellentext überliefert, kein exaktes Tages-/Monatsdatum.";StaAKr-0783
StaAKr-0784;1540 I 2;1540_01_02;nein;1540;Wien;nein;1540 I 2 Die Regierung fordert Bericht, aus welchen Gründen jährlich eine neue Ratswahl vorgenommen wird.;;;nein;Politik|Verwaltung;;StaAKr-0784
StaAKr-0785;1540 I 12;1540_01_12;nein;1540;Langenlois;nein;1540 I 12 Auftrag den neu gewählten Rat von Langenlois in Eid und Pflicht zu nehmen.;;;nein;Politik|Verwaltung;;StaAKr-0785
StaAKr-0786;1540 V 7;1540_05_07;nein;1540;Krems;nein;1540 V 7 Urteil in der Streitsache zwischen Matheus Eschey und der Stadt Stein. Thomas Nesslbeck, Stadtschreiber.;Matheus Eschey|Thomas Nesslbeck;matheus_eschey|thomas_nesslbeck;nein;Rechtswesen;;StaAKr-0786
StaAKr-0787;1540 V 24;1540_05_24;nein;1540;Krems;nein;1540 V 24 Abschied zwischen beiden Städten und dem Schlüsselamt hinsichtlich der Mautfreiheit.;;;nein;Politik|Rechtswesen|Verwaltung|Wirtschaft;;StaAKr-0787
StaAKr-0788;1540 XII 3;1540_12_03;nein;1540;Wien;nein;1540 XII 3 Bewilligung einer neuen Ratswahl.;;;nein;Politik;;StaAKr-0788
StaAKr-0789;1540 XII 15;1540_12_15;nein;1540;Wien;nein;1540 XII 15 Landesfürstlicher Befehl wegen der Türkengefahr 300 Mann nach Wien zu schicken.;;;nein;Politik|Verwaltung;;StaAKr-0789
StaAKr-0790;1540 XII 15;1540_12_15;nein;1540;Wien;nein;"1540 XII 15 Ferdinand teilt die Erledigung der ""dingnuß"" im Prozeß zwischen Matheus Eschey und der Stadt Stein durch die n.ö. Regierung mit.";Ferdinand I.|Matheus Eschey;ferdinand_i|matheus_eschey;nein;Rechtswesen|Verwaltung;;StaAKr-0790
StaAKr-0791;1542 VI 23;1542_06_23;nein;1542;Wien|Geras;nein;1542 VI 23, Wien König Ferdinand I. gibt dem Abt Erhart sowie dem Kloster Geras das Recht, die Geburts- und Lehrbriefe der Handwerker in Geras zu besiegeln.;Ferdinand I.|Erhart;ferdinand_i|erhart_1542;nein;Rechtswesen|Wirtschaft;;StaAKr-0791
StaAKr-0792;1542 XI 15;1542_11_15;nein;1542;Markt Ascha;nein;1542 XI 15 Erbschaftssache: Stephan Lackenpauer von Markt Ascha, Sigmund Lackenpaur, Bürger zu Krems und Martha, seine Hausfrau, Thomas Nesslbrecht, derzeit Schreiber der Stadt.;Stephan Lackenpauer|Sigmund Lackenpaur|Martha Lackenpaur|Thomas Nesslbrecht;stephan_lackenpauer|sigmund_lackenpaur|martha_lackenpaur|thomas_nesslbeck;nein;Rechtswesen|Vermögen und Finanzen;;StaAKr-0792
StAK_15451103_900_reg;1545 XI 3;1545_11_03;nein;1545;Krems|Linz|Droß|Limberg, Maissau;nein;1545 XI 3, Krems Martin Pandorfer, Bürger zu Linz bekennt, daß er dem Heidelberger von Droß 1 Joch Weingarten am Limberg und andere Weingärten verkauft.;Martin Pandorfer|Heidelberger von Droß;martin_pandorfer|heidelberger_von_dross;nein;Vermögen und Finanzen|Wirtschaft;;StAK_15451103_900_reg
StaAKr-0793;1546 II 4;1546_02_04;nein;1546;Wien;nein;1546 II 4 König Ferdinand I. gewährt der Stadt Krems bis auf Widerruf Zollfreiheit.;Ferdinand I.;ferdinand_i;nein;Vermögen und Finanzen|Wirtschaft;;StaAKr-0793
StaAKr-0794;1546 II 6;1546_02_06;nein;1546;Wien;nein;1546 II 6 Revers beider Städte über das Privilegium der Zollbefreiung.;;;nein;Politik|Vermögen und Finanzen|Wirtschaft;;StaAKr-0794
StaAKr-0795;1546 XII 10;1546_12_10;nein;1546;Klosterneuburg;nein;1546 XII 10 Kaufbrief, ein Haus in der oberen Landstraße betreffend. Gallon Lanndsler, Richter beider Städte. Wolfgangen, Probst zu Klosterneuburg. Georg Klaussinger, Bürger zu Krems. Leopold Krisser, Bürger allhier.;Gallon Lanndsler|Wolfgangen|Georg Klaussinger|Leopold Krisser;gallon_lanndsler|wolfgangen_1546|georg_klaussinger|leopold_krisser;nein;Stadt und Raum|Vermögen und Finanzen;;StaAKr-0795
StaAKr-0796;1547 III 29;1547_03_29;nein;1547;Spitz an der Donau;nein;1547 III 29 Erbschaftssache: Augustin Maurer, Bürger zu Spitz, Pangrazen Raiger, Schlüsselamtmann zu Krems, Anna, Jacoben Vischers Witwe.;Augustin Maurer|Pangrazen Raiger|Anna Vischer|Jacoben Vischer;augustin_maurer|pangratzius_raiger|anna_vischer|jacob_vischer;nein;Rechtswesen|Vermögen und Finanzen;;StaAKr-0796
StaAKr-0798;1547 IX 24;1547_09_24;nein;1547;Krems;nein;1547 IX 24 Erbschaftssache: Philipp Schwartzer, Bürger zu Stein und Barbara, seine Hausfrau. Niklas Schlesinger und seine Hausfrau. Sigesmund Zeller. Benedict, Halbmer des Rates und Paulus Hemberger, Goldschmied, beide Bürger zu Stein.;Philipp Schwartzer|Barbara Schwartzer|Niklas Schlesinger|Sigesmund Zeller|Benedict|Paulus Hemberger;philipp_schwartzer|barbara_schwartzer|niklas_schlesinger|sigesmund_zeller|benedict_1547|paulus_hemberger;nein;Bevölkerung und Bevölkerungsgruppen|Rechtswesen|Vermögen und Finanzen;;StaAKr-0798
StaAKr-0797;1547 X 22;1547_10_22;nein;1547;Schönberg am Kamp;nein;1547 X 22 Erbschaftssache: Bernhart Schneider, Bürger zu Schönberg, Andreas Paur zu Öd. Caspar Wagner, Jakoben von Puchberg, Thoman Weinperger, Bürger zu Krems, Hannsen Sumperler, Bürger zu Krems.;Bernhart Schneider|Andreas Paur|Caspar Wagner|Jakoben von Puchberg|Thoman Weinperger|Hannsen Sumperler;bernhart_schneider|andreas_paur|caspar_wagner|jakoben_von_puchberg|thoman_weinperger|hannsen_sumperler;nein;Rechtswesen|Vermögen und Finanzen;;StaAKr-0797
StaAKr-0801;1548 II 15;1548_02_15;nein;1548;Krems;nein;1548 II 15 Erbschaftssache: Hanns Freisinger, Christophen Hirsinger und Quirin Ninasch, beide Bürger zu Stein, Pangrazius Raigen, Schlüsselamtmann zu Krems.;Hanns Freisinger|Christophen Hirsinger|Quirin Ninasch|Pangratzius Raiger;hanns_freisinger|christophen_hirsinger|quirin_ninasch|pangratzius_raiger;ja;Rechtswesen|Vermögen und Finanzen;"Personenidentifikation unsicher: vermutlich Pangratzius Raiger (Regest nennt ""Pangrazius"")";StaAKr-0801
StaAKr-0799;1548 III 27;1548_03_27;nein;1548;;nein;1548 III 27 Erbschaftssache: Wolffgang Wernner, Hurter und Bürger zu Nidern Vierbach, Hannsen Drescher, Hannsen Pruckmaier, Kupferschmid, Stephan Pranntner, alle Bürger zu Krems.;Wolffgang Wernner|Hannsen Drescher|Hannsen Pruckmaier|Stephan Pranntner;wolffgang_wernner|hannsen_drescher|hannsen_pruckmaier|stephan_pranntner;nein;Rechtswesen|Vermögen und Finanzen;;StaAKr-0799
StaAKr-0800;1548 V 1;1548_05_01;nein;1548;Saladorf;ja;1548 V 1 Erbschaftssache:Georg Kauffinger zu Salladorf. Hedwig, Paulus Kärlens Wittib. Stephan Gärber, Bürger zu Krems.;Georg Kauffinger|Hedwig Kärlen|Paulus Kärlen|Stephan Gärber;georg_kauffinger|hedwig_kaerlen|paulus_kaerlen|stephan_gaerber;nein;Rechtswesen|Vermögen und Finanzen;"Ortsidentifikation unsicher: vermutlich Saladorf (Regest nennt ""Salladorf"")";StaAKr-0800
StaAKr-0802;1549 II 27;1549_02_27;nein;1549;Wien;nein;1549 II 27 Erbschaftssache: Leopold Hüttendorfer, Bürger des äußeren Rates der Stadt Wien, Hannsen Knolln des inneren Rates Bürger. Wolfgang Wiesinger, Bürger zu Krems, Christoph Kurk, Bürger zu Krems. Kunigund Wisingerin, Hausfrau, Bürgerin zu Krems.;Leopold Hüttendorfer|Hannsen Knolln|Wolfgang Wiesinger|Christoph Kurk|Kunigund Wisinger;leopold_huettendorfer|hannsen_knolln|wolfgang_wisinger|christoph_kurk|kunigund_wisinger;nein;Bevölkerung und Bevölkerungsgruppen|Rechtswesen|Vermögen und Finanzen;;StaAKr-0802
StaAKr-0803;1549 III 1;1549_03_01;nein;1549;Dorfen;ja;1549 III 1 Erbschaftssache: Leonhard Schirmair von Dorffen, Hanns Pinnter von Dorffen, Pangratzius Raiger, Rat und Schlüsselamtmann zu Krems.;Leonhard Schirmair|Hanns Pinnter|Pangratzius Raiger;leonhard_schirmair|hanns_pinnter|pangratzius_raiger;nein;Rechtswesen|Vermögen und Finanzen;"Ortsidentifikation unsicher: vermutlich Dorfen (Regest nennt ""Dorffen"")";StaAKr-0803
StaAKr-0806;1549 III 8;1549_03_08;nein;1549;Krems;nein;1549 III 8 Erbschaftssache: Caspar Segmülner, gewesener Bürger zu Stein und Martha, seine Hausfrau. Gabriel Lamprechtshauser, Brückenmautner zu Stein.;Caspar Segmülner|Martha Segmülner|Gabriel Lamprechtshauser;caspar_segmuelner|martha_segmuelner|gabriel_lamprechtshauser;nein;Bevölkerung und Bevölkerungsgruppen|Rechtswesen|Vermögen und Finanzen;;StaAKr-0806
StaAKr-0804;1549 III 22;1549_03_22;nein;1549;Kottes;nein;1549 III 22, Krems Erbschaftssache: Pangratz Wenger, Pfarrer zu Kottes. Caspar Haberrain, Bürger zu Krems, Hannsen Maier.;Pangratz Wenger|Caspar Haberrain|Hannsen Maier;pangratz_wenger|caspar_haberrain|hannsen_maier;nein;Rechtswesen|Vermögen und Finanzen;;StaAKr-0804
StaAKr-0805;1549 III 22;1549_03_22;nein;1549;Waidhofen an der Ybbs;nein;1549 III 22, Krems Erbschaftssache: Benedict Hallmer, Bürger zu Stein. Georg Halmmer, Bürger zu Waidhofen a. d. Ybbs. Gabriel Lamprechtshauser, Brückenmautner zu Stein.;Benedict Hallmer|Georg Halmmer|Gabriel Lamprechtshauser;benedict_hallmer|georg_halmmer|gabriel_lamprechtshauser;nein;Bevölkerung und Bevölkerungsgruppen|Rechtswesen|Vermögen und Finanzen;;StaAKr-0805
StaAKr-0807;1549 IV 17;1549_04_17;nein;1549;Krems;nein;1549 IV 17 Erbschaftssache: Ulrich Edlinger, Bürger zu Krems und Magdalena, seine Hausfrau. Philip Kutler, Bürger zu Krems. Stephan Huber, Bürger zu Krems. Raiger, Schlüsselamtmann zu Krems.;Ulrich Edlinger|Magdalena Edlinger|Philip Kutler|Stephan Huber|Pangratzius Raiger;ulrich_edlinger|magdalena_edlinger|philip_kutler|stephan_huber|pangratzius_raiger;ja;Bevölkerung und Bevölkerungsgruppen|Rechtswesen|Vermögen und Finanzen;"Personenidentifikation unsicher: vermutlich Pangratzius Raiger (Regest nennt ""Raiger"")";StaAKr-0807
StaAKr-0808;1549 IV 26;1549_04_26;nein;1549;Krems;nein;1549 IV 26 Erbschaftssache: Georg Mayr, Zinngießer und Bürger zu Krems. Veit Rutscher, Zinngießer und Bürger zu Krems.Peter Mair, Bürger zu Krems. Hannsen Bündtner, Bürger zu Krems. Sigmund Blimscher, Bürger zu Krems.;Georg Mayr|Veit Rutscher|Peter Mair|Hannsen Bündtner|Sigmund Blimscher;georg_mayr|veit_rutscher|peter_mair|hannsen_buendtner|sigmund_blimscher;nein;Bevölkerung und Bevölkerungsgruppen|Rechtswesen|Vermögen und Finanzen|Wirtschaft;;StaAKr-0808
StaAKr-0809;1549 V 11;1549_05_11;nein;1549;Droß;nein;1549 V 11 Erbschaftssache: Valtin Vindinger zu Droß. Leopold Mulpacher, Schneider.;Valtin Vindinger|Leopold Mulpacher;valtin_vindinger|leopold_mulpacher;nein;Rechtswesen|Vermögen und Finanzen;;StaAKr-0809
StaAKr-0810;1549 VI 14;1549_06_14;nein;1549;Preinreichs|Zwettl|Neupölla;nein;1549 VI 14 Erbschaftssache: Hanns Vasthanng, Leonhart Vasthanng zu Preinreichs, Christoph und Hanns Krottendorfer, beide Bürger zu Zwettl, Sebastian Winkler, Bürger zu Neupölla, Pongracius Raiger, Schlüsselamtmann zu Krems.;Hanns Vasthanng|Leonhart Vasthanng|Christoph Krottendorfer|Hanns Krottendorfer|Sebastian Winkler|Pangratzius Raiger;hanns_vasthanng|leonhart_vasthanng|christoph_krottendorfer|hanns_krottendorfer|sebastian_winkler|pangratzius_raiger;ja;Bevölkerung und Bevölkerungsgruppen|Rechtswesen|Vermögen und Finanzen;"Personenidentifikation unsicher: vermutlich Pangratzius Raiger (Regest nennt ""Raiger"")";StaAKr-0810
StaAKr-0811;1549 VI 18;1549_06_18;nein;1549;Krems;nein;1549 VI 18 Erbschaftssache: Mathias Wisinger, Wolfgang Wisinger, gewesener Bürger von Krems. Sebastian Raisascher des Rates. Hansen Raten, Christophen Ruedlperger, Leopold Zaller, Sigmund Heinrich, alle Bürger von Krems und Stein. Pongratzius Raiger, Schlüsselamtmann.;Mathias Wisinger|Wolfgang Wisinger|Sebastian Raisascher|Hansen Raten|Christophen Ruedlperger|Leopold Zaller|Sigmund Heinrich|Pangratzius Raiger;mathias_wisinger|wolfgang_wisinger|sebastian_raisascher|hansen_raten|christophen_ruedlperger|leopold_zaller|sigmund_heinrich|pangratzius_raiger;ja;Bevölkerung und Bevölkerungsgruppen|Rechtswesen|Vermögen und Finanzen;"Personenidentifikation unsicher: vermutlich Pangratzius Raiger (Regest nennt ""Raiger"")";StaAKr-0811
StaAKr-0813;1549 VII 8;1549_07_08;nein;1549;Herzogenburg;nein;1549 VII 8 Erbschaftssache: Hanns Altenburger, Bürger zu Herzogenburg, Wolfgang Altenburger, Bürger zu Krems und Barbara, seine Hausfrau, Pongratzius Raiger, Schlüsselamtmann zu Krems.;Hanns Altenburger|Wolfgang Altenburger|Barbara Altenburger|Pangratzius Raiger;hanns_altenburger|wolfgang_altenburger|barbara_altenburger|pangratzius_raiger;ja;Bevölkerung und Bevölkerungsgruppen|Rechtswesen|Vermögen und Finanzen;"Personenidentifikation unsicher: vermutlich Pangratzius Raiger (Regest nennt ""Raiger"")";StaAKr-0813
StaAKr-0814;1549 VII 17;1549_07_17;nein;1549;Krems;nein;1549 VII 17 Erbschaftssache: Hanns Straßgurtl und Magdalena, seine Hausfrau. Pongratzius Raiger, Schlüsselamtmann zu Krems.;Hanns Straßgurtl|Magdalena Straßgurtl|Pangratzius Raiger;hanns_strassgurtl|magdalena_strassgurtl|pangratzius_raiger;ja;Bevölkerung und Bevölkerungsgruppen|Rechtswesen|Vermögen und Finanzen;"Personenidentifikation unsicher: vermutlich Pangratzius Raiger (Regest nennt ""Raiger"")";StaAKr-0814
StaAKr-0812;1549 VII 28;1549_07_28;nein;1549;Thallern;ja;1549 VII 28, Krems Erbschaftssache:  Wolf Krenn, Bürger zu Krems. Georgen Graßperger, gewesener Bürger zu Krems, Hans Graßperger zu Thalern.;Wolf Krenn|Georgen Graßperger|Hans Graßperger;wolf_krenn|georgen_grassperger|hans_grassperger;nein;Bevölkerung und Bevölkerungsgruppen|Rechtswesen|Vermögen und Finanzen;"Ortsidentifikation unsicher: vermutlich Thallern (Regest nennt ""Thalern"")";StaAKr-0812
StaAKr-0815;1549 X 30;1549_10_30;nein;1549;Krems;nein;1549 X 30 Erbschaftssache: Wolfgang Egger, Bürger zu Krems und Elisabeth seine Hausfrau. Benedict Toman, Sattler und Bürger zu Krems.;Wolfgang Egger|Elisabeth Egger|Benedict Toman;wolfgang_egger|elisabeth_egger|benedict_toman;nein;Bevölkerung und Bevölkerungsgruppen|Rechtswesen|Vermögen und Finanzen;;StaAKr-0815
StaAKr-0816;1549 XI 6;1549_11_06;nein;1549;Zwettl|Vießling;ja;1549 XI 6 Erbschaftssache: Jacob Gral. Helena und Elisabeth Schäcklin. Hannsen Schneeperger zu Visling. Stephan Eberl, Wolfgang Greilen, Vergolder zu Zwettl. Pongratzius Raiger, Schlüsselamtmann zu Krems.;Jacob Gral|Helena Schäcklin|Elisabeth Schäcklin|Hannsen Schneeperger|Stephan Eberl|Wolfgang Greilen|Pangratzius Raiger;jacob_gral|helena_schaecklin|elisabeth_schaecklin|hannsen_schneeperger|stephan_eberl|wolfgang_greilen|pangratzius_raiger;ja;Rechtswesen|Vermögen und Finanzen;"Ortsidentifikation unsicher: vermutlich Vießling (Regest nennt ""Visling"") | Personenidentifikation unsicher: vermutlich Pangratzius Raiger (Regest nennt ""Raiger"")";StaAKr-0816
StaAKr-0817;1549 XII 29;1549_12_29;nein;1549;Krems;nein;1549 XII 29 Erbschaftssache: Georg Stöckl, Bürger zu Krems und Katharina, seine Hausfrau. Ulrich Grusler, Bürger zu Krems. Jörgen Schirmer.;Georg Stöckl|Katharina Stöckl|Ulrich Grusler|Jörgen Schirmer;georg_stoeckl|katharina_stoeckl|ulrich_grusler|joergen_schirmer;nein;Rechtswesen|Vermögen und Finanzen;;StaAKr-0817
StaAKr-0818;1552 I 13;1552_01_13;nein;1552;Langenlois|Zöbing;nein;1552 I 13 Leibgedingebrief. 1 Joch Weingarten zu See auf der Wart betreffend. Ruprecht Schadauer, Bürger zu Langenlois und Katharina, seine Hausfrau. Georgius Mair, Beneficiat zu Krems. Kaspar Kornpaur, Ratsbürger zu Krems. Wolfgang Pallnperger zu Zöbing und Margarethe, seine Hausfrau.;Ruprecht Schadauer|Katharina Schadauer|Georgius Mair|Kaspar Kornpaur|Wolfgang Pallnperger|Margarethe Pallnperger;ruprecht_schadauer|katharina_schadauer|georgius_mair|kaspar_kornpaur|wolfgang_pallnperger|margarethe_pallnperger;nein;Vermögen und Finanzen|Wirtschaft;;StaAKr-0818
StaAKr-0819;1553 IV 17;1553_04_17;nein;1553;Passau|Absdorf;nein;1553 IV 17 Lehenbrief über den Absdorfer Zehent. Wolfgang, Bischof von Passau. Hansen, Ratsbürger zu Krems.;Bischof Wolfgang|Hansen;bischof_wolfgang|hansen_1553;nein;Religion|Vermögen und Finanzen|Wirtschaft;;StaAKr-0819
StaAKr-0820;1557 XII 26;1557_12_26;nein;1557;Garsten;nein;"1557 XII 26 Schreiben von Wolfgang, Abt vom Konvent ""Unser lieben Frauen Gotteshaus"" zu Garsten betreffend zwei Weingärten bei der Krems gelegen, einen Steinbruch und einen Garten.";Abt Wolfgang;abt_wolfgang;nein;Religion|Vermögen und Finanzen|Wirtschaft;;StaAKr-0820
StAK_15580819_906_reg;1558 VIII 19;1558_08_19;nein;1558;Wien;nein;1558 VIII 19, Wien Kaiser Ferdinand bestätigt der Stadt Krems verschiedene Privilegien;Ferdinand I.;ferdinand_i;nein;Politik|Rechtswesen;;StAK_15580819_906_reg
StaAKr-0878;1563 VIII 17;1563_08_17;nein;1563;Wien;nein;1563 VIII 17, Wien Wappenbrief des Michael Meier, verliehen von Kaiser Ferdinand.;Michael Meier|Ferdinand I.;michael_meier|ferdinand_i;nein;Bevölkerung und Bevölkerungsgruppen;;StaAKr-0878
StAK-Stein-2030;1565 II 1;1565_02_01;nein;1565;Stein;nein;Kaiser Maximilian II. bestätigt der Stadt Stein alle Privilegien, Rechte und Freiheiten, die der Stadt von den Landesfürsten verliehen wurden.;Maximilian II.;maximilian_ii;nein;Politik|Rechtswesen;;StAK-Stein-2030
StAK-Stein-2031;1565 XI 30;1565_11_30;nein;1565;Wien|Krems|Stein;nein;Laurenz Saurer und seine Hausfrau Ursula verkaufen ihr Haus in der Schauflergasse in Wien an Bürgermeister Richter und Rat von Krems und Stein.;Laurenz Saurer|Ursula Saurer;lorenz_saurer|ursula_saurer;nein;Vermögen und Finanzen;;StAK-Stein-2031
StaAKr-0879;1566 VII 29;1566_07_29;nein;1566;Krems;nein;1566 VII 29 Brief des Richters und Rates an Michael Rindsmaul betreff. die Lieferung der begehrten 8 Roß und 2 Wagen zu Kriegszwecken.;Michael Rindsmaul;michael_rindsmaul;nein;Politik|Verwaltung;;StaAKr-0879
StaAKr-0821;1567 VI 3;1567_06_03;nein;1567;Wien;nein;1567 VI 3 Patent Kaiser Maximilians II. gegen die Störer des Klampfnerhandwerkes.;Maximilian II.;maximilian_ii;nein;Rechtswesen|Wirtschaft;;StaAKr-0821
StaAKr-Hollenburg-0002;1568 III 17;1568_03_17;nein;1568;Hollenburg;nein;Ernst, Administrator des Stifts Freising, Pfalzgraf bei Rhein und Herzog in Ober- und Niederbayern, bestätigt (haben … bestätt und confirmirt, bestätten und confirmirn) Richter, Rat und Bürger des Markts sowie der anderen Dörfer, die zur Freisinger Herrschaft und Schloss Hollenburg gehören, auf deren Bitte das Banntaiding (Panthäding oder Rechtbu?ech), das der direkte Amtsvorgänger (?u?ngster vorfar) des Ausstellers, Fürstbischof Moritz (Moricz) neu bestätigt (confirmirt und bestätt) hat, da es den Untertanen zum Vorteil ist, jedoch unter dem Vorbehalt, dass der Aussteller oder seine Nachfolger die darin enthaltenen Rechtsinhalte (gesacz unnd Ordnu?ng) beschneiden, ausweiten, ändern oder ganz oder teilweise aufheben (ze mindern, ze mern, ze ändern, gar oder ains thails abczethu?en) und andere Bestimmungen nach Erfordernissen (gelegenhait ?eder zeit) aufsetzen können. Er gebietet (gebietten … und wellen) allen gegenwärtigen und künftigen Pflegern, Richtern und Amtleuten im Markt Hollenburg, dass die Empfänger im Gebrauch des Banntaidings geschützt werden und ohne Schaden bleiben.;Ernst|Moritz;ernst_von_bayern_1554|moritz_fuerstbischof_von_freising;nein;Rechtswesen|Verwaltung;;StaAKr-Hollenburg-0002
StaAKr-0822;1568 V 1;1568_05_01;nein;1568;Wien;nein;1568 V 1 Kaiser Maximilian befiehlt, die Beneficien dem Pfarrer abzutreten oder ihm jährlich 300 Taler zu zahlen.;Maximilian II.;maximilian_ii;nein;Religion|Vermögen und Finanzen;;StaAKr-0822
StaAKr-0823;1570 X 10;1570_10_10;nein;1570;Wien;nein;1570 X 10 Primo Preces Kaiser Maximilians II. für einen hiesigen Beneficiaten.;Maximilian II.;maximilian_ii;nein;Religion;;StaAKr-0823
StaAKr-0824;1572 XII 23;1572_12_23;nein;1572;Wien;nein;1572 XII 23 Patent Kaiser Maximilians II. über den Salzhandel.;Maximilian II.;maximilian_ii;nein;Verwaltung|Wirtschaft;;StaAKr-0824
StaAKr-0825;1573 VI 2;1573_06_02;nein;1573;Passau|Statzendorf;nein;1573 VI 2 Lehenbrief über den Zehent zu Statzendorf an die Priesterbruderschaft. Bischof Urban zu Passau.;Bischof Urban;bischof_urban;nein;Religion|Vermögen und Finanzen|Wirtschaft;;StaAKr-0825
StaAKr-0825a;1573 VI 5;1573_06_05;nein;1573;Wien;nein;1573 VI 5 Obligationsbrief Maximilians II. über 12500 fl.;Maximilian II.;maximilian_ii;nein;Vermögen und Finanzen;;StaAKr-0825a
StAK-Stein-2032;1577 I 1;1577_01_01;nein;1577;Wien|Stein;nein;Der Guardian der Minoriten zu Wien, Hieronymus verkauft das Minoritenkloster von Stein an die Stadt Stein um 2400 fl mit der ausdrücklichen Bestimmung des Wiederkaufs.;Hieronymus;hieronymus_guardian_der_minoriten_wien;nein;Religion|Vermögen und Finanzen;;StAK-Stein-2032
StAK-Stein-2033;1577 II 27;1577_02_27;nein;1577;Wien|Stein;nein;Kaiser Rudolf II. bestätigt den Kaufbrief zwischen den Minoriten in Wien und der Stadt Stein vom 1. Jänner 1577, Wien über das Minoritenkloster in Stein.;Rudolf II.;rudolf_ii;nein;Politik|Religion|Vermögen und Finanzen;;StAK-Stein-2033
StAK-Stein-2034;1577 IV 22;1577_04_22;nein;1577;Stein|Korneuburg;nein;"Kaiser Rudolf II. schlichtet den Streit zwischen den Städten Stein und Korneuburg wegen ""der Traitausschüttung und des Ladstatgelts"".";Rudolf II.;rudolf_ii;nein;Rechtswesen|Wirtschaft;;StAK-Stein-2034
StAK-Stein-2035;1580 IV 20;1580_04_20;nein;1580;Stein|Melk;nein;Abt Urban, Prior Sixtus und der Konvent von Melk bauen ihr Freihaus in Stein um und vepflichten sich gegenüber der Stadt, die Fenster durch die Stadtmauer zu vergittern und mit dem Haus eine Brustwehr zu belassen.;Urban|Sixtus;urban_abt_von_melk|sixtus_prior_von_melk;nein;Religion|Stadt und Raum|Vermögen und Finanzen;;StAK-Stein-2035
StAK_15800522_907_reg;1580 V 22;1580_05_22;nein;1580;Krems;nein;1580 V 22 Krems Meister und Gesellenordnung der Kürschner;;;nein;Rechtswesen|Wirtschaft;;StAK_15800522_907_reg
StAK-Stein-2036;1580 IX 30;1580_09_30;nein;1580;Krems|Stein;nein;Bürgermeister, Richter und Rat der Städte Krems und Stein erlassen für die Fuhrleute, Faßzieher und Aufleger eine Ordnung.;;;nein;Verwaltung|Wirtschaft;;StAK-Stein-2036
StaAKr-0827;1585 II 23;1585_02_23;nein;1585;Wien;nein;1585 II 23 Kaiser Rudolf II. fordert Bericht über die Klage der Stadt Stein contra Krems, betreffend die Marktordnung.;Rudolf II.;rudolf_ii;nein;Rechtswesen|Verwaltung|Wirtschaft;;StaAKr-0827
StaAKr-0826;1585 VIII 18;1585_08_18;nein;1585;Krems;nein;1585 VIII 18 Vergleich zwischen dem Passauer Offizial Klesel und dem Magistrat wegen der Beneficien und Kirchenbeleuchtung.;Offizial Klesel;offizial_klesel;nein;Rechtswesen|Religion;;StaAKr-0826
StaAKr-0828;1589 XI 24;1589_11_24;nein;1589;Osterhofen;nein;1589 XI 24 Kaufbrief über die Mühle des Klosters Osterhofen.;;;nein;Religion|Vermögen und Finanzen|Wirtschaft;;StaAKr-0828
StaAKr-0829;1596 VII 5;1596_07_05;nein;1596;Weißenkirchen in der Wachau|Els;nein;1596 VII 5, Weissenkirchen Geburtsbrief. Magister Antoni Ebhandl, Pfarrer und Minister zu Els über seinen Sohn Karl, ehelich gezeugt mit Margarethe, seiner Hausfrau.;Antoni Ebhandl|Karl Ebhandl|Margarethe Ebhandl;antoni_ebhandl|karl_ebhandl|margarethe_ebhandl;nein;Bevölkerung und Bevölkerungsgruppen|Religion;;StaAKr-0829
StaAKr-0831;1598 II 13;1598_02_13;nein;1598;Raitenhaslach;nein;1598 II 13 Maximilian, Pfalzgraf vom Rhein, gestattet den Verkauf zweier Häuser in Krems, die dem Stifte Reitenhaslach gehören.;Maximilian;maximilian_i_bayern;nein;Religion|Vermögen und Finanzen;;StaAKr-0831
StaAKr-0830;1598 XI 7;1598_11_07;nein;1598;Krems;nein;1598 XI 7 Kaufbrief über die Brückenmühle und den Stiglitzgarten außerhalb von Krems, vor dem Wienertor gelegen.;;;nein;Stadt und Raum|Vermögen und Finanzen|Wirtschaft;;StaAKr-0830
StaAKr-0832;1599 V 6;1599_05_06;nein;1599;Wien;nein;1599 V 6 Mathias, Erzherzog von Österreich befiehlt der Stadt Krems, einige Abgeordnete zu entsenden um den Streitfall mit den Minoriten wegen verschiedener Grundstücke zu klären.;Matthias I.;matthias_i;nein;Rechtswesen|Religion|Vermögen und Finanzen;;StaAKr-0832
StAK-Stein-2037;1600 XII 17;1600_12_17;nein;1600;Krems|Stein;nein;Erzherzog Matthias, läßt durch eine Kommision, bestehend aus Jacob Lambertum, Dechant zu Krems, Saurer von Saurburg und Hanns Bayr einen Streit zwischen dem Minoritenkloster in Stein und der Stadt daselbst schlichten.;Matthias|Jacob Lambertum|Saurer von Saurburg|Hanns Bayr;matthias_i|jacob_lambertum|saurer_von_saurburg|hanns_bayr;nein;Rechtswesen|Religion|Verwaltung;;StAK-Stein-2037
StaAKr-0833;1601 XII 14;1601_12_14;nein;1601;Passau|Statzendorf;nein;1601 XII 14 Lehenbrief, den Zehent von Statzendorf betreffend.;;;nein;Rechtswesen|Vermögen und Finanzen|Wirtschaft;;StaAKr-0833
StAK-Stein-2038;1605 II 11;1605_02_11;nein;1605;Krems|Stein;nein;"Kaiser Rudolf II. ergänzt die Bestimmungen der ""Eyßen Sazordnung"" für Stahl und Eisen, u.a. für die Eisenhändler zu Krems und Stein.";Rudolf II.;rudolf_ii;nein;Politik|Wirtschaft;;StAK-Stein-2038
StaAKr-0834;1606;1606_00_00;ja;1606;Wien|Trauttmansdorf;ja;1606 Drei Schreiben von Mathias an die Stadt Krems, diese leiht ihm 25.000 fl. zur Bezahlung der Trautmannsdorfischen Reiter.;Matthias I.;matthias_i;nein;Politik|Vermögen und Finanzen;"Ortsidentifikation unsicher: vermutlich Trauttmansdorf (Regest nennt ""Trautmannsdorfischen"") | Datierung unsicher: Nur Jahresangabe im Quellentext überliefert, kein exaktes Tages-/Monatsdatum.";StaAKr-0834
StaAKr-0835;1610 III 9;1610_03_09;nein;1610;Krems;nein;1610 III 9 Tauschkontrakt zwischen der Stadt Krems und Georg Rettenberger, einige Äcker und Weingärten betreffend.;Georg Rettenberger;georg_rettenberger;nein;Stadt und Raum|Vermögen und Finanzen|Wirtschaft;;StaAKr-0835
StaAKr-0836;1611 VIII 7;1611_08_07;nein;1611;Klosterneuburg;nein;1611 VIII 7 Leibgedingebrief, den Hof und das Grundbuch des Stiftes Klosterneuburg betreffend.;;;nein;Religion|Vermögen und Finanzen|Wirtschaft;;StaAKr-0836
StaAKr-0837;1622 X 19;1622_10_19;nein;1622;Wien;nein;1622 X 19 Bestätigung der Privilegien und Rechte durch Kaiser Ferdinand II.;Ferdinand II.;ferdinand_ii;nein;Politik;;StaAKr-0837
StAK-Stein-2040;1623 VI 24;1623_06_24;nein;1623;Stein|Krems|Steinakirchen am Forst|Wieselburg;nein;Richter und Rat der Stadt Stein bestätigen die Stiftung von 1000 fl für ein Jesuitenseminar in Krems durch Nikolaus Jonas, Pfarrer zu Steinakirchen und Wieselburg.;Nikolaus Jonas;nikolaus_jonas;nein;Bildung und Erziehung|Religion|Vermögen und Finanzen;;StAK-Stein-2040
StAK-Stein-2039;1623 VI 24;1623_06_24;nein;1623;Krems|Steinakirchen am Forst|Wieselburg;nein;Nicolaus Iagniortovius, Rector des Jesuitenkollegs in Krems bestätigt den Empfang von 1000 fl. rhein. Von Nikolaus Jonas, Pfarrer in Steinakirchen und Wieselburg.;Nicolaus Iagniortovius|Nikolaus Jonas;nicolaus_iagniortovius|nikolaus_jonas;nein;Bildung und Erziehung|Religion|Vermögen und Finanzen;;StAK-Stein-2039
StAK_162408_908_reg;1624 August;1624_08_00;ja;1624;Bad Gastein;nein;1624 August, Gastein(Salzburg) Geburtsbrief (Abschrift) der Georg Schenpergerischen 5 Kinder;Georg Schenperger;georg_schenperger;nein;Bevölkerung und Bevölkerungsgruppen;Datierung unsicher: Nur Jahr und Monat überliefert, kein exaktes Tagesdatum.;StAK_162408_908_reg
StAK-Stein-2042;1626 VII 25;1626_07_25;nein;1626;Krems|Passau|Stein;nein;Daniel Zeno, Domprobst zu Brixen, Dechant zu Krems, stiftet dem Hochstift Passau von einem Kapitel in der Höhe von 10 000 fl bei jährl. Zinsen von 500 fl, die bisher beim Magistrat Stein lagen.;Daniel Zeno;daniel_zeno;nein;Religion|Vermögen und Finanzen;;StAK-Stein-2042
StAK-Stein-2041;1626 VII 25;1626_07_25;nein;1626;Stein|Wien|Passau;nein;Bürgermeister und Rat der Stadt Stein verkaufen an den Passauer Offizial zu Wien, Karl Freiherrn von Krichperg, 10.000 fl. gegen einen jährl. Zins von 500 fl.;Karl von Krichperg;karl_von_krichperg;nein;Vermögen und Finanzen;;StAK-Stein-2041
StaAKr-0838;1627 IV 16;1627_04_16;nein;1627;Wien;nein;1627 IV 16 Kaiser Ferdinand fordert die Stadt auf, Waffen und Munition laut beiliegendem Verzeichnis dem Zeugwart in Wien zu übergeben.;Ferdinand II.;ferdinand_ii;nein;Politik|Verwaltung;;StaAKr-0838
StAK-Stein-2044;1627 VIII 20;1627_08_20;nein;1627;Stein|Wien|Brixen;nein;Daniel Zeno, Bischof zu Brixen, stiftet 10.000 fl. die bei der Stadt Stein angelegt sind, dem Jesuitennoviziat bei St. Anna in Wien.;Daniel Zeno;daniel_zeno;nein;Religion|Vermögen und Finanzen;;StAK-Stein-2044
StAK-Stein-2043;1628 IV 10;1628_04_10;nein;1628;Stein|Krems;nein;Kaiser Ferdinand III. ernennt Georg Dietz, Bürger zu Stein, zum Richter von Krems und Stein und verleiht ihm Acht und Bann.;Ferdinand III.|Georg Dietz;ferdinand_iii|georg_dietz;nein;Politik|Rechtswesen|Verwaltung;;StAK-Stein-2043
StAK-Stein-2045;1628 VII 21;1628_07_21;nein;1628;Stein|Wien;nein;Richter und Rat der Stadt Stein bestätigt den Empfang von 4000 fl durch die Jesuiten in Wien bei 240 fl jährl. Verzinsung.;;;nein;Religion|Vermögen und Finanzen;;StAK-Stein-2045
StAK-Stein-2046;1629 III 11;1629_03_11;nein;1629;Stein;nein;Privlieg Ferdinand II. für die Stadt Stein zur Abhaltung des Leopoldi- Jahrmarktes und eines Wochenmarktes an Donnerstagen.;Ferdinand II.;ferdinand_ii;nein;Politik|Wirtschaft;;StAK-Stein-2046
StaAKr-0880;1630 V 18;1630_05_18;nein;1630;Wien;nein;1630 V 18, Wien Schuldbrief Kaiser Ferdinands II. an beide Städte über 46.044 fl., wofür ihnen die Salzgefälle verpfändet werden.;Ferdinand II.;ferdinand_ii;nein;Vermögen und Finanzen|Wirtschaft;;StaAKr-0880
StaAKr-0839;1632 II 27;1632_02_27;nein;1632;Krems;nein;1632 II 27 Schreiben der Stadt Krems an die n.ö. Landschaft mit der Bitte um Aufschub der geforderten Schuldzahlung wegen drückender Not der Bürger.;;;nein;Politik|Soziales Leben|Vermögen und Finanzen;;StaAKr-0839
StAK-Stein-2047;1636 V 22;1636_05_22;nein;1636;Zwettl;nein;Zechmeister und Handwerk der Fleischhauer in Zwettl sprechen den Gesellen Georg Christoph Auer nach einer Lehrzeit von 3 Jahren frei.;Georg Christoph Auer;georg_christoph_auer;nein;Bildung und Erziehung|Wirtschaft;;StAK-Stein-2047
StaAKr-0840;1639 III 15;1639_03_15;nein;1639;Wien;nein;1639 III 15, Wien Kaiser Ferdinand III. bestätigt (haben … erneüert, confirmiert und bestettigt, Erneüern, confirmiern und bestetten) Bürgermeister, Richter, Rat und Gemein der Städte Krems und Stein aus besonderer Gnade in seiner Funktion als Landesfürst (als ietzt Regierender Herr und Landtsfürst in Österreich) sowie aus kaiserlicher und landesfürstlicher Macht auf deren demütiges Bitten hin sowie für deren Treue (Threü und Fidelitet) und Unterstützung in vergangenen Kampfhandlungen (fürgegangener Rebellion, Khriegs- und Feindtsgefahr) alle Privilegien, Freiheiten, Rechte und Gerechtigkeiten (Privilegia, Freÿheiten, Recht und Gerechtigkheiten), wie die Empfänger sie von unterschiedlichen Vorfahren des Ausstellers (weÿlandt Unseren Vorfahren am Haus Österreich) erworben haben, besonders jene, die vom Vater und Vorgänger des Ausstellers, Kaiser Ferdinand II., bestätigt (confimirt) wurden. Er bestimmt (mainen, seczen und wöllen), dass die Empfänger die nunmehr bestätigten Privilegien mit all ihren Inhalten und Punkten (Puncten, Clausln, Articuln, Innhalt und begreiffungen) ungehindert genießen können, und gebietet (gebietten … und wöllen) allen Obrigkeiten, Statthaltern, Prälaten, Grafen, Freiherren, Rittern und Knechten, Landmarschällen, Landeshauptleuten, Hauptleuten, Vizedomen, Burggrafen, Pflegern, Verwesern, Amtleuten, Bürgermeistern, Richtern, Räten, Bürgern, Gemeinden und auch allen anderen Untertanen aller Stände (was Würden, Standts oder Wesens die seindt), die Empfänger und ihre Nachfahren bei Androhung schwerer Ungnade sowie einer Strafe in der Ausübung der hiermit bestätigten Privilegien nicht zu behindern. Quelle Regest: Stadtarchiv Krems, 2020;Ferdinand III.|Ferdinand II.;ferdinand_iii|ferdinand_ii;nein;Politik|Rechtswesen;;StaAKr-0840
StaAKr-0841;1642;1642_00_00;ja;1642;Krems;nein;1642 Abschrift der Urkunden über die zwei Beneficien St. Katharina und St. Achati.;;;nein;Religion;Datierung unsicher: Nur Jahresangabe im Quellentext überliefert, kein exaktes Tages-/Monatsdatum.;StaAKr-0841
StaAKr-0842;1643 VIII 6;1643_08_06;nein;1643;Wien;nein;1643 VIII 6 Schuldbrief Kaiser Ferdinands III. über 1125 fl. an beide Städte.;Ferdinand III.;ferdinand_iii;nein;Vermögen und Finanzen;;StaAKr-0842
StaAKr-0843;1645 VI 5;1645_06_05;nein;1645;Gföhl;nein;1645 VI 5 Salua Guardia der Herrschaft Gföhl für ihr Haus in der Stadt Krems.;;;nein;Rechtswesen|Vermögen und Finanzen;;StaAKr-0843
StaAKr-0844;1646 X 23;1646_10_23;nein;1646;Krems;nein;1646 X 23 Kaiserlicher Befehl, die Stadt Krems in Verteidigungszustand zu setzen.;;;nein;Politik|Rechtswesen|Verwaltung;;StaAKr-0844
StAK_1647_909_reg;1647;1647_00_00;ja;1647;Mollenburg;nein;1647 Testament eines Radegkh zu Mollenburg;Radegkh;radegkh_1647;nein;Bevölkerung und Bevölkerungsgruppen|Vermögen und Finanzen;Datierung unsicher: Nur Jahresangabe im Quellentext überliefert, kein exaktes Tages-/Monatsdatum.;StAK_1647_909_reg
StaAKr-0845;1650 X 18;1650_10_18;nein;1650;Krems;nein;1650 X 18 Schuldbrief auf Herrn Christophen Altschmid, beider Städte Stadtrichter und das Spital als Lehenträger.;Christophen Altschmid;christophen_altschmid;nein;Soziales Leben|Vermögen und Finanzen;;StaAKr-0845
StaAKr-Hollenburg-0003;1652 VI 18;1652_06_18;nein;1652;;nein;noch kein Regest vorhanden;;;ja;;;StaAKr-Hollenburg-0003
StaAKr-Hollenburg-0005;1654 III 2;1654_03_02;nein;1654;;nein;noch kein Regest vorhanden;;;ja;;;StaAKr-Hollenburg-0005
StaAKr-Hollenburg-0004;1654 III 2;1654_03_02;nein;1654;;nein;noch kein Regest vorhanden;;;ja;;;StaAKr-Hollenburg-0004
StAK-Stein-2048;1656 VII 8;1656_07_08;nein;1656;Wien|Kremsmünster|Stein;nein;Am 17. IX. 1634 hat Kaiser Ferdniand II. Bischof Anton von Wien, Abt zu Kremsmünster, das Kremsmünsterer Haus in Stein von der bürgerlichen Jurisdiktion und allen bürgerlichen Lasten befreit.;Ferdinand II.|Anton;ferdinand_ii|anton_bischof_von_wien;ja;Rechtswesen|Religion|Vermögen und Finanzen;"Personenidentifikation unsicher: Die Person ""Anton"" wird im Regest zugleich als ""Bischof von Wien"" und ""Abt zu Kremsmünster"" bezeichnet - eine ungewöhnliche Doppelbenennung, nicht sicher aufgelöst.";StAK-Stein-2048
StaAKr-0846;1659 X 20;1659_10_20;nein;1659;Baumgartenberg;nein;1659 X 20 Ratschlag wegen einer Dienst- und Grundzinsangelegenheit des Carolum Eyßfort des inneren Rates und Stadtkämmerer. Prälat von Paumgartenberg.;Carolum Eyßfort|Prälat von Paumgartenberg;carolum_eyssfort|praelat_von_paumgartenberg;nein;Vermögen und Finanzen|Verwaltung;;StaAKr-0846
StaAKr-0881;1660 III 1;1660_03_01;nein;1660;Wien;nein;1660 III 1 Privilegien-Bestätigung des Kaisers Leopold.;Leopold I.;leopold_i;nein;Politik;;StaAKr-0881
StaAKr-0847;1660 IV 28;1660_04_28;nein;1660;Krems;nein;1660 IV 28 Schuldbrief der Stadt Krems über 4000 fl., welche Marianne von Wirhsing zum Kaufe des wichtigen Zapfenmaßes der Stadt geliehen hat.;Marianne von Wirhsing;marianne_von_wirhsing;nein;Vermögen und Finanzen|Wirtschaft;;StaAKr-0847
StaAKr-0882;1660 VIII 13;1660_08_13;nein;1660;Wien;nein;1660 VIII 13, Wien Kaiser Leopold I. bestätigt den Vertrag der Städte Stein und Korneuburg vom Jahre 1577 über die Getreideanschüttung und Ladstatt.;Leopold I.;leopold_i;nein;Politik|Verwaltung|Wirtschaft;;StaAKr-0882
StaAKr-0848;1662 I 31;1662_01_31;nein;1662;Krems;nein;1662 I 31 Vertrag zwischen der Stadt Krems und dem hiesigen Schlüsselamt über die Wohnung der Torwärter und ein Pauschale der Maut. Johann Gabriel Selben, Johann Christophen Hörmann.;Johann Gabriel Selben|Johann Christophen Hörmann;johann_gabriel_selben|johann_christophen_hoermann;nein;Vermögen und Finanzen|Verwaltung|Wirtschaft;;StaAKr-0848
StAK-Stein-2049;1668 V 28;1668_05_28;nein;1668;;nein;"Kaiser Leopold I. hebt das im Jahre 1667 erlassene Verbot ""wegen der rußländtischen Eisenhandlung mit 2 Monate interim auf.";Leopold I.;leopold_i;nein;Politik|Wirtschaft;;StAK-Stein-2049
StAK_16681009_911_reg;1668 X 9;1668_10_09;nein;1668;Bad Hall;nein;1668 X 9, Bad Hall Taufschein des Johann Weinesseder, Schneidergeselle;Johann Weinesseder;johann_weinesseder;nein;Bevölkerung und Bevölkerungsgruppen|Religion|Wirtschaft;;StAK_16681009_911_reg
StaAKr-0849;1669 V 25;1669_05_25;nein;1669;Passau;nein;1669 V 25 Lehenbrief. Bischof von Passau. Andree Wildtperger, Schlüssselamtsinhaber, Christophen Altschmid, Stadtrichter beider Städte.;Andree Wildtperger|Christophen Altschmid;andree_wildtperger|christophen_altschmid;nein;Rechtswesen|Verwaltung;;StaAKr-0849
StaAKr-0850;1673 VIII 13;1673_08_13;nein;1673;Krems;nein;1673 VIII 13 Zwei Schreiben Paul Hoffmayer an den Bürgermeister von Krems samt Antwortschreiben den Spitallehrer betreffend.;Paul Hoffmayer;paul_hoffmayer;nein;Bildung und Erziehung|Soziales Leben|Verwaltung;;StaAKr-0850
StaAKr-0851;1673 XI 8;1673_11_08;nein;1673;Passau;nein;1673 XI 8 Lehenbrief. Sebastianus, Bischof von Passau. Andreas Wildtperger, Stadtrichter beider Städte.;Sebastianus|Andreas Wildtperger;sebastianus_1673|andree_wildtperger;nein;Rechtswesen|Vermögen und Finanzen;;StaAKr-0851
StAK-Stein-2050;1676 X 27;1676_10_27;nein;1676;Kremsmünster|Stein;nein;Abt Erenbert von Kremsmünster tauscht das Kremsmünsterer Freihaus in Stein gegen das Walcherische und Neugruber Haus. Die Stadt Stein erklärt sich mit dem Tausch und der Übertragung der Freiheiten auf die beiden Häuser gegen Erlag von 300 fl für Steuerent;Erenbert;erenbert_abt_von_kremsmuenster;nein;Religion|Stadt und Raum|Vermögen und Finanzen;;StAK-Stein-2050
StAK-Stein-2051;1677 V 24;1677_05_24;nein;1677;Kremsmünster|Stein;nein;Kaiser Leopold I. bestätigt den zwischen Abt Erenbert von Kremsmünster und der Stadt Stein geschlossenen Kontrakt über den Tausch des Kremsmünsterer Freihauses gegen das bürgerliche Walcherische Haus in Stein.;Leopold I.|Erenbert;leopold_i|erenbert_abt_von_kremsmuenster;nein;Politik|Religion|Vermögen und Finanzen;;StAK-Stein-2051
StaAKr-0852;1677 VII 17;1677_07_17;nein;1677;Wien;nein;1677 VII 17 Kaiser Leopold I. bewilligt der Stadt Krems wegen erlittener Ünglücksfälle, einen Teil ihrer Schuldforderungen zurückzubezahlen.;Leopold I.;leopold_i;nein;Vermögen und Finanzen|Verwaltung;;StaAKr-0852
StaAKr-0853;1679 IV 14;1679_04_14;nein;1679;Wien;nein;1679 IV 14 Kaiserlicher Befehl, Sorge für eine Wohnung der Mautbeamten zu tragen.;;;nein;Stadt und Raum|Verwaltung|Wirtschaft;;StaAKr-0853
StAK-Stein-2052;1681 XI 8;1681_11_08;nein;1681;Stein;nein;Urkunde über Safranabwaage in Stein;;;nein;Wirtschaft;;StAK-Stein-2052
StaAKr-0854;1681 XI 23;1681_11_23;nein;1681;Krems;nein;1681 XI 23 Kaufbrief. Die Stadt Krems verkauft einen Stadel am Hafnerplatz an Wilhelm Pittersdorfer.;Wilhelm Pittersdorfer;wilhelm_pittersdorfer;nein;Stadt und Raum|Vermögen und Finanzen;;StaAKr-0854
StaAKr-0855;1687 VIII 11;1687_08_11;nein;1687;Krems;nein;1687 VIII 11 Lehenbrief, das Bürgerspital zu Krems betreffend. Franz Ackermann, Stadtrichter, Andree Wildtperger, gewesener Bürgermeister.;Franz Ackermann|Andree Wildtperger;franz_ackermann|andree_wildtperger;nein;Rechtswesen|Soziales Leben|Vermögen und Finanzen;;StaAKr-0855
StaAKr-0858;1688;1688_00_00;ja;1688;Krems;nein;1688 Fünf Schreiben, teils amtlich, teils privat, das Bürgerspitalslehen betreffend.;;;nein;Soziales Leben|Vermögen und Finanzen;Datierung unsicher: Nur Jahresangabe im Quellentext überliefert, kein exaktes Tages-/Monatsdatum.;StaAKr-0858
StaAKr-0857;1688 IV 5;1688_04_05;nein;1688;Passau;nein;1688 IV 5 Peutllehenbrief, wodurch dem Bürgermeister und Stadtrichter von Krems, Franz Ackermann das Spitalslehen vom Ordinariant zu Passau übertragen wird.;Franz Ackermann;franz_ackermann;nein;Religion|Soziales Leben|Vermögen und Finanzen;;StaAKr-0857
StaAKr-0856;1688 IV 5;1688_04_05;nein;1688;Krems;nein;1688 IV 5 Peutllehenbrief. Franz Ackermann, Stadtrichter, als Lehenträger des Spitals.;Franz Ackermann;franz_ackermann;nein;Soziales Leben|Vermögen und Finanzen;;StaAKr-0856
StaAKr-0883;1690 III 3;1690_03_03;nein;1690;Wien;nein;1690 III 3, Wien Kaiser Leopold I. regelt durch die n. ö. Regierung unter Bezugnahme auf die Urkunde König Friedrichs von 1327 das Landstattrecht zwischen Stein und Korneuburg, das zwischen den beiden Städten nur den kaiserlichen Urbarsholden zu Stockerau für ihr eigenes Bau-und Zehentgetreide zusteht.;Leopold I.|Friedrich;leopold_i|friedrich_1690;nein;Rechtswesen|Verwaltung|Wirtschaft;;StaAKr-0883
StaAKr-0885;1693 VIII 17;1693_08_17;nein;1693;Wien;nein;1693 VIII 17, Wien Kaufbrief über das Steuerdrittel von einigen Beneficien.;;;nein;Religion|Vermögen und Finanzen;;StaAKr-0885
StaAKr-0884;1693 VIII 17;1693_08_17;nein;1693;Wien;nein;1693 VIII 17, Wien Kaufbrief des Bürgerspitals zu Krems über das erkaufte Drittel der Landsteuer.;;;nein;Soziales Leben|Vermögen und Finanzen;;StaAKr-0884
StAK-Stein-2053;1693 VIII 23;1693_08_23;nein;1693;Stein;nein;"Die Verordneten des Landes unter der Enns überlassen über kaiserliche Genehmigung ein Drittel der ""doppelten Gült bey St. Catharina Stüfft"" zu Stein in der Höhe von 1500 fl 7 ß ? 15 p an Matthia Loibrecht, Bürger zu Stein.";Matthia Loibrecht;matthia_loibrecht;nein;Vermögen und Finanzen|Verwaltung;;StAK-Stein-2053
StAK-Stein-2054;1694 VIII 2;1694_08_02;nein;1694;München|Stein;nein;Georg Unertl, churfürstlicher bairischer Hofkammerrat und Hofzahlmeister in Münschen betsätigt, daß Georg Christoph Auer von Stein ihm 2 3/4 Jahre gedient habe und jetzt eine Erbschaft antritt.;Georg Unertl|Georg Christoph Auer;georg_unertl|georg_christoph_auer;nein;Soziales Leben|Vermögen und Finanzen;;StAK-Stein-2054
StaAKr-0886;1697 V 9;1697_05_09;nein;1697;Wien|Göttweig;nein;1697 V 9, Wien Der Abt von Göttweig kauft das Zapfenmaß des Reichersperger Hofes.;;;nein;Religion|Vermögen und Finanzen|Wirtschaft;;StaAKr-0886
StaAKr-0859;1701 III 17;1701_03_17;nein;1701;Passau;nein;1701 III 17 Peutllehenbrief. Wolf Andree Abl., Richter beider Städte Krems und Stein als Lehenträger des Stiftes Passau über 168 Joch Acker, 7 1/2 Viertel Weingarten von Johann Philipp, Kirchenkardinal Fürst zu Passau.;Wolf Andree Abl.|Johann Philipp;wolf_andre_abl|johann_philipp;nein;Rechtswesen|Vermögen und Finanzen|Wirtschaft;;StaAKr-0859
StaAKr-0887;1705 IV 10;1705_04_10;nein;1705;Wien;nein;1705 IV 10, Wien Auszeichnung für einen ital. General.;;;nein;Bevölkerung und Bevölkerungsgruppen;;StaAKr-0887
StaAKr-0888;1706 V 5;1706_05_05;nein;1706;Wien;nein;1706 V 5, Wien Kaiser Josef I. bestätigt den Städten Krems und Stein ihre Privilegien.;Josef I.;josef_i;nein;Politik;;StaAKr-0888
StAK-Stein-2055;1711 III 16;1711_03_16;nein;1711;Krems|Stein|Bierbaum am Kleebühel;nein;Maria Theresia Abl, Witwe des Bürgermeisters von Krems und Stein, Wolf Andre Abl, verkauft ihre 21 Viertel Weingarten in Pierbaum an den Stadtrichteramtsverwalter Jacob Oswald Meyereck.;Maria Theresia Abl|Wolf Andre Abl|Jacob Oswald Meyereck;maria_theresia_abl|wolf_andre_abl|jacob_oswald_meyereck;nein;Vermögen und Finanzen|Wirtschaft;;StAK-Stein-2055
StaAKr-0861;1712;1712_00_00;ja;1712;Passau;nein;1712 Peutllehenbrief, Mathias Hölzl, Bürgermeister und Amtsverwalter der Städte Krems und Stein als Lehenträger vom Stift Passau.;Mathias Hölzl;mathias_hoelzl;nein;Religion|Vermögen und Finanzen|Verwaltung|Wirtschaft;Datierung unsicher: Nur Jahresangabe im Quellentext überliefert, kein exaktes Tages-/Monatsdatum.;StaAKr-0861
StaAKr-0860;1712 I 4;1712_01_04;nein;1712;Passau;nein;1712 I 4 Peutllehenbrief. Mathias Hölzl, Bürgermeister beider Städte Krems und Stein als Lehenträger über 168 Joch Acker, 7 1/2 Viertel Weingarten vom Stifte Passau. Johann Philipp, Kirchenkardinal von Lamberg und Bischof zu Passau.;Mathias Hölzl|Johann Philipp;mathias_hoelzl|johann_philipp;nein;Religion|Vermögen und Finanzen|Wirtschaft;;StaAKr-0860
StAK-Stein-2056;1712 X 23;1712_10_23;nein;1712;Krems|Stein;nein;Kaiser Karl VI. bestätigt den Städten Krems und Stein alle Rechte, Privilegien und Freiheiten, die von den früheren Landesfürsten gewährt wurden.;Karl VI.;karl_vi;nein;Politik|Rechtswesen;;StAK-Stein-2056
StaAKr-0862;1712 X 25;1712_10_25;nein;1712;Krems;nein;1712 X 25 Leibgedingsbrief der Stadt Krems über 2 Viertel Weingärten dem Georg Rohrauer, Hauer zu Krems.;Georg Rohrauer;georg_rohrauer;nein;Vermögen und Finanzen|Wirtschaft;;StaAKr-0862
StaAKr-0889;1712 XII 23;1712_12_23;nein;1712;Wien;nein;1712 XII 23, Wien Kaiser Karl VI. bestätigt den Städten Krems und Stein ihre Privilegien.;Karl VI.;karl_vi;nein;Politik|Rechtswesen;;StaAKr-0889
StaAKr-0863;1714 III 1;1714_03_01;nein;1714;Passau;nein;1714 III 1 Peutllehenbrief. Mathias Hölzl, Bürgermeister beider Städte Krems und Stein als Lehenträger der Priesterbruderschaft von Stift Passau über 168 Joch Acker und 7 1/2 Viertel Weingarten.;Mathias Hölzl;mathias_hoelzl;nein;Religion|Vermögen und Finanzen|Wirtschaft;;StaAKr-0863
StAK-Stein-2058;1715 III 31;1715_03_31;nein;1715;Stein;nein;Der Verwalter des Allerheiligenstift in Stein bestätigt, vom äußeren Ratsbürger Anton Strübl 52 fl 57 kr 2 p erhalten zu haben.;Anton Strübl;anton_struebl;nein;Religion|Vermögen und Finanzen;;StAK-Stein-2058
StaAKr-0864;1715 IV 5;1715_04_05;nein;1715;Wien;nein;1715 IV 5 Confirmation der Privilegien durch Karl VI. beider Städte Krems und Stein.;Karl VI.;karl_vi;nein;Politik;;StaAKr-0864
StaAKr-0890;1717 X 1;1717_10_01;nein;1717;Krems;nein;1717 X 1, Krems Vergleich zwischen den Städten Krems und Stein.;;;nein;Politik|Rechtswesen;;StaAKr-0890
StaAKr-Hollenburg-0006;1723 VIII 31;1723_08_31;nein;1723;;nein;noch kein Regest vorhanden;;;ja;;;StaAKr-Hollenburg-0006
StaAKr-0865;1729 IV 5;1729_04_05;nein;1729;Krems;nein;1729 IV 5, Krems Leibgedingsbrief für Baltasar Träxler, bürgerlicher Zimmermeister zu Stein und Katharina, dessen Ehewirtin über 2 Viertel Weingarten.;Baltasar Träxler|Katharina Träxler;baltasar_traexler|katharina_traexler;nein;Bevölkerung und Bevölkerungsgruppen|Vermögen und Finanzen|Wirtschaft;;StaAKr-0865
StAK-Stein-2059;1729 X 23;1729_10_23;nein;1729;Passau|Stein;nein;"Joseph, infulierter Probst und lateranus. Abt des Klosters St. Nicolai in Passau verleiht zu Leibgeding an Thomas Offenwagner bürgerlichen Hauer zu Stein, 6 Viertel Weingarten, genannt ""Garttenzainer"".?";Joseph|Thomas Offenwagner;joseph_abt_von_st_nicolai_passau|thomas_offenwagner;nein;Religion|Vermögen und Finanzen|Wirtschaft;;StAK-Stein-2059
StaAKr-0891;1736 XI 4;1736_11_04;nein;1736;Krems;nein;1736 XI 4 Vergleich zwischen den Städten Krems und Stein betreffs vollkommener Verschmelzung beider Städte und die Verbauung des zwischen ihnen liegenden Gebietes.;;;nein;Politik|Stadt und Raum|Verwaltung;;StaAKr-0891
StAK-Stein-2060;1739 VII 11;1739_07_11;nein;1739;Stein;nein;Die landesfürstliche Stadt Stein hat am 19. Juni von Anna Elisaebth Loybrechtin das sogenannte St. Katharina Stiftshaus gekauft.;Anna Elisabeth Loybrechtin;anna_elisabeth_loybrechtin;nein;Vermögen und Finanzen;;StAK-Stein-2060
StAK-Stein-2061;1741 IV 24;1741_04_24;nein;1741;Bierbaum am Kleebühel|Stein;nein;Jacob Oswald von Mayereck und Anna Barbara von Mayereck, geb. Schöpffer, verkaufen ihre 21 Viertel Weingarten in Pierbaum an Kaspar Sterseck.?;Jacob Oswald von Mayereck|Anna Barbara von Mayereck|Kaspar Sterseck;jacob_oswald_meyereck|anna_barbara_meyereck|kaspar_sterseck;nein;Vermögen und Finanzen|Wirtschaft;;StAK-Stein-2061
StAK_14711029_910_reg;1741 X 29;1741_10_29;nein;1741;Wien;nein;1741 X 29, Wien Maria Theresia teilt allen Beamten der an der Donau liegenden Herrschaften den Befehl, wegen der Kriegszeiten kein Schiff donauaufwärts passieren zu lassen.;Maria Theresia;maria_theresia;nein;Stadt und Raum|Verwaltung|Wirtschaft;;StAK_14711029_910_reg
StaAKr-0892;1742 V 11;1742_05_11;nein;1742;Wien;nein;1742 V 11, Kaiserin Maria Theresia bestätigt die Privilegien der Städte Krems und Stein.;Maria Theresia;maria_theresia;nein;Politik;;StaAKr-0892
StaAKr-0893;1742 VII 1;1742_07_01;nein;1742;Wien;nein;1742 VII 1, Wien Kauf-und Lehenbrief der Städte Krems und Stein über die Drittelsteuer.;;;nein;Vermögen und Finanzen|Verwaltung;;StaAKr-0893
StaAKr-0894;1742 IX 1;1742_09_01;nein;1742;Wien;nein;1742 IX 1, Wien Kauf-und Lehenbrief des Bürgerspitals in Krems über die Drittelsteuer.;;;nein;Soziales Leben|Vermögen und Finanzen;;StaAKr-0894
StaAKr-0895;1742 XII 1;1742_12_01;nein;1742;Wien;nein;1742 XII 1, Wien Kauf-und Lehenbrief der Städte Krems und Stein über die Drittelsteuer.;;;nein;Rechtswesen|Vermögen und Finanzen|Verwaltung;;StaAKr-0895
StaKr-0867a;1753 VIII 18;1753_08_18;nein;1753;;nein;noch kein Regest vorhanden;;;ja;;;StaKr-0867a
StAK-Stein-2062;1753 X 19;1753_10_19;nein;1753;Stein;nein;Stiftungsbrief für das Gregor- und Theresienbenefizium zu Stein gestiftet von Maria Theresia Preysinger und Maria Franziska Hierlmayr.;Maria Theresia Preysinger|Maria Franziska Hierlmayr;maria_theresia_preysinger|maria_franziska_hierlmayr;nein;Religion|Vermögen und Finanzen;;StAK-Stein-2062
StaAKr-0866;1761 II 20;1761_02_20;nein;1761;Krems;nein;1761 II 20 Stiftsbrief. Ludwig Florian von Bottoni über 2 Messen wöchentlich in der St. Andrae Kirche am Hafnerplatz zu Krems.;Ludwig Florian von Bottoni;ludwig_florian_von_bottoni;nein;Religion;;StaAKr-0866
StaAKr-866a;1761 VI 22;1761_06_22;nein;1761;Wien|Olomouc|Keltsch, Tschechien;ja;"1761 VI 22 Wien Adelserhebung, Wappenbrief und Rotwachsprivileg für Joseph Johann Nepomuk Janotikh. Kaiserin Maria Theresia erteilt (die besondere Gnade gethan) mit wohlbedachtem Mut, gutem Rat und rechtem Wissen dem Joseph Johann Nepomuk Janotikh (Janotickh), Ratsmitglied (Rathmann) in Olmütz (Ollmütz) in Mähren, sowie allen dessen ehelichen Erben und Nachfahren beiderlei Geschlechts aufgrund der Verdienste von dessen Vorfahren (Eltern), Bürger in Kel? (in der Ollmützer bischofflichen Stadt Keltsch), später in Olmütz, wo auch der Empfänger das Bürgerrecht besitzt, weiters, da der Empfänger als Wirtschaftsinspektionskassier während der preußischen Belagerung der Stadt die Einnahme (Collectirung) der zur Verpflegung der Garnison bestimmten Anteile (Quanti) der Bürgerschaft vorschriftsmäßig durchgeführt sowie die Aufsicht über die Feuerlösch-Einheiten (Piqueter) in den gefährdetsten Stadtvierteln innegehabt hatte und durch die Belagerung selbst Schaden an Eigentum und Grund (Rasirungen an seiner Haabschaft und Grundstücken) erlitten hatte, dazu in Ansehung seiner adeligen Tugend, Vernunft und Geschicklichkeit, die der Ausstellerin berichtet wurden (angerühmet worden), und für seine gegenwärtigen und künftigen Dienste an Kaiserin und der Gemeinschaft (dem Publico) die Gnade und erhebt, setzt und würdigt ihn in den Adelsstand (in den Grad des Adels erhoben und gewürdiget … erheben, setzen und würdigen), setzt ihn damit mit allen Adeligen des Heiligen Römischen Reichs und der Erbländer gleich (zugefüget, zugesellet und verglichen … gleichen und fügen … zu) und versieht (beygeleget … und lassen … zu) ihn mit dem Prädikat von Adlerstein, das der Empfänger und alle Erben künftig gebrauchen, schreiben und sich derart nennen dürfen. Des Weiteren bestimmt (meynen, setzen, ordnen und wollen) die Ausstellerin, dass der Empfänger und alle Erben beiderlei Geschlechts fortan von allen in sämtlichen rechtmäßigen (ehrlichen) und adeligen Angelegenheiten (Sachen) für nobilitierte Personen gehalten werden sollen, mit allen adeligen Ehren, Bürden, Vorteilen, Freiheiten, Rechten und Gerechtigkeiten sowie der Möglichkeit, in geistliche Stellen und Stifte, hohe und niedere Ämtern und geistliche und weltliche Lehen aufgenommen zu werden, wie es Brauch (wohl hergebrachten Gewohnheiten) ist. Weiters erhält der Empfänger die Turnierfähigkeit (gleich anderen … Lehens-Turniers-genossenen adelichen personen zu turnieren), außerdem das Recht, Lehen zu besitzen sowie Recht und Urteile zu sprechen.Außerdem verleiht die Ausstellerin dem Empfänger Wappen und Kleinod (wappen und kleinod), wie sie in der Mitte der Urkunde farbig eingemalt sind (in der Mitte dieses Unseres Königlich- und Erz-Herzoglichen Diplomatis gemahlet und mit Farben eigentlich entworffen), und genehmigt deren Führung (verliehen … zu führen erlaubet), nämlich in gespaltenem Schild im vorderen Feld in Gold ein schwarzer rotbezungter Adler, im hinteren Feld in Rot drei schräggestellte silberne Diamanten, begleitet von zwei goldenen Schrägleistenstäben; im Oberwappen ein silberner Turnierhelm, rechts mit gold-schwarzen, links mit rot-silbernen Helmdecken, darauf eine goldene Krone, daraus hervorwachsend ein silberner Diamant, begleitet von einem schwarzen offenen Flug (einen etwas ablangen, unten rund in eine Spitze zusammen lauffenden ablangs getheilten schild, in dessen vorderen gelb- oder Goldfarben Feldung ein zur Rechten hervorgehender schwarzer halber Adler mit aufgesperrten Schnabel, roth ausgeschlagener Zunge, ausgebreitteten Flügel, und von sich gestreckter Kralle zu sehen ist. In der hinteren roth- oder Rubinfarben Feldung aber befinden sich drey schregs nacheinander gesetzte, mit Gold eingefaste Diamanten zu beyden Seithen mit einem rechts gelegten weis- oder Silberfarben Streif begleitet. Auf dem Schild ruhet ein zur Rechten gekehrter offener freyer adelicher gecrönter Turniers-Helm mit seinem anhangenden goldenen Kleinod, zur rechten mit einer schwarzen, dann gelb- oder Gold-, zur linken weis- oder Silber-, dann roth- oder Rubinfarb herabhangenden Helmdecken bekleidet. Ober dem Helm befindet sich ein mit Gold eingefaster diamant zwischen zweyen mit ihren Saxen einwerts gekeehrten schwarzen Adlers-Flügeln).Die Ausstellerin gestattet (gönnen und erlauben) dem Empfänger und allen Erben beiderlei Geschlechts, das verliehene Wappen samt Kleinod wie auch die Fähigkeit, mit rotem Wachs zu siegeln (die rothe Wax-Siegelung), künftig in allen rechtmäßigen (ehrlich) und adeligen Angelegenheiten (Sachen), Handlungen und Geschäften zu Schimpf und Ernst im Krieg, Turnieren, ritterlichen Spielen, Feldzügen, auf Bannern, Zelten, Aufschlägen, in Siegeln, Petschaften, Kleinodien und auf Begräbnissen sowie Gemälden (in Streitten, Sturmen, Schlachten, Kämpfen, Turnieren, Gestechen, Gefechten, Ritterspilen, Feldzügen, Pannieren, Gezelten, Aufschlagen, Insiegeln, Pettschaften, Kleinodien, Begräbnussen, Gemählden) und auch sonst überall (an allen Orthen und Enden) nach ihren Bedürfnissen (Ehren, Nothdurften, Willen und Wohlgefallen) gebrauchen zu dürfen. Sie gebietet (ergeht … unser Gesinnen und Begehren) allen Kurfürsten, geistlichen und weltlichen Fürsten, Prälaten, Grafen, Freiherren, Rittern und Knechten, Obrigkeiten, Einwohnern und Untertanen aller Stände (was Würden, Stands, Amts oder Weesens die immer seyn mögen) bei schwerer Ungnade sowie einer Strafe von fünfzig Mark lötigen Goldes, die je zur Hälfte an die Reichskammer und an die Betroffenen gehen sollen, den Empfänger und alle Erben in den hier verliehen Rechten nicht zu behindern. Ausstellerin: Maria Theresia Empfänger: Joseph Johann Nepomuk Janotikh von Adlerstein Quelle Regest: Stadtarchiv Krems, 2020";Maria Theresia|Joseph Johann Nepomuk Janotikh;maria_theresia|joseph_johann_nepomuk_janotikh;nein;Bevölkerung und Bevölkerungsgruppen|Politik|Rechtswesen;Ortsidentifikation unsicher: Olomouc (nicht eindeutig aus dem Regest-Text ableitbar);StaAKr-866a
StaAKr-0867;1762 IV 26;1762_04_26;nein;1762;Passau;nein;1762 IV 26 Beutl-Lehenbrief. Franz Jacob Pichler, Bürgermeister zu Krems als Lehenträger des Bürgerspitals über 210 Joch Acker und 5 1/2 Viertel Weingarten des Stiftes Passau.;Franz Jacob Pichler;franz_jacob_pichler;nein;Rechtswesen|Soziales Leben|Vermögen und Finanzen|Wirtschaft;;StaAKr-0867
StaAKr-0868;1763 XII 3;1763_12_03;nein;1763;Krems;nein;1763 XII 3 Beutl-Lehenbrief. Franz Jacob Pichler, Bürgermeister zu Krems als Lehenträger des Bürgerspitals über 210 Joch Acker und 5 1/2 Viertel Weingärten vom Bischof von Passau.;Franz Jacob Pichler;franz_jacob_pichler;nein;Soziales Leben|Vermögen und Finanzen|Wirtschaft;;StaAKr-0868
StAK-Stein-2063;1774 VI 25;1774_06_25;nein;1774;Stein;nein;"Die k.k. Administration für eingezogene Jesuitengüter verkauft an den Magistrat der Stadt Stein das sogenannte ""Kärling Stift"" um 450 fl.";;;nein;Religion|Vermögen und Finanzen|Verwaltung;;StAK-Stein-2063
StaAKr-0896;1776 XII 21;1776_12_21;nein;1776;Krems;nein;1776 XII 21 Kaiserin Maria Theresias eigenhändig geschriebene Entscheidung auf einen Vortrag der Hofkanzlei betreffs der Einführung der Piaristen in Krems.;Maria Theresia;maria_theresia;nein;Bildung und Erziehung|Religion|Verwaltung;;StaAKr-0896
StaAKr-0897;1785 XII 30;1785_12_30;nein;1785;Wien;nein;1785 XII 30, Wien Bestätigung der Privilegien von Kaiserin Maria Theresia (6.Juni 1778) durch Kaiser Joseph II.;Maria Theresia|Joseph II.;maria_theresia|joseph_ii;nein;Politik;;StaAKr-0897
StaAKr-0869;1792 VII 7;1792_07_07;nein;1792;Krems;nein;1792 VII 7 Zirkulare an sämtliche Dominien und Obrigkeiten.;;;nein;Verwaltung;;StaAKr-0869
StaAKr-0898;1795 IX 5;1795_09_05;nein;1795;Wien;nein;1795 IX 5, Wien Kaiser Franz II. bestätigt den Städten Krems und Stein die von Kaiser Joseph II. konfirmierten Rechte, und zwar1.) die Marktfreiheit mit dem bisher geführten Marktsiegel. 2.) Den Jahrmarkt am Tage nach Leopold und den Wochenmarkt. 3.) Das Kaduzitätsrecht am erblosen Gut nach ihren Bürgern.;Franz II.|Joseph II.|Leopold;franz_ii_i|joseph_ii|leopold_1795;nein;Politik|Rechtswesen|Vermögen und Finanzen|Wirtschaft;;StaAKr-0898
StAK_18120224_912_reg;1812;1812_00_00;ja;1812;Wien;nein;1812, Wien Diplom für Lexus Stanowsky v. Königsberg (Schlesien) als Wundarzt und Chirurg;Lexus Stanowsky;lexus_stanowsky;nein;Bevölkerung und Bevölkerungsgruppen|Gesundheit;Datierung unsicher: Nur Jahresangabe im Quellentext überliefert, kein exaktes Tages-/Monatsdatum.;StAK_18120224_912_reg
StaAKr-0870;1814;1814_00_00;ja;1814;Krems;nein;1814,1818,1821 Drei Gewährauszüge aus dem Grundbuch der Stadt Krems. Andree Gärtner, Krenhändler zu Krems. Peter Wackerhüttl, Krems. Anton Schaffold, Kreiswundarzt, Krems.;Andree Gärtner|Peter Wackerhüttl|Anton Schaffold;andree_gaertner|peter_wackerhuettl|anton_schaffold;nein;Vermögen und Finanzen|Wirtschaft;Datierung unsicher: Nur Jahresangabe im Quellentext überliefert, kein exaktes Tages-/Monatsdatum.;StaAKr-0870
StaAKr-0899;1815 XII 28;1815_12_28;nein;1815;Wien;nein;1815 XII 28, Wien Kaiser Franz erlaubt der Stadt Krems, jährlich zweimal einen Pferdemarkt abzuhalten.;Franz;franz_ii_i;nein;Verwaltung|Wirtschaft;;StaAKr-0899
StaAKr-0871;1825 III 31;1825_03_31;nein;1825;Dürnstein;nein;1825 III 31 Grenzstreitigkeiten zwischen der Schloßherrschaft Dürnstein und der Stadt Stein.;;;nein;Rechtswesen|Stadt und Raum;;StaAKr-0871
StAK_1836_913_reg;1836;1836_00_00;ja;1836;Wien;nein;1836, Wien Diplom für Joahnnes May, Doktor Med.;Johannes May;johannes_may;nein;Bildung und Erziehung|Gesundheit;Datierung unsicher: Nur Jahresangabe im Quellentext überliefert, kein exaktes Tages-/Monatsdatum.;StAK_1836_913_reg
StAK_18400811_914_reg;1840;1840_00_00;ja;1840;Wien;nein;1840, Wien Diplom für Mrau Maria Schober aus Wien, Hebamme;Maria Schober;maria_schober;nein;Bevölkerung und Bevölkerungsgruppen|Gesundheit|Wirtschaft;Datierung unsicher: Nur Jahresangabe im Quellentext überliefert, kein exaktes Tages-/Monatsdatum.;StAK_18400811_914_reg
StAK_1841_915_reg;1841;1841_00_00;ja;1841;Wien|Ybbs an der Donau;nein;1841, Wien Diplom für Antonium Tantz aus Ybbs, Doktor Med. u. Chirurgie;Antonium Tantz;antonium_tantz;nein;Bildung und Erziehung|Gesundheit;Datierung unsicher: Nur Jahresangabe im Quellentext überliefert, kein exaktes Tages-/Monatsdatum.;StAK_1841_915_reg
StAK-Stein-2064;1844 VI 13;1844_06_13;nein;1844;Stein;nein;Der Stadt Stein wird neuerlich das Privileg zur Abhaltung eines Wochenmarktes gegen Entrichtung der Taxe von 30 fl. C.M. verliehen.;;;nein;Politik|Wirtschaft;;StAK-Stein-2064
StaAKr-0872;1844 VIII 28;1844_08_28;nein;1844;Krems;nein;1844 VIII 28 Landesregierung gibt die Bewilligung zur Abhaltung eines Körnerwochenmarktes in Stein.;;;nein;Verwaltung|Wirtschaft;;StaAKr-0872
